N,I,T,serial_time_s,pth_time_s,speedup,efficiency,serial_times_all,pth_times_all,serial_cmd,pth_cmd,case_dir
100,5,1,0.001344923,0.001921814,0.699820,0.699820,0.001593386;0.002117749;0.001344923,0.001925589;0.002170991;0.001921814,/home/chief/github/CCUCoding/CSCI473/Code/stencil_proj/code/stencil-2d initial.dat serial_final.dat 5,/home/chief/github/CCUCoding/CSCI473/Code/stencil_proj/code/pth-stencil-2d -n 5 -I initial.dat -o pth_final.dat -t 1 -s pth_stack.dat,/home/chief/github/CCUCoding/CSCI473/Code/stencil_proj/data/N100_I5_T1
100,5,2,0.001668455,0.002320721,0.718938,0.359469,0.002507273;0.001736793;0.001668455,0.002373046;0.002320721;0.002437712,/home/chief/github/CCUCoding/CSCI473/Code/stencil_proj/code/stencil-2d initial.dat serial_final.dat 5,/home/chief/github/CCUCoding/CSCI473/Code/stencil_proj/code/pth-stencil-2d -n 5 -I initial.dat -o pth_final.dat -t 2 -s pth_stack.dat,/home/chief/github/CCUCoding/CSCI473/Code/stencil_proj/data/N100_I5_T2
100,5,3,0.001465381,0.002789905,0.525244,0.175081,0.001637449;0.001465381;0.001511585,0.002952079;0.002789905;0.002858140,/home/chief/github/CCUCoding/CSCI473/Code/stencil_proj/code/stencil-2d initial.dat serial_final.dat 5,/home/chief/github/CCUCoding/CSCI473/Code/stencil_proj/code/pth-stencil-2d -n 5 -I initial.dat -o pth_final.dat -t 3 -s pth_stack.dat,/home/chief/github/CCUCoding/CSCI473/Code/stencil_proj/data/N100_I5_T3
100,5,4,0.001518929,0.002482284,0.611908,0.152977,0.001752296;0.001518929;0.001576761,0.002507171;0.002482284;0.002936779,/home/chief/github/CCUCoding/CSCI473/Code/stencil_proj/code/stencil-2d initial.dat serial_final.dat 5,/home/chief/github/CCUCoding/CSCI473/Code/stencil_proj/code/pth-stencil-2d -n 5 -I initial.dat -o pth_final.dat -t 4 -s pth_stack.dat,/home/chief/github/CCUCoding/CSCI473/Code/stencil_proj/data/N100_I5_T4
100,5,5,0.001437536,0.002731155,0.526347,0.105269,0.001554321;0.001437536;0.002940044,0.002731155;0.002798982;0.004712943,/home/chief/github/CCUCoding/CSCI473/Code/stencil_proj/code/stencil-2d initial.dat serial_final.dat 5,/home/chief/github/CCUCoding/CSCI473/Code/stencil_proj/code/pth-stencil-2d -n 5 -I initial.dat -o pth_final.dat -t 5 -s pth_stack.dat,/home/chief/github/CCUCoding/CSCI473/Code/stencil_proj/data/N100_I5_T5
100,5,6,0.001362262,0.002786029,0.488962,0.081494,0.001417443;0.001362262;0.003396783,0.003099158;0.002786029;0.004629816,/home/chief/github/CCUCoding/CSCI473/Code/stencil_proj/code/stencil-2d initial.dat serial_final.dat 5,/home/chief/github/CCUCoding/CSCI473/Code/stencil_proj/code/pth-stencil-2d -n 5 -I initial.dat -o pth_final.dat -t 6 -s pth_stack.dat,/home/chief/github/CCUCoding/CSCI473/Code/stencil_proj/data/N100_I5_T6
100,5,7,0.001584819,0.003092426,0.512484,0.073212,0.001584819;0.001626637;0.002080113,0.003092426;0.003259190;0.003250418,/home/chief/github/CCUCoding/CSCI473/Code/stencil_proj/code/stencil-2d initial.dat serial_final.dat 5,/home/chief/github/CCUCoding/CSCI473/Code/stencil_proj/code/pth-stencil-2d -n 5 -I initial.dat -o pth_final.dat -t 7 -s pth_stack.dat,/home/chief/github/CCUCoding/CSCI473/Code/stencil_proj/data/N100_I5_T7
100,5,8,0.001442431,0.003217983,0.448241,0.056030,0.001486086;0.001849805;0.001442431,0.003217983;0.003446863;0.003878206,/home/chief/github/CCUCoding/CSCI473/Code/stencil_proj/code/stencil-2d initial.dat serial_final.dat 5,/home/chief/github/CCUCoding/CSCI473/Code/stencil_proj/code/pth-stencil-2d -n 5 -I initial.dat -o pth_final.dat -t 8 -s pth_stack.dat,/home/chief/github/CCUCoding/CSCI473/Code/stencil_proj/data/N100_I5_T8
100,6,1,0.001501794,0.002365906,0.634765,0.634765,0.001501794;0.001882137;0.001853579,0.002365906;0.002463007;0.003062541,/home/chief/github/CCUCoding/CSCI473/Code/stencil_proj/code/stencil-2d initial.dat serial_final.dat 6,/home/chief/github/CCUCoding/CSCI473/Code/stencil_proj/code/pth-stencil-2d -n 6 -I initial.dat -o pth_final.dat -t 1 -s pth_stack.dat,/home/chief/github/CCUCoding/CSCI473/Code/stencil_proj/data/N100_I6_T1
100,6,2,0.001505874,0.002328575,0.646693,0.323347,0.001505874;0.002021158;0.001514034,0.002328575;0.003757748;0.002668427,/home/chief/github/CCUCoding/CSCI473/Code/stencil_proj/code/stencil-2d initial.dat serial_final.dat 6,/home/chief/github/CCUCoding/CSCI473/Code/stencil_proj/code/pth-stencil-2d -n 6 -I initial.dat -o pth_final.dat -t 2 -s pth_stack.dat,/home/chief/github/CCUCoding/CSCI473/Code/stencil_proj/data/N100_I6_T2
100,6,3,0.001451713,0.002543583,0.570735,0.190245,0.001451713;0.001919367;0.001713946,0.002624569;0.002543583;0.003470322,/home/chief/github/CCUCoding/CSCI473/Code/stencil_proj/code/stencil-2d initial.dat serial_final.dat 6,/home/chief/github/CCUCoding/CSCI473/Code/stencil_proj/code/pth-stencil-2d -n 6 -I initial.dat -o pth_final.dat -t 3 -s pth_stack.dat,/home/chief/github/CCUCoding/CSCI473/Code/stencil_proj/data/N100_I6_T3
100,6,4,0.001599506,0.002916380,0.548456,0.137114,0.001713843;0.002054002;0.001599506,0.003305904;0.003377200;0.002916380,/home/chief/github/CCUCoding/CSCI473/Code/stencil_proj/code/stencil-2d initial.dat serial_final.dat 6,/home/chief/github/CCUCoding/CSCI473/Code/stencil_proj/code/pth-stencil-2d -n 6 -I initial.dat -o pth_final.dat -t 4 -s pth_stack.dat,/home/chief/github/CCUCoding/CSCI473/Code/stencil_proj/data/N100_I6_T4
100,6,5,0.001549324,0.002943512,0.526352,0.105270,0.001599710;0.001549324;0.002004737,0.002943512;0.003225939;0.002991143,/home/chief/github/CCUCoding/CSCI473/Code/stencil_proj/code/stencil-2d initial.dat serial_final.dat 6,/home/chief/github/CCUCoding/CSCI473/Code/stencil_proj/code/pth-stencil-2d -n 6 -I initial.dat -o pth_final.dat -t 5 -s pth_stack.dat,/home/chief/github/CCUCoding/CSCI473/Code/stencil_proj/data/N100_I6_T5
100,6,6,0.001562685,0.003114253,0.501785,0.083631,0.001562685;0.001715068;0.001667435,0.003114253;0.006334991;0.003683698,/home/chief/github/CCUCoding/CSCI473/Code/stencil_proj/code/stencil-2d initial.dat serial_final.dat 6,/home/chief/github/CCUCoding/CSCI473/Code/stencil_proj/code/pth-stencil-2d -n 6 -I initial.dat -o pth_final.dat -t 6 -s pth_stack.dat,/home/chief/github/CCUCoding/CSCI473/Code/stencil_proj/data/N100_I6_T6
100,6,7,0.001556770,0.003609955,0.431244,0.061606,0.001748522;0.001556770;0.001730673,0.004562702;0.003609955;0.004297002,/home/chief/github/CCUCoding/CSCI473/Code/stencil_proj/code/stencil-2d initial.dat serial_final.dat 6,/home/chief/github/CCUCoding/CSCI473/Code/stencil_proj/code/pth-stencil-2d -n 6 -I initial.dat -o pth_final.dat -t 7 -s pth_stack.dat,/home/chief/github/CCUCoding/CSCI473/Code/stencil_proj/data/N100_I6_T7
100,6,8,0.001531882,0.003793345,0.403834,0.050479,0.001531882;0.001674168;0.001545040,0.003793345;0.003901154;0.004288639,/home/chief/github/CCUCoding/CSCI473/Code/stencil_proj/code/stencil-2d initial.dat serial_final.dat 6,/home/chief/github/CCUCoding/CSCI473/Code/stencil_proj/code/pth-stencil-2d -n 6 -I initial.dat -o pth_final.dat -t 8 -s pth_stack.dat,/home/chief/github/CCUCoding/CSCI473/Code/stencil_proj/data/N100_I6_T8
100,7,1,0.001638468,0.002436692,0.672415,0.672415,0.001638468;0.001723330;0.002027176,0.002436692;0.003527440;0.002623141,/home/chief/github/CCUCoding/CSCI473/Code/stencil_proj/code/stencil-2d initial.dat serial_final.dat 7,/home/chief/github/CCUCoding/CSCI473/Code/stencil_proj/code/pth-stencil-2d -n 7 -I initial.dat -o pth_final.dat -t 1 -s pth_stack.dat,/home/chief/github/CCUCoding/CSCI473/Code/stencil_proj/data/N100_I7_T1
100,7,2,0.001619192,0.002744313,0.590017,0.295009,0.001619192;0.002271763;0.001683857,0.002786437;0.002755940;0.002744313,/home/chief/github/CCUCoding/CSCI473/Code/stencil_proj/code/stencil-2d initial.dat serial_final.dat 7,/home/chief/github/CCUCoding/CSCI473/Code/stencil_proj/code/pth-stencil-2d -n 7 -I initial.dat -o pth_final.dat -t 2 -s pth_stack.dat,/home/chief/github/CCUCoding/CSCI473/Code/stencil_proj/data/N100_I7_T2
100,7,3,0.001610114,0.002853245,0.564310,0.188103,0.001610114;0.001680389;0.002065323,0.003135978;0.002853245;0.003203193,/home/chief/github/CCUCoding/CSCI473/Code/stencil_proj/code/stencil-2d initial.dat serial_final.dat 7,/home/chief/github/CCUCoding/CSCI473/Code/stencil_proj/code/pth-stencil-2d -n 7 -I initial.dat -o pth_final.dat -t 3 -s pth_stack.dat,/home/chief/github/CCUCoding/CSCI473/Code/stencil_proj/data/N100_I7_T3
100,7,4,0.001683347,0.003070700,0.548197,0.137049,0.001802377;0.001683347;0.001913451,0.003070700;0.003265514;0.003322529,/home/chief/github/CCUCoding/CSCI473/Code/stencil_proj/code/stencil-2d initial.dat serial_final.dat 7,/home/chief/github/CCUCoding/CSCI473/Code/stencil_proj/code/pth-stencil-2d -n 7 -I initial.dat -o pth_final.dat -t 4 -s pth_stack.dat,/home/chief/github/CCUCoding/CSCI473/Code/stencil_proj/data/N100_I7_T4
100,7,5,0.001602973,0.003425138,0.468002,0.093600,0.001602973;0.001905087;0.001683347,0.003425138;0.003838222;0.004065981,/home/chief/github/CCUCoding/CSCI473/Code/stencil_proj/code/stencil-2d initial.dat serial_final.dat 7,/home/chief/github/CCUCoding/CSCI473/Code/stencil_proj/code/pth-stencil-2d -n 7 -I initial.dat -o pth_final.dat -t 5 -s pth_stack.dat,/home/chief/github/CCUCoding/CSCI473/Code/stencil_proj/data/N100_I7_T5
100,7,6,0.001552078,0.003181468,0.487850,0.081308,0.001552078;0.001640814;0.002730237,0.003181468;0.004389615;0.003618421,/home/chief/github/CCUCoding/CSCI473/Code/stencil_proj/code/stencil-2d initial.dat serial_final.dat 7,/home/chief/github/CCUCoding/CSCI473/Code/stencil_proj/code/pth-stencil-2d -n 7 -I initial.dat -o pth_final.dat -t 6 -s pth_stack.dat,/home/chief/github/CCUCoding/CSCI473/Code/stencil_proj/data/N100_I7_T6
100,7,7,0.001757906,0.003467263,0.507001,0.072429,0.001889379;0.001878772;0.001757906,0.003467263;0.004328009;0.003881469,/home/chief/github/CCUCoding/CSCI473/Code/stencil_proj/code/stencil-2d initial.dat serial_final.dat 7,/home/chief/github/CCUCoding/CSCI473/Code/stencil_proj/code/pth-stencil-2d -n 7 -I initial.dat -o pth_final.dat -t 7 -s pth_stack.dat,/home/chief/github/CCUCoding/CSCI473/Code/stencil_proj/data/N100_I7_T7
100,7,8,0.001662438,0.004014574,0.414101,0.051763,0.001662438;0.002060835;0.001662744,0.004014574;0.004034566;0.004552605,/home/chief/github/CCUCoding/CSCI473/Code/stencil_proj/code/stencil-2d initial.dat serial_final.dat 7,/home/chief/github/CCUCoding/CSCI473/Code/stencil_proj/code/pth-stencil-2d -n 7 -I initial.dat -o pth_final.dat -t 8 -s pth_stack.dat,/home/chief/github/CCUCoding/CSCI473/Code/stencil_proj/data/N100_I7_T8
100,8,1,0.001848989,0.002348260,0.787387,0.787387,0.001875814;0.001848989;0.002165279,0.002348260;0.003075393;0.003283771,/home/chief/github/CCUCoding/CSCI473/Code/stencil_proj/code/stencil-2d initial.dat serial_final.dat 8,/home/chief/github/CCUCoding/CSCI473/Code/stencil_proj/code/pth-stencil-2d -n 8 -I initial.dat -o pth_final.dat -t 1 -s pth_stack.dat,/home/chief/github/CCUCoding/CSCI473/Code/stencil_proj/data/N100_I8_T1
100,8,2,0.001677636,0.003212985,0.522142,0.261071,0.001677636;0.001774225;0.002209648,0.003212985;0.010034193;0.003248786,/home/chief/github/CCUCoding/CSCI473/Code/stencil_proj/code/stencil-2d initial.dat serial_final.dat 8,/home/chief/github/CCUCoding/CSCI473/Code/stencil_proj/code/pth-stencil-2d -n 8 -I initial.dat -o pth_final.dat -t 2 -s pth_stack.dat,/home/chief/github/CCUCoding/CSCI473/Code/stencil_proj/data/N100_I8_T2
100,8,3,0.001727205,0.003136897,0.550609,0.183536,0.001882444;0.002281963;0.001727205,0.003136897;0.003400556;0.004208878,/home/chief/github/CCUCoding/CSCI473/Code/stencil_proj/code/stencil-2d initial.dat serial_final.dat 8,/home/chief/github/CCUCoding/CSCI473/Code/stencil_proj/code/pth-stencil-2d -n 8 -I initial.dat -o pth_final.dat -t 3 -s pth_stack.dat,/home/chief/github/CCUCoding/CSCI473/Code/stencil_proj/data/N100_I8_T3
100,8,4,0.001636123,0.003487356,0.469159,0.117290,0.001843379;0.001758212;0.001636123,0.003487356;0.003594553;0.003532438,/home/chief/github/CCUCoding/CSCI473/Code/stencil_proj/code/stencil-2d initial.dat serial_final.dat 8,/home/chief/github/CCUCoding/CSCI473/Code/stencil_proj/code/pth-stencil-2d -n 8 -I initial.dat -o pth_final.dat -t 4 -s pth_stack.dat,/home/chief/github/CCUCoding/CSCI473/Code/stencil_proj/data/N100_I8_T4
100,8,5,0.001849601,0.003590066,0.515200,0.103040,0.001849601;0.002112751;0.002253710,0.003935119;0.003814152;0.003590066,/home/chief/github/CCUCoding/CSCI473/Code/stencil_proj/code/stencil-2d initial.dat serial_final.dat 8,/home/chief/github/CCUCoding/CSCI473/Code/stencil_proj/code/pth-stencil-2d -n 8 -I initial.dat -o pth_final.dat -t 5 -s pth_stack.dat,/home/chief/github/CCUCoding/CSCI473/Code/stencil_proj/data/N100_I8_T5
100,8,6,0.001788403,0.003833225,0.466553,0.077759,0.001857454;0.001788403;0.001971895,0.003833225;0.004972524;0.004226931,/home/chief/github/CCUCoding/CSCI473/Code/stencil_proj/code/stencil-2d initial.dat serial_final.dat 8,/home/chief/github/CCUCoding/CSCI473/Code/stencil_proj/code/pth-stencil-2d -n 8 -I initial.dat -o pth_final.dat -t 6 -s pth_stack.dat,/home/chief/github/CCUCoding/CSCI473/Code/stencil_proj/data/N100_I8_T6
100,8,7,0.001734346,0.003803850,0.455945,0.065135,0.001734346;0.001766474;0.001960471,0.003803850;0.004313934;0.005005468,/home/chief/github/CCUCoding/CSCI473/Code/stencil_proj/code/stencil-2d initial.dat serial_final.dat 8,/home/chief/github/CCUCoding/CSCI473/Code/stencil_proj/code/pth-stencil-2d -n 8 -I initial.dat -o pth_final.dat -t 7 -s pth_stack.dat,/home/chief/github/CCUCoding/CSCI473/Code/stencil_proj/data/N100_I8_T7
100,8,8,0.001798807,0.004103108,0.438401,0.054800,0.001943539;0.002049106;0.001798807,0.004103108;0.004850740;0.004543833,/home/chief/github/CCUCoding/CSCI473/Code/stencil_proj/code/stencil-2d initial.dat serial_final.dat 8,/home/chief/github/CCUCoding/CSCI473/Code/stencil_proj/code/pth-stencil-2d -n 8 -I initial.dat -o pth_final.dat -t 8 -s pth_stack.dat,/home/chief/github/CCUCoding/CSCI473/Code/stencil_proj/data/N100_I8_T8
100,9,1,0.001916103,0.002723199,0.703622,0.703622,0.002371822;0.002347751;0.001916103,0.002723199;0.002882925;0.002825706,/home/chief/github/CCUCoding/CSCI473/Code/stencil_proj/code/stencil-2d initial.dat serial_final.dat 9,/home/chief/github/CCUCoding/CSCI473/Code/stencil_proj/code/pth-stencil-2d -n 9 -I initial.dat -o pth_final.dat -t 1 -s pth_stack.dat,/home/chief/github/CCUCoding/CSCI473/Code/stencil_proj/data/N100_I9_T1
100,9,2,0.001755254,0.003103747,0.565527,0.282764,0.001755254;0.001976178;0.002019323,0.003103747;0.004217241;0.003386788,/home/chief/github/CCUCoding/CSCI473/Code/stencil_proj/code/stencil-2d initial.dat serial_final.dat 9,/home/chief/github/CCUCoding/CSCI473/Code/stencil_proj/code/pth-stencil-2d -n 9 -I initial.dat -o pth_final.dat -t 2 -s pth_stack.dat,/home/chief/github/CCUCoding/CSCI473/Code/stencil_proj/data/N100_I9_T2
100,9,3,0.001841646,0.003225735,0.570923,0.190308,0.001882341;0.001841646;0.002053797,0.003225735;0.004072815;0.003270715,/home/chief/github/CCUCoding/CSCI473/Code/stencil_proj/code/stencil-2d initial.dat serial_final.dat 9,/home/chief/github/CCUCoding/CSCI473/Code/stencil_proj/code/pth-stencil-2d -n 9 -I initial.dat -o pth_final.dat -t 3 -s pth_stack.dat,/home/chief/github/CCUCoding/CSCI473/Code/stencil_proj/data/N100_I9_T3
100,9,4,0.001810129,0.003257761,0.555636,0.138909,0.001870612;0.001810129;0.002384367,0.003257761;0.005608981;0.004011005,/home/chief/github/CCUCoding/CSCI473/Code/stencil_proj/code/stencil-2d initial.dat serial_final.dat 9,/home/chief/github/CCUCoding/CSCI473/Code/stencil_proj/code/pth-stencil-2d -n 9 -I initial.dat -o pth_final.dat -t 4 -s pth_stack.dat,/home/chief/github/CCUCoding/CSCI473/Code/stencil_proj/data/N100_I9_T4
100,9,5,0.001727919,0.003914108,0.441459,0.088292,0.001764842;0.001727919;0.002390487,0.003914108;0.004933459;0.004591670,/home/chief/github/CCUCoding/CSCI473/Code/stencil_proj/code/stencil-2d initial.dat serial_final.dat 9,/home/chief/github/CCUCoding/CSCI473/Code/stencil_proj/code/pth-stencil-2d -n 9 -I initial.dat -o pth_final.dat -t 5 -s pth_stack.dat,/home/chief/github/CCUCoding/CSCI473/Code/stencil_proj/data/N100_I9_T5
100,9,6,0.001798909,0.003655956,0.492049,0.082008,0.001798909;0.002243714;0.001808293,0.003655956;0.003970207;0.004693870,/home/chief/github/CCUCoding/CSCI473/Code/stencil_proj/code/stencil-2d initial.dat serial_final.dat 9,/home/chief/github/CCUCoding/CSCI473/Code/stencil_proj/code/pth-stencil-2d -n 9 -I initial.dat -o pth_final.dat -t 6 -s pth_stack.dat,/home/chief/github/CCUCoding/CSCI473/Code/stencil_proj/data/N100_I9_T6
100,9,7,0.001789831,0.004232031,0.422925,0.060418,0.001985358;0.001959145;0.001789831,0.004232031;0.004263241;0.004616149,/home/chief/github/CCUCoding/CSCI473/Code/stencil_proj/code/stencil-2d initial.dat serial_final.dat 9,/home/chief/github/CCUCoding/CSCI473/Code/stencil_proj/code/pth-stencil-2d -n 9 -I initial.dat -o pth_final.dat -t 7 -s pth_stack.dat,/home/chief/github/CCUCoding/CSCI473/Code/stencil_proj/data/N100_I9_T7
100,9,8,0.001796563,0.004389105,0.409323,0.051165,0.001796563;0.002308380;0.001799827,0.004389105;0.004833401;0.005552577,/home/chief/github/CCUCoding/CSCI473/Code/stencil_proj/code/stencil-2d initial.dat serial_final.dat 9,/home/chief/github/CCUCoding/CSCI473/Code/stencil_proj/code/pth-stencil-2d -n 9 -I initial.dat -o pth_final.dat -t 8 -s pth_stack.dat,/home/chief/github/CCUCoding/CSCI473/Code/stencil_proj/data/N100_I9_T8
100,10,1,0.001967101,0.002820912,0.697328,0.697328,0.001967101;0.002296141;0.002058489,0.002937493;0.002820912;0.003728169,/home/chief/github/CCUCoding/CSCI473/Code/stencil_proj/code/stencil-2d initial.dat serial_final.dat 10,/home/chief/github/CCUCoding/CSCI473/Code/stencil_proj/code/pth-stencil-2d -n 10 -I initial.dat -o pth_final.dat -t 1 -s pth_stack.dat,/home/chief/github/CCUCoding/CSCI473/Code/stencil_proj/data/N100_I10_T1
100,10,2,0.001848887,0.003140161,0.588787,0.294394,0.001848887;0.002724117;0.002277883,0.003140161;0.003752240;0.003931958,/home/chief/github/CCUCoding/CSCI473/Code/stencil_proj/code/stencil-2d initial.dat serial_final.dat 10,/home/chief/github/CCUCoding/CSCI473/Code/stencil_proj/code/pth-stencil-2d -n 10 -I initial.dat -o pth_final.dat -t 2 -s pth_stack.dat,/home/chief/github/CCUCoding/CSCI473/Code/stencil_proj/data/N100_I10_T2
100,10,3,0.001804927,0.003756728,0.480452,0.160151,0.001804927;0.002092658;0.001881526,0.003954499;0.004153391;0.003756728,/home/chief/github/CCUCoding/CSCI473/Code/stencil_proj/code/stencil-2d initial.dat serial_final.dat 10,/home/chief/github/CCUCoding/CSCI473/Code/stencil_proj/code/pth-stencil-2d -n 10 -I initial.dat -o pth_final.dat -t 3 -s pth_stack.dat,/home/chief/github/CCUCoding/CSCI473/Code/stencil_proj/data/N100_I10_T3
100,10,4,0.001856333,0.003747854,0.495306,0.123826,0.001856435;0.002491769;0.001856333,0.003747854;0.004395021;0.004384617,/home/chief/github/CCUCoding/CSCI473/Code/stencil_proj/code/stencil-2d initial.dat serial_final.dat 10,/home/chief/github/CCUCoding/CSCI473/Code/stencil_proj/code/pth-stencil-2d -n 10 -I initial.dat -o pth_final.dat -t 4 -s pth_stack.dat,/home/chief/github/CCUCoding/CSCI473/Code/stencil_proj/data/N100_I10_T4
100,10,5,0.001833587,0.004086890,0.448651,0.089730,0.001833587;0.002836110;0.001843379,0.004086890;0.004135848;0.004975992,/home/chief/github/CCUCoding/CSCI473/Code/stencil_proj/code/stencil-2d initial.dat serial_final.dat 10,/home/chief/github/CCUCoding/CSCI473/Code/stencil_proj/code/pth-stencil-2d -n 10 -I initial.dat -o pth_final.dat -t 5 -s pth_stack.dat,/home/chief/github/CCUCoding/CSCI473/Code/stencil_proj/data/N100_I10_T5
100,10,6,0.001867960,0.004549137,0.410619,0.068436,0.001867960;0.003123943;0.002290327,0.005416105;0.004789543;0.004549137,/home/chief/github/CCUCoding/CSCI473/Code/stencil_proj/code/stencil-2d initial.dat serial_final.dat 10,/home/chief/github/CCUCoding/CSCI473/Code/stencil_proj/code/pth-stencil-2d -n 10 -I initial.dat -o pth_final.dat -t 6 -s pth_stack.dat,/home/chief/github/CCUCoding/CSCI473/Code/stencil_proj/data/N100_I10_T6
100,10,7,0.001893765,0.005071154,0.373439,0.053348,0.001893765;0.002771546;0.002405684,0.005071154;0.005898752;0.005473836,/home/chief/github/CCUCoding/CSCI473/Code/stencil_proj/code/stencil-2d initial.dat serial_final.dat 10,/home/chief/github/CCUCoding/CSCI473/Code/stencil_proj/code/pth-stencil-2d -n 10 -I initial.dat -o pth_final.dat -t 7 -s pth_stack.dat,/home/chief/github/CCUCoding/CSCI473/Code/stencil_proj/data/N100_I10_T7
100,10,8,0.002115505,0.005793492,0.365152,0.045644,0.002239737;0.002115505;0.002307870,0.005793492;0.006568868;0.007204509,/home/chief/github/CCUCoding/CSCI473/Code/stencil_proj/code/stencil-2d initial.dat serial_final.dat 10,/home/chief/github/CCUCoding/CSCI473/Code/stencil_proj/code/pth-stencil-2d -n 10 -I initial.dat -o pth_final.dat -t 8 -s pth_stack.dat,/home/chief/github/CCUCoding/CSCI473/Code/stencil_proj/data/N100_I10_T8
200,5,1,0.003605773,0.003867394,0.932352,0.932352,0.003605773;0.005139696;0.004845742,0.003867394;0.004283028;0.004322094,/home/chief/github/CCUCoding/CSCI473/Code/stencil_proj/code/stencil-2d initial.dat serial_final.dat 5,/home/chief/github/CCUCoding/CSCI473/Code/stencil_proj/code/pth-stencil-2d -n 5 -I initial.dat -o pth_final.dat -t 1 -s pth_stack.dat,/home/chief/github/CCUCoding/CSCI473/Code/stencil_proj/data/N200_I5_T1
200,5,2,0.003121392,0.003871780,0.806190,0.403095,0.003121392;0.003502145;0.003463489,0.003871780;0.004434595;0.004753946,/home/chief/github/CCUCoding/CSCI473/Code/stencil_proj/code/stencil-2d initial.dat serial_final.dat 5,/home/chief/github/CCUCoding/CSCI473/Code/stencil_proj/code/pth-stencil-2d -n 5 -I initial.dat -o pth_final.dat -t 2 -s pth_stack.dat,/home/chief/github/CCUCoding/CSCI473/Code/stencil_proj/data/N200_I5_T2
200,5,3,0.003074474,0.003884631,0.791446,0.263815,0.003074474;0.003638616;0.003981222,0.003884631;0.004700500;0.004757005,/home/chief/github/CCUCoding/CSCI473/Code/stencil_proj/code/stencil-2d initial.dat serial_final.dat 5,/home/chief/github/CCUCoding/CSCI473/Code/stencil_proj/code/pth-stencil-2d -n 5 -I initial.dat -o pth_final.dat -t 3 -s pth_stack.dat,/home/chief/github/CCUCoding/CSCI473/Code/stencil_proj/data/N200_I5_T3
200,5,4,0.003338237,0.003905949,0.854655,0.213664,0.003421976;0.003338237;0.003345478,0.003905949;0.004942026;0.005303706,/home/chief/github/CCUCoding/CSCI473/Code/stencil_proj/code/stencil-2d initial.dat serial_final.dat 5,/home/chief/github/CCUCoding/CSCI473/Code/stencil_proj/code/pth-stencil-2d -n 5 -I initial.dat -o pth_final.dat -t 4 -s pth_stack.dat,/home/chief/github/CCUCoding/CSCI473/Code/stencil_proj/data/N200_I5_T4
200,5,5,0.003242360,0.004711821,0.688133,0.137627,0.003242360;0.004298634;0.003443701,0.004711821;0.009072061;0.006001360,/home/chief/github/CCUCoding/CSCI473/Code/stencil_proj/code/stencil-2d initial.dat serial_final.dat 5,/home/chief/github/CCUCoding/CSCI473/Code/stencil_proj/code/pth-stencil-2d -n 5 -I initial.dat -o pth_final.dat -t 5 -s pth_stack.dat,/home/chief/github/CCUCoding/CSCI473/Code/stencil_proj/data/N200_I5_T5
200,5,6,0.003210843,0.004497527,0.713913,0.118986,0.003210843;0.003776311;0.003674315,0.004497527;0.005516980;0.005846326,/home/chief/github/CCUCoding/CSCI473/Code/stencil_proj/code/stencil-2d initial.dat serial_final.dat 5,/home/chief/github/CCUCoding/CSCI473/Code/stencil_proj/code/pth-stencil-2d -n 5 -I initial.dat -o pth_final.dat -t 6 -s pth_stack.dat,/home/chief/github/CCUCoding/CSCI473/Code/stencil_proj/data/N200_I5_T6
200,5,7,0.003520708,0.005145611,0.684216,0.097745,0.004122792;0.003520708;0.004269668,0.005145611;0.005261989;0.005701185,/home/chief/github/CCUCoding/CSCI473/Code/stencil_proj/code/stencil-2d initial.dat serial_final.dat 5,/home/chief/github/CCUCoding/CSCI473/Code/stencil_proj/code/pth-stencil-2d -n 5 -I initial.dat -o pth_final.dat -t 7 -s pth_stack.dat,/home/chief/github/CCUCoding/CSCI473/Code/stencil_proj/data/N200_I5_T7
200,5,8,0.003257456,0.005026378,0.648072,0.081009,0.003257456;0.004119223;0.003431258,0.005026378;0.006921775;0.006208821,/home/chief/github/CCUCoding/CSCI473/Code/stencil_proj/code/stencil-2d initial.dat serial_final.dat 5,/home/chief/github/CCUCoding/CSCI473/Code/stencil_proj/code/pth-stencil-2d -n 5 -I initial.dat -o pth_final.dat -t 8 -s pth_stack.dat,/home/chief/github/CCUCoding/CSCI473/Code/stencil_proj/data/N200_I5_T8
200,6,1,0.003674824,0.004173893,0.880431,0.880431,0.003674824;0.003734697;0.004667351,0.004173893;0.005668445;0.006222080,/home/chief/github/CCUCoding/CSCI473/Code/stencil_proj/code/stencil-2d initial.dat serial_final.dat 6,/home/chief/github/CCUCoding/CSCI473/Code/stencil_proj/code/pth-stencil-2d -n 6 -I initial.dat -o pth_final.dat -t 1 -s pth_stack.dat,/home/chief/github/CCUCoding/CSCI473/Code/stencil_proj/data/N200_I6_T1
200,6,2,0.003731637,0.004336168,0.860584,0.430292,0.003731637;0.005078906;0.003910028,0.004336168;0.005391015;0.005591437,/home/chief/github/CCUCoding/CSCI473/Code/stencil_proj/code/stencil-2d initial.dat serial_final.dat 6,/home/chief/github/CCUCoding/CSCI473/Code/stencil_proj/code/pth-stencil-2d -n 6 -I initial.dat -o pth_final.dat -t 2 -s pth_stack.dat,/home/chief/github/CCUCoding/CSCI473/Code/stencil_proj/data/N200_I6_T2
200,6,3,0.003864435,0.003997031,0.966826,0.322275,0.003864435;0.004538632;0.005178658,0.003997031;0.005504333;0.005993608,/home/chief/github/CCUCoding/CSCI473/Code/stencil_proj/code/stencil-2d initial.dat serial_final.dat 6,/home/chief/github/CCUCoding/CSCI473/Code/stencil_proj/code/pth-stencil-2d -n 6 -I initial.dat -o pth_final.dat -t 3 -s pth_stack.dat,/home/chief/github/CCUCoding/CSCI473/Code/stencil_proj/data/N200_I6_T3
200,6,4,0.003698488,0.004609722,0.802323,0.200581,0.003698488;0.004206226;0.004828301,0.004609722;0.005905382;0.005353888,/home/chief/github/CCUCoding/CSCI473/Code/stencil_proj/code/stencil-2d initial.dat serial_final.dat 6,/home/chief/github/CCUCoding/CSCI473/Code/stencil_proj/code/pth-stencil-2d -n 6 -I initial.dat -o pth_final.dat -t 4 -s pth_stack.dat,/home/chief/github/CCUCoding/CSCI473/Code/stencil_proj/data/N200_I6_T4
200,6,5,0.004214590,0.004691320,0.898380,0.179676,0.004354018;0.004214590;0.004266404,0.004691320;0.006448615;0.005553699,/home/chief/github/CCUCoding/CSCI473/Code/stencil_proj/code/stencil-2d initial.dat serial_final.dat 6,/home/chief/github/CCUCoding/CSCI473/Code/stencil_proj/code/pth-stencil-2d -n 6 -I initial.dat -o pth_final.dat -t 5 -s pth_stack.dat,/home/chief/github/CCUCoding/CSCI473/Code/stencil_proj/data/N200_I6_T5
200,6,6,0.003532846,0.004793010,0.737083,0.122847,0.003532846;0.003869637;0.003869740,0.004793010;0.006167003;0.005571956,/home/chief/github/CCUCoding/CSCI473/Code/stencil_proj/code/stencil-2d initial.dat serial_final.dat 6,/home/chief/github/CCUCoding/CSCI473/Code/stencil_proj/code/pth-stencil-2d -n 6 -I initial.dat -o pth_final.dat -t 6 -s pth_stack.dat,/home/chief/github/CCUCoding/CSCI473/Code/stencil_proj/data/N200_I6_T6
200,6,7,0.003404228,0.006789690,0.501382,0.071626,0.003404228;0.005827865;0.004594831,0.009245353;0.008659588;0.006789690,/home/chief/github/CCUCoding/CSCI473/Code/stencil_proj/code/stencil-2d initial.dat serial_final.dat 6,/home/chief/github/CCUCoding/CSCI473/Code/stencil_proj/code/pth-stencil-2d -n 6 -I initial.dat -o pth_final.dat -t 7 -s pth_stack.dat,/home/chief/github/CCUCoding/CSCI473/Code/stencil_proj/data/N200_I6_T7
200,6,8,0.003869944,0.005662019,0.683492,0.085436,0.003869944;0.004462033;0.004218363,0.005662019;0.007445220;0.007430125,/home/chief/github/CCUCoding/CSCI473/Code/stencil_proj/code/stencil-2d initial.dat serial_final.dat 6,/home/chief/github/CCUCoding/CSCI473/Code/stencil_proj/code/pth-stencil-2d -n 6 -I initial.dat -o pth_final.dat -t 8 -s pth_stack.dat,/home/chief/github/CCUCoding/CSCI473/Code/stencil_proj/data/N200_I6_T8
200,7,1,0.003621991,0.004728344,0.766017,0.766017,0.003621991;0.004925605;0.005073602,0.004728344;0.005745656;0.005953524,/home/chief/github/CCUCoding/CSCI473/Code/stencil_proj/code/stencil-2d initial.dat serial_final.dat 7,/home/chief/github/CCUCoding/CSCI473/Code/stencil_proj/code/pth-stencil-2d -n 7 -I initial.dat -o pth_final.dat -t 1 -s pth_stack.dat,/home/chief/github/CCUCoding/CSCI473/Code/stencil_proj/data/N200_I7_T1
200,7,2,0.003705831,0.004590037,0.807364,0.403682,0.003705831;0.005737700;0.004831055,0.004590037;0.005722299;0.005614896,/home/chief/github/CCUCoding/CSCI473/Code/stencil_proj/code/stencil-2d initial.dat serial_final.dat 7,/home/chief/github/CCUCoding/CSCI473/Code/stencil_proj/code/pth-stencil-2d -n 7 -I initial.dat -o pth_final.dat -t 2 -s pth_stack.dat,/home/chief/github/CCUCoding/CSCI473/Code/stencil_proj/data/N200_I7_T2
200,7,3,0.003757340,0.004967832,0.756334,0.252111,0.003757340;0.004262629;0.004268647,0.004967832;0.005709345;0.006179752,/home/chief/github/CCUCoding/CSCI473/Code/stencil_proj/code/stencil-2d initial.dat serial_final.dat 7,/home/chief/github/CCUCoding/CSCI473/Code/stencil_proj/code/pth-stencil-2d -n 7 -I initial.dat -o pth_final.dat -t 3 -s pth_stack.dat,/home/chief/github/CCUCoding/CSCI473/Code/stencil_proj/data/N200_I7_T3
200,7,4,0.003825881,0.004924891,0.776846,0.194211,0.003825881;0.004826159;0.004801782,0.004924891;0.005690272;0.008355945,/home/chief/github/CCUCoding/CSCI473/Code/stencil_proj/code/stencil-2d initial.dat serial_final.dat 7,/home/chief/github/CCUCoding/CSCI473/Code/stencil_proj/code/pth-stencil-2d -n 7 -I initial.dat -o pth_final.dat -t 4 -s pth_stack.dat,/home/chief/github/CCUCoding/CSCI473/Code/stencil_proj/data/N200_I7_T4
200,7,5,0.003813438,0.005036680,0.757133,0.151427,0.004210509;0.004018858;0.003813438,0.005036680;0.006236258;0.005944855,/home/chief/github/CCUCoding/CSCI473/Code/stencil_proj/code/stencil-2d initial.dat serial_final.dat 7,/home/chief/github/CCUCoding/CSCI473/Code/stencil_proj/code/pth-stencil-2d -n 7 -I initial.dat -o pth_final.dat -t 5 -s pth_stack.dat,/home/chief/github/CCUCoding/CSCI473/Code/stencil_proj/data/N200_I7_T5
200,7,6,0.003944401,0.005455476,0.723017,0.120503,0.003962862;0.004469988;0.003944401,0.005455476;0.005976372;0.005618772,/home/chief/github/CCUCoding/CSCI473/Code/stencil_proj/code/stencil-2d initial.dat serial_final.dat 7,/home/chief/github/CCUCoding/CSCI473/Code/stencil_proj/code/pth-stencil-2d -n 7 -I initial.dat -o pth_final.dat -t 6 -s pth_stack.dat,/home/chief/github/CCUCoding/CSCI473/Code/stencil_proj/data/N200_I7_T6
200,7,7,0.003832001,0.006534801,0.586399,0.083771,0.004057005;0.004129729;0.003832001,0.009217712;0.007302629;0.006534801,/home/chief/github/CCUCoding/CSCI473/Code/stencil_proj/code/stencil-2d initial.dat serial_final.dat 7,/home/chief/github/CCUCoding/CSCI473/Code/stencil_proj/code/pth-stencil-2d -n 7 -I initial.dat -o pth_final.dat -t 7 -s pth_stack.dat,/home/chief/github/CCUCoding/CSCI473/Code/stencil_proj/data/N200_I7_T7
200,7,8,0.003977040,0.005776050,0.688540,0.086067,0.004267525;0.003977040;0.004057209,0.005776050;0.009038301;0.007403095,/home/chief/github/CCUCoding/CSCI473/Code/stencil_proj/code/stencil-2d initial.dat serial_final.dat 7,/home/chief/github/CCUCoding/CSCI473/Code/stencil_proj/code/pth-stencil-2d -n 7 -I initial.dat -o pth_final.dat -t 8 -s pth_stack.dat,/home/chief/github/CCUCoding/CSCI473/Code/stencil_proj/data/N200_I7_T8
200,8,1,0.004161654,0.004963650,0.838426,0.838426,0.004161654;0.004646747;0.004974360,0.004963650;0.006586004;0.006074389,/home/chief/github/CCUCoding/CSCI473/Code/stencil_proj/code/stencil-2d initial.dat serial_final.dat 8,/home/chief/github/CCUCoding/CSCI473/Code/stencil_proj/code/pth-stencil-2d -n 8 -I initial.dat -o pth_final.dat -t 1 -s pth_stack.dat,/home/chief/github/CCUCoding/CSCI473/Code/stencil_proj/data/N200_I8_T1
200,8,2,0.004152780,0.005046267,0.822941,0.411470,0.004152780;0.004233662;0.004978950,0.005046267;0.006136608;0.006025227,/home/chief/github/CCUCoding/CSCI473/Code/stencil_proj/code/stencil-2d initial.dat serial_final.dat 8,/home/chief/github/CCUCoding/CSCI473/Code/stencil_proj/code/pth-stencil-2d -n 8 -I initial.dat -o pth_final.dat -t 2 -s pth_stack.dat,/home/chief/github/CCUCoding/CSCI473/Code/stencil_proj/data/N200_I8_T2
200,8,3,0.004135032,0.005098795,0.810982,0.270327,0.004135032;0.004999757;0.005575322,0.005098795;0.005541867;0.005621628,/home/chief/github/CCUCoding/CSCI473/Code/stencil_proj/code/stencil-2d initial.dat serial_final.dat 8,/home/chief/github/CCUCoding/CSCI473/Code/stencil_proj/code/pth-stencil-2d -n 8 -I initial.dat -o pth_final.dat -t 3 -s pth_stack.dat,/home/chief/github/CCUCoding/CSCI473/Code/stencil_proj/data/N200_I8_T3
200,8,4,0.004178992,0.005253421,0.795480,0.198870,0.004178992;0.005545029;0.005814707,0.005253421;0.006033184;0.006847725,/home/chief/github/CCUCoding/CSCI473/Code/stencil_proj/code/stencil-2d initial.dat serial_final.dat 8,/home/chief/github/CCUCoding/CSCI473/Code/stencil_proj/code/pth-stencil-2d -n 8 -I initial.dat -o pth_final.dat -t 4 -s pth_stack.dat,/home/chief/github/CCUCoding/CSCI473/Code/stencil_proj/data/N200_I8_T4
200,8,5,0.004155737,0.005553188,0.748352,0.149670,0.004155737;0.005809404;0.004263445,0.005553188;0.008139713;0.013489113,/home/chief/github/CCUCoding/CSCI473/Code/stencil_proj/code/stencil-2d initial.dat serial_final.dat 8,/home/chief/github/CCUCoding/CSCI473/Code/stencil_proj/code/pth-stencil-2d -n 8 -I initial.dat -o pth_final.dat -t 5 -s pth_stack.dat,/home/chief/github/CCUCoding/CSCI473/Code/stencil_proj/data/N200_I8_T5
200,8,6,0.004176545,0.005772481,0.723527,0.120588,0.004176545;0.005383671;0.005393462,0.005772481;0.009771551;0.006355288,/home/chief/github/CCUCoding/CSCI473/Code/stencil_proj/code/stencil-2d initial.dat serial_final.dat 8,/home/chief/github/CCUCoding/CSCI473/Code/stencil_proj/code/pth-stencil-2d -n 8 -I initial.dat -o pth_final.dat -t 6 -s pth_stack.dat,/home/chief/github/CCUCoding/CSCI473/Code/stencil_proj/data/N200_I8_T6
200,8,7,0.004358098,0.006128754,0.711090,0.101584,0.005155811;0.005137655;0.004358098,0.006128754;0.006586207;0.007019284,/home/chief/github/CCUCoding/CSCI473/Code/stencil_proj/code/stencil-2d initial.dat serial_final.dat 8,/home/chief/github/CCUCoding/CSCI473/Code/stencil_proj/code/pth-stencil-2d -n 8 -I initial.dat -o pth_final.dat -t 7 -s pth_stack.dat,/home/chief/github/CCUCoding/CSCI473/Code/stencil_proj/data/N200_I8_T7
200,8,8,0.004118712,0.006533068,0.630441,0.078805,0.004118712;0.004148394;0.006228506,0.006533068;0.007553642;0.007679301,/home/chief/github/CCUCoding/CSCI473/Code/stencil_proj/code/stencil-2d initial.dat serial_final.dat 8,/home/chief/github/CCUCoding/CSCI473/Code/stencil_proj/code/pth-stencil-2d -n 8 -I initial.dat -o pth_final.dat -t 8 -s pth_stack.dat,/home/chief/github/CCUCoding/CSCI473/Code/stencil_proj/data/N200_I8_T8
200,9,1,0.004607785,0.005233635,0.880418,0.880418,0.004607785;0.005217723;0.004873995,0.005233635;0.006185973;0.006507160,/home/chief/github/CCUCoding/CSCI473/Code/stencil_proj/code/stencil-2d initial.dat serial_final.dat 9,/home/chief/github/CCUCoding/CSCI473/Code/stencil_proj/code/pth-stencil-2d -n 9 -I initial.dat -o pth_final.dat -t 1 -s pth_stack.dat,/home/chief/github/CCUCoding/CSCI473/Code/stencil_proj/data/N200_I9_T1
200,9,2,0.004799844,0.006770515,0.708933,0.354467,0.004799844;0.004883277;0.004967016,0.008973635;0.006770515;0.007348222,/home/chief/github/CCUCoding/CSCI473/Code/stencil_proj/code/stencil-2d initial.dat serial_final.dat 9,/home/chief/github/CCUCoding/CSCI473/Code/stencil_proj/code/pth-stencil-2d -n 9 -I initial.dat -o pth_final.dat -t 2 -s pth_stack.dat,/home/chief/github/CCUCoding/CSCI473/Code/stencil_proj/data/N200_I9_T2
200,9,3,0.004558010,0.005723625,0.796350,0.265450,0.004633182;0.004558010;0.005406620,0.005723625;0.007505194;0.005896814,/home/chief/github/CCUCoding/CSCI473/Code/stencil_proj/code/stencil-2d initial.dat serial_final.dat 9,/home/chief/github/CCUCoding/CSCI473/Code/stencil_proj/code/pth-stencil-2d -n 9 -I initial.dat -o pth_final.dat -t 3 -s pth_stack.dat,/home/chief/github/CCUCoding/CSCI473/Code/stencil_proj/data/N200_I9_T3
200,9,4,0.004635324,0.005734844,0.808274,0.202068,0.004635324;0.005841328;0.006104070,0.005734844;0.006177610;0.007254589,/home/chief/github/CCUCoding/CSCI473/Code/stencil_proj/code/stencil-2d initial.dat serial_final.dat 9,/home/chief/github/CCUCoding/CSCI473/Code/stencil_proj/code/pth-stencil-2d -n 9 -I initial.dat -o pth_final.dat -t 4 -s pth_stack.dat,/home/chief/github/CCUCoding/CSCI473/Code/stencil_proj/data/N200_I9_T4
200,9,5,0.004608805,0.005943528,0.775433,0.155087,0.004608805;0.005046675;0.007956426,0.005943528;0.007950918;0.007037643,/home/chief/github/CCUCoding/CSCI473/Code/stencil_proj/code/stencil-2d initial.dat serial_final.dat 9,/home/chief/github/CCUCoding/CSCI473/Code/stencil_proj/code/pth-stencil-2d -n 9 -I initial.dat -o pth_final.dat -t 5 -s pth_stack.dat,/home/chief/github/CCUCoding/CSCI473/Code/stencil_proj/data/N200_I9_T5
200,9,6,0.004983642,0.006277363,0.793907,0.132318,0.004983642;0.005826946;0.005140308,0.006277363;0.007587709;0.007063142,/home/chief/github/CCUCoding/CSCI473/Code/stencil_proj/code/stencil-2d initial.dat serial_final.dat 9,/home/chief/github/CCUCoding/CSCI473/Code/stencil_proj/code/pth-stencil-2d -n 9 -I initial.dat -o pth_final.dat -t 6 -s pth_stack.dat,/home/chief/github/CCUCoding/CSCI473/Code/stencil_proj/data/N200_I9_T6
200,9,7,0.004587692,0.007011124,0.654345,0.093478,0.004587692;0.005108689;0.004761289,0.007011124;0.007625855;0.007920523,/home/chief/github/CCUCoding/CSCI473/Code/stencil_proj/code/stencil-2d initial.dat serial_final.dat 9,/home/chief/github/CCUCoding/CSCI473/Code/stencil_proj/code/pth-stencil-2d -n 9 -I initial.dat -o pth_final.dat -t 7 -s pth_stack.dat,/home/chief/github/CCUCoding/CSCI473/Code/stencil_proj/data/N200_I9_T7
200,9,8,0.004328213,0.007946532,0.544667,0.068083,0.004328213;0.004635324;0.004543935,0.012249042;0.007946532;0.008081677,/home/chief/github/CCUCoding/CSCI473/Code/stencil_proj/code/stencil-2d initial.dat serial_final.dat 9,/home/chief/github/CCUCoding/CSCI473/Code/stencil_proj/code/pth-stencil-2d -n 9 -I initial.dat -o pth_final.dat -t 8 -s pth_stack.dat,/home/chief/github/CCUCoding/CSCI473/Code/stencil_proj/data/N200_I9_T8
200,10,1,0.004689178,0.006452388,0.726735,0.726735,0.004689178;0.005113483;0.004999961,0.006497266;0.006452388;0.006686572,/home/chief/github/CCUCoding/CSCI473/Code/stencil_proj/code/stencil-2d initial.dat serial_final.dat 10,/home/chief/github/CCUCoding/CSCI473/Code/stencil_proj/code/pth-stencil-2d -n 10 -I initial.dat -o pth_final.dat -t 1 -s pth_stack.dat,/home/chief/github/CCUCoding/CSCI473/Code/stencil_proj/data/N200_I10_T1
200,10,2,0.004643381,0.006062150,0.765963,0.382981,0.004643381;0.005659571;0.005654165,0.006062150;0.006896480;0.006935646,/home/chief/github/CCUCoding/CSCI473/Code/stencil_proj/code/stencil-2d initial.dat serial_final.dat 10,/home/chief/github/CCUCoding/CSCI473/Code/stencil_proj/code/pth-stencil-2d -n 10 -I initial.dat -o pth_final.dat -t 2 -s pth_stack.dat,/home/chief/github/CCUCoding/CSCI473/Code/stencil_proj/data/N200_I10_T2
200,10,3,0.004609315,0.005859586,0.786628,0.262209,0.004609315;0.006241051;0.004864612,0.005859586;0.007229906;0.006777246,/home/chief/github/CCUCoding/CSCI473/Code/stencil_proj/code/stencil-2d initial.dat serial_final.dat 10,/home/chief/github/CCUCoding/CSCI473/Code/stencil_proj/code/pth-stencil-2d -n 10 -I initial.dat -o pth_final.dat -t 3 -s pth_stack.dat,/home/chief/github/CCUCoding/CSCI473/Code/stencil_proj/data/N200_I10_T3
200,10,4,0.004933867,0.006129672,0.804915,0.201229,0.004933867;0.005416718;0.006162820,0.006129672;0.009231379;0.008452230,/home/chief/github/CCUCoding/CSCI473/Code/stencil_proj/code/stencil-2d initial.dat serial_final.dat 10,/home/chief/github/CCUCoding/CSCI473/Code/stencil_proj/code/pth-stencil-2d -n 10 -I initial.dat -o pth_final.dat -t 4 -s pth_stack.dat,/home/chief/github/CCUCoding/CSCI473/Code/stencil_proj/data/N200_I10_T4
200,10,5,0.004822896,0.006713906,0.718344,0.143669,0.004822896;0.006302963;0.006414445,0.006713906;0.007506010;0.007587709,/home/chief/github/CCUCoding/CSCI473/Code/stencil_proj/code/stencil-2d initial.dat serial_final.dat 10,/home/chief/github/CCUCoding/CSCI473/Code/stencil_proj/code/pth-stencil-2d -n 10 -I initial.dat -o pth_final.dat -t 5 -s pth_stack.dat,/home/chief/github/CCUCoding/CSCI473/Code/stencil_proj/data/N200_I10_T5
200,10,6,0.005045247,0.006987461,0.722043,0.120340,0.005045247;0.006204129;0.005300952,0.006987461;0.009127751;0.007680219,/home/chief/github/CCUCoding/CSCI473/Code/stencil_proj/code/stencil-2d initial.dat serial_final.dat 10,/home/chief/github/CCUCoding/CSCI473/Code/stencil_proj/code/pth-stencil-2d -n 10 -I initial.dat -o pth_final.dat -t 6 -s pth_stack.dat,/home/chief/github/CCUCoding/CSCI473/Code/stencil_proj/data/N200_I10_T6
200,10,7,0.004678367,0.006848848,0.683088,0.097584,0.004678367;0.005449866;0.005924149,0.006848848;0.007914301;0.008870108,/home/chief/github/CCUCoding/CSCI473/Code/stencil_proj/code/stencil-2d initial.dat serial_final.dat 10,/home/chief/github/CCUCoding/CSCI473/Code/stencil_proj/code/pth-stencil-2d -n 10 -I initial.dat -o pth_final.dat -t 7 -s pth_stack.dat,/home/chief/github/CCUCoding/CSCI473/Code/stencil_proj/data/N200_I10_T7
200,10,8,0.005128884,0.007153409,0.716985,0.089623,0.005203342;0.005702205;0.005128884,0.007153409;0.008471915;0.008564221,/home/chief/github/CCUCoding/CSCI473/Code/stencil_proj/code/stencil-2d initial.dat serial_final.dat 10,/home/chief/github/CCUCoding/CSCI473/Code/stencil_proj/code/pth-stencil-2d -n 10 -I initial.dat -o pth_final.dat -t 8 -s pth_stack.dat,/home/chief/github/CCUCoding/CSCI473/Code/stencil_proj/data/N200_I10_T8
300,5,1,0.006142320,0.006578455,0.933703,0.933703,0.006142320;0.007122300;0.007444710,0.006578455;0.009366729;0.008854095,/home/chief/github/CCUCoding/CSCI473/Code/stencil_proj/code/stencil-2d initial.dat serial_final.dat 5,/home/chief/github/CCUCoding/CSCI473/Code/stencil_proj/code/pth-stencil-2d -n 5 -I initial.dat -o pth_final.dat -t 1 -s pth_stack.dat,/home/chief/github/CCUCoding/CSCI473/Code/stencil_proj/data/N300_I5_T1
300,5,2,0.005760038,0.006064292,0.949829,0.474914,0.005760038;0.007734073;0.009982072,0.006064292;0.009550628;0.009053395,/home/chief/github/CCUCoding/CSCI473/Code/stencil_proj/code/stencil-2d initial.dat serial_final.dat 5,/home/chief/github/CCUCoding/CSCI473/Code/stencil_proj/code/pth-stencil-2d -n 5 -I initial.dat -o pth_final.dat -t 2 -s pth_stack.dat,/home/chief/github/CCUCoding/CSCI473/Code/stencil_proj/data/N300_I5_T2
300,5,3,0.005976983,0.006543267,0.913455,0.304485,0.005976983;0.007364133;0.006257780,0.006543267;0.009190275;0.008655508,/home/chief/github/CCUCoding/CSCI473/Code/stencil_proj/code/stencil-2d initial.dat serial_final.dat 5,/home/chief/github/CCUCoding/CSCI473/Code/stencil_proj/code/pth-stencil-2d -n 5 -I initial.dat -o pth_final.dat -t 3 -s pth_stack.dat,/home/chief/github/CCUCoding/CSCI473/Code/stencil_proj/data/N300_I5_T3
300,5,4,0.005873865,0.006254413,0.939155,0.234789,0.005899262;0.005873865;0.007689195,0.006254413;0.009125202;0.009367749,/home/chief/github/CCUCoding/CSCI473/Code/stencil_proj/code/stencil-2d initial.dat serial_final.dat 5,/home/chief/github/CCUCoding/CSCI473/Code/stencil_proj/code/pth-stencil-2d -n 5 -I initial.dat -o pth_final.dat -t 4 -s pth_stack.dat,/home/chief/github/CCUCoding/CSCI473/Code/stencil_proj/data/N300_I5_T4
300,5,5,0.006757255,0.006586820,1.025875,0.205175,0.006757255;0.007254793;0.007635341,0.006586820;0.008834002;0.010789475,/home/chief/github/CCUCoding/CSCI473/Code/stencil_proj/code/stencil-2d initial.dat serial_final.dat 5,/home/chief/github/CCUCoding/CSCI473/Code/stencil_proj/code/pth-stencil-2d -n 5 -I initial.dat -o pth_final.dat -t 5 -s pth_stack.dat,/home/chief/github/CCUCoding/CSCI473/Code/stencil_proj/data/N300_I5_T5
300,5,6,0.005904158,0.006566828,0.899088,0.149848,0.005904158;0.007019997;0.006190258,0.006566828;0.009810106;0.009102048,/home/chief/github/CCUCoding/CSCI473/Code/stencil_proj/code/stencil-2d initial.dat serial_final.dat 5,/home/chief/github/CCUCoding/CSCI473/Code/stencil_proj/code/pth-stencil-2d -n 5 -I initial.dat -o pth_final.dat -t 6 -s pth_stack.dat,/home/chief/github/CCUCoding/CSCI473/Code/stencil_proj/data/N300_I5_T6
300,5,7,0.005856117,0.006588349,0.888860,0.126980,0.005856117;0.007217973;0.010107017,0.006588349;0.010021544;0.008751283,/home/chief/github/CCUCoding/CSCI473/Code/stencil_proj/code/stencil-2d initial.dat serial_final.dat 5,/home/chief/github/CCUCoding/CSCI473/Code/stencil_proj/code/pth-stencil-2d -n 5 -I initial.dat -o pth_final.dat -t 7 -s pth_stack.dat,/home/chief/github/CCUCoding/CSCI473/Code/stencil_proj/data/N300_I5_T7
300,5,8,0.005934247,0.006975119,0.850774,0.106347,0.005934247;0.006643733;0.006777960,0.006975119;0.009125099;0.010835170,/home/chief/github/CCUCoding/CSCI473/Code/stencil_proj/code/stencil-2d initial.dat serial_final.dat 5,/home/chief/github/CCUCoding/CSCI473/Code/stencil_proj/code/pth-stencil-2d -n 5 -I initial.dat -o pth_final.dat -t 8 -s pth_stack.dat,/home/chief/github/CCUCoding/CSCI473/Code/stencil_proj/data/N300_I5_T8
300,6,1,0.006429949,0.007246123,0.887364,0.887364,0.007031013;0.006429949;0.006846910,0.007246123;0.008033637;0.010829865,/home/chief/github/CCUCoding/CSCI473/Code/stencil_proj/code/stencil-2d initial.dat serial_final.dat 6,/home/chief/github/CCUCoding/CSCI473/Code/stencil_proj/code/pth-stencil-2d -n 6 -I initial.dat -o pth_final.dat -t 1 -s pth_stack.dat,/home/chief/github/CCUCoding/CSCI473/Code/stencil_proj/data/N300_I6_T1
300,6,2,0.006467483,0.007032135,0.919704,0.459852,0.006467483;0.007764265;0.007372803,0.007032135;0.009490144;0.009231685,/home/chief/github/CCUCoding/CSCI473/Code/stencil_proj/code/stencil-2d initial.dat serial_final.dat 6,/home/chief/github/CCUCoding/CSCI473/Code/stencil_proj/code/pth-stencil-2d -n 6 -I initial.dat -o pth_final.dat -t 2 -s pth_stack.dat,/home/chief/github/CCUCoding/CSCI473/Code/stencil_proj/data/N300_I6_T2
300,6,3,0.006490433,0.006992866,0.928151,0.309384,0.006490433;0.007964993;0.008977715,0.006992866;0.011791487;0.008973736,/home/chief/github/CCUCoding/CSCI473/Code/stencil_proj/code/stencil-2d initial.dat serial_final.dat 6,/home/chief/github/CCUCoding/CSCI473/Code/stencil_proj/code/pth-stencil-2d -n 6 -I initial.dat -o pth_final.dat -t 3 -s pth_stack.dat,/home/chief/github/CCUCoding/CSCI473/Code/stencil_proj/data/N300_I6_T3
300,6,4,0.006430866,0.007585363,0.847799,0.211950,0.006430866;0.006663215;0.007113426,0.007585363;0.010353951;0.008281589,/home/chief/github/CCUCoding/CSCI473/Code/stencil_proj/code/stencil-2d initial.dat serial_final.dat 6,/home/chief/github/CCUCoding/CSCI473/Code/stencil_proj/code/pth-stencil-2d -n 6 -I initial.dat -o pth_final.dat -t 4 -s pth_stack.dat,/home/chief/github/CCUCoding/CSCI473/Code/stencil_proj/data/N300_I6_T4
300,6,5,0.007208283,0.007198287,1.001389,0.200278,0.007472555;0.007208283;0.008294543,0.007198287;0.008643881;0.009038300,/home/chief/github/CCUCoding/CSCI473/Code/stencil_proj/code/stencil-2d initial.dat serial_final.dat 6,/home/chief/github/CCUCoding/CSCI473/Code/stencil_proj/code/pth-stencil-2d -n 6 -I initial.dat -o pth_final.dat -t 5 -s pth_stack.dat,/home/chief/github/CCUCoding/CSCI473/Code/stencil_proj/data/N300_I6_T5
300,6,6,0.006438516,0.007669204,0.839529,0.139921,0.006438516;0.007166159;0.009530840,0.007669204;0.008826352;0.010150468,/home/chief/github/CCUCoding/CSCI473/Code/stencil_proj/code/stencil-2d initial.dat serial_final.dat 6,/home/chief/github/CCUCoding/CSCI473/Code/stencil_proj/code/pth-stencil-2d -n 6 -I initial.dat -o pth_final.dat -t 6 -s pth_stack.dat,/home/chief/github/CCUCoding/CSCI473/Code/stencil_proj/data/N300_I6_T6
300,6,7,0.007157081,0.008451414,0.846850,0.120979,0.007157081;0.008069642;0.007926133,0.008451414;0.011294867;0.008690696,/home/chief/github/CCUCoding/CSCI473/Code/stencil_proj/code/stencil-2d initial.dat serial_final.dat 6,/home/chief/github/CCUCoding/CSCI473/Code/stencil_proj/code/pth-stencil-2d -n 6 -I initial.dat -o pth_final.dat -t 7 -s pth_stack.dat,/home/chief/github/CCUCoding/CSCI473/Code/stencil_proj/data/N300_I6_T7
300,6,8,0.006628230,0.007821179,0.847472,0.105934,0.006841096;0.007743355;0.006628230,0.007821179;0.010240837;0.009457811,/home/chief/github/CCUCoding/CSCI473/Code/stencil_proj/code/stencil-2d initial.dat serial_final.dat 6,/home/chief/github/CCUCoding/CSCI473/Code/stencil_proj/code/pth-stencil-2d -n 6 -I initial.dat -o pth_final.dat -t 8 -s pth_stack.dat,/home/chief/github/CCUCoding/CSCI473/Code/stencil_proj/data/N300_I6_T8
300,7,1,0.007248469,0.008114214,0.893305,0.893305,0.007248469;0.007872993;0.008429484,0.008114214;0.009558991;0.010131803,/home/chief/github/CCUCoding/CSCI473/Code/stencil_proj/code/stencil-2d initial.dat serial_final.dat 7,/home/chief/github/CCUCoding/CSCI473/Code/stencil_proj/code/pth-stencil-2d -n 7 -I initial.dat -o pth_final.dat -t 1 -s pth_stack.dat,/home/chief/github/CCUCoding/CSCI473/Code/stencil_proj/data/N300_I7_T1
300,7,2,0.007253467,0.008228450,0.881511,0.440755,0.007253467;0.008469569;0.015288838,0.008228450;0.009958103;0.010104161,/home/chief/github/CCUCoding/CSCI473/Code/stencil_proj/code/stencil-2d initial.dat serial_final.dat 7,/home/chief/github/CCUCoding/CSCI473/Code/stencil_proj/code/pth-stencil-2d -n 7 -I initial.dat -o pth_final.dat -t 2 -s pth_stack.dat,/home/chief/github/CCUCoding/CSCI473/Code/stencil_proj/data/N300_I7_T2
300,7,3,0.007283760,0.007888496,0.923340,0.307780,0.007283760;0.008627561;0.008872761,0.007888496;0.010124255;0.009461891,/home/chief/github/CCUCoding/CSCI473/Code/stencil_proj/code/stencil-2d initial.dat serial_final.dat 7,/home/chief/github/CCUCoding/CSCI473/Code/stencil_proj/code/pth-stencil-2d -n 7 -I initial.dat -o pth_final.dat -t 3 -s pth_stack.dat,/home/chief/github/CCUCoding/CSCI473/Code/stencil_proj/data/N300_I7_T3
300,7,4,0.007064978,0.007943778,0.889373,0.222343,0.007064978;0.011070474;0.009411607,0.007943778;0.010284389;0.010655452,/home/chief/github/CCUCoding/CSCI473/Code/stencil_proj/code/stencil-2d initial.dat serial_final.dat 7,/home/chief/github/CCUCoding/CSCI473/Code/stencil_proj/code/pth-stencil-2d -n 7 -I initial.dat -o pth_final.dat -t 4 -s pth_stack.dat,/home/chief/github/CCUCoding/CSCI473/Code/stencil_proj/data/N300_I7_T4
300,7,5,0.007224602,0.008265168,0.874102,0.174820,0.008117987;0.008205603;0.007224602,0.008265168;0.009507381;0.010049288,/home/chief/github/CCUCoding/CSCI473/Code/stencil_proj/code/stencil-2d initial.dat serial_final.dat 7,/home/chief/github/CCUCoding/CSCI473/Code/stencil_proj/code/pth-stencil-2d -n 7 -I initial.dat -o pth_final.dat -t 5 -s pth_stack.dat,/home/chief/github/CCUCoding/CSCI473/Code/stencil_proj/data/N300_I7_T5
300,7,6,0.007186864,0.009610194,0.747838,0.124640,0.007186864;0.007857081;0.008327590,0.010018995;0.010647496;0.009610194,/home/chief/github/CCUCoding/CSCI473/Code/stencil_proj/code/stencil-2d initial.dat serial_final.dat 7,/home/chief/github/CCUCoding/CSCI473/Code/stencil_proj/code/pth-stencil-2d -n 7 -I initial.dat -o pth_final.dat -t 6 -s pth_stack.dat,/home/chief/github/CCUCoding/CSCI473/Code/stencil_proj/data/N300_I7_T6
300,7,7,0.007148309,0.008320451,0.859125,0.122732,0.007148309;0.008346154;0.014734385,0.008320451;0.012825321;0.010000635,/home/chief/github/CCUCoding/CSCI473/Code/stencil_proj/code/stencil-2d initial.dat serial_final.dat 7,/home/chief/github/CCUCoding/CSCI473/Code/stencil_proj/code/pth-stencil-2d -n 7 -I initial.dat -o pth_final.dat -t 7 -s pth_stack.dat,/home/chief/github/CCUCoding/CSCI473/Code/stencil_proj/data/N300_I7_T7
300,7,8,0.007120974,0.008331262,0.854729,0.106841,0.007120974;0.009444857;0.011072617,0.008331262;0.010980309;0.010832926,/home/chief/github/CCUCoding/CSCI473/Code/stencil_proj/code/stencil-2d initial.dat serial_final.dat 7,/home/chief/github/CCUCoding/CSCI473/Code/stencil_proj/code/pth-stencil-2d -n 7 -I initial.dat -o pth_final.dat -t 8 -s pth_stack.dat,/home/chief/github/CCUCoding/CSCI473/Code/stencil_proj/data/N300_I7_T8
300,8,1,0.008036900,0.008709770,0.922745,0.922745,0.008036900;0.008812379;0.010211768,0.008709770;0.010814668;0.011826369,/home/chief/github/CCUCoding/CSCI473/Code/stencil_proj/code/stencil-2d initial.dat serial_final.dat 8,/home/chief/github/CCUCoding/CSCI473/Code/stencil_proj/code/pth-stencil-2d -n 8 -I initial.dat -o pth_final.dat -t 1 -s pth_stack.dat,/home/chief/github/CCUCoding/CSCI473/Code/stencil_proj/data/N300_I8_T1
300,8,2,0.008196524,0.008595025,0.953636,0.476818,0.008196524;0.009514725;0.011678985,0.008595025;0.010521632;0.013078170,/home/chief/github/CCUCoding/CSCI473/Code/stencil_proj/code/stencil-2d initial.dat serial_final.dat 8,/home/chief/github/CCUCoding/CSCI473/Code/stencil_proj/code/pth-stencil-2d -n 8 -I initial.dat -o pth_final.dat -t 2 -s pth_stack.dat,/home/chief/github/CCUCoding/CSCI473/Code/stencil_proj/data/N300_I8_T2
300,8,3,0.008347276,0.007950305,1.049932,0.349977,0.008347276;0.008817478;0.010120379,0.007950305;0.011147890;0.010523469,/home/chief/github/CCUCoding/CSCI473/Code/stencil_proj/code/stencil-2d initial.dat serial_final.dat 8,/home/chief/github/CCUCoding/CSCI473/Code/stencil_proj/code/pth-stencil-2d -n 8 -I initial.dat -o pth_final.dat -t 3 -s pth_stack.dat,/home/chief/github/CCUCoding/CSCI473/Code/stencil_proj/data/N300_I8_T3
300,8,4,0.007925317,0.008624297,0.918952,0.229738,0.009096540;0.007925317;0.010680644,0.008624297;0.011614829;0.011344437,/home/chief/github/CCUCoding/CSCI473/Code/stencil_proj/code/stencil-2d initial.dat serial_final.dat 8,/home/chief/github/CCUCoding/CSCI473/Code/stencil_proj/code/pth-stencil-2d -n 8 -I initial.dat -o pth_final.dat -t 4 -s pth_stack.dat,/home/chief/github/CCUCoding/CSCI473/Code/stencil_proj/data/N300_I8_T4
300,8,5,0.008171332,0.008392153,0.973687,0.194737,0.008171332;0.009332355;0.009261366,0.008392153;0.011043038;0.011911842,/home/chief/github/CCUCoding/CSCI473/Code/stencil_proj/code/stencil-2d initial.dat serial_final.dat 8,/home/chief/github/CCUCoding/CSCI473/Code/stencil_proj/code/pth-stencil-2d -n 8 -I initial.dat -o pth_final.dat -t 5 -s pth_stack.dat,/home/chief/github/CCUCoding/CSCI473/Code/stencil_proj/data/N300_I8_T5
300,8,6,0.008000080,0.009163245,0.873062,0.145510,0.008000080;0.011516199;0.009132748,0.009163245;0.011362592;0.012331965,/home/chief/github/CCUCoding/CSCI473/Code/stencil_proj/code/stencil-2d initial.dat serial_final.dat 8,/home/chief/github/CCUCoding/CSCI473/Code/stencil_proj/code/pth-stencil-2d -n 8 -I initial.dat -o pth_final.dat -t 6 -s pth_stack.dat,/home/chief/github/CCUCoding/CSCI473/Code/stencil_proj/data/N300_I8_T6
300,8,7,0.008050058,0.010500315,0.766649,0.109521,0.008050058;0.009640792;0.008549024,0.010752960;0.010500315;0.017658110,/home/chief/github/CCUCoding/CSCI473/Code/stencil_proj/code/stencil-2d initial.dat serial_final.dat 8,/home/chief/github/CCUCoding/CSCI473/Code/stencil_proj/code/pth-stencil-2d -n 8 -I initial.dat -o pth_final.dat -t 7 -s pth_stack.dat,/home/chief/github/CCUCoding/CSCI473/Code/stencil_proj/data/N300_I8_T7
300,8,8,0.008164906,0.010257157,0.796020,0.099503,0.008164906;0.009182421;0.015265480,0.010257157;0.011860946;0.011881550,/home/chief/github/CCUCoding/CSCI473/Code/stencil_proj/code/stencil-2d initial.dat serial_final.dat 8,/home/chief/github/CCUCoding/CSCI473/Code/stencil_proj/code/pth-stencil-2d -n 8 -I initial.dat -o pth_final.dat -t 8 -s pth_stack.dat,/home/chief/github/CCUCoding/CSCI473/Code/stencil_proj/data/N300_I8_T8
300,9,1,0.008718542,0.009597036,0.908462,0.908462,0.008718542;0.008974655;0.011020497,0.009597036;0.011318734;0.012916608,/home/chief/github/CCUCoding/CSCI473/Code/stencil_proj/code/stencil-2d initial.dat serial_final.dat 9,/home/chief/github/CCUCoding/CSCI473/Code/stencil_proj/code/pth-stencil-2d -n 9 -I initial.dat -o pth_final.dat -t 1 -s pth_stack.dat,/home/chief/github/CCUCoding/CSCI473/Code/stencil_proj/data/N300_I9_T1
300,9,2,0.008750161,0.008675296,1.008630,0.504315,0.008750161;0.011528336;0.010512249,0.008675296;0.013951768;0.011544757,/home/chief/github/CCUCoding/CSCI473/Code/stencil_proj/code/stencil-2d initial.dat serial_final.dat 9,/home/chief/github/CCUCoding/CSCI473/Code/stencil_proj/code/pth-stencil-2d -n 9 -I initial.dat -o pth_final.dat -t 2 -s pth_stack.dat,/home/chief/github/CCUCoding/CSCI473/Code/stencil_proj/data/N300_I9_T2
300,9,3,0.008595942,0.009416809,0.912830,0.304277,0.008595942;0.010695536;0.009481882,0.009416809;0.010707062;0.011956516,/home/chief/github/CCUCoding/CSCI473/Code/stencil_proj/code/stencil-2d initial.dat serial_final.dat 9,/home/chief/github/CCUCoding/CSCI473/Code/stencil_proj/code/pth-stencil-2d -n 9 -I initial.dat -o pth_final.dat -t 3 -s pth_stack.dat,/home/chief/github/CCUCoding/CSCI473/Code/stencil_proj/data/N300_I9_T3
300,9,4,0.008859194,0.009420990,0.940368,0.235092,0.008859194;0.009769716;0.009436392,0.009420990;0.018903893;0.011644407,/home/chief/github/CCUCoding/CSCI473/Code/stencil_proj/code/stencil-2d initial.dat serial_final.dat 9,/home/chief/github/CCUCoding/CSCI473/Code/stencil_proj/code/pth-stencil-2d -n 9 -I initial.dat -o pth_final.dat -t 4 -s pth_stack.dat,/home/chief/github/CCUCoding/CSCI473/Code/stencil_proj/data/N300_I9_T4
300,9,5,0.008511795,0.009276564,0.917559,0.183512,0.008511795;0.010771524;0.010430550,0.009276564;0.012626734;0.011252742,/home/chief/github/CCUCoding/CSCI473/Code/stencil_proj/code/stencil-2d initial.dat serial_final.dat 9,/home/chief/github/CCUCoding/CSCI473/Code/stencil_proj/code/pth-stencil-2d -n 9 -I initial.dat -o pth_final.dat -t 5 -s pth_stack.dat,/home/chief/github/CCUCoding/CSCI473/Code/stencil_proj/data/N300_I9_T5
300,9,6,0.009354081,0.010406956,0.898830,0.149805,0.009527271;0.009354081;0.010537423,0.010406956;0.013464581;0.012406416,/home/chief/github/CCUCoding/CSCI473/Code/stencil_proj/code/stencil-2d initial.dat serial_final.dat 9,/home/chief/github/CCUCoding/CSCI473/Code/stencil_proj/code/pth-stencil-2d -n 9 -I initial.dat -o pth_final.dat -t 6 -s pth_stack.dat,/home/chief/github/CCUCoding/CSCI473/Code/stencil_proj/data/N300_I9_T6
300,9,7,0.008889975,0.010236851,0.868429,0.124061,0.009507578;0.008889975;0.011193952,0.010236851;0.011632372;0.013580433,/home/chief/github/CCUCoding/CSCI473/Code/stencil_proj/code/stencil-2d initial.dat serial_final.dat 9,/home/chief/github/CCUCoding/CSCI473/Code/stencil_proj/code/pth-stencil-2d -n 9 -I initial.dat -o pth_final.dat -t 7 -s pth_stack.dat,/home/chief/github/CCUCoding/CSCI473/Code/stencil_proj/data/N300_I9_T7
300,9,8,0.008883040,0.010316907,0.861018,0.107627,0.008883040;0.009214175;0.009821580,0.010316907;0.012491979;0.019350676,/home/chief/github/CCUCoding/CSCI473/Code/stencil_proj/code/stencil-2d initial.dat serial_final.dat 9,/home/chief/github/CCUCoding/CSCI473/Code/stencil_proj/code/pth-stencil-2d -n 9 -I initial.dat -o pth_final.dat -t 8 -s pth_stack.dat,/home/chief/github/CCUCoding/CSCI473/Code/stencil_proj/data/N300_I9_T8
300,10,1,0.009171853,0.010112943,0.906942,0.906942,0.009171853;0.011562005;0.011178042,0.010112943;0.014215270;0.016027185,/home/chief/github/CCUCoding/CSCI473/Code/stencil_proj/code/stencil-2d initial.dat serial_final.dat 10,/home/chief/github/CCUCoding/CSCI473/Code/stencil_proj/code/pth-stencil-2d -n 10 -I initial.dat -o pth_final.dat -t 1 -s pth_stack.dat,/home/chief/github/CCUCoding/CSCI473/Code/stencil_proj/data/N300_I10_T1
300,10,2,0.009329619,0.010077962,0.925745,0.462872,0.009329619;0.011204660;0.010326799,0.010077962;0.012682787;0.015749080,/home/chief/github/CCUCoding/CSCI473/Code/stencil_proj/code/stencil-2d initial.dat serial_final.dat 10,/home/chief/github/CCUCoding/CSCI473/Code/stencil_proj/code/pth-stencil-2d -n 10 -I initial.dat -o pth_final.dat -t 2 -s pth_stack.dat,/home/chief/github/CCUCoding/CSCI473/Code/stencil_proj/data/N300_I10_T2
300,10,3,0.009577130,0.010046451,0.953285,0.317762,0.009577130;0.010773888;0.012551537,0.010046451;0.013636624;0.013863025,/home/chief/github/CCUCoding/CSCI473/Code/stencil_proj/code/stencil-2d initial.dat serial_final.dat 10,/home/chief/github/CCUCoding/CSCI473/Code/stencil_proj/code/pth-stencil-2d -n 10 -I initial.dat -o pth_final.dat -t 3 -s pth_stack.dat,/home/chief/github/CCUCoding/CSCI473/Code/stencil_proj/data/N300_I10_T3
300,10,4,0.009207648,0.010410934,0.884421,0.221105,0.009207648;0.014260551;0.011918126,0.010410934;0.020045275;0.012335334,/home/chief/github/CCUCoding/CSCI473/Code/stencil_proj/code/stencil-2d initial.dat serial_final.dat 10,/home/chief/github/CCUCoding/CSCI473/Code/stencil_proj/code/pth-stencil-2d -n 10 -I initial.dat -o pth_final.dat -t 4 -s pth_stack.dat,/home/chief/github/CCUCoding/CSCI473/Code/stencil_proj/data/N300_I10_T4
300,10,5,0.009247422,0.010658852,0.867581,0.173516,0.009247422;0.012486267;0.010570842,0.010658852;0.015392347;0.012773041,/home/chief/github/CCUCoding/CSCI473/Code/stencil_proj/code/stencil-2d initial.dat serial_final.dat 10,/home/chief/github/CCUCoding/CSCI473/Code/stencil_proj/code/pth-stencil-2d -n 10 -I initial.dat -o pth_final.dat -t 5 -s pth_stack.dat,/home/chief/github/CCUCoding/CSCI473/Code/stencil_proj/data/N300_I10_T5
300,10,6,0.009842283,0.011109817,0.885909,0.147651,0.009842283;0.011045160;0.010330470,0.011109817;0.014056484;0.013605214,/home/chief/github/CCUCoding/CSCI473/Code/stencil_proj/code/stencil-2d initial.dat serial_final.dat 10,/home/chief/github/CCUCoding/CSCI473/Code/stencil_proj/code/pth-stencil-2d -n 10 -I initial.dat -o pth_final.dat -t 6 -s pth_stack.dat,/home/chief/github/CCUCoding/CSCI473/Code/stencil_proj/data/N300_I10_T6
300,10,7,0.009225087,0.010947054,0.842700,0.120386,0.009225087;0.011698151;0.009842996,0.010947054;0.013126103;0.010956640,/home/chief/github/CCUCoding/CSCI473/Code/stencil_proj/code/stencil-2d initial.dat serial_final.dat 10,/home/chief/github/CCUCoding/CSCI473/Code/stencil_proj/code/pth-stencil-2d -n 10 -I initial.dat -o pth_final.dat -t 7 -s pth_stack.dat,/home/chief/github/CCUCoding/CSCI473/Code/stencil_proj/data/N300_I10_T7
300,10,8,0.010025748,0.010150166,0.987742,0.123468,0.010025748;0.010086019;0.010530661,0.010150166;0.015093234;0.020002851,/home/chief/github/CCUCoding/CSCI473/Code/stencil_proj/code/stencil-2d initial.dat serial_final.dat 10,/home/chief/github/CCUCoding/CSCI473/Code/stencil_proj/code/pth-stencil-2d -n 10 -I initial.dat -o pth_final.dat -t 8 -s pth_stack.dat,/home/chief/github/CCUCoding/CSCI473/Code/stencil_proj/data/N300_I10_T8
400,5,1,0.009676052,0.010490990,0.922320,0.922320,0.009676052;0.011132661;0.012337170,0.010490990;0.013914423;0.013235529,/home/chief/github/CCUCoding/CSCI473/Code/stencil_proj/code/stencil-2d initial.dat serial_final.dat 5,/home/chief/github/CCUCoding/CSCI473/Code/stencil_proj/code/pth-stencil-2d -n 5 -I initial.dat -o pth_final.dat -t 1 -s pth_stack.dat,/home/chief/github/CCUCoding/CSCI473/Code/stencil_proj/data/N400_I5_T1
400,5,2,0.009745093,0.009555917,1.019797,0.509898,0.009745093;0.010345564;0.010992844,0.009555917;0.013628466;0.011568940,/home/chief/github/CCUCoding/CSCI473/Code/stencil_proj/code/stencil-2d initial.dat serial_final.dat 5,/home/chief/github/CCUCoding/CSCI473/Code/stencil_proj/code/pth-stencil-2d -n 5 -I initial.dat -o pth_final.dat -t 2 -s pth_stack.dat,/home/chief/github/CCUCoding/CSCI473/Code/stencil_proj/data/N400_I5_T2
400,5,3,0.010371162,0.009960684,1.041210,0.347070,0.011093500;0.010371162;0.011051993,0.009960684;0.011787182;0.012590290,/home/chief/github/CCUCoding/CSCI473/Code/stencil_proj/code/stencil-2d initial.dat serial_final.dat 5,/home/chief/github/CCUCoding/CSCI473/Code/stencil_proj/code/pth-stencil-2d -n 5 -I initial.dat -o pth_final.dat -t 3 -s pth_stack.dat,/home/chief/github/CCUCoding/CSCI473/Code/stencil_proj/data/N400_I5_T3
400,5,4,0.009384588,0.010013613,0.937183,0.234296,0.009384588;0.011204864;0.012074363,0.010013613;0.011793606;0.013059509,/home/chief/github/CCUCoding/CSCI473/Code/stencil_proj/code/stencil-2d initial.dat serial_final.dat 5,/home/chief/github/CCUCoding/CSCI473/Code/stencil_proj/code/pth-stencil-2d -n 5 -I initial.dat -o pth_final.dat -t 4 -s pth_stack.dat,/home/chief/github/CCUCoding/CSCI473/Code/stencil_proj/data/N400_I5_T4
400,5,5,0.009518388,0.010528213,0.904084,0.180817,0.009518388;0.010212273;0.013407879,0.010528213;0.013892294;0.012607116,/home/chief/github/CCUCoding/CSCI473/Code/stencil_proj/code/stencil-2d initial.dat serial_final.dat 5,/home/chief/github/CCUCoding/CSCI473/Code/stencil_proj/code/pth-stencil-2d -n 5 -I initial.dat -o pth_final.dat -t 5 -s pth_stack.dat,/home/chief/github/CCUCoding/CSCI473/Code/stencil_proj/data/N400_I5_T5
400,5,6,0.009666160,0.009913771,0.975024,0.162504,0.009666160;0.012373476;0.010469777,0.009913771;0.011750570;0.013104380,/home/chief/github/CCUCoding/CSCI473/Code/stencil_proj/code/stencil-2d initial.dat serial_final.dat 5,/home/chief/github/CCUCoding/CSCI473/Code/stencil_proj/code/pth-stencil-2d -n 5 -I initial.dat -o pth_final.dat -t 6 -s pth_stack.dat,/home/chief/github/CCUCoding/CSCI473/Code/stencil_proj/data/N400_I5_T6
400,5,7,0.009813320,0.010924821,0.898259,0.128323,0.009813320;0.011717527;0.010280397,0.010924821;0.011132661;0.013621940,/home/chief/github/CCUCoding/CSCI473/Code/stencil_proj/code/stencil-2d initial.dat serial_final.dat 5,/home/chief/github/CCUCoding/CSCI473/Code/stencil_proj/code/pth-stencil-2d -n 5 -I initial.dat -o pth_final.dat -t 7 -s pth_stack.dat,/home/chief/github/CCUCoding/CSCI473/Code/stencil_proj/data/N400_I5_T7
400,5,8,0.009827291,0.009950791,0.987589,0.123449,0.010217882;0.010686490;0.009827291,0.009950791;0.013547900;0.012585292,/home/chief/github/CCUCoding/CSCI473/Code/stencil_proj/code/stencil-2d initial.dat serial_final.dat 5,/home/chief/github/CCUCoding/CSCI473/Code/stencil_proj/code/pth-stencil-2d -n 5 -I initial.dat -o pth_final.dat -t 8 -s pth_stack.dat,/home/chief/github/CCUCoding/CSCI473/Code/stencil_proj/data/N400_I5_T8
400,6,1,0.011162134,0.011055154,1.009677,1.009677,0.011162134;0.013423585;0.013282237,0.011055154;0.016610114;0.016713319,/home/chief/github/CCUCoding/CSCI473/Code/stencil_proj/code/stencil-2d initial.dat serial_final.dat 6,/home/chief/github/CCUCoding/CSCI473/Code/stencil_proj/code/pth-stencil-2d -n 6 -I initial.dat -o pth_final.dat -t 1 -s pth_stack.dat,/home/chief/github/CCUCoding/CSCI473/Code/stencil_proj/data/N400_I6_T1
400,6,2,0.010704642,0.010950827,0.977519,0.488760,0.010704642;0.014177537;0.014364062,0.010950827;0.016039728;0.013189841,/home/chief/github/CCUCoding/CSCI473/Code/stencil_proj/code/stencil-2d initial.dat serial_final.dat 6,/home/chief/github/CCUCoding/CSCI473/Code/stencil_proj/code/pth-stencil-2d -n 6 -I initial.dat -o pth_final.dat -t 2 -s pth_stack.dat,/home/chief/github/CCUCoding/CSCI473/Code/stencil_proj/data/N400_I6_T2
400,6,3,0.011282677,0.010554321,1.069010,0.356337,0.011282677;0.012514516;0.020834004,0.010554321;0.014842460;0.014795242,/home/chief/github/CCUCoding/CSCI473/Code/stencil_proj/code/stencil-2d initial.dat serial_final.dat 6,/home/chief/github/CCUCoding/CSCI473/Code/stencil_proj/code/pth-stencil-2d -n 6 -I initial.dat -o pth_final.dat -t 3 -s pth_stack.dat,/home/chief/github/CCUCoding/CSCI473/Code/stencil_proj/data/N400_I6_T3
400,6,4,0.012215506,0.010892493,1.121461,0.280365,0.012215506;0.014264528;0.014111453,0.010892493;0.014332856;0.015725522,/home/chief/github/CCUCoding/CSCI473/Code/stencil_proj/code/stencil-2d initial.dat serial_final.dat 6,/home/chief/github/CCUCoding/CSCI473/Code/stencil_proj/code/pth-stencil-2d -n 6 -I initial.dat -o pth_final.dat -t 4 -s pth_stack.dat,/home/chief/github/CCUCoding/CSCI473/Code/stencil_proj/data/N400_I6_T4
400,6,5,0.011637064,0.010941852,1.063537,0.212707,0.011637064;0.012711546;0.015452822,0.010941852;0.017344690;0.014572819,/home/chief/github/CCUCoding/CSCI473/Code/stencil_proj/code/stencil-2d initial.dat serial_final.dat 6,/home/chief/github/CCUCoding/CSCI473/Code/stencil_proj/code/pth-stencil-2d -n 6 -I initial.dat -o pth_final.dat -t 5 -s pth_stack.dat,/home/chief/github/CCUCoding/CSCI473/Code/stencil_proj/data/N400_I6_T5
400,6,6,0.010857004,0.011765051,0.922818,0.153803,0.010857004;0.012188685;0.013397986,0.011765051;0.017841139;0.014530395,/home/chief/github/CCUCoding/CSCI473/Code/stencil_proj/code/stencil-2d initial.dat serial_final.dat 6,/home/chief/github/CCUCoding/CSCI473/Code/stencil_proj/code/pth-stencil-2d -n 6 -I initial.dat -o pth_final.dat -t 6 -s pth_stack.dat,/home/chief/github/CCUCoding/CSCI473/Code/stencil_proj/data/N400_I6_T6
400,6,7,0.011406788,0.011289101,1.010425,0.144346,0.011406788;0.014720387;0.012164820,0.011289101;0.015781612;0.015058662,/home/chief/github/CCUCoding/CSCI473/Code/stencil_proj/code/stencil-2d initial.dat serial_final.dat 6,/home/chief/github/CCUCoding/CSCI473/Code/stencil_proj/code/pth-stencil-2d -n 6 -I initial.dat -o pth_final.dat -t 7 -s pth_stack.dat,/home/chief/github/CCUCoding/CSCI473/Code/stencil_proj/data/N400_I6_T7
400,6,8,0.012310655,0.011700292,1.052166,0.131521,0.012310655;0.013873120;0.013465295,0.011700292;0.015575609;0.015450579,/home/chief/github/CCUCoding/CSCI473/Code/stencil_proj/code/stencil-2d initial.dat serial_final.dat 6,/home/chief/github/CCUCoding/CSCI473/Code/stencil_proj/code/pth-stencil-2d -n 6 -I initial.dat -o pth_final.dat -t 8 -s pth_stack.dat,/home/chief/github/CCUCoding/CSCI473/Code/stencil_proj/data/N400_I6_T8
400,7,1,0.011735272,0.013433782,0.873564,0.873564,0.011735272;0.016080317;0.015677284,0.013433782;0.015683505;0.016872921,/home/chief/github/CCUCoding/CSCI473/Code/stencil_proj/code/stencil-2d initial.dat serial_final.dat 7,/home/chief/github/CCUCoding/CSCI473/Code/stencil_proj/code/pth-stencil-2d -n 7 -I initial.dat -o pth_final.dat -t 1 -s pth_stack.dat,/home/chief/github/CCUCoding/CSCI473/Code/stencil_proj/data/N400_I7_T1
400,7,2,0.012335029,0.012239267,1.007824,0.503912,0.012335029;0.014079226;0.015757646,0.012239267;0.016554023;0.015742859,/home/chief/github/CCUCoding/CSCI473/Code/stencil_proj/code/stencil-2d initial.dat serial_final.dat 7,/home/chief/github/CCUCoding/CSCI473/Code/stencil_proj/code/pth-stencil-2d -n 7 -I initial.dat -o pth_final.dat -t 2 -s pth_stack.dat,/home/chief/github/CCUCoding/CSCI473/Code/stencil_proj/data/N400_I7_T2
400,7,3,0.012013581,0.012269454,0.979146,0.326382,0.012013581;0.014763015;0.014387008,0.012269454;0.015285979;0.017384157,/home/chief/github/CCUCoding/CSCI473/Code/stencil_proj/code/stencil-2d initial.dat serial_final.dat 7,/home/chief/github/CCUCoding/CSCI473/Code/stencil_proj/code/pth-stencil-2d -n 7 -I initial.dat -o pth_final.dat -t 3 -s pth_stack.dat,/home/chief/github/CCUCoding/CSCI473/Code/stencil_proj/data/N400_I7_T3
400,7,4,0.013301308,0.011546605,1.151967,0.287992,0.013405738;0.013301308;0.014713759,0.011546605;0.015311475;0.014755061,/home/chief/github/CCUCoding/CSCI473/Code/stencil_proj/code/stencil-2d initial.dat serial_final.dat 7,/home/chief/github/CCUCoding/CSCI473/Code/stencil_proj/code/pth-stencil-2d -n 7 -I initial.dat -o pth_final.dat -t 4 -s pth_stack.dat,/home/chief/github/CCUCoding/CSCI473/Code/stencil_proj/data/N400_I7_T4
400,7,5,0.012024800,0.012258134,0.980965,0.196193,0.012024800;0.016257664;0.015295056,0.012258134;0.016086640;0.016879142,/home/chief/github/CCUCoding/CSCI473/Code/stencil_proj/code/stencil-2d initial.dat serial_final.dat 7,/home/chief/github/CCUCoding/CSCI473/Code/stencil_proj/code/pth-stencil-2d -n 7 -I initial.dat -o pth_final.dat -t 5 -s pth_stack.dat,/home/chief/github/CCUCoding/CSCI473/Code/stencil_proj/data/N400_I7_T5
400,7,6,0.012862582,0.012186338,1.055492,0.175915,0.012862582;0.014156019;0.014011001,0.012186338;0.018162178;0.015432731,/home/chief/github/CCUCoding/CSCI473/Code/stencil_proj/code/stencil-2d initial.dat serial_final.dat 7,/home/chief/github/CCUCoding/CSCI473/Code/stencil_proj/code/pth-stencil-2d -n 7 -I initial.dat -o pth_final.dat -t 6 -s pth_stack.dat,/home/chief/github/CCUCoding/CSCI473/Code/stencil_proj/data/N400_I7_T6
400,7,7,0.011774943,0.012618845,0.933124,0.133303,0.011774943;0.014898754;0.014497352,0.012618845;0.016446024;0.016047071,/home/chief/github/CCUCoding/CSCI473/Code/stencil_proj/code/stencil-2d initial.dat serial_final.dat 7,/home/chief/github/CCUCoding/CSCI473/Code/stencil_proj/code/pth-stencil-2d -n 7 -I initial.dat -o pth_final.dat -t 7 -s pth_stack.dat,/home/chief/github/CCUCoding/CSCI473/Code/stencil_proj/data/N400_I7_T7
400,7,8,0.013353420,0.012430586,1.074239,0.134280,0.013353420;0.015573263;0.015198377,0.012430586;0.018296080;0.018561030,/home/chief/github/CCUCoding/CSCI473/Code/stencil_proj/code/stencil-2d initial.dat serial_final.dat 7,/home/chief/github/CCUCoding/CSCI473/Code/stencil_proj/code/pth-stencil-2d -n 7 -I initial.dat -o pth_final.dat -t 8 -s pth_stack.dat,/home/chief/github/CCUCoding/CSCI473/Code/stencil_proj/data/N400_I7_T8
400,8,1,0.012785687,0.013597566,0.940292,0.940292,0.012785687;0.015707471;0.015291691,0.013597566;0.017663282;0.019044934,/home/chief/github/CCUCoding/CSCI473/Code/stencil_proj/code/stencil-2d initial.dat serial_final.dat 8,/home/chief/github/CCUCoding/CSCI473/Code/stencil_proj/code/pth-stencil-2d -n 8 -I initial.dat -o pth_final.dat -t 1 -s pth_stack.dat,/home/chief/github/CCUCoding/CSCI473/Code/stencil_proj/data/N400_I8_T1
400,8,2,0.012977821,0.012642096,1.026556,0.513278,0.012977821;0.022037289;0.015999854,0.012642096;0.018416827;0.016867210,/home/chief/github/CCUCoding/CSCI473/Code/stencil_proj/code/stencil-2d initial.dat serial_final.dat 8,/home/chief/github/CCUCoding/CSCI473/Code/stencil_proj/code/pth-stencil-2d -n 8 -I initial.dat -o pth_final.dat -t 2 -s pth_stack.dat,/home/chief/github/CCUCoding/CSCI473/Code/stencil_proj/data/N400_I8_T2
400,8,3,0.012746729,0.013220334,0.964176,0.321392,0.012746729;0.015255181;0.016410127,0.013220334;0.018104354;0.022149470,/home/chief/github/CCUCoding/CSCI473/Code/stencil_proj/code/stencil-2d initial.dat serial_final.dat 8,/home/chief/github/CCUCoding/CSCI473/Code/stencil_proj/code/pth-stencil-2d -n 8 -I initial.dat -o pth_final.dat -t 3 -s pth_stack.dat,/home/chief/github/CCUCoding/CSCI473/Code/stencil_proj/data/N400_I8_T3
400,8,4,0.014444221,0.013082862,1.104057,0.276014,0.015544810;0.014444221;0.015425899,0.013082862;0.016033406;0.023444233,/home/chief/github/CCUCoding/CSCI473/Code/stencil_proj/code/stencil-2d initial.dat serial_final.dat 8,/home/chief/github/CCUCoding/CSCI473/Code/stencil_proj/code/pth-stencil-2d -n 8 -I initial.dat -o pth_final.dat -t 4 -s pth_stack.dat,/home/chief/github/CCUCoding/CSCI473/Code/stencil_proj/data/N400_I8_T4
400,8,5,0.013403800,0.014078717,0.952061,0.190412,0.013403800;0.015821997;0.018163810,0.014078717;0.015920001;0.017035379,/home/chief/github/CCUCoding/CSCI473/Code/stencil_proj/code/stencil-2d initial.dat serial_final.dat 8,/home/chief/github/CCUCoding/CSCI473/Code/stencil_proj/code/pth-stencil-2d -n 8 -I initial.dat -o pth_final.dat -t 5 -s pth_stack.dat,/home/chief/github/CCUCoding/CSCI473/Code/stencil_proj/data/N400_I8_T5
400,8,6,0.013270306,0.013489057,0.983783,0.163964,0.013270306;0.016154866;0.017209972,0.013489057;0.022567494;0.017782498,/home/chief/github/CCUCoding/CSCI473/Code/stencil_proj/code/stencil-2d initial.dat serial_final.dat 8,/home/chief/github/CCUCoding/CSCI473/Code/stencil_proj/code/pth-stencil-2d -n 8 -I initial.dat -o pth_final.dat -t 6 -s pth_stack.dat,/home/chief/github/CCUCoding/CSCI473/Code/stencil_proj/data/N400_I8_T6
400,8,7,0.012719398,0.013943795,0.912191,0.130313,0.012719398;0.017825127;0.015659234,0.013943795;0.018123628;0.017703972,/home/chief/github/CCUCoding/CSCI473/Code/stencil_proj/code/stencil-2d initial.dat serial_final.dat 8,/home/chief/github/CCUCoding/CSCI473/Code/stencil_proj/code/pth-stencil-2d -n 8 -I initial.dat -o pth_final.dat -t 7 -s pth_stack.dat,/home/chief/github/CCUCoding/CSCI473/Code/stencil_proj/data/N400_I8_T7
400,8,8,0.014769441,0.018116694,0.815239,0.101905,0.014769441;0.015887061;0.018231321,0.018282823;0.019467854;0.018116694,/home/chief/github/CCUCoding/CSCI473/Code/stencil_proj/code/stencil-2d initial.dat serial_final.dat 8,/home/chief/github/CCUCoding/CSCI473/Code/stencil_proj/code/pth-stencil-2d -n 8 -I initial.dat -o pth_final.dat -t 8 -s pth_stack.dat,/home/chief/github/CCUCoding/CSCI473/Code/stencil_proj/data/N400_I8_T8
400,9,1,0.014125016,0.015172371,0.930970,0.930970,0.014125016;0.016976229;0.019094803,0.015172371;0.029275360;0.026148082,/home/chief/github/CCUCoding/CSCI473/Code/stencil_proj/code/stencil-2d initial.dat serial_final.dat 9,/home/chief/github/CCUCoding/CSCI473/Code/stencil_proj/code/pth-stencil-2d -n 9 -I initial.dat -o pth_final.dat -t 1 -s pth_stack.dat,/home/chief/github/CCUCoding/CSCI473/Code/stencil_proj/data/N400_I9_T1
400,9,2,0.014900589,0.014352742,1.038170,0.519085,0.014900589;0.024284565;0.016651008,0.014352742;0.021029504;0.017672154,/home/chief/github/CCUCoding/CSCI473/Code/stencil_proj/code/stencil-2d initial.dat serial_final.dat 9,/home/chief/github/CCUCoding/CSCI473/Code/stencil_proj/code/pth-stencil-2d -n 9 -I initial.dat -o pth_final.dat -t 2 -s pth_stack.dat,/home/chief/github/CCUCoding/CSCI473/Code/stencil_proj/data/N400_I9_T2
400,9,3,0.015127908,0.014393841,1.050999,0.350333,0.015127908;0.018164524;0.017866940,0.014393841;0.019953899;0.020109932,/home/chief/github/CCUCoding/CSCI473/Code/stencil_proj/code/stencil-2d initial.dat serial_final.dat 9,/home/chief/github/CCUCoding/CSCI473/Code/stencil_proj/code/pth-stencil-2d -n 9 -I initial.dat -o pth_final.dat -t 3 -s pth_stack.dat,/home/chief/github/CCUCoding/CSCI473/Code/stencil_proj/data/N400_I9_T3
400,9,4,0.015191850,0.014895184,1.019917,0.254979,0.015191850;0.024531055;0.019813878,0.014895184;0.017944344;0.019558311,/home/chief/github/CCUCoding/CSCI473/Code/stencil_proj/code/stencil-2d initial.dat serial_final.dat 9,/home/chief/github/CCUCoding/CSCI473/Code/stencil_proj/code/pth-stencil-2d -n 9 -I initial.dat -o pth_final.dat -t 4 -s pth_stack.dat,/home/chief/github/CCUCoding/CSCI473/Code/stencil_proj/data/N400_I9_T4
400,9,5,0.015720525,0.014628196,1.074673,0.214935,0.015720525;0.021366044;0.017558852,0.014628196;0.017987176;0.019478358,/home/chief/github/CCUCoding/CSCI473/Code/stencil_proj/code/stencil-2d initial.dat serial_final.dat 9,/home/chief/github/CCUCoding/CSCI473/Code/stencil_proj/code/pth-stencil-2d -n 9 -I initial.dat -o pth_final.dat -t 5 -s pth_stack.dat,/home/chief/github/CCUCoding/CSCI473/Code/stencil_proj/data/N400_I9_T5
400,9,6,0.014506225,0.015049688,0.963889,0.160648,0.014506225;0.020648498;0.016617049,0.015049688;0.019142224;0.021552671,/home/chief/github/CCUCoding/CSCI473/Code/stencil_proj/code/stencil-2d initial.dat serial_final.dat 9,/home/chief/github/CCUCoding/CSCI473/Code/stencil_proj/code/pth-stencil-2d -n 9 -I initial.dat -o pth_final.dat -t 6 -s pth_stack.dat,/home/chief/github/CCUCoding/CSCI473/Code/stencil_proj/data/N400_I9_T6
400,9,7,0.015227748,0.014906708,1.021537,0.145934,0.015227748;0.019420839;0.018706864,0.014906708;0.024063366;0.018735724,/home/chief/github/CCUCoding/CSCI473/Code/stencil_proj/code/stencil-2d initial.dat serial_final.dat 9,/home/chief/github/CCUCoding/CSCI473/Code/stencil_proj/code/pth-stencil-2d -n 9 -I initial.dat -o pth_final.dat -t 7 -s pth_stack.dat,/home/chief/github/CCUCoding/CSCI473/Code/stencil_proj/data/N400_I9_T7
400,9,8,0.015161256,0.016537196,0.916797,0.114600,0.015161256;0.019195051;0.017640846,0.016537196;0.019289589;0.027956019,/home/chief/github/CCUCoding/CSCI473/Code/stencil_proj/code/stencil-2d initial.dat serial_final.dat 9,/home/chief/github/CCUCoding/CSCI473/Code/stencil_proj/code/pth-stencil-2d -n 9 -I initial.dat -o pth_final.dat -t 8 -s pth_stack.dat,/home/chief/github/CCUCoding/CSCI473/Code/stencil_proj/data/N400_I9_T8
400,10,1,0.015453434,0.019346189,0.798784,0.798784,0.015453434;0.021578371;0.020770163,0.019346189;0.020412308;0.022804296,/home/chief/github/CCUCoding/CSCI473/Code/stencil_proj/code/stencil-2d initial.dat serial_final.dat 10,/home/chief/github/CCUCoding/CSCI473/Code/stencil_proj/code/pth-stencil-2d -n 10 -I initial.dat -o pth_final.dat -t 1 -s pth_stack.dat,/home/chief/github/CCUCoding/CSCI473/Code/stencil_proj/data/N400_I10_T1
400,10,2,0.016574318,0.015925611,1.040734,0.520367,0.016574318;0.020092901;0.017969534,0.015925611;0.021313727;0.019500283,/home/chief/github/CCUCoding/CSCI473/Code/stencil_proj/code/stencil-2d initial.dat serial_final.dat 10,/home/chief/github/CCUCoding/CSCI473/Code/stencil_proj/code/pth-stencil-2d -n 10 -I initial.dat -o pth_final.dat -t 2 -s pth_stack.dat,/home/chief/github/CCUCoding/CSCI473/Code/stencil_proj/data/N400_I10_T2
400,10,3,0.015805884,0.016681603,0.947504,0.315835,0.015805884;0.019703023;0.018344828,0.016681603;0.019503547;0.019873232,/home/chief/github/CCUCoding/CSCI473/Code/stencil_proj/code/stencil-2d initial.dat serial_final.dat 10,/home/chief/github/CCUCoding/CSCI473/Code/stencil_proj/code/pth-stencil-2d -n 10 -I initial.dat -o pth_final.dat -t 3 -s pth_stack.dat,/home/chief/github/CCUCoding/CSCI473/Code/stencil_proj/data/N400_I10_T3
400,10,4,0.016552188,0.014995229,1.103830,0.275958,0.016552188;0.018401632;0.018619159,0.014995229;0.025516813;0.020876939,/home/chief/github/CCUCoding/CSCI473/Code/stencil_proj/code/stencil-2d initial.dat serial_final.dat 10,/home/chief/github/CCUCoding/CSCI473/Code/stencil_proj/code/pth-stencil-2d -n 10 -I initial.dat -o pth_final.dat -t 4 -s pth_stack.dat,/home/chief/github/CCUCoding/CSCI473/Code/stencil_proj/data/N400_I10_T4
400,10,5,0.015476992,0.015755811,0.982304,0.196461,0.015476992;0.025565459;0.018593664,0.015755811;0.022764218;0.019279697,/home/chief/github/CCUCoding/CSCI473/Code/stencil_proj/code/stencil-2d initial.dat serial_final.dat 10,/home/chief/github/CCUCoding/CSCI473/Code/stencil_proj/code/pth-stencil-2d -n 10 -I initial.dat -o pth_final.dat -t 5 -s pth_stack.dat,/home/chief/github/CCUCoding/CSCI473/Code/stencil_proj/data/N400_I10_T5
400,10,6,0.016997033,0.016227580,1.047416,0.174569,0.016997033;0.018330244;0.020420569,0.016227580;0.019723828;0.021373999,/home/chief/github/CCUCoding/CSCI473/Code/stencil_proj/code/stencil-2d initial.dat serial_final.dat 10,/home/chief/github/CCUCoding/CSCI473/Code/stencil_proj/code/pth-stencil-2d -n 10 -I initial.dat -o pth_final.dat -t 6 -s pth_stack.dat,/home/chief/github/CCUCoding/CSCI473/Code/stencil_proj/data/N400_I10_T6
400,10,7,0.015286285,0.017059651,0.896049,0.128007,0.015286285;0.021354724;0.028209954,0.017059651;0.019795114;0.024364009,/home/chief/github/CCUCoding/CSCI473/Code/stencil_proj/code/stencil-2d initial.dat serial_final.dat 10,/home/chief/github/CCUCoding/CSCI473/Code/stencil_proj/code/pth-stencil-2d -n 10 -I initial.dat -o pth_final.dat -t 7 -s pth_stack.dat,/home/chief/github/CCUCoding/CSCI473/Code/stencil_proj/data/N400_I10_T7
400,10,8,0.015987106,0.016937884,0.943867,0.117983,0.015987106;0.019675386;0.019222586,0.016937884;0.021726142;0.020960564,/home/chief/github/CCUCoding/CSCI473/Code/stencil_proj/code/stencil-2d initial.dat serial_final.dat 10,/home/chief/github/CCUCoding/CSCI473/Code/stencil_proj/code/pth-stencil-2d -n 10 -I initial.dat -o pth_final.dat -t 8 -s pth_stack.dat,/home/chief/github/CCUCoding/CSCI473/Code/stencil_proj/data/N400_I10_T8
500,5,1,0.015057132,0.014349988,1.049278,1.049278,0.015339113;0.015057132;0.017690715,0.014349988;0.022252166;0.018622932,/home/chief/github/CCUCoding/CSCI473/Code/stencil_proj/code/stencil-2d initial.dat serial_final.dat 5,/home/chief/github/CCUCoding/CSCI473/Code/stencil_proj/code/pth-stencil-2d -n 5 -I initial.dat -o pth_final.dat -t 1 -s pth_stack.dat,/home/chief/github/CCUCoding/CSCI473/Code/stencil_proj/data/N500_I5_T1
500,5,2,0.015828320,0.014022014,1.128819,0.564410,0.015941417;0.019116627;0.015828320,0.014022014;0.017776584;0.017850419,/home/chief/github/CCUCoding/CSCI473/Code/stencil_proj/code/stencil-2d initial.dat serial_final.dat 5,/home/chief/github/CCUCoding/CSCI473/Code/stencil_proj/code/pth-stencil-2d -n 5 -I initial.dat -o pth_final.dat -t 2 -s pth_stack.dat,/home/chief/github/CCUCoding/CSCI473/Code/stencil_proj/data/N500_I5_T2
500,5,3,0.015614055,0.015864116,0.984237,0.328079,0.016389017;0.015938460;0.015614055,0.015864116;0.018352375;0.018814863,/home/chief/github/CCUCoding/CSCI473/Code/stencil_proj/code/stencil-2d initial.dat serial_final.dat 5,/home/chief/github/CCUCoding/CSCI473/Code/stencil_proj/code/pth-stencil-2d -n 5 -I initial.dat -o pth_final.dat -t 3 -s pth_stack.dat,/home/chief/github/CCUCoding/CSCI473/Code/stencil_proj/data/N500_I5_T3
500,5,4,0.014518973,0.015387554,0.943553,0.235888,0.014518973;0.017713865;0.015565615,0.015387554;0.016316303;0.017957194,/home/chief/github/CCUCoding/CSCI473/Code/stencil_proj/code/stencil-2d initial.dat serial_final.dat 5,/home/chief/github/CCUCoding/CSCI473/Code/stencil_proj/code/pth-stencil-2d -n 5 -I initial.dat -o pth_final.dat -t 4 -s pth_stack.dat,/home/chief/github/CCUCoding/CSCI473/Code/stencil_proj/data/N500_I5_T4
500,5,5,0.014528967,0.014431676,1.006741,0.201348,0.014528967;0.016739325;0.016355771,0.014431676;0.016441742;0.021339631,/home/chief/github/CCUCoding/CSCI473/Code/stencil_proj/code/stencil-2d initial.dat serial_final.dat 5,/home/chief/github/CCUCoding/CSCI473/Code/stencil_proj/code/pth-stencil-2d -n 5 -I initial.dat -o pth_final.dat -t 5 -s pth_stack.dat,/home/chief/github/CCUCoding/CSCI473/Code/stencil_proj/data/N500_I5_T5
500,5,6,0.014938221,0.014925677,1.000840,0.166807,0.014938221;0.015156157;0.021828634,0.014925677;0.017169995;0.018356657,/home/chief/github/CCUCoding/CSCI473/Code/stencil_proj/code/stencil-2d initial.dat serial_final.dat 5,/home/chief/github/CCUCoding/CSCI473/Code/stencil_proj/code/pth-stencil-2d -n 5 -I initial.dat -o pth_final.dat -t 6 -s pth_stack.dat,/home/chief/github/CCUCoding/CSCI473/Code/stencil_proj/data/N500_I5_T6
500,5,7,0.014662156,0.014009165,1.046612,0.149516,0.014662156;0.017809218;0.015645975,0.014009165;0.018911236;0.017729570,/home/chief/github/CCUCoding/CSCI473/Code/stencil_proj/code/stencil-2d initial.dat serial_final.dat 5,/home/chief/github/CCUCoding/CSCI473/Code/stencil_proj/code/pth-stencil-2d -n 5 -I initial.dat -o pth_final.dat -t 7 -s pth_stack.dat,/home/chief/github/CCUCoding/CSCI473/Code/stencil_proj/data/N500_I5_T7
500,5,8,0.014948725,0.015794612,0.946445,0.118306,0.014948725;0.017063083;0.016257120,0.015794612;0.018027254;0.024765432,/home/chief/github/CCUCoding/CSCI473/Code/stencil_proj/code/stencil-2d initial.dat serial_final.dat 5,/home/chief/github/CCUCoding/CSCI473/Code/stencil_proj/code/pth-stencil-2d -n 5 -I initial.dat -o pth_final.dat -t 8 -s pth_stack.dat,/home/chief/github/CCUCoding/CSCI473/Code/stencil_proj/data/N500_I5_T8
500,6,1,0.017548809,0.017744355,0.988980,0.988980,0.017548809;0.018301162;0.019851229,0.017744355;0.020800764;0.025638443,/home/chief/github/CCUCoding/CSCI473/Code/stencil_proj/code/stencil-2d initial.dat serial_final.dat 6,/home/chief/github/CCUCoding/CSCI473/Code/stencil_proj/code/pth-stencil-2d -n 6 -I initial.dat -o pth_final.dat -t 1 -s pth_stack.dat,/home/chief/github/CCUCoding/CSCI473/Code/stencil_proj/data/N500_I6_T1
500,6,2,0.016910167,0.016618073,1.017577,0.508788,0.016910167;0.017471979;0.020404461,0.016618073;0.021057406;0.027561725,/home/chief/github/CCUCoding/CSCI473/Code/stencil_proj/code/stencil-2d initial.dat serial_final.dat 6,/home/chief/github/CCUCoding/CSCI473/Code/stencil_proj/code/pth-stencil-2d -n 6 -I initial.dat -o pth_final.dat -t 2 -s pth_stack.dat,/home/chief/github/CCUCoding/CSCI473/Code/stencil_proj/data/N500_I6_T2
500,6,3,0.017581093,0.015629512,1.124865,0.374955,0.017581093;0.019319045;0.018101222,0.015629512;0.023018081;0.019850821,/home/chief/github/CCUCoding/CSCI473/Code/stencil_proj/code/stencil-2d initial.dat serial_final.dat 6,/home/chief/github/CCUCoding/CSCI473/Code/stencil_proj/code/pth-stencil-2d -n 6 -I initial.dat -o pth_final.dat -t 3 -s pth_stack.dat,/home/chief/github/CCUCoding/CSCI473/Code/stencil_proj/data/N500_I6_T3
500,6,4,0.016136053,0.015378182,1.049282,0.262321,0.016136053;0.020893735;0.020657731,0.015378182;0.019212179;0.019600718,/home/chief/github/CCUCoding/CSCI473/Code/stencil_proj/code/stencil-2d initial.dat serial_final.dat 6,/home/chief/github/CCUCoding/CSCI473/Code/stencil_proj/code/pth-stencil-2d -n 6 -I initial.dat -o pth_final.dat -t 4 -s pth_stack.dat,/home/chief/github/CCUCoding/CSCI473/Code/stencil_proj/data/N500_I6_T4
500,6,5,0.016228207,0.016093244,1.008386,0.201677,0.016228207;0.017772145;0.017927437,0.016093244;0.020669174;0.020199004,/home/chief/github/CCUCoding/CSCI473/Code/stencil_proj/code/stencil-2d initial.dat serial_final.dat 6,/home/chief/github/CCUCoding/CSCI473/Code/stencil_proj/code/pth-stencil-2d -n 6 -I initial.dat -o pth_final.dat -t 5 -s pth_stack.dat,/home/chief/github/CCUCoding/CSCI473/Code/stencil_proj/data/N500_I6_T5
500,6,6,0.017151178,0.015973710,1.073713,0.178952,0.017151178;0.018568939;0.018294113,0.015973710;0.023035653;0.023798324,/home/chief/github/CCUCoding/CSCI473/Code/stencil_proj/code/stencil-2d initial.dat serial_final.dat 6,/home/chief/github/CCUCoding/CSCI473/Code/stencil_proj/code/pth-stencil-2d -n 6 -I initial.dat -o pth_final.dat -t 6 -s pth_stack.dat,/home/chief/github/CCUCoding/CSCI473/Code/stencil_proj/data/N500_I6_T6
500,6,7,0.016254055,0.018812403,0.864007,0.123430,0.016254055;0.031129680;0.071753783,0.018812403;0.023328053;0.022246214,/home/chief/github/CCUCoding/CSCI473/Code/stencil_proj/code/stencil-2d initial.dat serial_final.dat 6,/home/chief/github/CCUCoding/CSCI473/Code/stencil_proj/code/pth-stencil-2d -n 6 -I initial.dat -o pth_final.dat -t 7 -s pth_stack.dat,/home/chief/github/CCUCoding/CSCI473/Code/stencil_proj/data/N500_I6_T7
500,6,8,0.017362048,0.016533275,1.050128,0.131266,0.018041455;0.020522871;0.017362048,0.016533275;0.025563249;0.022140676,/home/chief/github/CCUCoding/CSCI473/Code/stencil_proj/code/stencil-2d initial.dat serial_final.dat 6,/home/chief/github/CCUCoding/CSCI473/Code/stencil_proj/code/pth-stencil-2d -n 6 -I initial.dat -o pth_final.dat -t 8 -s pth_stack.dat,/home/chief/github/CCUCoding/CSCI473/Code/stencil_proj/data/N500_I6_T8
500,7,1,0.019315572,0.020074259,0.962206,0.962206,0.019315572;0.023018285;0.028337270,0.020074259;0.025273607;0.025022176,/home/chief/github/CCUCoding/CSCI473/Code/stencil_proj/code/stencil-2d initial.dat serial_final.dat 7,/home/chief/github/CCUCoding/CSCI473/Code/stencil_proj/code/pth-stencil-2d -n 7 -I initial.dat -o pth_final.dat -t 1 -s pth_stack.dat,/home/chief/github/CCUCoding/CSCI473/Code/stencil_proj/data/N500_I7_T1
500,7,2,0.018301571,0.020039114,0.913292,0.456646,0.018301571;0.025172565;0.020807302,0.020039114;0.024643445;0.022885979,/home/chief/github/CCUCoding/CSCI473/Code/stencil_proj/code/stencil-2d initial.dat serial_final.dat 7,/home/chief/github/CCUCoding/CSCI473/Code/stencil_proj/code/pth-stencil-2d -n 7 -I initial.dat -o pth_final.dat -t 2 -s pth_stack.dat,/home/chief/github/CCUCoding/CSCI473/Code/stencil_proj/data/N500_I7_T2
500,7,3,0.018376152,0.017620836,1.042865,0.347622,0.018376152;0.032107924;0.021362577,0.017620836;0.026323163;0.022532178,/home/chief/github/CCUCoding/CSCI473/Code/stencil_proj/code/stencil-2d initial.dat serial_final.dat 7,/home/chief/github/CCUCoding/CSCI473/Code/stencil_proj/code/pth-stencil-2d -n 7 -I initial.dat -o pth_final.dat -t 3 -s pth_stack.dat,/home/chief/github/CCUCoding/CSCI473/Code/stencil_proj/data/N500_I7_T3
500,7,4,0.019505397,0.017791249,1.096348,0.274087,0.019505397;0.020622994;0.030151336,0.017791249;0.020593980;0.024622909,/home/chief/github/CCUCoding/CSCI473/Code/stencil_proj/code/stencil-2d initial.dat serial_final.dat 7,/home/chief/github/CCUCoding/CSCI473/Code/stencil_proj/code/pth-stencil-2d -n 7 -I initial.dat -o pth_final.dat -t 4 -s pth_stack.dat,/home/chief/github/CCUCoding/CSCI473/Code/stencil_proj/data/N500_I7_T4
500,7,5,0.018151590,0.017967997,1.010218,0.202044,0.018151590;0.024231817;0.022060986,0.017967997;0.023633939;0.024022376,/home/chief/github/CCUCoding/CSCI473/Code/stencil_proj/code/stencil-2d initial.dat serial_final.dat 7,/home/chief/github/CCUCoding/CSCI473/Code/stencil_proj/code/pth-stencil-2d -n 7 -I initial.dat -o pth_final.dat -t 5 -s pth_stack.dat,/home/chief/github/CCUCoding/CSCI473/Code/stencil_proj/data/N500_I7_T5
500,7,6,0.018438882,0.018085080,1.019563,0.169927,0.018438882;0.022028190;0.020509998,0.018085080;0.023620147;0.030795904,/home/chief/github/CCUCoding/CSCI473/Code/stencil_proj/code/stencil-2d initial.dat serial_final.dat 7,/home/chief/github/CCUCoding/CSCI473/Code/stencil_proj/code/pth-stencil-2d -n 7 -I initial.dat -o pth_final.dat -t 6 -s pth_stack.dat,/home/chief/github/CCUCoding/CSCI473/Code/stencil_proj/data/N500_I7_T6
500,7,7,0.019711364,0.017943477,1.098525,0.156932,0.019711364;0.020479860;0.022861459,0.017943477;0.024076932;0.023977116,/home/chief/github/CCUCoding/CSCI473/Code/stencil_proj/code/stencil-2d initial.dat serial_final.dat 7,/home/chief/github/CCUCoding/CSCI473/Code/stencil_proj/code/pth-stencil-2d -n 7 -I initial.dat -o pth_final.dat -t 7 -s pth_stack.dat,/home/chief/github/CCUCoding/CSCI473/Code/stencil_proj/data/N500_I7_T7
500,7,8,0.018484039,0.018817102,0.982300,0.122787,0.018484039;0.022839596;0.020901500,0.018817102;0.026681766;0.029275872,/home/chief/github/CCUCoding/CSCI473/Code/stencil_proj/code/stencil-2d initial.dat serial_final.dat 7,/home/chief/github/CCUCoding/CSCI473/Code/stencil_proj/code/pth-stencil-2d -n 7 -I initial.dat -o pth_final.dat -t 8 -s pth_stack.dat,/home/chief/github/CCUCoding/CSCI473/Code/stencil_proj/data/N500_I7_T8
500,8,1,0.020438687,0.020926122,0.976707,0.976707,0.020438687;0.023700654;0.027733262,0.020926122;0.026875269;0.024777487,/home/chief/github/CCUCoding/CSCI473/Code/stencil_proj/code/stencil-2d initial.dat serial_final.dat 8,/home/chief/github/CCUCoding/CSCI473/Code/stencil_proj/code/pth-stencil-2d -n 8 -I initial.dat -o pth_final.dat -t 1 -s pth_stack.dat,/home/chief/github/CCUCoding/CSCI473/Code/stencil_proj/data/N500_I8_T1
500,8,2,0.020065574,0.019726791,1.017174,0.508587,0.020065574;0.027353612;0.022896094,0.019726791;0.025213227;0.024279937,/home/chief/github/CCUCoding/CSCI473/Code/stencil_proj/code/stencil-2d initial.dat serial_final.dat 8,/home/chief/github/CCUCoding/CSCI473/Code/stencil_proj/code/pth-stencil-2d -n 8 -I initial.dat -o pth_final.dat -t 2 -s pth_stack.dat,/home/chief/github/CCUCoding/CSCI473/Code/stencil_proj/data/N500_I8_T2
500,8,3,0.021970058,0.019654049,1.117839,0.372613,0.021970058;0.023852473;0.025099618,0.019654049;0.028695772;0.025453931,/home/chief/github/CCUCoding/CSCI473/Code/stencil_proj/code/stencil-2d initial.dat serial_final.dat 8,/home/chief/github/CCUCoding/CSCI473/Code/stencil_proj/code/pth-stencil-2d -n 8 -I initial.dat -o pth_final.dat -t 3 -s pth_stack.dat,/home/chief/github/CCUCoding/CSCI473/Code/stencil_proj/data/N500_I8_T3
500,8,4,0.020301273,0.019431122,1.044781,0.261195,0.020301273;0.030521586;0.025003888,0.019431122;0.024957811;0.024757769,/home/chief/github/CCUCoding/CSCI473/Code/stencil_proj/code/stencil-2d initial.dat serial_final.dat 8,/home/chief/github/CCUCoding/CSCI473/Code/stencil_proj/code/pth-stencil-2d -n 8 -I initial.dat -o pth_final.dat -t 4 -s pth_stack.dat,/home/chief/github/CCUCoding/CSCI473/Code/stencil_proj/data/N500_I8_T4
500,8,5,0.020857467,0.018589884,1.121979,0.224396,0.020857467;0.022831116;0.024175523,0.018589884;0.024728141;0.024805072,/home/chief/github/CCUCoding/CSCI473/Code/stencil_proj/code/stencil-2d initial.dat serial_final.dat 8,/home/chief/github/CCUCoding/CSCI473/Code/stencil_proj/code/pth-stencil-2d -n 8 -I initial.dat -o pth_final.dat -t 5 -s pth_stack.dat,/home/chief/github/CCUCoding/CSCI473/Code/stencil_proj/data/N500_I8_T5
500,8,6,0.021051786,0.019323745,1.089426,0.181571,0.021051786;0.023943196;0.025323873,0.019323745;0.025504299;0.025152234,/home/chief/github/CCUCoding/CSCI473/Code/stencil_proj/code/stencil-2d initial.dat serial_final.dat 8,/home/chief/github/CCUCoding/CSCI473/Code/stencil_proj/code/pth-stencil-2d -n 8 -I initial.dat -o pth_final.dat -t 6 -s pth_stack.dat,/home/chief/github/CCUCoding/CSCI473/Code/stencil_proj/data/N500_I8_T6
500,8,7,0.020216168,0.020976592,0.963749,0.137678,0.020216168;0.024259197;0.023126683,0.020976592;0.031125390;0.027276783,/home/chief/github/CCUCoding/CSCI473/Code/stencil_proj/code/stencil-2d initial.dat serial_final.dat 8,/home/chief/github/CCUCoding/CSCI473/Code/stencil_proj/code/pth-stencil-2d -n 8 -I initial.dat -o pth_final.dat -t 7 -s pth_stack.dat,/home/chief/github/CCUCoding/CSCI473/Code/stencil_proj/data/N500_I8_T7
500,8,8,0.020994370,0.020422033,1.028025,0.128503,0.020994370;0.027049872;0.022946462,0.020422033;0.023330607;0.024614429,/home/chief/github/CCUCoding/CSCI473/Code/stencil_proj/code/stencil-2d initial.dat serial_final.dat 8,/home/chief/github/CCUCoding/CSCI473/Code/stencil_proj/code/pth-stencil-2d -n 8 -I initial.dat -o pth_final.dat -t 8 -s pth_stack.dat,/home/chief/github/CCUCoding/CSCI473/Code/stencil_proj/data/N500_I8_T8
500,9,1,0.022780646,0.021982625,1.036302,1.036302,0.022780646;0.026399071;0.031758923,0.021982625;0.029537418;0.027147440,/home/chief/github/CCUCoding/CSCI473/Code/stencil_proj/code/stencil-2d initial.dat serial_final.dat 9,/home/chief/github/CCUCoding/CSCI473/Code/stencil_proj/code/pth-stencil-2d -n 9 -I initial.dat -o pth_final.dat -t 1 -s pth_stack.dat,/home/chief/github/CCUCoding/CSCI473/Code/stencil_proj/data/N500_I9_T1
500,9,2,0.021300766,0.020799027,1.024123,0.512062,0.021300766;0.029706299;0.024447694,0.020799027;0.026410413;0.033329526,/home/chief/github/CCUCoding/CSCI473/Code/stencil_proj/code/stencil-2d initial.dat serial_final.dat 9,/home/chief/github/CCUCoding/CSCI473/Code/stencil_proj/code/pth-stencil-2d -n 9 -I initial.dat -o pth_final.dat -t 2 -s pth_stack.dat,/home/chief/github/CCUCoding/CSCI473/Code/stencil_proj/data/N500_I9_T2
500,9,3,0.024493874,0.020562716,1.191179,0.397060,0.024493874;0.029092790;0.026876188,0.020562716;0.026683707;0.026599420,/home/chief/github/CCUCoding/CSCI473/Code/stencil_proj/code/stencil-2d initial.dat serial_final.dat 9,/home/chief/github/CCUCoding/CSCI473/Code/stencil_proj/code/pth-stencil-2d -n 9 -I initial.dat -o pth_final.dat -t 3 -s pth_stack.dat,/home/chief/github/CCUCoding/CSCI473/Code/stencil_proj/data/N500_I9_T3
500,9,4,0.021818647,0.021180516,1.030128,0.257532,0.021818647;0.025845943;0.032859663,0.021180516;0.027356779;0.028935249,/home/chief/github/CCUCoding/CSCI473/Code/stencil_proj/code/stencil-2d initial.dat serial_final.dat 9,/home/chief/github/CCUCoding/CSCI473/Code/stencil_proj/code/pth-stencil-2d -n 9 -I initial.dat -o pth_final.dat -t 4 -s pth_stack.dat,/home/chief/github/CCUCoding/CSCI473/Code/stencil_proj/data/N500_I9_T4
500,9,5,0.021605528,0.021541572,1.002969,0.200594,0.021605528;0.027511970;0.024587151,0.021541572;0.026768505;0.025995617,/home/chief/github/CCUCoding/CSCI473/Code/stencil_proj/code/stencil-2d initial.dat serial_final.dat 9,/home/chief/github/CCUCoding/CSCI473/Code/stencil_proj/code/pth-stencil-2d -n 9 -I initial.dat -o pth_final.dat -t 5 -s pth_stack.dat,/home/chief/github/CCUCoding/CSCI473/Code/stencil_proj/data/N500_I9_T5
500,9,6,0.022659170,0.021322528,1.062687,0.177114,0.022659170;0.024904173;0.023404065,0.021322528;0.028648060;0.029603724,/home/chief/github/CCUCoding/CSCI473/Code/stencil_proj/code/stencil-2d initial.dat serial_final.dat 9,/home/chief/github/CCUCoding/CSCI473/Code/stencil_proj/code/pth-stencil-2d -n 9 -I initial.dat -o pth_final.dat -t 6 -s pth_stack.dat,/home/chief/github/CCUCoding/CSCI473/Code/stencil_proj/data/N500_I9_T6
500,9,7,0.021248253,0.022054141,0.963459,0.137637,0.021248253;0.025718338;0.025943717,0.022054141;0.026634463;0.026795682,/home/chief/github/CCUCoding/CSCI473/Code/stencil_proj/code/stencil-2d initial.dat serial_final.dat 9,/home/chief/github/CCUCoding/CSCI473/Code/stencil_proj/code/pth-stencil-2d -n 9 -I initial.dat -o pth_final.dat -t 7 -s pth_stack.dat,/home/chief/github/CCUCoding/CSCI473/Code/stencil_proj/data/N500_I9_T7
500,9,8,0.024021252,0.021461780,1.119257,0.139907,0.024021252;0.024802518;0.029079201,0.021461780;0.028924011;0.027336652,/home/chief/github/CCUCoding/CSCI473/Code/stencil_proj/code/stencil-2d initial.dat serial_final.dat 9,/home/chief/github/CCUCoding/CSCI473/Code/stencil_proj/code/pth-stencil-2d -n 9 -I initial.dat -o pth_final.dat -t 8 -s pth_stack.dat,/home/chief/github/CCUCoding/CSCI473/Code/stencil_proj/data/N500_I9_T8
500,10,1,0.022390677,0.024201167,0.925190,0.925190,0.022390677;0.028360359;0.029468660,0.024201167;0.030689139;0.030971732,/home/chief/github/CCUCoding/CSCI473/Code/stencil_proj/code/stencil-2d initial.dat serial_final.dat 10,/home/chief/github/CCUCoding/CSCI473/Code/stencil_proj/code/pth-stencil-2d -n 10 -I initial.dat -o pth_final.dat -t 1 -s pth_stack.dat,/home/chief/github/CCUCoding/CSCI473/Code/stencil_proj/data/N500_I10_T1
500,10,2,0.023247648,0.023015117,1.010103,0.505052,0.023247648;0.033465101;0.027646727,0.023015117;0.032660541;0.031995234,/home/chief/github/CCUCoding/CSCI473/Code/stencil_proj/code/stencil-2d initial.dat serial_final.dat 10,/home/chief/github/CCUCoding/CSCI473/Code/stencil_proj/code/pth-stencil-2d -n 10 -I initial.dat -o pth_final.dat -t 2 -s pth_stack.dat,/home/chief/github/CCUCoding/CSCI473/Code/stencil_proj/data/N500_I10_T2
500,10,3,0.023235592,0.022058432,1.053366,0.351122,0.023235592;0.032403695;0.026483665,0.022058432;0.028894076;0.028986332,/home/chief/github/CCUCoding/CSCI473/Code/stencil_proj/code/stencil-2d initial.dat serial_final.dat 10,/home/chief/github/CCUCoding/CSCI473/Code/stencil_proj/code/pth-stencil-2d -n 10 -I initial.dat -o pth_final.dat -t 3 -s pth_stack.dat,/home/chief/github/CCUCoding/CSCI473/Code/stencil_proj/data/N500_I10_T3
500,10,4,0.022920307,0.022013580,1.041189,0.260297,0.022920307;0.029734496;0.029320416,0.022013580;0.029627529;0.032780996,/home/chief/github/CCUCoding/CSCI473/Code/stencil_proj/code/stencil-2d initial.dat serial_final.dat 10,/home/chief/github/CCUCoding/CSCI473/Code/stencil_proj/code/pth-stencil-2d -n 10 -I initial.dat -o pth_final.dat -t 4 -s pth_stack.dat,/home/chief/github/CCUCoding/CSCI473/Code/stencil_proj/data/N500_I10_T4
500,10,5,0.022442066,0.022510825,0.996946,0.199389,0.022442066;0.029645204;0.036607024,0.022510825;0.030071748;0.029321336,/home/chief/github/CCUCoding/CSCI473/Code/stencil_proj/code/stencil-2d initial.dat serial_final.dat 10,/home/chief/github/CCUCoding/CSCI473/Code/stencil_proj/code/pth-stencil-2d -n 10 -I initial.dat -o pth_final.dat -t 5 -s pth_stack.dat,/home/chief/github/CCUCoding/CSCI473/Code/stencil_proj/data/N500_I10_T5
500,10,6,0.022997443,0.023910606,0.961809,0.160302,0.022997443;0.029573074;0.032990743,0.023910606;0.029698432;0.034582700,/home/chief/github/CCUCoding/CSCI473/Code/stencil_proj/code/stencil-2d initial.dat serial_final.dat 10,/home/chief/github/CCUCoding/CSCI473/Code/stencil_proj/code/pth-stencil-2d -n 10 -I initial.dat -o pth_final.dat -t 6 -s pth_stack.dat,/home/chief/github/CCUCoding/CSCI473/Code/stencil_proj/data/N500_I10_T6
500,10,7,0.023617490,0.023237636,1.016346,0.145192,0.023617490;0.028918085;0.027284752,0.023237636;0.028529955;0.031975925,/home/chief/github/CCUCoding/CSCI473/Code/stencil_proj/code/stencil-2d initial.dat serial_final.dat 10,/home/chief/github/CCUCoding/CSCI473/Code/stencil_proj/code/pth-stencil-2d -n 10 -I initial.dat -o pth_final.dat -t 7 -s pth_stack.dat,/home/chief/github/CCUCoding/CSCI473/Code/stencil_proj/data/N500_I10_T7
500,10,8,0.024191665,0.023171841,1.044011,0.130501,0.024191665;0.037156372;0.027076639,0.023171841;0.032144090;0.029836050,/home/chief/github/CCUCoding/CSCI473/Code/stencil_proj/code/stencil-2d initial.dat serial_final.dat 10,/home/chief/github/CCUCoding/CSCI473/Code/stencil_proj/code/pth-stencil-2d -n 10 -I initial.dat -o pth_final.dat -t 8 -s pth_stack.dat,/home/chief/github/CCUCoding/CSCI473/Code/stencil_proj/data/N500_I10_T8
600,5,1,0.021159164,0.021235788,0.996392,0.996392,0.021159164;0.021162638;0.027580625,0.021235788;0.029502068;0.038822370,/home/chief/github/CCUCoding/CSCI473/Code/stencil_proj/code/stencil-2d initial.dat serial_final.dat 5,/home/chief/github/CCUCoding/CSCI473/Code/stencil_proj/code/pth-stencil-2d -n 5 -I initial.dat -o pth_final.dat -t 1 -s pth_stack.dat,/home/chief/github/CCUCoding/CSCI473/Code/stencil_proj/data/N600_I5_T1
600,5,2,0.021753312,0.020504342,1.060912,0.530456,0.021753312;0.022507108;0.023881813,0.020504342;0.025217909;0.025451912,/home/chief/github/CCUCoding/CSCI473/Code/stencil_proj/code/stencil-2d initial.dat serial_final.dat 5,/home/chief/github/CCUCoding/CSCI473/Code/stencil_proj/code/pth-stencil-2d -n 5 -I initial.dat -o pth_final.dat -t 2 -s pth_stack.dat,/home/chief/github/CCUCoding/CSCI473/Code/stencil_proj/data/N600_I5_T2
600,5,3,0.020896459,0.019640849,1.063928,0.354643,0.020896459;0.024714460;0.024582188,0.019640849;0.026095804;0.026386290,/home/chief/github/CCUCoding/CSCI473/Code/stencil_proj/code/stencil-2d initial.dat serial_final.dat 5,/home/chief/github/CCUCoding/CSCI473/Code/stencil_proj/code/pth-stencil-2d -n 5 -I initial.dat -o pth_final.dat -t 3 -s pth_stack.dat,/home/chief/github/CCUCoding/CSCI473/Code/stencil_proj/data/N600_I5_T3
600,5,4,0.021044357,0.019536462,1.077184,0.269296,0.021044357;0.022536830;0.021947277,0.019536462;0.026432867;0.026158007,/home/chief/github/CCUCoding/CSCI473/Code/stencil_proj/code/stencil-2d initial.dat serial_final.dat 5,/home/chief/github/CCUCoding/CSCI473/Code/stencil_proj/code/pth-stencil-2d -n 5 -I initial.dat -o pth_final.dat -t 4 -s pth_stack.dat,/home/chief/github/CCUCoding/CSCI473/Code/stencil_proj/data/N600_I5_T4
600,5,5,0.021012490,0.019942571,1.053650,0.210730,0.022752755;0.021012490;0.026457585,0.019942571;0.025006581;0.027574795,/home/chief/github/CCUCoding/CSCI473/Code/stencil_proj/code/stencil-2d initial.dat serial_final.dat 5,/home/chief/github/CCUCoding/CSCI473/Code/stencil_proj/code/pth-stencil-2d -n 5 -I initial.dat -o pth_final.dat -t 5 -s pth_stack.dat,/home/chief/github/CCUCoding/CSCI473/Code/stencil_proj/data/N600_I5_T5
600,5,6,0.020918317,0.020938643,0.999029,0.166505,0.022062900;0.020918317;0.024677996,0.020938643;0.030100926;0.028442169,/home/chief/github/CCUCoding/CSCI473/Code/stencil_proj/code/stencil-2d initial.dat serial_final.dat 5,/home/chief/github/CCUCoding/CSCI473/Code/stencil_proj/code/pth-stencil-2d -n 5 -I initial.dat -o pth_final.dat -t 6 -s pth_stack.dat,/home/chief/github/CCUCoding/CSCI473/Code/stencil_proj/data/N600_I5_T6
600,5,7,0.022394140,0.019529209,1.146700,0.163814,0.022992171;0.023194409;0.022394140,0.019529209;0.027107401;0.023846677,/home/chief/github/CCUCoding/CSCI473/Code/stencil_proj/code/stencil-2d initial.dat serial_final.dat 5,/home/chief/github/CCUCoding/CSCI473/Code/stencil_proj/code/pth-stencil-2d -n 5 -I initial.dat -o pth_final.dat -t 7 -s pth_stack.dat,/home/chief/github/CCUCoding/CSCI473/Code/stencil_proj/data/N600_I5_T7
600,5,8,0.023666807,0.022313041,1.060672,0.132584,0.024010611;0.023916131;0.023666807,0.022313041;0.023591632;0.027441195,/home/chief/github/CCUCoding/CSCI473/Code/stencil_proj/code/stencil-2d initial.dat serial_final.dat 5,/home/chief/github/CCUCoding/CSCI473/Code/stencil_proj/code/pth-stencil-2d -n 5 -I initial.dat -o pth_final.dat -t 8 -s pth_stack.dat,/home/chief/github/CCUCoding/CSCI473/Code/stencil_proj/data/N600_I5_T8
600,6,1,0.022382395,0.025240890,0.886751,0.886751,0.022382395;0.030503359;0.024202022,0.025240890;0.030102254;0.031719951,/home/chief/github/CCUCoding/CSCI473/Code/stencil_proj/code/stencil-2d initial.dat serial_final.dat 6,/home/chief/github/CCUCoding/CSCI473/Code/stencil_proj/code/pth-stencil-2d -n 6 -I initial.dat -o pth_final.dat -t 1 -s pth_stack.dat,/home/chief/github/CCUCoding/CSCI473/Code/stencil_proj/data/N600_I6_T1
600,6,2,0.023762105,0.022269529,1.067023,0.533512,0.023762105;0.026576374;0.029120891,0.022269529;0.029136824;0.027685208,/home/chief/github/CCUCoding/CSCI473/Code/stencil_proj/code/stencil-2d initial.dat serial_final.dat 6,/home/chief/github/CCUCoding/CSCI473/Code/stencil_proj/code/pth-stencil-2d -n 6 -I initial.dat -o pth_final.dat -t 2 -s pth_stack.dat,/home/chief/github/CCUCoding/CSCI473/Code/stencil_proj/data/N600_I6_T2
600,6,3,0.022967044,0.024840807,0.924569,0.308190,0.022967044;0.027166744;0.024263408,0.024840807;0.025248346;0.028084372,/home/chief/github/CCUCoding/CSCI473/Code/stencil_proj/code/stencil-2d initial.dat serial_final.dat 6,/home/chief/github/CCUCoding/CSCI473/Code/stencil_proj/code/pth-stencil-2d -n 6 -I initial.dat -o pth_final.dat -t 3 -s pth_stack.dat,/home/chief/github/CCUCoding/CSCI473/Code/stencil_proj/data/N600_I6_T3
600,6,4,0.024757359,0.021362933,1.158893,0.289723,0.025027826;0.024757359;0.026534802,0.021362933;0.028886786;0.035068005,/home/chief/github/CCUCoding/CSCI473/Code/stencil_proj/code/stencil-2d initial.dat serial_final.dat 6,/home/chief/github/CCUCoding/CSCI473/Code/stencil_proj/code/pth-stencil-2d -n 6 -I initial.dat -o pth_final.dat -t 4 -s pth_stack.dat,/home/chief/github/CCUCoding/CSCI473/Code/stencil_proj/data/N600_I6_T4
600,6,5,0.024681366,0.021626251,1.141269,0.228254,0.024681366;0.026590367;0.024836824,0.021626251;0.029116295;0.031076365,/home/chief/github/CCUCoding/CSCI473/Code/stencil_proj/code/stencil-2d initial.dat serial_final.dat 6,/home/chief/github/CCUCoding/CSCI473/Code/stencil_proj/code/pth-stencil-2d -n 6 -I initial.dat -o pth_final.dat -t 5 -s pth_stack.dat,/home/chief/github/CCUCoding/CSCI473/Code/stencil_proj/data/N600_I6_T5
600,6,6,0.023772625,0.022660318,1.049086,0.174848,0.023772625;0.025375511;0.032191226,0.022660318;0.027512693;0.026851846,/home/chief/github/CCUCoding/CSCI473/Code/stencil_proj/code/stencil-2d initial.dat serial_final.dat 6,/home/chief/github/CCUCoding/CSCI473/Code/stencil_proj/code/pth-stencil-2d -n 6 -I initial.dat -o pth_final.dat -t 6 -s pth_stack.dat,/home/chief/github/CCUCoding/CSCI473/Code/stencil_proj/data/N600_I6_T6
600,6,7,0.023435358,0.022451236,1.043834,0.149119,0.023435358;0.026028494;0.028111847,0.022451236;0.027239672;0.039219086,/home/chief/github/CCUCoding/CSCI473/Code/stencil_proj/code/stencil-2d initial.dat serial_final.dat 6,/home/chief/github/CCUCoding/CSCI473/Code/stencil_proj/code/pth-stencil-2d -n 6 -I initial.dat -o pth_final.dat -t 7 -s pth_stack.dat,/home/chief/github/CCUCoding/CSCI473/Code/stencil_proj/data/N600_I6_T7
600,6,8,0.021975060,0.021562004,1.019157,0.127395,0.021975060;0.028847257;0.025390118,0.021562004;0.027662738;0.028991071,/home/chief/github/CCUCoding/CSCI473/Code/stencil_proj/code/stencil-2d initial.dat serial_final.dat 6,/home/chief/github/CCUCoding/CSCI473/Code/stencil_proj/code/pth-stencil-2d -n 6 -I initial.dat -o pth_final.dat -t 8 -s pth_stack.dat,/home/chief/github/CCUCoding/CSCI473/Code/stencil_proj/data/N600_I6_T8
600,7,1,0.026259535,0.026247074,1.000475,1.000475,0.031403214;0.026259535;0.029885002,0.026247074;0.033580333;0.034521657,/home/chief/github/CCUCoding/CSCI473/Code/stencil_proj/code/stencil-2d initial.dat serial_final.dat 7,/home/chief/github/CCUCoding/CSCI473/Code/stencil_proj/code/pth-stencil-2d -n 7 -I initial.dat -o pth_final.dat -t 1 -s pth_stack.dat,/home/chief/github/CCUCoding/CSCI473/Code/stencil_proj/data/N600_I7_T1
600,7,2,0.026244418,0.024333579,1.078527,0.539263,0.026244418;0.030175080;0.028771469,0.024333579;0.034364055;0.032897832,/home/chief/github/CCUCoding/CSCI473/Code/stencil_proj/code/stencil-2d initial.dat serial_final.dat 7,/home/chief/github/CCUCoding/CSCI473/Code/stencil_proj/code/pth-stencil-2d -n 7 -I initial.dat -o pth_final.dat -t 2 -s pth_stack.dat,/home/chief/github/CCUCoding/CSCI473/Code/stencil_proj/data/N600_I7_T2
600,7,3,0.026015522,0.024042582,1.082060,0.360687,0.026015522;0.032086839;0.029356426,0.024042582;0.031119469;0.038453442,/home/chief/github/CCUCoding/CSCI473/Code/stencil_proj/code/stencil-2d initial.dat serial_final.dat 7,/home/chief/github/CCUCoding/CSCI473/Code/stencil_proj/code/pth-stencil-2d -n 7 -I initial.dat -o pth_final.dat -t 3 -s pth_stack.dat,/home/chief/github/CCUCoding/CSCI473/Code/stencil_proj/data/N600_I7_T3
600,7,4,0.024939372,0.023984872,1.039796,0.259949,0.024939372;0.032503570;0.026247891,0.023984872;0.030360158;0.034104210,/home/chief/github/CCUCoding/CSCI473/Code/stencil_proj/code/stencil-2d initial.dat serial_final.dat 7,/home/chief/github/CCUCoding/CSCI473/Code/stencil_proj/code/pth-stencil-2d -n 7 -I initial.dat -o pth_final.dat -t 4 -s pth_stack.dat,/home/chief/github/CCUCoding/CSCI473/Code/stencil_proj/data/N600_I7_T4
600,7,5,0.025764359,0.024081701,1.069873,0.213975,0.025764359;0.038845456;0.025872934,0.024081701;0.033640391;0.043877803,/home/chief/github/CCUCoding/CSCI473/Code/stencil_proj/code/stencil-2d initial.dat serial_final.dat 7,/home/chief/github/CCUCoding/CSCI473/Code/stencil_proj/code/pth-stencil-2d -n 7 -I initial.dat -o pth_final.dat -t 5 -s pth_stack.dat,/home/chief/github/CCUCoding/CSCI473/Code/stencil_proj/data/N600_I7_T5
600,7,6,0.026476685,0.026007657,1.018034,0.169672,0.026476685;0.029855892;0.031505456,0.026007657;0.028688429;0.030968403,/home/chief/github/CCUCoding/CSCI473/Code/stencil_proj/code/stencil-2d initial.dat serial_final.dat 7,/home/chief/github/CCUCoding/CSCI473/Code/stencil_proj/code/pth-stencil-2d -n 7 -I initial.dat -o pth_final.dat -t 6 -s pth_stack.dat,/home/chief/github/CCUCoding/CSCI473/Code/stencil_proj/data/N600_I7_T6
600,7,7,0.024948769,0.025063678,0.995415,0.142202,0.024948769;0.032403167;0.029855075,0.025063678;0.029708606;0.037653174,/home/chief/github/CCUCoding/CSCI473/Code/stencil_proj/code/stencil-2d initial.dat serial_final.dat 7,/home/chief/github/CCUCoding/CSCI473/Code/stencil_proj/code/pth-stencil-2d -n 7 -I initial.dat -o pth_final.dat -t 7 -s pth_stack.dat,/home/chief/github/CCUCoding/CSCI473/Code/stencil_proj/data/N600_I7_T7
600,7,8,0.026209690,0.024769105,1.058161,0.132270,0.027252848;0.026209690;0.026909248,0.024769105;0.032949924;0.030750640,/home/chief/github/CCUCoding/CSCI473/Code/stencil_proj/code/stencil-2d initial.dat serial_final.dat 7,/home/chief/github/CCUCoding/CSCI473/Code/stencil_proj/code/pth-stencil-2d -n 7 -I initial.dat -o pth_final.dat -t 8 -s pth_stack.dat,/home/chief/github/CCUCoding/CSCI473/Code/stencil_proj/data/N600_I7_T8
600,8,1,0.030330026,0.028367709,1.069174,1.069174,0.030330026;0.035337962;0.043038211,0.028367709;0.039531737;0.036103401,/home/chief/github/CCUCoding/CSCI473/Code/stencil_proj/code/stencil-2d initial.dat serial_final.dat 8,/home/chief/github/CCUCoding/CSCI473/Code/stencil_proj/code/pth-stencil-2d -n 8 -I initial.dat -o pth_final.dat -t 1 -s pth_stack.dat,/home/chief/github/CCUCoding/CSCI473/Code/stencil_proj/data/N600_I8_T1
600,8,2,0.028515506,0.027001277,1.056080,0.528040,0.028515506;0.035831707;0.032821329,0.027001277;0.034846974;0.038930131,/home/chief/github/CCUCoding/CSCI473/Code/stencil_proj/code/stencil-2d initial.dat serial_final.dat 8,/home/chief/github/CCUCoding/CSCI473/Code/stencil_proj/code/pth-stencil-2d -n 8 -I initial.dat -o pth_final.dat -t 2 -s pth_stack.dat,/home/chief/github/CCUCoding/CSCI473/Code/stencil_proj/data/N600_I8_T2
600,8,3,0.031584616,0.025471931,1.239977,0.413326,0.031584616;0.036422180;0.034415022,0.025471931;0.044581447;0.033527833,/home/chief/github/CCUCoding/CSCI473/Code/stencil_proj/code/stencil-2d initial.dat serial_final.dat 8,/home/chief/github/CCUCoding/CSCI473/Code/stencil_proj/code/pth-stencil-2d -n 8 -I initial.dat -o pth_final.dat -t 3 -s pth_stack.dat,/home/chief/github/CCUCoding/CSCI473/Code/stencil_proj/data/N600_I8_T3
600,8,4,0.028359333,0.028574441,0.992472,0.248118,0.028359333;0.036339855;0.035353589,0.028574441;0.033635080;0.043382934,/home/chief/github/CCUCoding/CSCI473/Code/stencil_proj/code/stencil-2d initial.dat serial_final.dat 8,/home/chief/github/CCUCoding/CSCI473/Code/stencil_proj/code/pth-stencil-2d -n 8 -I initial.dat -o pth_final.dat -t 4 -s pth_stack.dat,/home/chief/github/CCUCoding/CSCI473/Code/stencil_proj/data/N600_I8_T4
600,8,5,0.027702776,0.027329760,1.013649,0.202730,0.027702776;0.037434798;0.034451998,0.027329760;0.031646409;0.037190070,/home/chief/github/CCUCoding/CSCI473/Code/stencil_proj/code/stencil-2d initial.dat serial_final.dat 8,/home/chief/github/CCUCoding/CSCI473/Code/stencil_proj/code/pth-stencil-2d -n 8 -I initial.dat -o pth_final.dat -t 5 -s pth_stack.dat,/home/chief/github/CCUCoding/CSCI473/Code/stencil_proj/data/N600_I8_T5
600,8,6,0.027891940,0.026321636,1.059658,0.176610,0.027891940;0.038595315;0.033224680,0.026321636;0.035705258;0.037217546,/home/chief/github/CCUCoding/CSCI473/Code/stencil_proj/code/stencil-2d initial.dat serial_final.dat 8,/home/chief/github/CCUCoding/CSCI473/Code/stencil_proj/code/pth-stencil-2d -n 8 -I initial.dat -o pth_final.dat -t 6 -s pth_stack.dat,/home/chief/github/CCUCoding/CSCI473/Code/stencil_proj/data/N600_I8_T6
600,8,7,0.028172008,0.028368015,0.993091,0.141870,0.028172008;0.033225497;0.041270061,0.028368015;0.031807689;0.035963366,/home/chief/github/CCUCoding/CSCI473/Code/stencil_proj/code/stencil-2d initial.dat serial_final.dat 8,/home/chief/github/CCUCoding/CSCI473/Code/stencil_proj/code/pth-stencil-2d -n 8 -I initial.dat -o pth_final.dat -t 7 -s pth_stack.dat,/home/chief/github/CCUCoding/CSCI473/Code/stencil_proj/data/N600_I8_T7
600,8,8,0.028326036,0.027169094,1.042583,0.130323,0.028326036;0.037556957;0.033118762,0.027169094;0.038574070;0.041976463,/home/chief/github/CCUCoding/CSCI473/Code/stencil_proj/code/stencil-2d initial.dat serial_final.dat 8,/home/chief/github/CCUCoding/CSCI473/Code/stencil_proj/code/pth-stencil-2d -n 8 -I initial.dat -o pth_final.dat -t 8 -s pth_stack.dat,/home/chief/github/CCUCoding/CSCI473/Code/stencil_proj/data/N600_I8_T8
600,9,1,0.029644666,0.034092056,0.869548,0.869548,0.029644666;0.037830591;0.034926439,0.034092056;0.045671998;0.042189221,/home/chief/github/CCUCoding/CSCI473/Code/stencil_proj/code/stencil-2d initial.dat serial_final.dat 9,/home/chief/github/CCUCoding/CSCI473/Code/stencil_proj/code/pth-stencil-2d -n 9 -I initial.dat -o pth_final.dat -t 1 -s pth_stack.dat,/home/chief/github/CCUCoding/CSCI473/Code/stencil_proj/data/N600_I9_T1
600,9,2,0.030928773,0.030043524,1.029466,0.514733,0.030928773;0.037610786;0.033821691,0.030043524;0.044286875;0.039224602,/home/chief/github/CCUCoding/CSCI473/Code/stencil_proj/code/stencil-2d initial.dat serial_final.dat 9,/home/chief/github/CCUCoding/CSCI473/Code/stencil_proj/code/pth-stencil-2d -n 9 -I initial.dat -o pth_final.dat -t 2 -s pth_stack.dat,/home/chief/github/CCUCoding/CSCI473/Code/stencil_proj/data/N600_I9_T2
600,9,3,0.031243773,0.028850015,1.082973,0.360991,0.031243773;0.038489089;0.037751841,0.028850015;0.036495619;0.041770139,/home/chief/github/CCUCoding/CSCI473/Code/stencil_proj/code/stencil-2d initial.dat serial_final.dat 9,/home/chief/github/CCUCoding/CSCI473/Code/stencil_proj/code/pth-stencil-2d -n 9 -I initial.dat -o pth_final.dat -t 3 -s pth_stack.dat,/home/chief/github/CCUCoding/CSCI473/Code/stencil_proj/data/N600_I9_T3
600,9,4,0.029730501,0.029507692,1.007551,0.251888,0.029730501;0.039864700;0.036000652,0.029507692;0.037266904;0.042744168,/home/chief/github/CCUCoding/CSCI473/Code/stencil_proj/code/stencil-2d initial.dat serial_final.dat 9,/home/chief/github/CCUCoding/CSCI473/Code/stencil_proj/code/pth-stencil-2d -n 9 -I initial.dat -o pth_final.dat -t 4 -s pth_stack.dat,/home/chief/github/CCUCoding/CSCI473/Code/stencil_proj/data/N600_I9_T4
600,9,5,0.032015916,0.029090744,1.100553,0.220111,0.032015916;0.036195201;0.036697437,0.029090744;0.037774445;0.040405602,/home/chief/github/CCUCoding/CSCI473/Code/stencil_proj/code/stencil-2d initial.dat serial_final.dat 9,/home/chief/github/CCUCoding/CSCI473/Code/stencil_proj/code/pth-stencil-2d -n 9 -I initial.dat -o pth_final.dat -t 5 -s pth_stack.dat,/home/chief/github/CCUCoding/CSCI473/Code/stencil_proj/data/N600_I9_T5
600,9,6,0.031280364,0.028894358,1.082577,0.180429,0.031280364;0.037875138;0.035208785,0.028894358;0.036067372;0.038402573,/home/chief/github/CCUCoding/CSCI473/Code/stencil_proj/code/stencil-2d initial.dat serial_final.dat 9,/home/chief/github/CCUCoding/CSCI473/Code/stencil_proj/code/pth-stencil-2d -n 9 -I initial.dat -o pth_final.dat -t 6 -s pth_stack.dat,/home/chief/github/CCUCoding/CSCI473/Code/stencil_proj/data/N600_I9_T6
600,9,7,0.030286092,0.029330997,1.032563,0.147509,0.030286092;0.034813260;0.041682565,0.029330997;0.038778409;0.099853340,/home/chief/github/CCUCoding/CSCI473/Code/stencil_proj/code/stencil-2d initial.dat serial_final.dat 9,/home/chief/github/CCUCoding/CSCI473/Code/stencil_proj/code/pth-stencil-2d -n 9 -I initial.dat -o pth_final.dat -t 7 -s pth_stack.dat,/home/chief/github/CCUCoding/CSCI473/Code/stencil_proj/data/N600_I9_T7
600,9,8,0.031615392,0.031874519,0.991870,0.123984,0.031615392;0.043788428;0.042010657,0.031874519;0.036575424;0.038830744,/home/chief/github/CCUCoding/CSCI473/Code/stencil_proj/code/stencil-2d initial.dat serial_final.dat 9,/home/chief/github/CCUCoding/CSCI473/Code/stencil_proj/code/pth-stencil-2d -n 9 -I initial.dat -o pth_final.dat -t 8 -s pth_stack.dat,/home/chief/github/CCUCoding/CSCI473/Code/stencil_proj/data/N600_I9_T8
600,10,1,0.035015563,0.033628521,1.041246,1.041246,0.035015563;0.043340976;0.040432534,0.033628521;0.044368301;0.046678303,/home/chief/github/CCUCoding/CSCI473/Code/stencil_proj/code/stencil-2d initial.dat serial_final.dat 10,/home/chief/github/CCUCoding/CSCI473/Code/stencil_proj/code/pth-stencil-2d -n 10 -I initial.dat -o pth_final.dat -t 1 -s pth_stack.dat,/home/chief/github/CCUCoding/CSCI473/Code/stencil_proj/data/N600_I10_T1
600,10,2,0.032479182,0.031258634,1.039047,0.519523,0.037867690;0.032479182;0.048899039,0.031258634;0.044974290;0.049337207,/home/chief/github/CCUCoding/CSCI473/Code/stencil_proj/code/stencil-2d initial.dat serial_final.dat 10,/home/chief/github/CCUCoding/CSCI473/Code/stencil_proj/code/pth-stencil-2d -n 10 -I initial.dat -o pth_final.dat -t 2 -s pth_stack.dat,/home/chief/github/CCUCoding/CSCI473/Code/stencil_proj/data/N600_I10_T2
600,10,3,0.033875609,0.031194974,1.085932,0.361977,0.033875609;0.040930894;0.048151346,0.031194974;0.041780809;0.040897228,/home/chief/github/CCUCoding/CSCI473/Code/stencil_proj/code/stencil-2d initial.dat serial_final.dat 10,/home/chief/github/CCUCoding/CSCI473/Code/stencil_proj/code/pth-stencil-2d -n 10 -I initial.dat -o pth_final.dat -t 3 -s pth_stack.dat,/home/chief/github/CCUCoding/CSCI473/Code/stencil_proj/data/N600_I10_T3
600,10,4,0.032780340,0.031230476,1.049627,0.262407,0.032780340;0.041348149;0.047955879,0.031230476;0.040423148;0.040238088,/home/chief/github/CCUCoding/CSCI473/Code/stencil_proj/code/stencil-2d initial.dat serial_final.dat 10,/home/chief/github/CCUCoding/CSCI473/Code/stencil_proj/code/pth-stencil-2d -n 10 -I initial.dat -o pth_final.dat -t 4 -s pth_stack.dat,/home/chief/github/CCUCoding/CSCI473/Code/stencil_proj/data/N600_I10_T4
600,10,5,0.033491000,0.032690869,1.024476,0.204895,0.033491000;0.047918540;0.040566892,0.032690869;0.039516511;0.041711335,/home/chief/github/CCUCoding/CSCI473/Code/stencil_proj/code/stencil-2d initial.dat serial_final.dat 10,/home/chief/github/CCUCoding/CSCI473/Code/stencil_proj/code/pth-stencil-2d -n 10 -I initial.dat -o pth_final.dat -t 5 -s pth_stack.dat,/home/chief/github/CCUCoding/CSCI473/Code/stencil_proj/data/N600_I10_T5
600,10,6,0.039073956,0.031265265,1.249756,0.208293,0.039139757;0.039073956;0.040517005,0.031265265;0.040107708;0.040338371,/home/chief/github/CCUCoding/CSCI473/Code/stencil_proj/code/stencil-2d initial.dat serial_final.dat 10,/home/chief/github/CCUCoding/CSCI473/Code/stencil_proj/code/pth-stencil-2d -n 10 -I initial.dat -o pth_final.dat -t 6 -s pth_stack.dat,/home/chief/github/CCUCoding/CSCI473/Code/stencil_proj/data/N600_I10_T6
600,10,7,0.033597813,0.031791680,1.056811,0.150973,0.033597813;0.045021423;0.038100496,0.031791680;0.040882640;0.041182981,/home/chief/github/CCUCoding/CSCI473/Code/stencil_proj/code/stencil-2d initial.dat serial_final.dat 10,/home/chief/github/CCUCoding/CSCI473/Code/stencil_proj/code/pth-stencil-2d -n 10 -I initial.dat -o pth_final.dat -t 7 -s pth_stack.dat,/home/chief/github/CCUCoding/CSCI473/Code/stencil_proj/data/N600_I10_T7
600,10,8,0.034309697,0.031616106,1.085197,0.135650,0.034309697;0.044167121;0.039523856,0.031616106;0.040922732;0.038557335,/home/chief/github/CCUCoding/CSCI473/Code/stencil_proj/code/stencil-2d initial.dat serial_final.dat 10,/home/chief/github/CCUCoding/CSCI473/Code/stencil_proj/code/pth-stencil-2d -n 10 -I initial.dat -o pth_final.dat -t 8 -s pth_stack.dat,/home/chief/github/CCUCoding/CSCI473/Code/stencil_proj/data/N600_I10_T8
700,5,1,0.027530984,0.030748848,0.895350,0.895350,0.027530984;0.031052251;0.040273182,0.030748848;0.036647551;0.032920003,/home/chief/github/CCUCoding/CSCI473/Code/stencil_proj/code/stencil-2d initial.dat serial_final.dat 5,/home/chief/github/CCUCoding/CSCI473/Code/stencil_proj/code/pth-stencil-2d -n 5 -I initial.dat -o pth_final.dat -t 1 -s pth_stack.dat,/home/chief/github/CCUCoding/CSCI473/Code/stencil_proj/data/N700_I5_T1
700,5,2,0.028138096,0.026199033,1.074013,0.537006,0.028138096;0.030496352;0.030733953,0.026199033;0.032485507;0.035775803,/home/chief/github/CCUCoding/CSCI473/Code/stencil_proj/code/stencil-2d initial.dat serial_final.dat 5,/home/chief/github/CCUCoding/CSCI473/Code/stencil_proj/code/pth-stencil-2d -n 5 -I initial.dat -o pth_final.dat -t 2 -s pth_stack.dat,/home/chief/github/CCUCoding/CSCI473/Code/stencil_proj/data/N700_I5_T2
700,5,3,0.027367551,0.025129472,1.089062,0.363021,0.027367551;0.032862465;0.030391580,0.025129472;0.030649278;0.039825015,/home/chief/github/CCUCoding/CSCI473/Code/stencil_proj/code/stencil-2d initial.dat serial_final.dat 5,/home/chief/github/CCUCoding/CSCI473/Code/stencil_proj/code/pth-stencil-2d -n 5 -I initial.dat -o pth_final.dat -t 3 -s pth_stack.dat,/home/chief/github/CCUCoding/CSCI473/Code/stencil_proj/data/N700_I5_T3
700,5,4,0.026377463,0.025453788,1.036288,0.259072,0.026377463;0.038066830;0.027732879,0.025453788;0.032883481;0.031455530,/home/chief/github/CCUCoding/CSCI473/Code/stencil_proj/code/stencil-2d initial.dat serial_final.dat 5,/home/chief/github/CCUCoding/CSCI473/Code/stencil_proj/code/pth-stencil-2d -n 5 -I initial.dat -o pth_final.dat -t 4 -s pth_stack.dat,/home/chief/github/CCUCoding/CSCI473/Code/stencil_proj/data/N700_I5_T4
700,5,5,0.027522925,0.025140082,1.094783,0.218957,0.027522925;0.037161519;0.030472072,0.025140082;0.033942329;0.031678746,/home/chief/github/CCUCoding/CSCI473/Code/stencil_proj/code/stencil-2d initial.dat serial_final.dat 5,/home/chief/github/CCUCoding/CSCI473/Code/stencil_proj/code/pth-stencil-2d -n 5 -I initial.dat -o pth_final.dat -t 5 -s pth_stack.dat,/home/chief/github/CCUCoding/CSCI473/Code/stencil_proj/data/N700_I5_T5
700,5,6,0.027218401,0.027449574,0.991578,0.165263,0.027218401;0.036958400;0.037477469,0.027449574;0.032999679;0.034727156,/home/chief/github/CCUCoding/CSCI473/Code/stencil_proj/code/stencil-2d initial.dat serial_final.dat 5,/home/chief/github/CCUCoding/CSCI473/Code/stencil_proj/code/pth-stencil-2d -n 5 -I initial.dat -o pth_final.dat -t 6 -s pth_stack.dat,/home/chief/github/CCUCoding/CSCI473/Code/stencil_proj/data/N700_I5_T6
700,5,7,0.027068025,0.025979183,1.041912,0.148845,0.027068025;0.036366489;0.031116624,0.025979183;0.038300656;0.034696245,/home/chief/github/CCUCoding/CSCI473/Code/stencil_proj/code/stencil-2d initial.dat serial_final.dat 5,/home/chief/github/CCUCoding/CSCI473/Code/stencil_proj/code/pth-stencil-2d -n 5 -I initial.dat -o pth_final.dat -t 7 -s pth_stack.dat,/home/chief/github/CCUCoding/CSCI473/Code/stencil_proj/data/N700_I5_T7
700,5,8,0.027988945,0.025841968,1.083081,0.135385,0.027988945;0.031191710;0.033085069,0.025841968;0.030481356;0.039757784,/home/chief/github/CCUCoding/CSCI473/Code/stencil_proj/code/stencil-2d initial.dat serial_final.dat 5,/home/chief/github/CCUCoding/CSCI473/Code/stencil_proj/code/pth-stencil-2d -n 5 -I initial.dat -o pth_final.dat -t 8 -s pth_stack.dat,/home/chief/github/CCUCoding/CSCI473/Code/stencil_proj/data/N700_I5_T8
700,6,1,0.030834339,0.031055209,0.992888,0.992888,0.030834339;0.036999003;0.036608375,0.031055209;0.041743674;0.038258624,/home/chief/github/CCUCoding/CSCI473/Code/stencil_proj/code/stencil-2d initial.dat serial_final.dat 6,/home/chief/github/CCUCoding/CSCI473/Code/stencil_proj/code/pth-stencil-2d -n 6 -I initial.dat -o pth_final.dat -t 1 -s pth_stack.dat,/home/chief/github/CCUCoding/CSCI473/Code/stencil_proj/data/N700_I6_T1
700,6,2,0.030553789,0.028294694,1.079842,0.539921,0.030553789;0.036005753;0.036999412,0.028294694;0.038292086;0.036618883,/home/chief/github/CCUCoding/CSCI473/Code/stencil_proj/code/stencil-2d initial.dat serial_final.dat 6,/home/chief/github/CCUCoding/CSCI473/Code/stencil_proj/code/pth-stencil-2d -n 6 -I initial.dat -o pth_final.dat -t 2 -s pth_stack.dat,/home/chief/github/CCUCoding/CSCI473/Code/stencil_proj/data/N700_I6_T2
700,6,3,0.030558788,0.028982603,1.054384,0.351461,0.030558788;0.043187133;0.039433468,0.033867346;0.033704218;0.028982603,/home/chief/github/CCUCoding/CSCI473/Code/stencil_proj/code/stencil-2d initial.dat serial_final.dat 6,/home/chief/github/CCUCoding/CSCI473/Code/stencil_proj/code/pth-stencil-2d -n 6 -I initial.dat -o pth_final.dat -t 3 -s pth_stack.dat,/home/chief/github/CCUCoding/CSCI473/Code/stencil_proj/data/N700_I6_T3
700,6,4,0.029964123,0.029954533,1.000320,0.250080,0.029964123;0.039682903;0.040160961,0.029954533;0.035782537;0.036245292,/home/chief/github/CCUCoding/CSCI473/Code/stencil_proj/code/stencil-2d initial.dat serial_final.dat 6,/home/chief/github/CCUCoding/CSCI473/Code/stencil_proj/code/pth-stencil-2d -n 6 -I initial.dat -o pth_final.dat -t 4 -s pth_stack.dat,/home/chief/github/CCUCoding/CSCI473/Code/stencil_proj/data/N700_I6_T4
700,6,5,0.031126316,0.028318770,1.099141,0.219828,0.031126316;0.035748259;0.036239375,0.028318770;0.037263946;0.036673463,/home/chief/github/CCUCoding/CSCI473/Code/stencil_proj/code/stencil-2d initial.dat serial_final.dat 6,/home/chief/github/CCUCoding/CSCI473/Code/stencil_proj/code/pth-stencil-2d -n 6 -I initial.dat -o pth_final.dat -t 5 -s pth_stack.dat,/home/chief/github/CCUCoding/CSCI473/Code/stencil_proj/data/N700_I6_T5
700,6,6,0.030540119,0.029528504,1.034259,0.172376,0.030540119;0.036267328;0.033078948,0.029528504;0.076231495;0.079644316,/home/chief/github/CCUCoding/CSCI473/Code/stencil_proj/code/stencil-2d initial.dat serial_final.dat 6,/home/chief/github/CCUCoding/CSCI473/Code/stencil_proj/code/pth-stencil-2d -n 6 -I initial.dat -o pth_final.dat -t 6 -s pth_stack.dat,/home/chief/github/CCUCoding/CSCI473/Code/stencil_proj/data/N700_I6_T6
700,6,7,0.030124292,0.029023718,1.037920,0.148274,0.030124292;0.055836288;0.054614925,0.029023718;0.177466675;0.086382630,/home/chief/github/CCUCoding/CSCI473/Code/stencil_proj/code/stencil-2d initial.dat serial_final.dat 6,/home/chief/github/CCUCoding/CSCI473/Code/stencil_proj/code/pth-stencil-2d -n 6 -I initial.dat -o pth_final.dat -t 7 -s pth_stack.dat,/home/chief/github/CCUCoding/CSCI473/Code/stencil_proj/data/N700_I6_T7
700,6,8,0.029972999,0.029026268,1.032616,0.129077,0.029972999;0.059627189;0.065939474,0.029026268;0.085687663;0.171695156,/home/chief/github/CCUCoding/CSCI473/Code/stencil_proj/code/stencil-2d initial.dat serial_final.dat 6,/home/chief/github/CCUCoding/CSCI473/Code/stencil_proj/code/pth-stencil-2d -n 6 -I initial.dat -o pth_final.dat -t 8 -s pth_stack.dat,/home/chief/github/CCUCoding/CSCI473/Code/stencil_proj/data/N700_I6_T8
700,7,1,0.034725658,0.045056899,0.770707,0.770707,0.034725658;0.076899889;0.084181482,0.045056899;0.082548334;0.212797757,/home/chief/github/CCUCoding/CSCI473/Code/stencil_proj/code/stencil-2d initial.dat serial_final.dat 7,/home/chief/github/CCUCoding/CSCI473/Code/stencil_proj/code/pth-stencil-2d -n 7 -I initial.dat -o pth_final.dat -t 1 -s pth_stack.dat,/home/chief/github/CCUCoding/CSCI473/Code/stencil_proj/data/N700_I7_T1
700,7,2,0.037535295,0.033537747,1.119195,0.559598,0.037535295;0.075043968;0.070619440,0.033537747;0.078569962;0.158383528,/home/chief/github/CCUCoding/CSCI473/Code/stencil_proj/code/stencil-2d initial.dat serial_final.dat 7,/home/chief/github/CCUCoding/CSCI473/Code/stencil_proj/code/pth-stencil-2d -n 7 -I initial.dat -o pth_final.dat -t 2 -s pth_stack.dat,/home/chief/github/CCUCoding/CSCI473/Code/stencil_proj/data/N700_I7_T2
700,7,3,0.038648235,0.036899315,1.047397,0.349132,0.038648235;0.083588547;0.068731389,0.036899315;0.089278609;0.209931917,/home/chief/github/CCUCoding/CSCI473/Code/stencil_proj/code/stencil-2d initial.dat serial_final.dat 7,/home/chief/github/CCUCoding/CSCI473/Code/stencil_proj/code/pth-stencil-2d -n 7 -I initial.dat -o pth_final.dat -t 3 -s pth_stack.dat,/home/chief/github/CCUCoding/CSCI473/Code/stencil_proj/data/N700_I7_T3
700,7,4,0.041364234,0.031963351,1.294114,0.323529,0.041364234;0.069987642;0.083293354,0.031963351;0.093097042;0.161039551,/home/chief/github/CCUCoding/CSCI473/Code/stencil_proj/code/stencil-2d initial.dat serial_final.dat 7,/home/chief/github/CCUCoding/CSCI473/Code/stencil_proj/code/pth-stencil-2d -n 7 -I initial.dat -o pth_final.dat -t 4 -s pth_stack.dat,/home/chief/github/CCUCoding/CSCI473/Code/stencil_proj/data/N700_I7_T4
700,7,5,0.033791323,0.033721656,1.002066,0.200413,0.033791323;0.084414557;0.072399676,0.033721656;0.105002680;0.175466975,/home/chief/github/CCUCoding/CSCI473/Code/stencil_proj/code/stencil-2d initial.dat serial_final.dat 7,/home/chief/github/CCUCoding/CSCI473/Code/stencil_proj/code/pth-stencil-2d -n 7 -I initial.dat -o pth_final.dat -t 5 -s pth_stack.dat,/home/chief/github/CCUCoding/CSCI473/Code/stencil_proj/data/N700_I7_T5
700,7,6,0.034346417,0.035024727,0.980633,0.163439,0.034346417;0.083261631;0.070278959,0.035024727;0.103972258;0.177433568,/home/chief/github/CCUCoding/CSCI473/Code/stencil_proj/code/stencil-2d initial.dat serial_final.dat 7,/home/chief/github/CCUCoding/CSCI473/Code/stencil_proj/code/pth-stencil-2d -n 7 -I initial.dat -o pth_final.dat -t 6 -s pth_stack.dat,/home/chief/github/CCUCoding/CSCI473/Code/stencil_proj/data/N700_I7_T6
700,7,7,0.052725285,0.031870223,1.654375,0.236339,0.052725285;0.072326234;0.073460698,0.031870223;0.173839130;0.076182715,/home/chief/github/CCUCoding/CSCI473/Code/stencil_proj/code/stencil-2d initial.dat serial_final.dat 7,/home/chief/github/CCUCoding/CSCI473/Code/stencil_proj/code/pth-stencil-2d -n 7 -I initial.dat -o pth_final.dat -t 7 -s pth_stack.dat,/home/chief/github/CCUCoding/CSCI473/Code/stencil_proj/data/N700_I7_T7
700,7,8,0.033631690,0.031856249,1.055733,0.131967,0.033631690;0.093035842;0.071873959,0.031856249;0.204659960;0.128986540,/home/chief/github/CCUCoding/CSCI473/Code/stencil_proj/code/stencil-2d initial.dat serial_final.dat 7,/home/chief/github/CCUCoding/CSCI473/Code/stencil_proj/code/pth-stencil-2d -n 7 -I initial.dat -o pth_final.dat -t 8 -s pth_stack.dat,/home/chief/github/CCUCoding/CSCI473/Code/stencil_proj/data/N700_I7_T8
700,8,1,0.038358857,0.040365332,0.950292,0.950292,0.038358857;0.084569089;0.075439326,0.040365332;1.583104442;3.295909374,/home/chief/github/CCUCoding/CSCI473/Code/stencil_proj/code/stencil-2d initial.dat serial_final.dat 8,/home/chief/github/CCUCoding/CSCI473/Code/stencil_proj/code/pth-stencil-2d -n 8 -I initial.dat -o pth_final.dat -t 1 -s pth_stack.dat,/home/chief/github/CCUCoding/CSCI473/Code/stencil_proj/data/N700_I8_T1
700,8,2,0.045098607,0.037106848,1.215372,0.607686,0.452972338;0.744081960;0.045098607,0.037106848;0.054020410;0.047739062,/home/chief/github/CCUCoding/CSCI473/Code/stencil_proj/code/stencil-2d initial.dat serial_final.dat 8,/home/chief/github/CCUCoding/CSCI473/Code/stencil_proj/code/pth-stencil-2d -n 8 -I initial.dat -o pth_final.dat -t 2 -s pth_stack.dat,/home/chief/github/CCUCoding/CSCI473/Code/stencil_proj/data/N700_I8_T2
700,8,3,0.041405404,0.036780725,1.125736,0.375245,0.041405404;0.049298569;0.054212896,0.036780725;0.048333889;0.045485521,/home/chief/github/CCUCoding/CSCI473/Code/stencil_proj/code/stencil-2d initial.dat serial_final.dat 8,/home/chief/github/CCUCoding/CSCI473/Code/stencil_proj/code/pth-stencil-2d -n 8 -I initial.dat -o pth_final.dat -t 3 -s pth_stack.dat,/home/chief/github/CCUCoding/CSCI473/Code/stencil_proj/data/N700_I8_T3
700,8,4,0.038727963,0.034771981,1.113769,0.278442,0.038727963;0.046328721;0.056167695,0.034771981;0.049841699;0.047218511,/home/chief/github/CCUCoding/CSCI473/Code/stencil_proj/code/stencil-2d initial.dat serial_final.dat 8,/home/chief/github/CCUCoding/CSCI473/Code/stencil_proj/code/pth-stencil-2d -n 8 -I initial.dat -o pth_final.dat -t 4 -s pth_stack.dat,/home/chief/github/CCUCoding/CSCI473/Code/stencil_proj/data/N700_I8_T4
700,8,5,0.040023670,0.035711731,1.120743,0.224149,0.040023670;0.052713873;0.045606183,0.035711731;0.047293298;0.047480574,/home/chief/github/CCUCoding/CSCI473/Code/stencil_proj/code/stencil-2d initial.dat serial_final.dat 8,/home/chief/github/CCUCoding/CSCI473/Code/stencil_proj/code/pth-stencil-2d -n 8 -I initial.dat -o pth_final.dat -t 5 -s pth_stack.dat,/home/chief/github/CCUCoding/CSCI473/Code/stencil_proj/data/N700_I8_T5
700,8,6,0.036964017,0.034920943,1.058506,0.176418,0.036964017;0.054885781;0.050687249,0.034920943;0.043535013;0.051352165,/home/chief/github/CCUCoding/CSCI473/Code/stencil_proj/code/stencil-2d initial.dat serial_final.dat 8,/home/chief/github/CCUCoding/CSCI473/Code/stencil_proj/code/pth-stencil-2d -n 8 -I initial.dat -o pth_final.dat -t 6 -s pth_stack.dat,/home/chief/github/CCUCoding/CSCI473/Code/stencil_proj/data/N700_I8_T6
700,8,7,0.037228123,0.035395519,1.051775,0.150254,0.037228123;0.050371037;0.047104286,0.035395519;0.045278834;0.054772067,/home/chief/github/CCUCoding/CSCI473/Code/stencil_proj/code/stencil-2d initial.dat serial_final.dat 8,/home/chief/github/CCUCoding/CSCI473/Code/stencil_proj/code/pth-stencil-2d -n 8 -I initial.dat -o pth_final.dat -t 7 -s pth_stack.dat,/home/chief/github/CCUCoding/CSCI473/Code/stencil_proj/data/N700_I8_T7
700,8,8,0.037049736,0.035142445,1.054273,0.131784,0.037049736;0.156067692;0.059924039,0.035142445;0.045180138;0.052529126,/home/chief/github/CCUCoding/CSCI473/Code/stencil_proj/code/stencil-2d initial.dat serial_final.dat 8,/home/chief/github/CCUCoding/CSCI473/Code/stencil_proj/code/pth-stencil-2d -n 8 -I initial.dat -o pth_final.dat -t 8 -s pth_stack.dat,/home/chief/github/CCUCoding/CSCI473/Code/stencil_proj/data/N700_I8_T8
700,9,1,0.040746531,0.041460327,0.982784,0.982784,0.040746531;0.054486591;0.057214093,0.041460327;0.058895210;0.055769851,/home/chief/github/CCUCoding/CSCI473/Code/stencil_proj/code/stencil-2d initial.dat serial_final.dat 9,/home/chief/github/CCUCoding/CSCI473/Code/stencil_proj/code/pth-stencil-2d -n 9 -I initial.dat -o pth_final.dat -t 1 -s pth_stack.dat,/home/chief/github/CCUCoding/CSCI473/Code/stencil_proj/data/N700_I9_T1
700,9,2,0.041604557,0.040772067,1.020418,0.510209,0.041604557;0.053965238;0.046818495,0.040772067;0.049333328;0.055528889,/home/chief/github/CCUCoding/CSCI473/Code/stencil_proj/code/stencil-2d initial.dat serial_final.dat 9,/home/chief/github/CCUCoding/CSCI473/Code/stencil_proj/code/pth-stencil-2d -n 9 -I initial.dat -o pth_final.dat -t 2 -s pth_stack.dat,/home/chief/github/CCUCoding/CSCI473/Code/stencil_proj/data/N700_I9_T2
700,9,3,0.042862689,0.038323935,1.118431,0.372810,0.042862689;0.049902485;0.056816438,0.038323935;0.047265792;0.050996162,/home/chief/github/CCUCoding/CSCI473/Code/stencil_proj/code/stencil-2d initial.dat serial_final.dat 9,/home/chief/github/CCUCoding/CSCI473/Code/stencil_proj/code/pth-stencil-2d -n 9 -I initial.dat -o pth_final.dat -t 3 -s pth_stack.dat,/home/chief/github/CCUCoding/CSCI473/Code/stencil_proj/data/N700_I9_T3
700,9,4,0.041895673,0.036876016,1.136123,0.284031,0.041895673;0.051181352;0.051278697,0.036876016;0.050746109;0.064241019,/home/chief/github/CCUCoding/CSCI473/Code/stencil_proj/code/stencil-2d initial.dat serial_final.dat 9,/home/chief/github/CCUCoding/CSCI473/Code/stencil_proj/code/pth-stencil-2d -n 9 -I initial.dat -o pth_final.dat -t 4 -s pth_stack.dat,/home/chief/github/CCUCoding/CSCI473/Code/stencil_proj/data/N700_I9_T4
700,9,5,0.041148066,0.037325867,1.102401,0.220480,0.041148066;0.053450933;0.046968139,0.037325867;0.054668309;0.057816652,/home/chief/github/CCUCoding/CSCI473/Code/stencil_proj/code/stencil-2d initial.dat serial_final.dat 9,/home/chief/github/CCUCoding/CSCI473/Code/stencil_proj/code/pth-stencil-2d -n 9 -I initial.dat -o pth_final.dat -t 5 -s pth_stack.dat,/home/chief/github/CCUCoding/CSCI473/Code/stencil_proj/data/N700_I9_T5
700,9,6,0.042815599,0.038393190,1.115187,0.185865,0.042815599;0.053100572;0.050425166,0.038393190;0.055988341;0.048900842,/home/chief/github/CCUCoding/CSCI473/Code/stencil_proj/code/stencil-2d initial.dat serial_final.dat 9,/home/chief/github/CCUCoding/CSCI473/Code/stencil_proj/code/pth-stencil-2d -n 9 -I initial.dat -o pth_final.dat -t 6 -s pth_stack.dat,/home/chief/github/CCUCoding/CSCI473/Code/stencil_proj/data/N700_I9_T6
700,9,7,0.040398928,0.041091273,0.983151,0.140450,0.040398928;0.052772480;0.059218604,0.041091273;0.049139762;0.049645282,/home/chief/github/CCUCoding/CSCI473/Code/stencil_proj/code/stencil-2d initial.dat serial_final.dat 9,/home/chief/github/CCUCoding/CSCI473/Code/stencil_proj/code/pth-stencil-2d -n 9 -I initial.dat -o pth_final.dat -t 7 -s pth_stack.dat,/home/chief/github/CCUCoding/CSCI473/Code/stencil_proj/data/N700_I9_T7
700,9,8,0.041271765,0.038286958,1.077959,0.134745,0.041271765;0.061876851;0.052490455,0.038286958;0.048648848;0.048122898,/home/chief/github/CCUCoding/CSCI473/Code/stencil_proj/code/stencil-2d initial.dat serial_final.dat 9,/home/chief/github/CCUCoding/CSCI473/Code/stencil_proj/code/pth-stencil-2d -n 9 -I initial.dat -o pth_final.dat -t 8 -s pth_stack.dat,/home/chief/github/CCUCoding/CSCI473/Code/stencil_proj/data/N700_I9_T8
700,10,1,0.046006537,0.044141556,1.042250,1.042250,0.046006537;0.053741948;0.054435723,0.044141556;0.064546128;0.056323380,/home/chief/github/CCUCoding/CSCI473/Code/stencil_proj/code/stencil-2d initial.dat serial_final.dat 10,/home/chief/github/CCUCoding/CSCI473/Code/stencil_proj/code/pth-stencil-2d -n 10 -I initial.dat -o pth_final.dat -t 1 -s pth_stack.dat,/home/chief/github/CCUCoding/CSCI473/Code/stencil_proj/data/N700_I10_T1
700,10,2,0.047265587,0.042984140,1.099605,0.549803,0.047265587;0.053929078;0.050986151,0.042984140;0.052748169;0.055002939,/home/chief/github/CCUCoding/CSCI473/Code/stencil_proj/code/stencil-2d initial.dat serial_final.dat 10,/home/chief/github/CCUCoding/CSCI473/Code/stencil_proj/code/pth-stencil-2d -n 10 -I initial.dat -o pth_final.dat -t 2 -s pth_stack.dat,/home/chief/github/CCUCoding/CSCI473/Code/stencil_proj/data/N700_I10_T2
700,10,3,0.045286101,0.042372183,1.068770,0.356257,0.045286101;0.059002158;0.054284853,0.042372183;0.055247783;0.062242635,/home/chief/github/CCUCoding/CSCI473/Code/stencil_proj/code/stencil-2d initial.dat serial_final.dat 10,/home/chief/github/CCUCoding/CSCI473/Code/stencil_proj/code/pth-stencil-2d -n 10 -I initial.dat -o pth_final.dat -t 3 -s pth_stack.dat,/home/chief/github/CCUCoding/CSCI473/Code/stencil_proj/data/N700_I10_T3
700,10,4,0.043289658,0.041989851,1.030955,0.257739,0.043289658;0.058168442;0.054660647,0.041989851;0.059391027;0.050217401,/home/chief/github/CCUCoding/CSCI473/Code/stencil_proj/code/stencil-2d initial.dat serial_final.dat 10,/home/chief/github/CCUCoding/CSCI473/Code/stencil_proj/code/pth-stencil-2d -n 10 -I initial.dat -o pth_final.dat -t 4 -s pth_stack.dat,/home/chief/github/CCUCoding/CSCI473/Code/stencil_proj/data/N700_I10_T4
700,10,5,0.044587423,0.042592921,1.046827,0.209365,0.044587423;0.056279252;0.052992298,0.042592921;0.055235014;0.055434710,/home/chief/github/CCUCoding/CSCI473/Code/stencil_proj/code/stencil-2d initial.dat serial_final.dat 10,/home/chief/github/CCUCoding/CSCI473/Code/stencil_proj/code/pth-stencil-2d -n 10 -I initial.dat -o pth_final.dat -t 5 -s pth_stack.dat,/home/chief/github/CCUCoding/CSCI473/Code/stencil_proj/data/N700_I10_T5
700,10,6,0.045464652,0.042062579,1.080881,0.180147,0.045464652;0.057083345;0.056554638,0.042062579;0.052785351;0.056415209,/home/chief/github/CCUCoding/CSCI473/Code/stencil_proj/code/stencil-2d initial.dat serial_final.dat 10,/home/chief/github/CCUCoding/CSCI473/Code/stencil_proj/code/pth-stencil-2d -n 10 -I initial.dat -o pth_final.dat -t 6 -s pth_stack.dat,/home/chief/github/CCUCoding/CSCI473/Code/stencil_proj/data/N700_I10_T6
700,10,7,0.044834412,0.042573411,1.053108,0.150444,0.044834412;0.057060772;0.055572913,0.042573411;0.063317007;0.056001926,/home/chief/github/CCUCoding/CSCI473/Code/stencil_proj/code/stencil-2d initial.dat serial_final.dat 10,/home/chief/github/CCUCoding/CSCI473/Code/stencil_proj/code/pth-stencil-2d -n 10 -I initial.dat -o pth_final.dat -t 7 -s pth_stack.dat,/home/chief/github/CCUCoding/CSCI473/Code/stencil_proj/data/N700_I10_T7
700,10,8,0.045197847,0.042233878,1.070180,0.133772,0.045197847;0.055877104;0.052891276,0.042233878;0.054825920;0.050711992,/home/chief/github/CCUCoding/CSCI473/Code/stencil_proj/code/stencil-2d initial.dat serial_final.dat 10,/home/chief/github/CCUCoding/CSCI473/Code/stencil_proj/code/pth-stencil-2d -n 10 -I initial.dat -o pth_final.dat -t 8 -s pth_stack.dat,/home/chief/github/CCUCoding/CSCI473/Code/stencil_proj/data/N700_I10_T8
800,5,1,0.035082027,0.036892360,0.950929,0.950929,0.035082027;0.045115619;0.045014802,0.036892360;0.049976949;0.049995234,/home/chief/github/CCUCoding/CSCI473/Code/stencil_proj/code/stencil-2d initial.dat serial_final.dat 5,/home/chief/github/CCUCoding/CSCI473/Code/stencil_proj/code/pth-stencil-2d -n 5 -I initial.dat -o pth_final.dat -t 1 -s pth_stack.dat,/home/chief/github/CCUCoding/CSCI473/Code/stencil_proj/data/N800_I5_T1
800,5,2,0.035459967,0.032646766,1.086171,0.543085,0.035459967;0.046702354;0.039654284,0.032646766;0.043666577;0.042291283,/home/chief/github/CCUCoding/CSCI473/Code/stencil_proj/code/stencil-2d initial.dat serial_final.dat 5,/home/chief/github/CCUCoding/CSCI473/Code/stencil_proj/code/pth-stencil-2d -n 5 -I initial.dat -o pth_final.dat -t 2 -s pth_stack.dat,/home/chief/github/CCUCoding/CSCI473/Code/stencil_proj/data/N800_I5_T2
800,5,3,0.036207165,0.032693651,1.107468,0.369156,0.036207165;0.042210691;0.042752983,0.032693651;0.040606693;0.040450410,/home/chief/github/CCUCoding/CSCI473/Code/stencil_proj/code/stencil-2d initial.dat serial_final.dat 5,/home/chief/github/CCUCoding/CSCI473/Code/stencil_proj/code/pth-stencil-2d -n 5 -I initial.dat -o pth_final.dat -t 3 -s pth_stack.dat,/home/chief/github/CCUCoding/CSCI473/Code/stencil_proj/data/N800_I5_T3
800,5,4,0.035459558,0.032187211,1.101666,0.275417,0.035459558;0.043014171;0.039101777,0.032187211;0.044961175;0.039439879,/home/chief/github/CCUCoding/CSCI473/Code/stencil_proj/code/stencil-2d initial.dat serial_final.dat 5,/home/chief/github/CCUCoding/CSCI473/Code/stencil_proj/code/pth-stencil-2d -n 5 -I initial.dat -o pth_final.dat -t 4 -s pth_stack.dat,/home/chief/github/CCUCoding/CSCI473/Code/stencil_proj/data/N800_I5_T4
800,5,5,0.038539156,0.032983938,1.168422,0.233684,0.038539156;0.041278404;0.039561944,0.032983938;0.040165023;0.048706845,/home/chief/github/CCUCoding/CSCI473/Code/stencil_proj/code/stencil-2d initial.dat serial_final.dat 5,/home/chief/github/CCUCoding/CSCI473/Code/stencil_proj/code/pth-stencil-2d -n 5 -I initial.dat -o pth_final.dat -t 5 -s pth_stack.dat,/home/chief/github/CCUCoding/CSCI473/Code/stencil_proj/data/N800_I5_T5
800,5,6,0.037166258,0.032197872,1.154308,0.192385,0.037166258;0.039419336;0.041397834,0.032197872;0.046182960;0.047864325,/home/chief/github/CCUCoding/CSCI473/Code/stencil_proj/code/stencil-2d initial.dat serial_final.dat 5,/home/chief/github/CCUCoding/CSCI473/Code/stencil_proj/code/pth-stencil-2d -n 5 -I initial.dat -o pth_final.dat -t 6 -s pth_stack.dat,/home/chief/github/CCUCoding/CSCI473/Code/stencil_proj/data/N800_I5_T6
800,5,7,0.034283917,0.031435453,1.090613,0.155802,0.034283917;0.042157703;0.038526410,0.031435453;0.040934790;0.047988913,/home/chief/github/CCUCoding/CSCI473/Code/stencil_proj/code/stencil-2d initial.dat serial_final.dat 5,/home/chief/github/CCUCoding/CSCI473/Code/stencil_proj/code/pth-stencil-2d -n 5 -I initial.dat -o pth_final.dat -t 7 -s pth_stack.dat,/home/chief/github/CCUCoding/CSCI473/Code/stencil_proj/data/N800_I5_T7
800,5,8,0.036640257,0.032462556,1.128693,0.141087,0.036640257;0.037439309;0.040696533,0.032462556;0.047261286;0.045880216,/home/chief/github/CCUCoding/CSCI473/Code/stencil_proj/code/stencil-2d initial.dat serial_final.dat 5,/home/chief/github/CCUCoding/CSCI473/Code/stencil_proj/code/pth-stencil-2d -n 5 -I initial.dat -o pth_final.dat -t 8 -s pth_stack.dat,/home/chief/github/CCUCoding/CSCI473/Code/stencil_proj/data/N800_I5_T8
800,6,1,0.040311038,0.040619699,0.992401,0.992401,0.040311038;0.045359113;0.045146264,0.040619699;0.055710153;0.052820874,/home/chief/github/CCUCoding/CSCI473/Code/stencil_proj/code/stencil-2d initial.dat serial_final.dat 6,/home/chief/github/CCUCoding/CSCI473/Code/stencil_proj/code/pth-stencil-2d -n 6 -I initial.dat -o pth_final.dat -t 1 -s pth_stack.dat,/home/chief/github/CCUCoding/CSCI473/Code/stencil_proj/data/N800_I6_T1
800,6,2,0.040072169,0.037420636,1.070858,0.535429,0.040072169;0.046801508;0.041928732,0.037420636;0.047836265;0.051116142,/home/chief/github/CCUCoding/CSCI473/Code/stencil_proj/code/stencil-2d initial.dat serial_final.dat 6,/home/chief/github/CCUCoding/CSCI473/Code/stencil_proj/code/pth-stencil-2d -n 6 -I initial.dat -o pth_final.dat -t 2 -s pth_stack.dat,/home/chief/github/CCUCoding/CSCI473/Code/stencil_proj/data/N800_I6_T2
800,6,3,0.041321510,0.037674096,1.096815,0.365605,0.041321510;0.045053819;0.051094714,0.037674096;0.047028235;0.049207438,/home/chief/github/CCUCoding/CSCI473/Code/stencil_proj/code/stencil-2d initial.dat serial_final.dat 6,/home/chief/github/CCUCoding/CSCI473/Code/stencil_proj/code/pth-stencil-2d -n 6 -I initial.dat -o pth_final.dat -t 3 -s pth_stack.dat,/home/chief/github/CCUCoding/CSCI473/Code/stencil_proj/data/N800_I6_T3
800,6,4,0.043815090,0.036727091,1.192991,0.298248,0.043815090;0.047675863;0.045601145,0.036727091;0.044356906;0.044204463,/home/chief/github/CCUCoding/CSCI473/Code/stencil_proj/code/stencil-2d initial.dat serial_final.dat 6,/home/chief/github/CCUCoding/CSCI473/Code/stencil_proj/code/pth-stencil-2d -n 6 -I initial.dat -o pth_final.dat -t 4 -s pth_stack.dat,/home/chief/github/CCUCoding/CSCI473/Code/stencil_proj/data/N800_I6_T4
800,6,5,0.040894995,0.042531873,0.961514,0.192303,0.040894995;0.046312547;0.044679649,0.042531873;0.044368946;0.055167010,/home/chief/github/CCUCoding/CSCI473/Code/stencil_proj/code/stencil-2d initial.dat serial_final.dat 6,/home/chief/github/CCUCoding/CSCI473/Code/stencil_proj/code/pth-stencil-2d -n 6 -I initial.dat -o pth_final.dat -t 5 -s pth_stack.dat,/home/chief/github/CCUCoding/CSCI473/Code/stencil_proj/data/N800_I6_T5
800,6,6,0.039501068,0.036461183,1.083373,0.180562,0.039501068;0.046033883;0.051951315,0.036461183;0.052082738;0.046033272,/home/chief/github/CCUCoding/CSCI473/Code/stencil_proj/code/stencil-2d initial.dat serial_final.dat 6,/home/chief/github/CCUCoding/CSCI473/Code/stencil_proj/code/pth-stencil-2d -n 6 -I initial.dat -o pth_final.dat -t 6 -s pth_stack.dat,/home/chief/github/CCUCoding/CSCI473/Code/stencil_proj/data/N800_I6_T6
800,6,7,0.041793941,0.041099274,1.016902,0.145272,0.041793941;0.042785128;0.046105106,0.041099274;0.044865050;0.047203432,/home/chief/github/CCUCoding/CSCI473/Code/stencil_proj/code/stencil-2d initial.dat serial_final.dat 6,/home/chief/github/CCUCoding/CSCI473/Code/stencil_proj/code/pth-stencil-2d -n 6 -I initial.dat -o pth_final.dat -t 7 -s pth_stack.dat,/home/chief/github/CCUCoding/CSCI473/Code/stencil_proj/data/N800_I6_T7
800,6,8,0.038012450,0.036968714,1.028233,0.128529,0.038012450;0.053747472;0.048553279,0.036968714;0.046803446;0.044464963,/home/chief/github/CCUCoding/CSCI473/Code/stencil_proj/code/stencil-2d initial.dat serial_final.dat 6,/home/chief/github/CCUCoding/CSCI473/Code/stencil_proj/code/pth-stencil-2d -n 6 -I initial.dat -o pth_final.dat -t 8 -s pth_stack.dat,/home/chief/github/CCUCoding/CSCI473/Code/stencil_proj/data/N800_I6_T8
800,7,1,0.043360311,0.046438766,0.933709,0.933709,0.043360311;0.059366853;0.049389881,0.046438766;0.055104360;0.063101406,/home/chief/github/CCUCoding/CSCI473/Code/stencil_proj/code/stencil-2d initial.dat serial_final.dat 7,/home/chief/github/CCUCoding/CSCI473/Code/stencil_proj/code/pth-stencil-2d -n 7 -I initial.dat -o pth_final.dat -t 1 -s pth_stack.dat,/home/chief/github/CCUCoding/CSCI473/Code/stencil_proj/data/N800_I7_T1
800,7,2,0.045771547,0.042739008,1.070955,0.535477,0.045771547;0.055112318;0.050078017,0.042739008;0.054904367;0.053737166,/home/chief/github/CCUCoding/CSCI473/Code/stencil_proj/code/stencil-2d initial.dat serial_final.dat 7,/home/chief/github/CCUCoding/CSCI473/Code/stencil_proj/code/pth-stencil-2d -n 7 -I initial.dat -o pth_final.dat -t 2 -s pth_stack.dat,/home/chief/github/CCUCoding/CSCI473/Code/stencil_proj/data/N800_I7_T2
800,7,3,0.045526352,0.040620107,1.120784,0.373595,0.045526352;0.052468030;0.057204383,0.040620107;0.061317595;0.052367625,/home/chief/github/CCUCoding/CSCI473/Code/stencil_proj/code/stencil-2d initial.dat serial_final.dat 7,/home/chief/github/CCUCoding/CSCI473/Code/stencil_proj/code/pth-stencil-2d -n 7 -I initial.dat -o pth_final.dat -t 3 -s pth_stack.dat,/home/chief/github/CCUCoding/CSCI473/Code/stencil_proj/data/N800_I7_T3
800,7,4,0.044143343,0.040948360,1.078025,0.269506,0.044143343;0.052896586;0.050540347,0.040948360;0.053391668;0.057632428,/home/chief/github/CCUCoding/CSCI473/Code/stencil_proj/code/stencil-2d initial.dat serial_final.dat 7,/home/chief/github/CCUCoding/CSCI473/Code/stencil_proj/code/pth-stencil-2d -n 7 -I initial.dat -o pth_final.dat -t 4 -s pth_stack.dat,/home/chief/github/CCUCoding/CSCI473/Code/stencil_proj/data/N800_I7_T4
800,7,5,0.046134696,0.041810981,1.103411,0.220682,0.046134696;0.050689117;0.057378458,0.041810981;0.050950740;0.056418494,/home/chief/github/CCUCoding/CSCI473/Code/stencil_proj/code/stencil-2d initial.dat serial_final.dat 7,/home/chief/github/CCUCoding/CSCI473/Code/stencil_proj/code/pth-stencil-2d -n 7 -I initial.dat -o pth_final.dat -t 5 -s pth_stack.dat,/home/chief/github/CCUCoding/CSCI473/Code/stencil_proj/data/N800_I7_T5
800,7,6,0.044221605,0.039551780,1.118069,0.186345,0.044221605;0.058427500;0.069461882,0.039551780;0.064589105;0.063783523,/home/chief/github/CCUCoding/CSCI473/Code/stencil_proj/code/stencil-2d initial.dat serial_final.dat 7,/home/chief/github/CCUCoding/CSCI473/Code/stencil_proj/code/pth-stencil-2d -n 7 -I initial.dat -o pth_final.dat -t 6 -s pth_stack.dat,/home/chief/github/CCUCoding/CSCI473/Code/stencil_proj/data/N800_I7_T6
800,7,7,0.043404289,0.040580313,1.069590,0.152799,0.043404289;0.147193147;0.071588435,0.040580313;0.065165410;0.068309782,/home/chief/github/CCUCoding/CSCI473/Code/stencil_proj/code/stencil-2d initial.dat serial_final.dat 7,/home/chief/github/CCUCoding/CSCI473/Code/stencil_proj/code/pth-stencil-2d -n 7 -I initial.dat -o pth_final.dat -t 7 -s pth_stack.dat,/home/chief/github/CCUCoding/CSCI473/Code/stencil_proj/data/N800_I7_T7
800,7,8,0.044311499,0.040889791,1.083681,0.135460,0.044311499;0.059781633;0.061693908,0.040889791;0.066165271;0.064812363,/home/chief/github/CCUCoding/CSCI473/Code/stencil_proj/code/stencil-2d initial.dat serial_final.dat 7,/home/chief/github/CCUCoding/CSCI473/Code/stencil_proj/code/pth-stencil-2d -n 7 -I initial.dat -o pth_final.dat -t 8 -s pth_stack.dat,/home/chief/github/CCUCoding/CSCI473/Code/stencil_proj/data/N800_I7_T8
800,8,1,0.048303594,0.048850513,0.988804,0.988804,0.048303594;0.060871286;0.067689500,0.048850513;0.070537658;0.068003059,/home/chief/github/CCUCoding/CSCI473/Code/stencil_proj/code/stencil-2d initial.dat serial_final.dat 8,/home/chief/github/CCUCoding/CSCI473/Code/stencil_proj/code/pth-stencil-2d -n 8 -I initial.dat -o pth_final.dat -t 1 -s pth_stack.dat,/home/chief/github/CCUCoding/CSCI473/Code/stencil_proj/data/N800_I8_T1
800,8,2,0.047579234,0.046085310,1.032416,0.516208,0.047579234;0.068122442;0.059983768,0.046085310;0.063890866;0.064048513,/home/chief/github/CCUCoding/CSCI473/Code/stencil_proj/code/stencil-2d initial.dat serial_final.dat 8,/home/chief/github/CCUCoding/CSCI473/Code/stencil_proj/code/pth-stencil-2d -n 8 -I initial.dat -o pth_final.dat -t 2 -s pth_stack.dat,/home/chief/github/CCUCoding/CSCI473/Code/stencil_proj/data/N800_I8_T2
800,8,3,0.047417812,0.044221086,1.072290,0.357430,0.047417812;0.059405321;0.067668063,0.044221086;0.088413199;0.059723786,/home/chief/github/CCUCoding/CSCI473/Code/stencil_proj/code/stencil-2d initial.dat serial_final.dat 8,/home/chief/github/CCUCoding/CSCI473/Code/stencil_proj/code/pth-stencil-2d -n 8 -I initial.dat -o pth_final.dat -t 3 -s pth_stack.dat,/home/chief/github/CCUCoding/CSCI473/Code/stencil_proj/data/N800_I8_T3
800,8,4,0.049546575,0.042781932,1.158119,0.289530,0.049546575;0.058648630;0.058853684,0.046411593;0.066590547;0.042781932,/home/chief/github/CCUCoding/CSCI473/Code/stencil_proj/code/stencil-2d initial.dat serial_final.dat 8,/home/chief/github/CCUCoding/CSCI473/Code/stencil_proj/code/pth-stencil-2d -n 8 -I initial.dat -o pth_final.dat -t 4 -s pth_stack.dat,/home/chief/github/CCUCoding/CSCI473/Code/stencil_proj/data/N800_I8_T4
800,8,5,0.050185609,0.043967472,1.141426,0.228285,0.050185609;0.061303621;0.086861112,0.043967472;0.057830453;0.059183096,/home/chief/github/CCUCoding/CSCI473/Code/stencil_proj/code/stencil-2d initial.dat serial_final.dat 8,/home/chief/github/CCUCoding/CSCI473/Code/stencil_proj/code/pth-stencil-2d -n 8 -I initial.dat -o pth_final.dat -t 5 -s pth_stack.dat,/home/chief/github/CCUCoding/CSCI473/Code/stencil_proj/data/N800_I8_T5
800,8,6,0.048995990,0.045591888,1.074665,0.179111,0.048995990;0.059140453;0.055600363,0.045591888;0.062569141;0.063376402,/home/chief/github/CCUCoding/CSCI473/Code/stencil_proj/code/stencil-2d initial.dat serial_final.dat 8,/home/chief/github/CCUCoding/CSCI473/Code/stencil_proj/code/pth-stencil-2d -n 8 -I initial.dat -o pth_final.dat -t 6 -s pth_stack.dat,/home/chief/github/CCUCoding/CSCI473/Code/stencil_proj/data/N800_I8_T6
800,8,7,0.048686674,0.044606404,1.091473,0.155925,0.048686674;0.057954302;0.068796971,0.044606404;0.059970872;0.057160508,/home/chief/github/CCUCoding/CSCI473/Code/stencil_proj/code/stencil-2d initial.dat serial_final.dat 8,/home/chief/github/CCUCoding/CSCI473/Code/stencil_proj/code/pth-stencil-2d -n 8 -I initial.dat -o pth_final.dat -t 7 -s pth_stack.dat,/home/chief/github/CCUCoding/CSCI473/Code/stencil_proj/data/N800_I8_T7
800,8,8,0.049178395,0.046507490,1.057430,0.132179,0.049178395;0.061662823;0.060844544,0.046507490;0.065977426;0.060018310,/home/chief/github/CCUCoding/CSCI473/Code/stencil_proj/code/stencil-2d initial.dat serial_final.dat 8,/home/chief/github/CCUCoding/CSCI473/Code/stencil_proj/code/pth-stencil-2d -n 8 -I initial.dat -o pth_final.dat -t 8 -s pth_stack.dat,/home/chief/github/CCUCoding/CSCI473/Code/stencil_proj/data/N800_I8_T8
800,9,1,0.054156415,0.051973966,1.041991,1.041991,0.054156415;0.065422861;0.068302800,0.051973966;0.073331522;0.068352482,/home/chief/github/CCUCoding/CSCI473/Code/stencil_proj/code/stencil-2d initial.dat serial_final.dat 9,/home/chief/github/CCUCoding/CSCI473/Code/stencil_proj/code/pth-stencil-2d -n 9 -I initial.dat -o pth_final.dat -t 1 -s pth_stack.dat,/home/chief/github/CCUCoding/CSCI473/Code/stencil_proj/data/N800_I9_T1
800,9,2,0.053322426,0.050215806,1.061865,0.530933,0.053322426;0.063606552;0.062447231,0.050215806;0.072542727;0.065608329,/home/chief/github/CCUCoding/CSCI473/Code/stencil_proj/code/stencil-2d initial.dat serial_final.dat 9,/home/chief/github/CCUCoding/CSCI473/Code/stencil_proj/code/pth-stencil-2d -n 9 -I initial.dat -o pth_final.dat -t 2 -s pth_stack.dat,/home/chief/github/CCUCoding/CSCI473/Code/stencil_proj/data/N800_I9_T2
800,9,3,0.056467201,0.048021523,1.175873,0.391958,0.056467201;0.103481001;0.079541498,0.048021523;0.068226594;0.068281071,/home/chief/github/CCUCoding/CSCI473/Code/stencil_proj/code/stencil-2d initial.dat serial_final.dat 9,/home/chief/github/CCUCoding/CSCI473/Code/stencil_proj/code/pth-stencil-2d -n 9 -I initial.dat -o pth_final.dat -t 3 -s pth_stack.dat,/home/chief/github/CCUCoding/CSCI473/Code/stencil_proj/data/N800_I9_T3
800,9,4,0.053806599,0.046955753,1.145900,0.286475,0.053806599;0.067569299;0.075755445,0.046955753;0.071412583;0.070934634,/home/chief/github/CCUCoding/CSCI473/Code/stencil_proj/code/stencil-2d initial.dat serial_final.dat 9,/home/chief/github/CCUCoding/CSCI473/Code/stencil_proj/code/pth-stencil-2d -n 9 -I initial.dat -o pth_final.dat -t 4 -s pth_stack.dat,/home/chief/github/CCUCoding/CSCI473/Code/stencil_proj/data/N800_I9_T4
800,9,5,0.054604269,0.047652732,1.145879,0.229176,0.054604269;0.064883702;0.066253994,0.047652732;0.071292407;0.064055936,/home/chief/github/CCUCoding/CSCI473/Code/stencil_proj/code/stencil-2d initial.dat serial_final.dat 9,/home/chief/github/CCUCoding/CSCI473/Code/stencil_proj/code/pth-stencil-2d -n 9 -I initial.dat -o pth_final.dat -t 5 -s pth_stack.dat,/home/chief/github/CCUCoding/CSCI473/Code/stencil_proj/data/N800_I9_T5
800,9,6,0.062722575,0.053788338,1.166100,0.194350,0.062722575;0.065674436;0.070256833,0.053788338;0.062194127;0.065187814,/home/chief/github/CCUCoding/CSCI473/Code/stencil_proj/code/stencil-2d initial.dat serial_final.dat 9,/home/chief/github/CCUCoding/CSCI473/Code/stencil_proj/code/pth-stencil-2d -n 9 -I initial.dat -o pth_final.dat -t 6 -s pth_stack.dat,/home/chief/github/CCUCoding/CSCI473/Code/stencil_proj/data/N800_I9_T6
800,9,7,0.053533398,0.049157278,1.089023,0.155575,0.053533398;0.060913916;0.063290300,0.049157278;0.065221990;0.069448858,/home/chief/github/CCUCoding/CSCI473/Code/stencil_proj/code/stencil-2d initial.dat serial_final.dat 9,/home/chief/github/CCUCoding/CSCI473/Code/stencil_proj/code/pth-stencil-2d -n 9 -I initial.dat -o pth_final.dat -t 7 -s pth_stack.dat,/home/chief/github/CCUCoding/CSCI473/Code/stencil_proj/data/N800_I9_T7
800,9,8,0.053974723,0.049623190,1.087692,0.135961,0.053974723;0.068280969;0.063638993,0.049623190;0.065603942;0.070436485,/home/chief/github/CCUCoding/CSCI473/Code/stencil_proj/code/stencil-2d initial.dat serial_final.dat 9,/home/chief/github/CCUCoding/CSCI473/Code/stencil_proj/code/pth-stencil-2d -n 9 -I initial.dat -o pth_final.dat -t 8 -s pth_stack.dat,/home/chief/github/CCUCoding/CSCI473/Code/stencil_proj/data/N800_I9_T8
800,10,1,0.058994773,0.058290040,1.012090,1.012090,0.058994773;0.072679531;0.071534494,0.058290040;0.076616366;0.076931598,/home/chief/github/CCUCoding/CSCI473/Code/stencil_proj/code/stencil-2d initial.dat serial_final.dat 10,/home/chief/github/CCUCoding/CSCI473/Code/stencil_proj/code/pth-stencil-2d -n 10 -I initial.dat -o pth_final.dat -t 1 -s pth_stack.dat,/home/chief/github/CCUCoding/CSCI473/Code/stencil_proj/data/N800_I10_T1
800,10,2,0.060926465,0.054863086,1.110518,0.555259,0.060926465;0.071054299;0.068943058,0.054863086;0.072020196;0.072269322,/home/chief/github/CCUCoding/CSCI473/Code/stencil_proj/code/stencil-2d initial.dat serial_final.dat 10,/home/chief/github/CCUCoding/CSCI473/Code/stencil_proj/code/pth-stencil-2d -n 10 -I initial.dat -o pth_final.dat -t 2 -s pth_stack.dat,/home/chief/github/CCUCoding/CSCI473/Code/stencil_proj/data/N800_I10_T2
800,10,3,0.057084710,0.054981876,1.038246,0.346082,0.057084710;0.079757672;0.065803691,0.054981876;0.094652145;0.080052692,/home/chief/github/CCUCoding/CSCI473/Code/stencil_proj/code/stencil-2d initial.dat serial_final.dat 10,/home/chief/github/CCUCoding/CSCI473/Code/stencil_proj/code/pth-stencil-2d -n 10 -I initial.dat -o pth_final.dat -t 3 -s pth_stack.dat,/home/chief/github/CCUCoding/CSCI473/Code/stencil_proj/data/N800_I10_T3
800,10,4,0.058515780,0.054268330,1.078268,0.269567,0.058515780;0.082186170;0.072442681,0.054268330;0.074339106;0.080409854,/home/chief/github/CCUCoding/CSCI473/Code/stencil_proj/code/stencil-2d initial.dat serial_final.dat 10,/home/chief/github/CCUCoding/CSCI473/Code/stencil_proj/code/pth-stencil-2d -n 10 -I initial.dat -o pth_final.dat -t 4 -s pth_stack.dat,/home/chief/github/CCUCoding/CSCI473/Code/stencil_proj/data/N800_I10_T4
800,10,5,0.056906352,0.053643678,1.060821,0.212164,0.056906352;0.076942300;0.077157701,0.053643678;0.071741429;0.071310831,/home/chief/github/CCUCoding/CSCI473/Code/stencil_proj/code/stencil-2d initial.dat serial_final.dat 10,/home/chief/github/CCUCoding/CSCI473/Code/stencil_proj/code/pth-stencil-2d -n 10 -I initial.dat -o pth_final.dat -t 5 -s pth_stack.dat,/home/chief/github/CCUCoding/CSCI473/Code/stencil_proj/data/N800_I10_T5
800,10,6,0.059974765,0.055299169,1.084551,0.180758,0.059974765;0.073633054;0.071437681,0.055299169;0.066122113;0.071899839,/home/chief/github/CCUCoding/CSCI473/Code/stencil_proj/code/stencil-2d initial.dat serial_final.dat 10,/home/chief/github/CCUCoding/CSCI473/Code/stencil_proj/code/pth-stencil-2d -n 10 -I initial.dat -o pth_final.dat -t 6 -s pth_stack.dat,/home/chief/github/CCUCoding/CSCI473/Code/stencil_proj/data/N800_I10_T6
800,10,7,0.061263697,0.053344221,1.148460,0.164066,0.061263697;0.069593957;0.068419824,0.053344221;0.086900373;0.092793203,/home/chief/github/CCUCoding/CSCI473/Code/stencil_proj/code/stencil-2d initial.dat serial_final.dat 10,/home/chief/github/CCUCoding/CSCI473/Code/stencil_proj/code/pth-stencil-2d -n 10 -I initial.dat -o pth_final.dat -t 7 -s pth_stack.dat,/home/chief/github/CCUCoding/CSCI473/Code/stencil_proj/data/N800_I10_T7
800,10,8,0.060142776,0.053710678,1.119755,0.139969,0.060142776;0.075432963;0.073643574,0.053710678;0.069357007;0.079073838,/home/chief/github/CCUCoding/CSCI473/Code/stencil_proj/code/stencil-2d initial.dat serial_final.dat 10,/home/chief/github/CCUCoding/CSCI473/Code/stencil_proj/code/pth-stencil-2d -n 10 -I initial.dat -o pth_final.dat -t 8 -s pth_stack.dat,/home/chief/github/CCUCoding/CSCI473/Code/stencil_proj/data/N800_I10_T8
900,5,1,0.043120906,0.042588072,1.012511,1.012511,0.043120906;0.051574340;0.048064809,0.042588072;0.054962229;0.056389042,/home/chief/github/CCUCoding/CSCI473/Code/stencil_proj/code/stencil-2d initial.dat serial_final.dat 5,/home/chief/github/CCUCoding/CSCI473/Code/stencil_proj/code/pth-stencil-2d -n 5 -I initial.dat -o pth_final.dat -t 1 -s pth_stack.dat,/home/chief/github/CCUCoding/CSCI473/Code/stencil_proj/data/N900_I5_T1
900,5,2,0.046275725,0.043168602,1.071976,0.535988,0.046275725;0.063903966;0.047699986,0.044286868;0.043168602;0.044408102,/home/chief/github/CCUCoding/CSCI473/Code/stencil_proj/code/stencil-2d initial.dat serial_final.dat 5,/home/chief/github/CCUCoding/CSCI473/Code/stencil_proj/code/pth-stencil-2d -n 5 -I initial.dat -o pth_final.dat -t 2 -s pth_stack.dat,/home/chief/github/CCUCoding/CSCI473/Code/stencil_proj/data/N900_I5_T2
900,5,3,0.044587653,0.041113665,1.084497,0.361499,0.044587653;0.061694601;0.052348311,0.041113665;0.053286516;0.053343813,/home/chief/github/CCUCoding/CSCI473/Code/stencil_proj/code/stencil-2d initial.dat serial_final.dat 5,/home/chief/github/CCUCoding/CSCI473/Code/stencil_proj/code/pth-stencil-2d -n 5 -I initial.dat -o pth_final.dat -t 3 -s pth_stack.dat,/home/chief/github/CCUCoding/CSCI473/Code/stencil_proj/data/N900_I5_T3
900,5,4,0.042615342,0.040164226,1.061027,0.265257,0.042615342;0.055749580;0.051120047,0.040164226;0.124858708;0.057393633,/home/chief/github/CCUCoding/CSCI473/Code/stencil_proj/code/stencil-2d initial.dat serial_final.dat 5,/home/chief/github/CCUCoding/CSCI473/Code/stencil_proj/code/pth-stencil-2d -n 5 -I initial.dat -o pth_final.dat -t 4 -s pth_stack.dat,/home/chief/github/CCUCoding/CSCI473/Code/stencil_proj/data/N900_I5_T4
900,5,5,0.045864739,0.041599006,1.102544,0.220509,0.045864739;0.048500410;0.049326369,0.041599006;0.051906888;0.052199604,/home/chief/github/CCUCoding/CSCI473/Code/stencil_proj/code/stencil-2d initial.dat serial_final.dat 5,/home/chief/github/CCUCoding/CSCI473/Code/stencil_proj/code/pth-stencil-2d -n 5 -I initial.dat -o pth_final.dat -t 5 -s pth_stack.dat,/home/chief/github/CCUCoding/CSCI473/Code/stencil_proj/data/N900_I5_T5
900,5,6,0.044764550,0.040063114,1.117351,0.186225,0.044764550;0.053741625;0.052588633,0.040063114;0.051450349;0.059714630,/home/chief/github/CCUCoding/CSCI473/Code/stencil_proj/code/stencil-2d initial.dat serial_final.dat 5,/home/chief/github/CCUCoding/CSCI473/Code/stencil_proj/code/pth-stencil-2d -n 5 -I initial.dat -o pth_final.dat -t 6 -s pth_stack.dat,/home/chief/github/CCUCoding/CSCI473/Code/stencil_proj/data/N900_I5_T6
900,5,7,0.041941768,0.040148089,1.044677,0.149240,0.041941768;0.054615791;0.048284702,0.040148089;0.059155242;0.050667287,/home/chief/github/CCUCoding/CSCI473/Code/stencil_proj/code/stencil-2d initial.dat serial_final.dat 5,/home/chief/github/CCUCoding/CSCI473/Code/stencil_proj/code/pth-stencil-2d -n 5 -I initial.dat -o pth_final.dat -t 7 -s pth_stack.dat,/home/chief/github/CCUCoding/CSCI473/Code/stencil_proj/data/N900_I5_T7
900,5,8,0.045496136,0.041497995,1.096345,0.137043,0.045496136;0.052673302;0.056121042,0.041497995;0.050080833;0.051621219,/home/chief/github/CCUCoding/CSCI473/Code/stencil_proj/code/stencil-2d initial.dat serial_final.dat 5,/home/chief/github/CCUCoding/CSCI473/Code/stencil_proj/code/pth-stencil-2d -n 5 -I initial.dat -o pth_final.dat -t 8 -s pth_stack.dat,/home/chief/github/CCUCoding/CSCI473/Code/stencil_proj/data/N900_I5_T8
900,6,1,0.052213903,0.050054687,1.043137,1.043137,0.052213903;0.064113647;0.054883688,0.050054687;0.064858307;0.069751244,/home/chief/github/CCUCoding/CSCI473/Code/stencil_proj/code/stencil-2d initial.dat serial_final.dat 6,/home/chief/github/CCUCoding/CSCI473/Code/stencil_proj/code/pth-stencil-2d -n 6 -I initial.dat -o pth_final.dat -t 1 -s pth_stack.dat,/home/chief/github/CCUCoding/CSCI473/Code/stencil_proj/data/N900_I6_T1
900,6,2,0.049371921,0.048516445,1.017633,0.508816,0.049371921;0.057501589;0.054887160,0.048516445;0.059460214;0.058268513,/home/chief/github/CCUCoding/CSCI473/Code/stencil_proj/code/stencil-2d initial.dat serial_final.dat 6,/home/chief/github/CCUCoding/CSCI473/Code/stencil_proj/code/pth-stencil-2d -n 6 -I initial.dat -o pth_final.dat -t 2 -s pth_stack.dat,/home/chief/github/CCUCoding/CSCI473/Code/stencil_proj/data/N900_I6_T2
900,6,3,0.048840721,0.045037145,1.084454,0.361485,0.048840721;0.061662940;0.060506884,0.045037145;0.070685872;0.062516985,/home/chief/github/CCUCoding/CSCI473/Code/stencil_proj/code/stencil-2d initial.dat serial_final.dat 6,/home/chief/github/CCUCoding/CSCI473/Code/stencil_proj/code/pth-stencil-2d -n 6 -I initial.dat -o pth_final.dat -t 3 -s pth_stack.dat,/home/chief/github/CCUCoding/CSCI473/Code/stencil_proj/data/N900_I6_T3
900,6,4,0.050865325,0.046858299,1.085514,0.271378,0.050865325;0.055231557;0.051958976,0.046858299;0.056530805;0.055953495,/home/chief/github/CCUCoding/CSCI473/Code/stencil_proj/code/stencil-2d initial.dat serial_final.dat 6,/home/chief/github/CCUCoding/CSCI473/Code/stencil_proj/code/pth-stencil-2d -n 6 -I initial.dat -o pth_final.dat -t 4 -s pth_stack.dat,/home/chief/github/CCUCoding/CSCI473/Code/stencil_proj/data/N900_I6_T4
900,6,5,0.049481507,0.044720435,1.106463,0.221293,0.049481507;0.066980022;0.054824718,0.044720435;0.074370782;0.056840408,/home/chief/github/CCUCoding/CSCI473/Code/stencil_proj/code/stencil-2d initial.dat serial_final.dat 6,/home/chief/github/CCUCoding/CSCI473/Code/stencil_proj/code/pth-stencil-2d -n 6 -I initial.dat -o pth_final.dat -t 5 -s pth_stack.dat,/home/chief/github/CCUCoding/CSCI473/Code/stencil_proj/data/N900_I6_T5
900,6,6,0.050435335,0.046454399,1.085696,0.180949,0.050435335;0.057365876;0.052000608,0.046454399;0.059208792;0.063241295,/home/chief/github/CCUCoding/CSCI473/Code/stencil_proj/code/stencil-2d initial.dat serial_final.dat 6,/home/chief/github/CCUCoding/CSCI473/Code/stencil_proj/code/pth-stencil-2d -n 6 -I initial.dat -o pth_final.dat -t 6 -s pth_stack.dat,/home/chief/github/CCUCoding/CSCI473/Code/stencil_proj/data/N900_I6_T6
900,6,7,0.049721368,0.044033017,1.129184,0.161312,0.049721368;0.069426829;0.060684106,0.044033017;0.063411618;0.065220326,/home/chief/github/CCUCoding/CSCI473/Code/stencil_proj/code/stencil-2d initial.dat serial_final.dat 6,/home/chief/github/CCUCoding/CSCI473/Code/stencil_proj/code/pth-stencil-2d -n 6 -I initial.dat -o pth_final.dat -t 7 -s pth_stack.dat,/home/chief/github/CCUCoding/CSCI473/Code/stencil_proj/data/N900_I6_T7
900,6,8,0.049283104,0.047436205,1.038934,0.129867,0.049283104;0.063164507;0.061659479,0.047436205;0.058972710;0.061967449,/home/chief/github/CCUCoding/CSCI473/Code/stencil_proj/code/stencil-2d initial.dat serial_final.dat 6,/home/chief/github/CCUCoding/CSCI473/Code/stencil_proj/code/pth-stencil-2d -n 6 -I initial.dat -o pth_final.dat -t 8 -s pth_stack.dat,/home/chief/github/CCUCoding/CSCI473/Code/stencil_proj/data/N900_I6_T8
900,7,1,0.054556266,0.054408408,1.002718,1.002718,0.054556266;0.074309923;0.063593173,0.054408408;0.078063354;0.074771776,/home/chief/github/CCUCoding/CSCI473/Code/stencil_proj/code/stencil-2d initial.dat serial_final.dat 7,/home/chief/github/CCUCoding/CSCI473/Code/stencil_proj/code/pth-stencil-2d -n 7 -I initial.dat -o pth_final.dat -t 1 -s pth_stack.dat,/home/chief/github/CCUCoding/CSCI473/Code/stencil_proj/data/N900_I7_T1
900,7,2,0.055245828,0.050549189,1.092912,0.546456,0.055245828;0.061963467;0.068783421,0.050549189;0.073730643;0.066480797,/home/chief/github/CCUCoding/CSCI473/Code/stencil_proj/code/stencil-2d initial.dat serial_final.dat 7,/home/chief/github/CCUCoding/CSCI473/Code/stencil_proj/code/pth-stencil-2d -n 7 -I initial.dat -o pth_final.dat -t 2 -s pth_stack.dat,/home/chief/github/CCUCoding/CSCI473/Code/stencil_proj/data/N900_I7_T2
900,7,3,0.055065805,0.050793951,1.084102,0.361367,0.055065805;0.069559063;0.064210848,0.050793951;0.067519275;0.066149648,/home/chief/github/CCUCoding/CSCI473/Code/stencil_proj/code/stencil-2d initial.dat serial_final.dat 7,/home/chief/github/CCUCoding/CSCI473/Code/stencil_proj/code/pth-stencil-2d -n 7 -I initial.dat -o pth_final.dat -t 3 -s pth_stack.dat,/home/chief/github/CCUCoding/CSCI473/Code/stencil_proj/data/N900_I7_T3
900,7,4,0.054203163,0.053290691,1.017123,0.254281,0.054203163;0.071439761;0.064954836,0.053290691;0.071829625;0.065865674,/home/chief/github/CCUCoding/CSCI473/Code/stencil_proj/code/stencil-2d initial.dat serial_final.dat 7,/home/chief/github/CCUCoding/CSCI473/Code/stencil_proj/code/pth-stencil-2d -n 7 -I initial.dat -o pth_final.dat -t 4 -s pth_stack.dat,/home/chief/github/CCUCoding/CSCI473/Code/stencil_proj/data/N900_I7_T4
900,7,5,0.059667786,0.049053760,1.216375,0.243275,0.062533149;0.059667786;0.067005550,0.049053760;0.066695028;0.066116768,/home/chief/github/CCUCoding/CSCI473/Code/stencil_proj/code/stencil-2d initial.dat serial_final.dat 7,/home/chief/github/CCUCoding/CSCI473/Code/stencil_proj/code/pth-stencil-2d -n 7 -I initial.dat -o pth_final.dat -t 5 -s pth_stack.dat,/home/chief/github/CCUCoding/CSCI473/Code/stencil_proj/data/N900_I7_T5
900,7,6,0.054558819,0.050220491,1.086386,0.181064,0.054558819;0.065948998;0.065456104,0.050220491;0.062639958;0.067199359,/home/chief/github/CCUCoding/CSCI473/Code/stencil_proj/code/stencil-2d initial.dat serial_final.dat 7,/home/chief/github/CCUCoding/CSCI473/Code/stencil_proj/code/pth-stencil-2d -n 7 -I initial.dat -o pth_final.dat -t 6 -s pth_stack.dat,/home/chief/github/CCUCoding/CSCI473/Code/stencil_proj/data/N900_I7_T6
900,7,7,0.053314993,0.050274815,1.060471,0.151496,0.053314993;0.076168667;0.063248851,0.050274815;0.071881191;0.072591584,/home/chief/github/CCUCoding/CSCI473/Code/stencil_proj/code/stencil-2d initial.dat serial_final.dat 7,/home/chief/github/CCUCoding/CSCI473/Code/stencil_proj/code/pth-stencil-2d -n 7 -I initial.dat -o pth_final.dat -t 7 -s pth_stack.dat,/home/chief/github/CCUCoding/CSCI473/Code/stencil_proj/data/N900_I7_T7
900,7,8,0.054716377,0.053153145,1.029410,0.128676,0.054716377;0.067327508;0.075113647,0.053153145;0.067243266;0.072882500,/home/chief/github/CCUCoding/CSCI473/Code/stencil_proj/code/stencil-2d initial.dat serial_final.dat 7,/home/chief/github/CCUCoding/CSCI473/Code/stencil_proj/code/pth-stencil-2d -n 7 -I initial.dat -o pth_final.dat -t 8 -s pth_stack.dat,/home/chief/github/CCUCoding/CSCI473/Code/stencil_proj/data/N900_I7_T8
900,8,1,0.060193662,0.063219136,0.952143,0.952143,0.060193662;0.074659657;0.069120186,0.063219136;0.086951075;0.081613276,/home/chief/github/CCUCoding/CSCI473/Code/stencil_proj/code/stencil-2d initial.dat serial_final.dat 8,/home/chief/github/CCUCoding/CSCI473/Code/stencil_proj/code/pth-stencil-2d -n 8 -I initial.dat -o pth_final.dat -t 1 -s pth_stack.dat,/home/chief/github/CCUCoding/CSCI473/Code/stencil_proj/data/N900_I8_T1
900,8,2,0.060003530,0.058621853,1.023569,0.511785,0.060003530;0.073924247;0.075272635,0.058621853;0.075375768;0.075340232,/home/chief/github/CCUCoding/CSCI473/Code/stencil_proj/code/stencil-2d initial.dat serial_final.dat 8,/home/chief/github/CCUCoding/CSCI473/Code/stencil_proj/code/pth-stencil-2d -n 8 -I initial.dat -o pth_final.dat -t 2 -s pth_stack.dat,/home/chief/github/CCUCoding/CSCI473/Code/stencil_proj/data/N900_I8_T2
900,8,3,0.060360615,0.057251307,1.054310,0.351437,0.060360615;0.073435743;0.071350311,0.057251307;0.079495168;0.074320032,/home/chief/github/CCUCoding/CSCI473/Code/stencil_proj/code/stencil-2d initial.dat serial_final.dat 8,/home/chief/github/CCUCoding/CSCI473/Code/stencil_proj/code/pth-stencil-2d -n 8 -I initial.dat -o pth_final.dat -t 3 -s pth_stack.dat,/home/chief/github/CCUCoding/CSCI473/Code/stencil_proj/data/N900_I8_T3
900,8,4,0.061426153,0.056695821,1.083434,0.270858,0.061426153;0.087489307;0.070944007,0.056695821;0.077658481;0.073966821,/home/chief/github/CCUCoding/CSCI473/Code/stencil_proj/code/stencil-2d initial.dat serial_final.dat 8,/home/chief/github/CCUCoding/CSCI473/Code/stencil_proj/code/pth-stencil-2d -n 8 -I initial.dat -o pth_final.dat -t 4 -s pth_stack.dat,/home/chief/github/CCUCoding/CSCI473/Code/stencil_proj/data/N900_I8_T4
900,8,5,0.062735062,0.058588865,1.070768,0.214154,0.062735062;0.078547765;0.072184152,0.058588865;0.076116052;0.085585135,/home/chief/github/CCUCoding/CSCI473/Code/stencil_proj/code/stencil-2d initial.dat serial_final.dat 8,/home/chief/github/CCUCoding/CSCI473/Code/stencil_proj/code/pth-stencil-2d -n 8 -I initial.dat -o pth_final.dat -t 5 -s pth_stack.dat,/home/chief/github/CCUCoding/CSCI473/Code/stencil_proj/data/N900_I8_T5
900,8,6,0.060131193,0.056632194,1.061785,0.176964,0.060131193;0.075928310;0.080814603,0.056632194;0.081033720;0.082898519,/home/chief/github/CCUCoding/CSCI473/Code/stencil_proj/code/stencil-2d initial.dat serial_final.dat 8,/home/chief/github/CCUCoding/CSCI473/Code/stencil_proj/code/pth-stencil-2d -n 8 -I initial.dat -o pth_final.dat -t 6 -s pth_stack.dat,/home/chief/github/CCUCoding/CSCI473/Code/stencil_proj/data/N900_I8_T6
900,8,7,0.063045844,0.056248406,1.120847,0.160121,0.063383184;0.110161585;0.063045844,0.056248406;0.075168322;0.071403862,/home/chief/github/CCUCoding/CSCI473/Code/stencil_proj/code/stencil-2d initial.dat serial_final.dat 8,/home/chief/github/CCUCoding/CSCI473/Code/stencil_proj/code/pth-stencil-2d -n 8 -I initial.dat -o pth_final.dat -t 7 -s pth_stack.dat,/home/chief/github/CCUCoding/CSCI473/Code/stencil_proj/data/N900_I8_T7
900,8,8,0.064101440,0.056365707,1.137242,0.142155,0.064101440;0.069133845;0.075547496,0.056365707;0.073996658;0.072029324,/home/chief/github/CCUCoding/CSCI473/Code/stencil_proj/code/stencil-2d initial.dat serial_final.dat 8,/home/chief/github/CCUCoding/CSCI473/Code/stencil_proj/code/pth-stencil-2d -n 8 -I initial.dat -o pth_final.dat -t 8 -s pth_stack.dat,/home/chief/github/CCUCoding/CSCI473/Code/stencil_proj/data/N900_I8_T8
900,9,1,0.067712407,0.067863338,0.997776,0.997776,0.067712407;0.164327408;0.083744534,0.067863338;0.087076503;0.087740517,/home/chief/github/CCUCoding/CSCI473/Code/stencil_proj/code/stencil-2d initial.dat serial_final.dat 9,/home/chief/github/CCUCoding/CSCI473/Code/stencil_proj/code/pth-stencil-2d -n 9 -I initial.dat -o pth_final.dat -t 1 -s pth_stack.dat,/home/chief/github/CCUCoding/CSCI473/Code/stencil_proj/data/N900_I9_T1
900,9,2,0.063859048,0.063695095,1.002574,0.501287,0.063859048;0.098120417;0.080449580,0.063695095;0.091758341;0.082694578,/home/chief/github/CCUCoding/CSCI473/Code/stencil_proj/code/stencil-2d initial.dat serial_final.dat 9,/home/chief/github/CCUCoding/CSCI473/Code/stencil_proj/code/pth-stencil-2d -n 9 -I initial.dat -o pth_final.dat -t 2 -s pth_stack.dat,/home/chief/github/CCUCoding/CSCI473/Code/stencil_proj/data/N900_I9_T2
900,9,3,0.068502949,0.060864316,1.125503,0.375168,0.068502949;0.082385025;0.079656063,0.060864316;0.091735374;0.083055192,/home/chief/github/CCUCoding/CSCI473/Code/stencil_proj/code/stencil-2d initial.dat serial_final.dat 9,/home/chief/github/CCUCoding/CSCI473/Code/stencil_proj/code/pth-stencil-2d -n 9 -I initial.dat -o pth_final.dat -t 3 -s pth_stack.dat,/home/chief/github/CCUCoding/CSCI473/Code/stencil_proj/data/N900_I9_T3
900,9,4,0.068944361,0.061401597,1.122843,0.280711,0.068944361;0.079038804;0.080222465,0.061401597;0.082410659;0.086910806,/home/chief/github/CCUCoding/CSCI473/Code/stencil_proj/code/stencil-2d initial.dat serial_final.dat 9,/home/chief/github/CCUCoding/CSCI473/Code/stencil_proj/code/pth-stencil-2d -n 9 -I initial.dat -o pth_final.dat -t 4 -s pth_stack.dat,/home/chief/github/CCUCoding/CSCI473/Code/stencil_proj/data/N900_I9_T4
900,9,5,0.068448401,0.060756347,1.126605,0.225321,0.068448401;0.077725539;0.087465211,0.060756347;0.079576701;0.077373230,/home/chief/github/CCUCoding/CSCI473/Code/stencil_proj/code/stencil-2d initial.dat serial_final.dat 9,/home/chief/github/CCUCoding/CSCI473/Code/stencil_proj/code/pth-stencil-2d -n 9 -I initial.dat -o pth_final.dat -t 5 -s pth_stack.dat,/home/chief/github/CCUCoding/CSCI473/Code/stencil_proj/data/N900_I9_T5
900,9,6,0.067212446,0.061764571,1.088204,0.181367,0.067212446;0.081506200;0.075884733,0.061764571;0.076417811;0.084957109,/home/chief/github/CCUCoding/CSCI473/Code/stencil_proj/code/stencil-2d initial.dat serial_final.dat 9,/home/chief/github/CCUCoding/CSCI473/Code/stencil_proj/code/pth-stencil-2d -n 9 -I initial.dat -o pth_final.dat -t 6 -s pth_stack.dat,/home/chief/github/CCUCoding/CSCI473/Code/stencil_proj/data/N900_I9_T6
900,9,7,0.067304113,0.061541968,1.093630,0.156233,0.067304113;0.084639764;0.076624726,0.061541968;0.079843599;0.079214549,/home/chief/github/CCUCoding/CSCI473/Code/stencil_proj/code/stencil-2d initial.dat serial_final.dat 9,/home/chief/github/CCUCoding/CSCI473/Code/stencil_proj/code/pth-stencil-2d -n 9 -I initial.dat -o pth_final.dat -t 7 -s pth_stack.dat,/home/chief/github/CCUCoding/CSCI473/Code/stencil_proj/data/N900_I9_T7
900,9,8,0.071005719,0.060846885,1.166957,0.145870,0.071005719;0.085085791;0.088363519,0.060846885;0.086073815;0.099576513,/home/chief/github/CCUCoding/CSCI473/Code/stencil_proj/code/stencil-2d initial.dat serial_final.dat 9,/home/chief/github/CCUCoding/CSCI473/Code/stencil_proj/code/pth-stencil-2d -n 9 -I initial.dat -o pth_final.dat -t 8 -s pth_stack.dat,/home/chief/github/CCUCoding/CSCI473/Code/stencil_proj/data/N900_I9_T8
900,10,1,0.070388460,0.075040154,0.938011,0.938011,0.070388460;0.090340183;0.096404191,0.075040154;0.097308753;0.098776742,/home/chief/github/CCUCoding/CSCI473/Code/stencil_proj/code/stencil-2d initial.dat serial_final.dat 10,/home/chief/github/CCUCoding/CSCI473/Code/stencil_proj/code/pth-stencil-2d -n 10 -I initial.dat -o pth_final.dat -t 1 -s pth_stack.dat,/home/chief/github/CCUCoding/CSCI473/Code/stencil_proj/data/N900_I10_T1
900,10,2,0.073673264,0.069162515,1.065220,0.532610,0.073673264;0.086487645;0.094790909,0.069162515;0.092705252;0.088734552,/home/chief/github/CCUCoding/CSCI473/Code/stencil_proj/code/stencil-2d initial.dat serial_final.dat 10,/home/chief/github/CCUCoding/CSCI473/Code/stencil_proj/code/pth-stencil-2d -n 10 -I initial.dat -o pth_final.dat -t 2 -s pth_stack.dat,/home/chief/github/CCUCoding/CSCI473/Code/stencil_proj/data/N900_I10_T2
900,10,3,0.071291413,0.064858729,1.099180,0.366393,0.071291413;0.092574865;0.089303521,0.064858729;0.102893339;0.089168423,/home/chief/github/CCUCoding/CSCI473/Code/stencil_proj/code/stencil-2d initial.dat serial_final.dat 10,/home/chief/github/CCUCoding/CSCI473/Code/stencil_proj/code/pth-stencil-2d -n 10 -I initial.dat -o pth_final.dat -t 3 -s pth_stack.dat,/home/chief/github/CCUCoding/CSCI473/Code/stencil_proj/data/N900_I10_T3
900,10,4,0.073714475,0.067770562,1.087706,0.271927,0.073714475;0.098051824;0.088551314,0.067770562;0.096486876;0.087096268,/home/chief/github/CCUCoding/CSCI473/Code/stencil_proj/code/stencil-2d initial.dat serial_final.dat 10,/home/chief/github/CCUCoding/CSCI473/Code/stencil_proj/code/pth-stencil-2d -n 10 -I initial.dat -o pth_final.dat -t 4 -s pth_stack.dat,/home/chief/github/CCUCoding/CSCI473/Code/stencil_proj/data/N900_I10_T4
900,10,5,0.072153317,0.064033288,1.126809,0.225362,0.072153317;0.095765192;0.086479261,0.064033288;0.087909827;0.099698200,/home/chief/github/CCUCoding/CSCI473/Code/stencil_proj/code/stencil-2d initial.dat serial_final.dat 10,/home/chief/github/CCUCoding/CSCI473/Code/stencil_proj/code/pth-stencil-2d -n 10 -I initial.dat -o pth_final.dat -t 5 -s pth_stack.dat,/home/chief/github/CCUCoding/CSCI473/Code/stencil_proj/data/N900_I10_T5
900,10,6,0.074129910,0.066094074,1.121582,0.186930,0.074129910;0.092112213;0.094190820,0.066094074;0.091848161;0.094205569,/home/chief/github/CCUCoding/CSCI473/Code/stencil_proj/code/stencil-2d initial.dat serial_final.dat 10,/home/chief/github/CCUCoding/CSCI473/Code/stencil_proj/code/pth-stencil-2d -n 10 -I initial.dat -o pth_final.dat -t 6 -s pth_stack.dat,/home/chief/github/CCUCoding/CSCI473/Code/stencil_proj/data/N900_I10_T6
900,10,7,0.070086181,0.067355025,1.040549,0.148650,0.070086181;0.094926845;0.089299732,0.067355025;0.097301767;0.086984728,/home/chief/github/CCUCoding/CSCI473/Code/stencil_proj/code/stencil-2d initial.dat serial_final.dat 10,/home/chief/github/CCUCoding/CSCI473/Code/stencil_proj/code/pth-stencil-2d -n 10 -I initial.dat -o pth_final.dat -t 7 -s pth_stack.dat,/home/chief/github/CCUCoding/CSCI473/Code/stencil_proj/data/N900_I10_T7
900,10,8,0.075032067,0.090274508,0.831155,0.103894,0.075032067;0.102672921;0.090003697,0.095069317;0.090274508;0.098469921,/home/chief/github/CCUCoding/CSCI473/Code/stencil_proj/code/stencil-2d initial.dat serial_final.dat 10,/home/chief/github/CCUCoding/CSCI473/Code/stencil_proj/code/pth-stencil-2d -n 10 -I initial.dat -o pth_final.dat -t 8 -s pth_stack.dat,/home/chief/github/CCUCoding/CSCI473/Code/stencil_proj/data/N900_I10_T8
1000,5,1,0.055823945,0.069832372,0.799399,0.799399,0.055823945;0.068754045;0.075102330,0.069832372;0.088822740;0.088849268,/home/chief/github/CCUCoding/CSCI473/Code/stencil_proj/code/stencil-2d initial.dat serial_final.dat 5,/home/chief/github/CCUCoding/CSCI473/Code/stencil_proj/code/pth-stencil-2d -n 5 -I initial.dat -o pth_final.dat -t 1 -s pth_stack.dat,/home/chief/github/CCUCoding/CSCI473/Code/stencil_proj/data/N1000_I5_T1
1000,5,2,0.056595511,0.059121612,0.957273,0.478636,0.056595511;0.079429469;0.061679260,0.059121612;0.076092983;0.092129112,/home/chief/github/CCUCoding/CSCI473/Code/stencil_proj/code/stencil-2d initial.dat serial_final.dat 5,/home/chief/github/CCUCoding/CSCI473/Code/stencil_proj/code/pth-stencil-2d -n 5 -I initial.dat -o pth_final.dat -t 2 -s pth_stack.dat,/home/chief/github/CCUCoding/CSCI473/Code/stencil_proj/data/N1000_I5_T2
1000,5,3,0.069706698,0.061845598,1.127108,0.375703,0.071820334;0.069706698;0.072618326,0.061845598;0.078340284;0.063073466,/home/chief/github/CCUCoding/CSCI473/Code/stencil_proj/code/stencil-2d initial.dat serial_final.dat 5,/home/chief/github/CCUCoding/CSCI473/Code/stencil_proj/code/pth-stencil-2d -n 5 -I initial.dat -o pth_final.dat -t 3 -s pth_stack.dat,/home/chief/github/CCUCoding/CSCI473/Code/stencil_proj/data/N1000_I5_T3
1000,5,4,0.059421307,0.051201414,1.160540,0.290135,0.059421307;0.084255006;0.081380353,0.051201414;0.066936825;0.063762785,/home/chief/github/CCUCoding/CSCI473/Code/stencil_proj/code/stencil-2d initial.dat serial_final.dat 5,/home/chief/github/CCUCoding/CSCI473/Code/stencil_proj/code/pth-stencil-2d -n 5 -I initial.dat -o pth_final.dat -t 4 -s pth_stack.dat,/home/chief/github/CCUCoding/CSCI473/Code/stencil_proj/data/N1000_I5_T4
1000,5,5,0.056245628,0.052622454,1.068852,0.213770,0.056245628;0.072347002;0.062028119,0.052622454;0.069066031;0.073087328,/home/chief/github/CCUCoding/CSCI473/Code/stencil_proj/code/stencil-2d initial.dat serial_final.dat 5,/home/chief/github/CCUCoding/CSCI473/Code/stencil_proj/code/pth-stencil-2d -n 5 -I initial.dat -o pth_final.dat -t 5 -s pth_stack.dat,/home/chief/github/CCUCoding/CSCI473/Code/stencil_proj/data/N1000_I5_T5
1000,5,6,0.059456540,0.056644470,1.049644,0.174941,0.059456540;0.063324201;0.064461321,0.056644470;0.067992209;0.060440638,/home/chief/github/CCUCoding/CSCI473/Code/stencil_proj/code/stencil-2d initial.dat serial_final.dat 5,/home/chief/github/CCUCoding/CSCI473/Code/stencil_proj/code/pth-stencil-2d -n 5 -I initial.dat -o pth_final.dat -t 6 -s pth_stack.dat,/home/chief/github/CCUCoding/CSCI473/Code/stencil_proj/data/N1000_I5_T6
1000,5,7,0.057917711,0.048871533,1.185101,0.169300,0.057917711;0.079309221;0.066028112,0.048871533;0.072131277;0.060654370,/home/chief/github/CCUCoding/CSCI473/Code/stencil_proj/code/stencil-2d initial.dat serial_final.dat 5,/home/chief/github/CCUCoding/CSCI473/Code/stencil_proj/code/pth-stencil-2d -n 5 -I initial.dat -o pth_final.dat -t 7 -s pth_stack.dat,/home/chief/github/CCUCoding/CSCI473/Code/stencil_proj/data/N1000_I5_T7
1000,5,8,0.057460090,0.047707139,1.204434,0.150554,0.057460090;0.061810005;0.067622587,0.047707139;0.072375003;0.066732530,/home/chief/github/CCUCoding/CSCI473/Code/stencil_proj/code/stencil-2d initial.dat serial_final.dat 5,/home/chief/github/CCUCoding/CSCI473/Code/stencil_proj/code/pth-stencil-2d -n 5 -I initial.dat -o pth_final.dat -t 8 -s pth_stack.dat,/home/chief/github/CCUCoding/CSCI473/Code/stencil_proj/data/N1000_I5_T8
1000,6,1,0.061249137,0.060175698,1.017838,1.017838,0.061249137;0.072067359;0.070115911,0.060175698;0.081062479;0.076954146,/home/chief/github/CCUCoding/CSCI473/Code/stencil_proj/code/stencil-2d initial.dat serial_final.dat 6,/home/chief/github/CCUCoding/CSCI473/Code/stencil_proj/code/pth-stencil-2d -n 6 -I initial.dat -o pth_final.dat -t 1 -s pth_stack.dat,/home/chief/github/CCUCoding/CSCI473/Code/stencil_proj/data/N1000_I6_T1
1000,6,2,0.069746491,0.064774241,1.076763,0.538381,0.071757365;0.074106106;0.069746491,0.064774241;0.073663988;0.070746006,/home/chief/github/CCUCoding/CSCI473/Code/stencil_proj/code/stencil-2d initial.dat serial_final.dat 6,/home/chief/github/CCUCoding/CSCI473/Code/stencil_proj/code/pth-stencil-2d -n 6 -I initial.dat -o pth_final.dat -t 2 -s pth_stack.dat,/home/chief/github/CCUCoding/CSCI473/Code/stencil_proj/data/N1000_I6_T2
1000,6,3,0.066703940,0.067117790,0.993834,0.331278,0.066703940;0.075418504;0.073244143,0.067117790;0.077294745;0.075475479,/home/chief/github/CCUCoding/CSCI473/Code/stencil_proj/code/stencil-2d initial.dat serial_final.dat 6,/home/chief/github/CCUCoding/CSCI473/Code/stencil_proj/code/pth-stencil-2d -n 6 -I initial.dat -o pth_final.dat -t 3 -s pth_stack.dat,/home/chief/github/CCUCoding/CSCI473/Code/stencil_proj/data/N1000_I6_T3
1000,6,4,0.062072162,0.056368591,1.101183,0.275296,0.062072162;0.078899969;0.069744667,0.056368591;0.077329229;0.077209761,/home/chief/github/CCUCoding/CSCI473/Code/stencil_proj/code/stencil-2d initial.dat serial_final.dat 6,/home/chief/github/CCUCoding/CSCI473/Code/stencil_proj/code/pth-stencil-2d -n 6 -I initial.dat -o pth_final.dat -t 4 -s pth_stack.dat,/home/chief/github/CCUCoding/CSCI473/Code/stencil_proj/data/N1000_I6_T4
1000,6,5,0.065703758,0.057066833,1.151348,0.230270,0.065703758;0.065970955;0.075414571,0.057066833;0.072846459;0.092938988,/home/chief/github/CCUCoding/CSCI473/Code/stencil_proj/code/stencil-2d initial.dat serial_final.dat 6,/home/chief/github/CCUCoding/CSCI473/Code/stencil_proj/code/pth-stencil-2d -n 6 -I initial.dat -o pth_final.dat -t 5 -s pth_stack.dat,/home/chief/github/CCUCoding/CSCI473/Code/stencil_proj/data/N1000_I6_T5
1000,6,6,0.064191171,0.055472322,1.157175,0.192862,0.064191171;0.078713165;0.082955366,0.055472322;0.083265310;0.079756651,/home/chief/github/CCUCoding/CSCI473/Code/stencil_proj/code/stencil-2d initial.dat serial_final.dat 6,/home/chief/github/CCUCoding/CSCI473/Code/stencil_proj/code/pth-stencil-2d -n 6 -I initial.dat -o pth_final.dat -t 6 -s pth_stack.dat,/home/chief/github/CCUCoding/CSCI473/Code/stencil_proj/data/N1000_I6_T6
1000,6,7,0.071553323,0.057510835,1.244171,0.177739,0.071553323;0.072060070;0.075962534,0.057510835;0.074731021;0.069250062,/home/chief/github/CCUCoding/CSCI473/Code/stencil_proj/code/stencil-2d initial.dat serial_final.dat 6,/home/chief/github/CCUCoding/CSCI473/Code/stencil_proj/code/pth-stencil-2d -n 6 -I initial.dat -o pth_final.dat -t 7 -s pth_stack.dat,/home/chief/github/CCUCoding/CSCI473/Code/stencil_proj/data/N1000_I6_T7
1000,6,8,0.065896886,0.058649917,1.123563,0.140445,0.065896886;0.069844956;0.087296527,0.058649917;0.081425333;0.070112459,/home/chief/github/CCUCoding/CSCI473/Code/stencil_proj/code/stencil-2d initial.dat serial_final.dat 6,/home/chief/github/CCUCoding/CSCI473/Code/stencil_proj/code/pth-stencil-2d -n 6 -I initial.dat -o pth_final.dat -t 8 -s pth_stack.dat,/home/chief/github/CCUCoding/CSCI473/Code/stencil_proj/data/N1000_I6_T8
1000,7,1,0.068366955,0.070711025,0.966850,0.966850,0.068366955;0.090128368;0.081434311,0.070711025;0.089935954;0.095214805,/home/chief/github/CCUCoding/CSCI473/Code/stencil_proj/code/stencil-2d initial.dat serial_final.dat 7,/home/chief/github/CCUCoding/CSCI473/Code/stencil_proj/code/pth-stencil-2d -n 7 -I initial.dat -o pth_final.dat -t 1 -s pth_stack.dat,/home/chief/github/CCUCoding/CSCI473/Code/stencil_proj/data/N1000_I7_T1
1000,7,2,0.071271129,0.068399500,1.041983,0.520992,0.071271129;0.079613820;0.079545873,0.068399500;0.076913589;0.085766495,/home/chief/github/CCUCoding/CSCI473/Code/stencil_proj/code/stencil-2d initial.dat serial_final.dat 7,/home/chief/github/CCUCoding/CSCI473/Code/stencil_proj/code/pth-stencil-2d -n 7 -I initial.dat -o pth_final.dat -t 2 -s pth_stack.dat,/home/chief/github/CCUCoding/CSCI473/Code/stencil_proj/data/N1000_I7_T2
1000,7,3,0.075068205,0.061787519,1.214941,0.404980,0.075068205;0.083519040;0.086728568,0.061787519;0.084111791;0.075455483,/home/chief/github/CCUCoding/CSCI473/Code/stencil_proj/code/stencil-2d initial.dat serial_final.dat 7,/home/chief/github/CCUCoding/CSCI473/Code/stencil_proj/code/pth-stencil-2d -n 7 -I initial.dat -o pth_final.dat -t 3 -s pth_stack.dat,/home/chief/github/CCUCoding/CSCI473/Code/stencil_proj/data/N1000_I7_T3
1000,7,4,0.071056167,0.062374557,1.139185,0.284796,0.071056167;0.083014539;0.075948354,0.062374557;0.076963784;0.084209427,/home/chief/github/CCUCoding/CSCI473/Code/stencil_proj/code/stencil-2d initial.dat serial_final.dat 7,/home/chief/github/CCUCoding/CSCI473/Code/stencil_proj/code/pth-stencil-2d -n 7 -I initial.dat -o pth_final.dat -t 4 -s pth_stack.dat,/home/chief/github/CCUCoding/CSCI473/Code/stencil_proj/data/N1000_I7_T4
1000,7,5,0.071343462,0.061104070,1.167573,0.233515,0.071343462;0.090713263;0.096377964,0.061104070;0.105954108;0.090823958,/home/chief/github/CCUCoding/CSCI473/Code/stencil_proj/code/stencil-2d initial.dat serial_final.dat 7,/home/chief/github/CCUCoding/CSCI473/Code/stencil_proj/code/pth-stencil-2d -n 7 -I initial.dat -o pth_final.dat -t 5 -s pth_stack.dat,/home/chief/github/CCUCoding/CSCI473/Code/stencil_proj/data/N1000_I7_T5
1000,7,6,0.068081495,0.061868729,1.100419,0.183403,0.068081495;0.085408396;0.086961792,0.061868729;0.091607491;0.100209727,/home/chief/github/CCUCoding/CSCI473/Code/stencil_proj/code/stencil-2d initial.dat serial_final.dat 7,/home/chief/github/CCUCoding/CSCI473/Code/stencil_proj/code/pth-stencil-2d -n 7 -I initial.dat -o pth_final.dat -t 6 -s pth_stack.dat,/home/chief/github/CCUCoding/CSCI473/Code/stencil_proj/data/N1000_I7_T6
1000,7,7,0.072148727,0.063008627,1.145061,0.163580,0.072148727;0.079411612;0.097076819,0.063008627;0.089169662;0.087479046,/home/chief/github/CCUCoding/CSCI473/Code/stencil_proj/code/stencil-2d initial.dat serial_final.dat 7,/home/chief/github/CCUCoding/CSCI473/Code/stencil_proj/code/pth-stencil-2d -n 7 -I initial.dat -o pth_final.dat -t 7 -s pth_stack.dat,/home/chief/github/CCUCoding/CSCI473/Code/stencil_proj/data/N1000_I7_T7
1000,7,8,0.073851483,0.062724800,1.177389,0.147174,0.073851483;0.078998216;0.084696585,0.062724800;0.087732572;0.111958851,/home/chief/github/CCUCoding/CSCI473/Code/stencil_proj/code/stencil-2d initial.dat serial_final.dat 7,/home/chief/github/CCUCoding/CSCI473/Code/stencil_proj/code/pth-stencil-2d -n 7 -I initial.dat -o pth_final.dat -t 8 -s pth_stack.dat,/home/chief/github/CCUCoding/CSCI473/Code/stencil_proj/data/N1000_I7_T8
1000,8,1,0.076991024,0.076672306,1.004157,1.004157,0.076991024;0.097758432;0.087608309,0.076672306;0.109432976;0.095501998,/home/chief/github/CCUCoding/CSCI473/Code/stencil_proj/code/stencil-2d initial.dat serial_final.dat 8,/home/chief/github/CCUCoding/CSCI473/Code/stencil_proj/code/pth-stencil-2d -n 8 -I initial.dat -o pth_final.dat -t 1 -s pth_stack.dat,/home/chief/github/CCUCoding/CSCI473/Code/stencil_proj/data/N1000_I8_T1
1000,8,2,0.080452140,0.072618643,1.107872,0.553936,0.080452140;0.095406404;0.086221720,0.072618643;0.092518349;0.086683372,/home/chief/github/CCUCoding/CSCI473/Code/stencil_proj/code/stencil-2d initial.dat serial_final.dat 8,/home/chief/github/CCUCoding/CSCI473/Code/stencil_proj/code/pth-stencil-2d -n 8 -I initial.dat -o pth_final.dat -t 2 -s pth_stack.dat,/home/chief/github/CCUCoding/CSCI473/Code/stencil_proj/data/N1000_I8_T2
1000,8,3,0.081404316,0.069510628,1.171106,0.390369,0.081404316;0.091032594;0.091136555,0.069510628;0.109953087;0.106504418,/home/chief/github/CCUCoding/CSCI473/Code/stencil_proj/code/stencil-2d initial.dat serial_final.dat 8,/home/chief/github/CCUCoding/CSCI473/Code/stencil_proj/code/pth-stencil-2d -n 8 -I initial.dat -o pth_final.dat -t 3 -s pth_stack.dat,/home/chief/github/CCUCoding/CSCI473/Code/stencil_proj/data/N1000_I8_T3
1000,8,4,0.078187748,0.070624611,1.107089,0.276772,0.078187748;0.099435376;0.089537453,0.070624611;0.102763251;0.093950643,/home/chief/github/CCUCoding/CSCI473/Code/stencil_proj/code/stencil-2d initial.dat serial_final.dat 8,/home/chief/github/CCUCoding/CSCI473/Code/stencil_proj/code/pth-stencil-2d -n 8 -I initial.dat -o pth_final.dat -t 4 -s pth_stack.dat,/home/chief/github/CCUCoding/CSCI473/Code/stencil_proj/data/N1000_I8_T4
1000,8,5,0.076002323,0.088494987,0.858832,0.171766,0.076002323;0.092723720;0.088750757,0.097645085;0.088494987;0.120848995,/home/chief/github/CCUCoding/CSCI473/Code/stencil_proj/code/stencil-2d initial.dat serial_final.dat 8,/home/chief/github/CCUCoding/CSCI473/Code/stencil_proj/code/pth-stencil-2d -n 8 -I initial.dat -o pth_final.dat -t 5 -s pth_stack.dat,/home/chief/github/CCUCoding/CSCI473/Code/stencil_proj/data/N1000_I8_T5
1000,8,6,0.078804373,0.069510627,1.133703,0.188950,0.078804373;0.102657964;0.091365290,0.069510627;0.090325680;0.093007853,/home/chief/github/CCUCoding/CSCI473/Code/stencil_proj/code/stencil-2d initial.dat serial_final.dat 8,/home/chief/github/CCUCoding/CSCI473/Code/stencil_proj/code/pth-stencil-2d -n 8 -I initial.dat -o pth_final.dat -t 6 -s pth_stack.dat,/home/chief/github/CCUCoding/CSCI473/Code/stencil_proj/data/N1000_I8_T6
1000,8,7,0.076612418,0.069652337,1.099926,0.157132,0.076612418;0.091541890;0.093128341,0.069652337;0.094474937;0.095013005,/home/chief/github/CCUCoding/CSCI473/Code/stencil_proj/code/stencil-2d initial.dat serial_final.dat 8,/home/chief/github/CCUCoding/CSCI473/Code/stencil_proj/code/pth-stencil-2d -n 8 -I initial.dat -o pth_final.dat -t 7 -s pth_stack.dat,/home/chief/github/CCUCoding/CSCI473/Code/stencil_proj/data/N1000_I8_T7
1000,8,8,0.078082461,0.068709444,1.136415,0.142052,0.078082461;0.093008363;0.085757517,0.068709444;0.087439971;0.104609452,/home/chief/github/CCUCoding/CSCI473/Code/stencil_proj/code/stencil-2d initial.dat serial_final.dat 8,/home/chief/github/CCUCoding/CSCI473/Code/stencil_proj/code/pth-stencil-2d -n 8 -I initial.dat -o pth_final.dat -t 8 -s pth_stack.dat,/home/chief/github/CCUCoding/CSCI473/Code/stencil_proj/data/N1000_I8_T8
1000,9,1,0.081955136,0.081609994,1.004229,1.004229,0.081955136;0.108073934;0.126751817,0.081609994;0.111631155;0.119506888,/home/chief/github/CCUCoding/CSCI473/Code/stencil_proj/code/stencil-2d initial.dat serial_final.dat 9,/home/chief/github/CCUCoding/CSCI473/Code/stencil_proj/code/pth-stencil-2d -n 9 -I initial.dat -o pth_final.dat -t 1 -s pth_stack.dat,/home/chief/github/CCUCoding/CSCI473/Code/stencil_proj/data/N1000_I9_T1
1000,9,2,0.082191522,0.078438316,1.047849,0.523925,0.082191522;0.107867031;0.091133392,0.078438316;0.116233086;0.097707829,/home/chief/github/CCUCoding/CSCI473/Code/stencil_proj/code/stencil-2d initial.dat serial_final.dat 9,/home/chief/github/CCUCoding/CSCI473/Code/stencil_proj/code/pth-stencil-2d -n 9 -I initial.dat -o pth_final.dat -t 2 -s pth_stack.dat,/home/chief/github/CCUCoding/CSCI473/Code/stencil_proj/data/N1000_I9_T2
1000,9,3,0.084387150,0.074818759,1.127888,0.375963,0.084387150;0.099520667;0.096459481,0.074818759;0.110765289;0.105126706,/home/chief/github/CCUCoding/CSCI473/Code/stencil_proj/code/stencil-2d initial.dat serial_final.dat 9,/home/chief/github/CCUCoding/CSCI473/Code/stencil_proj/code/pth-stencil-2d -n 9 -I initial.dat -o pth_final.dat -t 3 -s pth_stack.dat,/home/chief/github/CCUCoding/CSCI473/Code/stencil_proj/data/N1000_I9_T3
1000,9,4,0.081227613,0.073788944,1.100810,0.275203,0.081227613;0.110013280;0.101294432,0.073788944;0.123101551;0.101097834,/home/chief/github/CCUCoding/CSCI473/Code/stencil_proj/code/stencil-2d initial.dat serial_final.dat 9,/home/chief/github/CCUCoding/CSCI473/Code/stencil_proj/code/pth-stencil-2d -n 9 -I initial.dat -o pth_final.dat -t 4 -s pth_stack.dat,/home/chief/github/CCUCoding/CSCI473/Code/stencil_proj/data/N1000_I9_T4
1000,9,5,0.088898282,0.073909535,1.202799,0.240560,0.088898282;0.100966531;0.099122065,0.073909535;0.106694894;0.106044806,/home/chief/github/CCUCoding/CSCI473/Code/stencil_proj/code/stencil-2d initial.dat serial_final.dat 9,/home/chief/github/CCUCoding/CSCI473/Code/stencil_proj/code/pth-stencil-2d -n 9 -I initial.dat -o pth_final.dat -t 5 -s pth_stack.dat,/home/chief/github/CCUCoding/CSCI473/Code/stencil_proj/data/N1000_I9_T5
1000,9,6,0.093344221,0.075074326,1.243357,0.207226,0.093344221;0.105603559;0.096154739,0.075074326;0.105135582;0.098770496,/home/chief/github/CCUCoding/CSCI473/Code/stencil_proj/code/stencil-2d initial.dat serial_final.dat 9,/home/chief/github/CCUCoding/CSCI473/Code/stencil_proj/code/pth-stencil-2d -n 9 -I initial.dat -o pth_final.dat -t 6 -s pth_stack.dat,/home/chief/github/CCUCoding/CSCI473/Code/stencil_proj/data/N1000_I9_T6
1000,9,7,0.083364476,0.075289696,1.107249,0.158178,0.083364476;0.109573972;0.111213678,0.075289696;0.104692804;0.107062992,/home/chief/github/CCUCoding/CSCI473/Code/stencil_proj/code/stencil-2d initial.dat serial_final.dat 9,/home/chief/github/CCUCoding/CSCI473/Code/stencil_proj/code/pth-stencil-2d -n 9 -I initial.dat -o pth_final.dat -t 7 -s pth_stack.dat,/home/chief/github/CCUCoding/CSCI473/Code/stencil_proj/data/N1000_I9_T7
1000,9,8,0.090348023,0.074986791,1.204853,0.150607,0.090348023;0.106171621;0.106593382,0.074986791;0.108902867;0.099378652,/home/chief/github/CCUCoding/CSCI473/Code/stencil_proj/code/stencil-2d initial.dat serial_final.dat 9,/home/chief/github/CCUCoding/CSCI473/Code/stencil_proj/code/pth-stencil-2d -n 9 -I initial.dat -o pth_final.dat -t 8 -s pth_stack.dat,/home/chief/github/CCUCoding/CSCI473/Code/stencil_proj/data/N1000_I9_T8
1000,10,1,0.092867572,0.088264824,1.052147,1.052147,0.092867572;0.109446239;0.114953213,0.088264824;0.127671040;0.113045085,/home/chief/github/CCUCoding/CSCI473/Code/stencil_proj/code/stencil-2d initial.dat serial_final.dat 10,/home/chief/github/CCUCoding/CSCI473/Code/stencil_proj/code/pth-stencil-2d -n 10 -I initial.dat -o pth_final.dat -t 1 -s pth_stack.dat,/home/chief/github/CCUCoding/CSCI473/Code/stencil_proj/data/N1000_I10_T1
1000,10,2,0.092784423,0.085002244,1.091553,0.545776,0.092784423;0.114547979;0.110851906,0.085002244;0.107611159;0.111497913,/home/chief/github/CCUCoding/CSCI473/Code/stencil_proj/code/stencil-2d initial.dat serial_final.dat 10,/home/chief/github/CCUCoding/CSCI473/Code/stencil_proj/code/pth-stencil-2d -n 10 -I initial.dat -o pth_final.dat -t 2 -s pth_stack.dat,/home/chief/github/CCUCoding/CSCI473/Code/stencil_proj/data/N1000_I10_T2
1000,10,3,0.096755652,0.082808350,1.168429,0.389476,0.096755652;0.111470061;0.110427288,0.082808350;0.128505483;0.108513855,/home/chief/github/CCUCoding/CSCI473/Code/stencil_proj/code/stencil-2d initial.dat serial_final.dat 10,/home/chief/github/CCUCoding/CSCI473/Code/stencil_proj/code/pth-stencil-2d -n 10 -I initial.dat -o pth_final.dat -t 3 -s pth_stack.dat,/home/chief/github/CCUCoding/CSCI473/Code/stencil_proj/data/N1000_I10_T3
1000,10,4,0.087379472,0.085855325,1.017753,0.254438,0.087379472;0.152866080;0.127025480,0.085855325;0.118389768;0.115634405,/home/chief/github/CCUCoding/CSCI473/Code/stencil_proj/code/stencil-2d initial.dat serial_final.dat 10,/home/chief/github/CCUCoding/CSCI473/Code/stencil_proj/code/pth-stencil-2d -n 10 -I initial.dat -o pth_final.dat -t 4 -s pth_stack.dat,/home/chief/github/CCUCoding/CSCI473/Code/stencil_proj/data/N1000_I10_T4
1000,10,5,0.094132048,0.087443972,1.076484,0.215297,0.094132048;0.118900470;0.111017897,0.087443972;0.111073786;0.117075355,/home/chief/github/CCUCoding/CSCI473/Code/stencil_proj/code/stencil-2d initial.dat serial_final.dat 10,/home/chief/github/CCUCoding/CSCI473/Code/stencil_proj/code/pth-stencil-2d -n 10 -I initial.dat -o pth_final.dat -t 5 -s pth_stack.dat,/home/chief/github/CCUCoding/CSCI473/Code/stencil_proj/data/N1000_I10_T5
1000,10,6,0.092087610,0.085165019,1.081284,0.180214,0.092087610;0.135969828;0.122137777,0.085165019;0.112642248;0.115717098,/home/chief/github/CCUCoding/CSCI473/Code/stencil_proj/code/stencil-2d initial.dat serial_final.dat 10,/home/chief/github/CCUCoding/CSCI473/Code/stencil_proj/code/pth-stencil-2d -n 10 -I initial.dat -o pth_final.dat -t 6 -s pth_stack.dat,/home/chief/github/CCUCoding/CSCI473/Code/stencil_proj/data/N1000_I10_T6
1000,10,7,0.100237472,0.086469448,1.159224,0.165603,0.100237472;0.116229319;0.121708140,0.086469448;0.123625608;0.114988375,/home/chief/github/CCUCoding/CSCI473/Code/stencil_proj/code/stencil-2d initial.dat serial_final.dat 10,/home/chief/github/CCUCoding/CSCI473/Code/stencil_proj/code/pth-stencil-2d -n 10 -I initial.dat -o pth_final.dat -t 7 -s pth_stack.dat,/home/chief/github/CCUCoding/CSCI473/Code/stencil_proj/data/N1000_I10_T7
1000,10,8,0.092872655,0.085775887,1.082736,0.135342,0.092872655;0.122523680;0.116855490,0.085775887;0.111555947;0.122399531,/home/chief/github/CCUCoding/CSCI473/Code/stencil_proj/code/stencil-2d initial.dat serial_final.dat 10,/home/chief/github/CCUCoding/CSCI473/Code/stencil_proj/code/pth-stencil-2d -n 10 -I initial.dat -o pth_final.dat -t 8 -s pth_stack.dat,/home/chief/github/CCUCoding/CSCI473/Code/stencil_proj/data/N1000_I10_T8
