neutron_id,step,x_start,y_start,x_end,y_end,event
100,1,0.0000000000,0.0000000000,2.1745194902,0.0000000000,scatter
100,2,2.1745194902,0.0000000000,3.2500000000,-4.7915170928,exit_right
200,1,0.0000000000,0.0000000000,0.4797535262,0.0000000000,absorb
300,1,0.0000000000,0.0000000000,1.3249224777,0.0000000000,scatter
300,2,1.3249224777,0.0000000000,1.0915374223,-0.4847044670,scatter
300,3,1.0915374223,-0.4847044670,0.0000000000,-0.0891973217,exit_left
400,1,0.0000000000,0.0000000000,1.1586009345,0.0000000000,scatter
400,2,1.1586009345,0.0000000000,1.7549080702,0.2436748195,scatter
400,3,1.7549080702,0.2436748195,1.4864887529,0.2270348896,scatter
400,4,1.4864887529,0.2270348896,1.6459152179,0.4919615004,scatter
400,5,1.6459152179,0.4919615004,0.0000000000,0.6084519501,exit_left
500,1,0.0000000000,0.0000000000,0.7343925031,0.0000000000,scatter
500,2,0.7343925031,0.0000000000,0.7521955638,-0.1391895854,scatter
500,3,0.7521955638,-0.1391895854,0.0000000000,-0.1024046556,exit_left
600,1,0.0000000000,0.0000000000,1.3175256382,0.0000000000,scatter
600,2,1.3175256382,0.0000000000,2.8329330115,2.1576845205,absorb
700,1,0.0000000000,0.0000000000,0.1696216990,0.0000000000,absorb
800,1,0.0000000000,0.0000000000,0.0222004493,0.0000000000,scatter
800,2,0.0222004493,0.0000000000,0.0000000000,-0.0009533529,exit_left
900,1,0.0000000000,0.0000000000,2.8190408683,0.0000000000,scatter
900,2,2.8190408683,0.0000000000,3.2500000000,-0.2565135046,exit_right
1000,1,0.0000000000,0.0000000000,0.6030540078,0.0000000000,scatter
1000,2,0.6030540078,0.0000000000,3.2500000000,0.6991958667,exit_right
1100,1,0.0000000000,0.0000000000,2.7151080448,0.0000000000,scatter
1100,2,2.7151080448,0.0000000000,2.5010857358,1.5586837273,scatter
1100,3,2.5010857358,1.5586837273,3.2500000000,0.8652212416,exit_right
1200,1,0.0000000000,0.0000000000,3.2500000000,0.0000000000,exit_right
1300,1,0.0000000000,0.0000000000,0.6415340104,0.0000000000,scatter
1300,2,0.6415340104,0.0000000000,3.2500000000,-1.8886637083,exit_right
1400,1,0.0000000000,0.0000000000,0.3636350847,0.0000000000,scatter
1400,2,0.3636350847,0.0000000000,0.1597856569,0.6134353312,scatter
1400,3,0.1597856569,0.6134353312,0.0000000000,0.2791272861,exit_left
1500,1,0.0000000000,0.0000000000,3.2500000000,0.0000000000,exit_right
1600,1,0.0000000000,0.0000000000,2.4321874351,0.0000000000,scatter
1600,2,2.4321874351,0.0000000000,3.2500000000,-0.5779470654,exit_right
1700,1,0.0000000000,0.0000000000,2.5230292062,0.0000000000,scatter
1700,2,2.5230292062,0.0000000000,0.0000000000,0.0171015552,exit_left
1800,1,0.0000000000,0.0000000000,0.2919631292,0.0000000000,scatter
1800,2,0.2919631292,0.0000000000,1.6077452335,0.3237147637,absorb
1900,1,0.0000000000,0.0000000000,0.5548941547,0.0000000000,absorb
2000,1,0.0000000000,0.0000000000,0.2484739380,0.0000000000,scatter
2000,2,0.2484739380,0.0000000000,0.0000000000,-0.2419525007,exit_left
2100,1,0.0000000000,0.0000000000,1.5937013287,0.0000000000,scatter
2100,2,1.5937013287,0.0000000000,3.2500000000,0.7230525179,exit_right
2200,1,0.0000000000,0.0000000000,0.0484532194,0.0000000000,scatter
2200,2,0.0484532194,0.0000000000,2.4139376370,0.6510252778,scatter
2200,3,2.4139376370,0.6510252778,2.3879342098,0.6613154523,scatter
2200,4,2.3879342098,0.6613154523,1.7507750160,1.9212383755,scatter
2200,5,1.7507750160,1.9212383755,0.0000000000,1.7316039401,exit_left
2300,1,0.0000000000,0.0000000000,1.5444716068,0.0000000000,scatter
2300,2,1.5444716068,0.0000000000,0.9845765573,0.1129877762,scatter
2300,3,0.9845765573,0.1129877762,0.0000000000,-0.5730382725,exit_left
2400,1,0.0000000000,0.0000000000,3.2500000000,0.0000000000,exit_right
2500,1,0.0000000000,0.0000000000,2.7373532564,0.0000000000,scatter
2500,2,2.7373532564,0.0000000000,3.2500000000,0.1875805098,exit_right
2600,1,0.0000000000,0.0000000000,3.2500000000,0.0000000000,exit_right
2700,1,0.0000000000,0.0000000000,0.5383059021,0.0000000000,scatter
2700,2,0.5383059021,0.0000000000,0.0000000000,-1.4364907795,exit_left
2800,1,0.0000000000,0.0000000000,3.2500000000,0.0000000000,exit_right
2900,1,0.0000000000,0.0000000000,0.9475004135,0.0000000000,scatter
2900,2,0.9475004135,0.0000000000,1.0072887608,-0.1251207133,scatter
2900,3,1.0072887608,-0.1251207133,1.7863193912,0.7728250324,scatter
2900,4,1.7863193912,0.7728250324,1.4662805904,1.5523255193,scatter
2900,5,1.4662805904,1.5523255193,1.9664524158,2.0169824074,scatter
2900,6,1.9664524158,2.0169824074,1.3151131617,4.4457109142,scatter
2900,7,1.3151131617,4.4457109142,0.0480106246,3.2802339308,scatter
2900,8,0.0480106246,3.2802339308,3.2500000000,7.1648279523,exit_right
3000,1,0.0000000000,0.0000000000,1.2555682976,0.0000000000,absorb
3100,1,0.0000000000,0.0000000000,3.2500000000,0.0000000000,exit_right
3200,1,0.0000000000,0.0000000000,0.5791350800,0.0000000000,scatter
3200,2,0.5791350800,0.0000000000,3.2500000000,0.5217853709,exit_right
3300,1,0.0000000000,0.0000000000,0.2891030900,0.0000000000,scatter
3300,2,0.2891030900,0.0000000000,0.0000000000,0.6825398085,exit_left
3400,1,0.0000000000,0.0000000000,0.1694477564,0.0000000000,scatter
3400,2,0.1694477564,0.0000000000,0.2774533546,1.8922317906,scatter
3400,3,0.2774533546,1.8922317906,0.2292177552,1.4336357249,absorb
3500,1,0.0000000000,0.0000000000,0.6707250417,0.0000000000,absorb
3600,1,0.0000000000,0.0000000000,0.1363179793,0.0000000000,absorb
3700,1,0.0000000000,0.0000000000,0.2512999894,0.0000000000,scatter
3700,2,0.2512999894,0.0000000000,3.2500000000,4.0686649945,exit_right
3800,1,0.0000000000,0.0000000000,1.3114619494,0.0000000000,scatter
3800,2,1.3114619494,0.0000000000,2.9969915142,0.1957667926,scatter
3800,3,2.9969915142,0.1957667926,1.5563975100,0.5427353403,scatter
3800,4,1.5563975100,0.5427353403,2.4857176165,1.2985321136,scatter
3800,5,2.4857176165,1.2985321136,3.2500000000,0.5597503299,exit_right
3900,1,0.0000000000,0.0000000000,3.2500000000,0.0000000000,exit_right
4000,1,0.0000000000,0.0000000000,0.0579475534,0.0000000000,absorb
4100,1,0.0000000000,0.0000000000,0.4546288692,0.0000000000,scatter
4100,2,0.4546288692,0.0000000000,0.0000000000,-0.1540077222,exit_left
4200,1,0.0000000000,0.0000000000,1.0156153777,0.0000000000,scatter
4200,2,1.0156153777,0.0000000000,1.9561796905,-1.2223807000,scatter
4200,3,1.9561796905,-1.2223807000,2.8320876177,-1.8887797763,scatter
4200,4,2.8320876177,-1.8887797763,2.7869588112,-2.2252412261,scatter
4200,5,2.7869588112,-2.2252412261,0.0000000000,0.7797623263,exit_left
4300,1,0.0000000000,0.0000000000,3.2500000000,0.0000000000,exit_right
4400,1,0.0000000000,0.0000000000,0.8341661081,0.0000000000,scatter
4400,2,0.8341661081,0.0000000000,0.5333794472,0.6605544909,scatter
4400,3,0.5333794472,0.6605544909,0.0000000000,7.1888718419,exit_left
4500,1,0.0000000000,0.0000000000,1.0421069005,0.0000000000,scatter
4500,2,1.0421069005,0.0000000000,0.0000000000,-1.0982015174,exit_left
4600,1,0.0000000000,0.0000000000,0.4516118915,0.0000000000,scatter
4600,2,0.4516118915,0.0000000000,2.1139398692,-7.7588892542,scatter
4600,3,2.1139398692,-7.7588892542,2.9168667732,-7.0976646283,scatter
4600,4,2.9168667732,-7.0976646283,2.2113986120,-7.0863270989,scatter
4600,5,2.2113986120,-7.0863270989,0.0000000000,-6.3016270056,exit_left
4700,1,0.0000000000,0.0000000000,3.2500000000,0.0000000000,exit_right
4800,1,0.0000000000,0.0000000000,1.4248944893,0.0000000000,scatter
4800,2,1.4248944893,0.0000000000,1.9942795815,0.2547387551,scatter
4800,3,1.9942795815,0.2547387551,2.1566753083,0.9664205863,scatter
4800,4,2.1566753083,0.9664205863,0.8422595463,1.1991587801,scatter
4800,5,0.8422595463,1.1991587801,0.6891813962,0.8655372134,scatter
4800,6,0.6891813962,0.8655372134,0.8830851000,-3.6315695587,scatter
4800,7,0.8830851000,-3.6315695587,1.2761832538,-2.4239206948,scatter
4800,8,1.2761832538,-2.4239206948,1.2796259906,-2.6336216774,scatter
4800,9,1.2796259906,-2.6336216774,1.6160490202,-3.2109527016,scatter
4800,10,1.6160490202,-3.2109527016,1.7268441748,-3.9974278807,scatter
4800,11,1.7268441748,-3.9974278807,2.1347408888,-3.7993896591,absorb
4900,1,0.0000000000,0.0000000000,3.2500000000,0.0000000000,exit_right
5000,1,0.0000000000,0.0000000000,0.7102335673,0.0000000000,absorb
5100,1,0.0000000000,0.0000000000,0.0429180062,0.0000000000,scatter
5100,2,0.0429180062,0.0000000000,0.8090150472,-0.6983976934,scatter
5100,3,0.8090150472,-0.6983976934,3.2500000000,0.3287153385,exit_right
5200,1,0.0000000000,0.0000000000,3.2500000000,0.0000000000,exit_right
5300,1,0.0000000000,0.0000000000,2.6436011348,0.0000000000,scatter
5300,2,2.6436011348,0.0000000000,3.2500000000,-0.8932588455,exit_right
5400,1,0.0000000000,0.0000000000,0.4704211967,0.0000000000,scatter
5400,2,0.4704211967,0.0000000000,0.6366835778,-0.1650885433,scatter
5400,3,0.6366835778,-0.1650885433,0.5534653333,-0.0463016532,absorb
5500,1,0.0000000000,0.0000000000,0.9739682995,0.0000000000,scatter
5500,2,0.9739682995,0.0000000000,0.9183103243,-0.9296825942,scatter
5500,3,0.9183103243,-0.9296825942,2.4422142420,-5.0445210125,scatter
5500,4,2.4422142420,-5.0445210125,2.0389929141,-4.6921857377,absorb
5600,1,0.0000000000,0.0000000000,3.2500000000,0.0000000000,exit_right
5700,1,0.0000000000,0.0000000000,0.4523409354,0.0000000000,absorb
5800,1,0.0000000000,0.0000000000,0.3698252316,0.0000000000,scatter
5800,2,0.3698252316,0.0000000000,1.3092752747,2.6588494272,absorb
5900,1,0.0000000000,0.0000000000,1.7026036174,0.0000000000,scatter
5900,2,1.7026036174,0.0000000000,3.2500000000,-1.6856449333,exit_right
6000,1,0.0000000000,0.0000000000,3.2500000000,0.0000000000,exit_right
6100,1,0.0000000000,0.0000000000,3.2500000000,0.0000000000,exit_right
6200,1,0.0000000000,0.0000000000,3.2500000000,0.0000000000,exit_right
6300,1,0.0000000000,0.0000000000,0.4300604295,0.0000000000,scatter
6300,2,0.4300604295,0.0000000000,0.0000000000,0.1369524042,exit_left
6400,1,0.0000000000,0.0000000000,2.2314807973,0.0000000000,scatter
6400,2,2.2314807973,0.0000000000,2.2811579399,-0.2984470922,absorb
6500,1,0.0000000000,0.0000000000,0.0663334988,0.0000000000,scatter
6500,2,0.0663334988,0.0000000000,2.7879585128,-0.5085352110,scatter
6500,3,2.7879585128,-0.5085352110,2.1364112668,-1.7648188332,scatter
6500,4,2.1364112668,-1.7648188332,1.2710614534,-0.1896528167,absorb
6600,1,0.0000000000,0.0000000000,3.2500000000,0.0000000000,exit_right
6700,1,0.0000000000,0.0000000000,1.3830478887,0.0000000000,scatter
6700,2,1.3830478887,0.0000000000,0.0000000000,-0.8404745762,exit_left
6800,1,0.0000000000,0.0000000000,3.2500000000,0.0000000000,exit_right
6900,1,0.0000000000,0.0000000000,0.7951038875,0.0000000000,scatter
6900,2,0.7951038875,0.0000000000,1.9544476054,0.2534978664,scatter
6900,3,1.9544476054,0.2534978664,2.0557884392,1.2464377309,scatter
6900,4,2.0557884392,1.2464377309,3.2500000000,2.0099107434,exit_right
7000,1,0.0000000000,0.0000000000,3.2500000000,0.0000000000,exit_right
7100,1,0.0000000000,0.0000000000,0.1372615364,0.0000000000,scatter
7100,2,0.1372615364,0.0000000000,0.0000000000,0.2666043871,exit_left
7200,1,0.0000000000,0.0000000000,1.5536465533,0.0000000000,scatter
7200,2,1.5536465533,0.0000000000,2.2785044451,1.9211885882,scatter
7200,3,2.2785044451,1.9211885882,2.2799370316,2.2723629310,absorb
7300,1,0.0000000000,0.0000000000,0.8436670259,0.0000000000,scatter
7300,2,0.8436670259,0.0000000000,3.2500000000,4.0346726113,exit_right
7400,1,0.0000000000,0.0000000000,3.2500000000,0.0000000000,exit_right
7500,1,0.0000000000,0.0000000000,1.6056067812,0.0000000000,scatter
7500,2,1.6056067812,0.0000000000,1.5699461943,0.7872947134,absorb
7600,1,0.0000000000,0.0000000000,3.2500000000,0.0000000000,exit_right
7700,1,0.0000000000,0.0000000000,0.7568188922,0.0000000000,scatter
7700,2,0.7568188922,0.0000000000,2.0317884672,-1.0924519604,scatter
7700,3,2.0317884672,-1.0924519604,1.8366432931,-1.6553444378,scatter
7700,4,1.8366432931,-1.6553444378,0.5135436444,-1.6480491078,scatter
7700,5,0.5135436444,-1.6480491078,0.0000000000,-0.7969390236,exit_left
7800,1,0.0000000000,0.0000000000,1.6689245777,0.0000000000,scatter
7800,2,1.6689245777,0.0000000000,1.1479281445,-0.7438718649,absorb
7900,1,0.0000000000,0.0000000000,2.0444081571,0.0000000000,scatter
7900,2,2.0444081571,0.0000000000,1.7972483227,1.1447414622,scatter
7900,3,1.7972483227,1.1447414622,0.0000000000,2.5817159231,exit_left
8000,1,0.0000000000,0.0000000000,1.6043051065,0.0000000000,absorb
8100,1,0.0000000000,0.0000000000,0.0236021236,0.0000000000,scatter
8100,2,0.0236021236,0.0000000000,0.0000000000,-0.0219734536,exit_left
8200,1,0.0000000000,0.0000000000,0.4766302280,0.0000000000,scatter
8200,2,0.4766302280,0.0000000000,0.0000000000,2.0739075026,exit_left
8300,1,0.0000000000,0.0000000000,0.7023404919,0.0000000000,scatter
8300,2,0.7023404919,0.0000000000,0.6213489989,0.1519018027,scatter
8300,3,0.6213489989,0.1519018027,0.3592396446,-0.1891450790,scatter
8300,4,0.3592396446,-0.1891450790,3.2500000000,-0.3561155739,exit_right
8400,1,0.0000000000,0.0000000000,0.6962782737,0.0000000000,scatter
8400,2,0.6962782737,0.0000000000,0.4625007210,-0.1412920398,absorb
8500,1,0.0000000000,0.0000000000,0.9645712804,0.0000000000,absorb
8600,1,0.0000000000,0.0000000000,3.2500000000,0.0000000000,exit_right
8700,1,0.0000000000,0.0000000000,1.7225948962,0.0000000000,absorb
8800,1,0.0000000000,0.0000000000,3.2500000000,0.0000000000,exit_right
8900,1,0.0000000000,0.0000000000,3.2500000000,0.0000000000,exit_right
9000,1,0.0000000000,0.0000000000,0.7732166965,0.0000000000,scatter
9000,2,0.7732166965,0.0000000000,1.8452560141,-1.9685447842,scatter
9000,3,1.8452560141,-1.9685447842,2.3693070233,-3.4413081254,scatter
9000,4,2.3693070233,-3.4413081254,3.1734854781,-1.2590306180,absorb
9100,1,0.0000000000,0.0000000000,1.5361774195,0.0000000000,scatter
9100,2,1.5361774195,0.0000000000,2.3000306276,1.2997468369,scatter
9100,3,2.3000306276,1.2997468369,1.9907042785,1.5277033150,absorb
9200,1,0.0000000000,0.0000000000,3.1239773256,0.0000000000,absorb
9300,1,0.0000000000,0.0000000000,3.2500000000,0.0000000000,exit_right
9400,1,0.0000000000,0.0000000000,0.6249157362,0.0000000000,scatter
9400,2,0.6249157362,0.0000000000,0.5307534068,-0.0396858538,scatter
9400,3,0.5307534068,-0.0396858538,1.5434106008,0.8863720985,scatter
9400,4,1.5434106008,0.8863720985,1.4671458747,0.5397891868,scatter
9400,5,1.4671458747,0.5397891868,0.0000000000,-1.0425610688,exit_left
9500,1,0.0000000000,0.0000000000,1.4163687859,0.0000000000,scatter
9500,2,1.4163687859,0.0000000000,0.8834289955,0.0167231810,scatter
9500,3,0.8834289955,0.0167231810,0.8665865457,-0.0108089363,scatter
9500,4,0.8665865457,-0.0108089363,0.0000000000,-0.7713958699,exit_left
9600,1,0.0000000000,0.0000000000,2.7246185277,0.0000000000,scatter
9600,2,2.7246185277,0.0000000000,2.5309712873,0.7681873954,scatter
9600,3,2.5309712873,0.7681873954,3.2500000000,1.4605969299,exit_right
9700,1,0.0000000000,0.0000000000,0.5100083395,0.0000000000,scatter
9700,2,0.5100083395,0.0000000000,0.1441838341,-1.8268177813,scatter
9700,3,0.1441838341,-1.8268177813,0.1630679434,-1.7918522147,scatter
9700,4,0.1630679434,-1.7918522147,2.3538702091,-0.8052875474,scatter
9700,5,2.3538702091,-0.8052875474,1.8349589535,-1.1200990349,scatter
9700,6,1.8349589535,-1.1200990349,2.7413659783,-0.9617202605,absorb
9800,1,0.0000000000,0.0000000000,1.0401911205,0.0000000000,scatter
9800,2,1.0401911205,0.0000000000,1.3753025106,-0.6632009847,scatter
9800,3,1.3753025106,-0.6632009847,0.0000000000,-0.9757842469,exit_left
9900,1,0.0000000000,0.0000000000,0.9630906643,0.0000000000,scatter
9900,2,0.9630906643,0.0000000000,0.0000000000,0.0311152854,exit_left
10000,1,0.0000000000,0.0000000000,2.6010472152,0.0000000000,scatter
10000,2,2.6010472152,0.0000000000,3.2500000000,-0.2355287796,exit_right
10100,1,0.0000000000,0.0000000000,0.4100158038,0.0000000000,absorb
10200,1,0.0000000000,0.0000000000,0.9703936437,0.0000000000,absorb
10300,1,0.0000000000,0.0000000000,0.0890215159,0.0000000000,scatter
10300,2,0.0890215159,0.0000000000,0.0000000000,0.0593283786,exit_left
10400,1,0.0000000000,0.0000000000,3.2500000000,0.0000000000,exit_right
10500,1,0.0000000000,0.0000000000,1.3673197798,0.0000000000,absorb
10600,1,0.0000000000,0.0000000000,3.2500000000,0.0000000000,exit_right
10700,1,0.0000000000,0.0000000000,2.8669105278,0.0000000000,scatter
10700,2,2.8669105278,0.0000000000,3.2500000000,1.7621875807,exit_right
10800,1,0.0000000000,0.0000000000,2.9905264920,0.0000000000,scatter
10800,2,2.9905264920,0.0000000000,3.2500000000,-0.4371356326,exit_right
10900,1,0.0000000000,0.0000000000,0.4672428739,0.0000000000,scatter
10900,2,0.4672428739,0.0000000000,1.3429197157,-0.3328845364,scatter
10900,3,1.3429197157,-0.3328845364,0.5262292448,-0.4649949030,scatter
10900,4,0.5262292448,-0.4649949030,1.4919889570,-1.1713665775,absorb
11000,1,0.0000000000,0.0000000000,0.0605464923,0.0000000000,absorb
11100,1,0.0000000000,0.0000000000,1.9850339750,0.0000000000,scatter
11100,2,1.9850339750,0.0000000000,0.0000000000,-0.8742673538,exit_left
11200,1,0.0000000000,0.0000000000,0.4759097607,0.0000000000,scatter
11200,2,0.4759097607,0.0000000000,1.1883680764,0.6021409472,scatter
11200,3,1.1883680764,0.6021409472,0.6879634446,3.7715432555,absorb
11300,1,0.0000000000,0.0000000000,1.5984885620,0.0000000000,scatter
11300,2,1.5984885620,0.0000000000,2.1676622349,0.6821363363,scatter
11300,3,2.1676622349,0.6821363363,2.3051401269,1.0799683759,absorb
11400,1,0.0000000000,0.0000000000,1.0034014195,0.0000000000,scatter
11400,2,1.0034014195,0.0000000000,0.0000000000,-2.5383368191,exit_left
11500,1,0.0000000000,0.0000000000,2.2776163452,0.0000000000,scatter
11500,2,2.2776163452,0.0000000000,1.7018335140,-0.4725531273,scatter
11500,3,1.7018335140,-0.4725531273,3.2500000000,-1.8971171603,exit_right
11600,1,0.0000000000,0.0000000000,3.2500000000,0.0000000000,exit_right
11700,1,0.0000000000,0.0000000000,3.2500000000,0.0000000000,exit_right
11800,1,0.0000000000,0.0000000000,1.1356572500,0.0000000000,scatter
11800,2,1.1356572500,0.0000000000,0.0000000000,0.1094857711,exit_left
11900,1,0.0000000000,0.0000000000,1.6435400504,0.0000000000,scatter
11900,2,1.6435400504,0.0000000000,0.0000000000,-0.1939738788,exit_left
12000,1,0.0000000000,0.0000000000,2.7020394737,0.0000000000,scatter
12000,2,2.7020394737,0.0000000000,1.7318599581,1.0515859994,scatter
12000,3,1.7318599581,1.0515859994,0.0000000000,1.4047511558,exit_left
12100,1,0.0000000000,0.0000000000,3.1764855876,0.0000000000,absorb
12200,1,0.0000000000,0.0000000000,3.2500000000,0.0000000000,exit_right
12300,1,0.0000000000,0.0000000000,2.0844803808,0.0000000000,absorb
12400,1,0.0000000000,0.0000000000,0.1791173067,0.0000000000,scatter
12400,2,0.1791173067,0.0000000000,0.0000000000,-0.8579412420,exit_left
12500,1,0.0000000000,0.0000000000,0.7873355832,0.0000000000,scatter
12500,2,0.7873355832,0.0000000000,1.8814550020,0.4958748904,scatter
12500,3,1.8814550020,0.4958748904,1.0784447835,0.8232053470,scatter
12500,4,1.0784447835,0.8232053470,0.0600258802,-0.6165943440,scatter
12500,5,0.0600258802,-0.6165943440,0.0000000000,-0.6194744555,exit_left
12600,1,0.0000000000,0.0000000000,3.2500000000,0.0000000000,exit_right
12700,1,0.0000000000,0.0000000000,3.2500000000,0.0000000000,exit_right
12800,1,0.0000000000,0.0000000000,2.6617502916,0.0000000000,scatter
12800,2,2.6617502916,0.0000000000,3.2500000000,0.0009765622,exit_right
12900,1,0.0000000000,0.0000000000,1.5866226012,0.0000000000,scatter
12900,2,1.5866226012,0.0000000000,1.7249672237,0.0782820353,scatter
12900,3,1.7249672237,0.0782820353,3.1804182769,-0.4355013179,scatter
12900,4,3.1804182769,-0.4355013179,3.2500000000,-0.9813859034,exit_right
13000,1,0.0000000000,0.0000000000,2.5687541373,0.0000000000,scatter
13000,2,2.5687541373,0.0000000000,1.7964925850,-0.9385814579,scatter
13000,3,1.7964925850,-0.9385814579,2.5944120402,2.1671954518,scatter
13000,4,2.5944120402,2.1671954518,3.1377848840,6.1029191617,scatter
13000,5,3.1377848840,6.1029191617,2.9237954385,6.1525361749,absorb
13100,1,0.0000000000,0.0000000000,3.2500000000,0.0000000000,exit_right
13200,1,0.0000000000,0.0000000000,1.4706767272,0.0000000000,scatter
13200,2,1.4706767272,0.0000000000,0.1071409864,0.5498452472,scatter
13200,3,0.1071409864,0.5498452472,0.0000000000,0.6881482263,exit_left
13300,1,0.0000000000,0.0000000000,3.2411937051,0.0000000000,scatter
13300,2,3.2411937051,0.0000000000,3.2500000000,-0.0260220917,exit_right
13400,1,0.0000000000,0.0000000000,0.1175823134,0.0000000000,scatter
13400,2,0.1175823134,0.0000000000,1.1612833968,-0.2628445700,scatter
13400,3,1.1612833968,-0.2628445700,1.3719526672,-0.1954258184,scatter
13400,4,1.3719526672,-0.1954258184,2.2327656346,0.9706572271,scatter
13400,5,2.2327656346,0.9706572271,1.9859311603,0.6622298868,scatter
13400,6,1.9859311603,0.6622298868,0.0000000000,-0.5529040858,exit_left
13500,1,0.0000000000,0.0000000000,1.7004528235,0.0000000000,scatter
13500,2,1.7004528235,0.0000000000,2.0825132668,2.6143218046,scatter
13500,3,2.0825132668,2.6143218046,1.6199869684,3.9087507438,scatter
13500,4,1.6199869684,3.9087507438,2.0002267694,2.6581924002,scatter
13500,5,2.0002267694,2.6581924002,1.1268000594,0.2981442057,absorb
13600,1,0.0000000000,0.0000000000,0.5169020350,0.0000000000,absorb
13700,1,0.0000000000,0.0000000000,3.2500000000,0.0000000000,exit_right
13800,1,0.0000000000,0.0000000000,0.8782099028,0.0000000000,absorb
13900,1,0.0000000000,0.0000000000,3.2500000000,0.0000000000,exit_right
14000,1,0.0000000000,0.0000000000,0.4007439380,0.0000000000,scatter
14000,2,0.4007439380,0.0000000000,0.0352164919,0.1625193043,scatter
14000,3,0.0352164919,0.1625193043,0.0000000000,0.1870615211,exit_left
14100,1,0.0000000000,0.0000000000,0.2128609717,0.0000000000,scatter
14100,2,0.2128609717,0.0000000000,0.4402025991,0.7463986622,scatter
14100,3,0.4402025991,0.7463986622,2.2986490584,-0.0083498871,scatter
14100,4,2.2986490584,-0.0083498871,1.4850609867,0.4343880435,scatter
14100,5,1.4850609867,0.4343880435,3.2500000000,0.1936925003,exit_right
14200,1,0.0000000000,0.0000000000,0.7058743339,0.0000000000,scatter
14200,2,0.7058743339,0.0000000000,1.9909408303,0.0232140236,scatter
14200,3,1.9909408303,0.0232140236,0.2382926846,2.7055212212,scatter
14200,4,0.2382926846,2.7055212212,0.0000000000,3.0619097840,exit_left
14300,1,0.0000000000,0.0000000000,1.2696567156,0.0000000000,scatter
14300,2,1.2696567156,0.0000000000,1.1226412704,-0.2790824255,absorb
14400,1,0.0000000000,0.0000000000,0.0331739367,0.0000000000,absorb
14500,1,0.0000000000,0.0000000000,2.3147864214,0.0000000000,scatter
14500,2,2.3147864214,0.0000000000,2.2531906811,-0.0785764383,scatter
14500,3,2.2531906811,-0.0785764383,2.0895849559,0.1026727125,absorb
14600,1,0.0000000000,0.0000000000,2.1955946840,0.0000000000,scatter
14600,2,2.1955946840,0.0000000000,2.2252509843,0.9043579495,scatter
14600,3,2.2252509843,0.9043579495,3.2500000000,0.9172025128,exit_right
14700,1,0.0000000000,0.0000000000,1.0674459873,0.0000000000,scatter
14700,2,1.0674459873,0.0000000000,0.4510230638,-0.0989728785,scatter
14700,3,0.4510230638,-0.0989728785,0.6611706753,-0.0656176459,scatter
14700,4,0.6611706753,-0.0656176459,0.1100322982,-0.3737782610,scatter
14700,5,0.1100322982,-0.3737782610,0.0000000000,0.0034518879,exit_left
14800,1,0.0000000000,0.0000000000,0.5844076418,0.0000000000,scatter
14800,2,0.5844076418,0.0000000000,0.6294246597,-0.0407321566,scatter
14800,3,0.6294246597,-0.0407321566,0.9031997066,-0.8067495724,scatter
14800,4,0.9031997066,-0.8067495724,0.6550232004,-1.3183671479,scatter
14800,5,0.6550232004,-1.3183671479,1.6963059571,-0.7966728490,scatter
14800,6,1.6963059571,-0.7966728490,1.4488190957,-0.9281174980,absorb
14900,1,0.0000000000,0.0000000000,2.2582127684,0.0000000000,scatter
14900,2,2.2582127684,0.0000000000,3.2500000000,-0.3259760072,exit_right
15000,1,0.0000000000,0.0000000000,0.3384605313,0.0000000000,scatter
15000,2,0.3384605313,0.0000000000,1.4566691180,0.3609790586,scatter
15000,3,1.4566691180,0.3609790586,3.2500000000,-0.0150219689,exit_right
15100,1,0.0000000000,0.0000000000,0.4897811079,0.0000000000,absorb
15200,1,0.0000000000,0.0000000000,2.9558357538,0.0000000000,absorb
15300,1,0.0000000000,0.0000000000,3.2500000000,0.0000000000,exit_right
15400,1,0.0000000000,0.0000000000,0.1115169725,0.0000000000,absorb
15500,1,0.0000000000,0.0000000000,1.9245600829,0.0000000000,scatter
15500,2,1.9245600829,0.0000000000,3.2500000000,0.8938818351,exit_right
15600,1,0.0000000000,0.0000000000,1.7019445440,0.0000000000,absorb
15700,1,0.0000000000,0.0000000000,3.0180493196,0.0000000000,scatter
15700,2,3.0180493196,0.0000000000,0.7135956256,-0.5836478966,scatter
15700,3,0.7135956256,-0.5836478966,0.8710377386,-0.2616609440,scatter
15700,4,0.8710377386,-0.2616609440,0.1367204114,3.5625914787,scatter
15700,5,0.1367204114,3.5625914787,1.6339649148,1.9278906495,absorb
15800,1,0.0000000000,0.0000000000,0.6137034841,0.0000000000,absorb
15900,1,0.0000000000,0.0000000000,0.4527675469,0.0000000000,scatter
15900,2,0.4527675469,0.0000000000,0.0000000000,0.3030134966,exit_left
16000,1,0.0000000000,0.0000000000,2.5376917687,0.0000000000,absorb
16100,1,0.0000000000,0.0000000000,3.2500000000,0.0000000000,exit_right
16200,1,0.0000000000,0.0000000000,1.6730369487,0.0000000000,scatter
16200,2,1.6730369487,0.0000000000,2.1963035988,-2.3316225262,scatter
16200,3,2.1963035988,-2.3316225262,2.4802908775,-2.0319563186,scatter
16200,4,2.4802908775,-2.0319563186,3.2500000000,-1.5470304995,exit_right
16300,1,0.0000000000,0.0000000000,3.2500000000,0.0000000000,exit_right
16400,1,0.0000000000,0.0000000000,0.4597646661,0.0000000000,scatter
16400,2,0.4597646661,0.0000000000,1.2242027019,0.5363966633,absorb
16500,1,0.0000000000,0.0000000000,0.1531318918,0.0000000000,scatter
16500,2,0.1531318918,0.0000000000,2.8085873743,-0.2617179131,absorb
16600,1,0.0000000000,0.0000000000,0.0815320085,0.0000000000,absorb
16700,1,0.0000000000,0.0000000000,0.4078203838,0.0000000000,scatter
16700,2,0.4078203838,0.0000000000,0.0000000000,0.1085308007,exit_left
16800,1,0.0000000000,0.0000000000,1.3804173011,0.0000000000,scatter
16800,2,1.3804173011,0.0000000000,2.2847918418,-0.8121797255,scatter
16800,3,2.2847918418,-0.8121797255,3.2500000000,0.0895313851,exit_right
16900,1,0.0000000000,0.0000000000,0.5501692087,0.0000000000,scatter
16900,2,0.5501692087,0.0000000000,0.0000000000,-0.8564375982,exit_left
17000,1,0.0000000000,0.0000000000,3.2500000000,0.0000000000,exit_right
17100,1,0.0000000000,0.0000000000,0.0833929246,0.0000000000,scatter
17100,2,0.0833929246,0.0000000000,0.0000000000,-0.2956151023,exit_left
17200,1,0.0000000000,0.0000000000,3.2500000000,0.0000000000,exit_right
17300,1,0.0000000000,0.0000000000,1.2101009465,0.0000000000,absorb
17400,1,0.0000000000,0.0000000000,0.0593305553,0.0000000000,absorb
17500,1,0.0000000000,0.0000000000,1.1370893203,0.0000000000,scatter
17500,2,1.1370893203,0.0000000000,1.0891817355,-0.3019329127,scatter
17500,3,1.0891817355,-0.3019329127,3.2500000000,0.2869345885,exit_right
17600,1,0.0000000000,0.0000000000,3.2500000000,0.0000000000,exit_right
17700,1,0.0000000000,0.0000000000,3.0902538927,0.0000000000,scatter
17700,2,3.0902538927,0.0000000000,1.9024540144,-0.2374633117,scatter
17700,3,1.9024540144,-0.2374633117,0.0000000000,-1.2328781164,exit_left
17800,1,0.0000000000,0.0000000000,2.1404522616,0.0000000000,scatter
17800,2,2.1404522616,0.0000000000,0.0000000000,-0.3983741636,exit_left
17900,1,0.0000000000,0.0000000000,1.7670572510,0.0000000000,scatter
17900,2,1.7670572510,0.0000000000,2.7896962690,-0.3463862897,absorb
18000,1,0.0000000000,0.0000000000,0.3524089811,0.0000000000,scatter
18000,2,0.3524089811,0.0000000000,3.2500000000,3.1949045037,exit_right
18100,1,0.0000000000,0.0000000000,0.6606652293,0.0000000000,absorb
18200,1,0.0000000000,0.0000000000,0.8900468687,0.0000000000,scatter
18200,2,0.8900468687,0.0000000000,0.9495524770,2.9770796453,absorb
18300,1,0.0000000000,0.0000000000,2.2857840430,0.0000000000,scatter
18300,2,2.2857840430,0.0000000000,2.7132225220,-0.1129590796,scatter
18300,3,2.7132225220,-0.1129590796,3.0269407882,0.5264291596,scatter
18300,4,3.0269407882,0.5264291596,2.1345838980,1.8724443676,scatter
18300,5,2.1345838980,1.8724443676,3.2500000000,1.2954220206,exit_right
18400,1,0.0000000000,0.0000000000,1.9536581066,0.0000000000,scatter
18400,2,1.9536581066,0.0000000000,2.0337285118,-0.1083711914,scatter
18400,3,2.0337285118,-0.1083711914,2.3930441657,-0.0690223916,absorb
18500,1,0.0000000000,0.0000000000,0.1068043762,0.0000000000,absorb
18600,1,0.0000000000,0.0000000000,0.8583089198,0.0000000000,scatter
18600,2,0.8583089198,0.0000000000,3.2500000000,0.0658339905,exit_right
18700,1,0.0000000000,0.0000000000,0.2605977990,0.0000000000,absorb
18800,1,0.0000000000,0.0000000000,3.1230052931,0.0000000000,absorb
18900,1,0.0000000000,0.0000000000,1.4929515788,0.0000000000,scatter
18900,2,1.4929515788,0.0000000000,3.2500000000,-0.4639732521,exit_right
19000,1,0.0000000000,0.0000000000,1.3573357910,0.0000000000,scatter
19000,2,1.3573357910,0.0000000000,3.2500000000,-0.4831014675,exit_right
19100,1,0.0000000000,0.0000000000,0.5426969346,0.0000000000,scatter
19100,2,0.5426969346,0.0000000000,2.5185840008,0.7903733269,scatter
19100,3,2.5185840008,0.7903733269,3.2500000000,0.8157273315,exit_right
19200,1,0.0000000000,0.0000000000,2.2440245082,0.0000000000,scatter
19200,2,2.2440245082,0.0000000000,2.6822888174,0.9603976426,scatter
19200,3,2.6822888174,0.9603976426,2.4383371924,0.6909657830,absorb
19300,1,0.0000000000,0.0000000000,2.8838026591,0.0000000000,scatter
19300,2,2.8838026591,0.0000000000,1.8471722545,-0.0359380214,scatter
19300,3,1.8471722545,-0.0359380214,3.2500000000,0.0772038551,exit_right
19400,1,0.0000000000,0.0000000000,1.0431658199,0.0000000000,scatter
19400,2,1.0431658199,0.0000000000,1.8981666797,-1.5169945218,absorb
19500,1,0.0000000000,0.0000000000,0.3388561259,0.0000000000,absorb
19600,1,0.0000000000,0.0000000000,0.4027746541,0.0000000000,scatter
19600,2,0.4027746541,0.0000000000,2.2069045382,-4.5334246158,scatter
19600,3,2.2069045382,-4.5334246158,0.0000000000,-4.7005057625,exit_left
19700,1,0.0000000000,0.0000000000,1.3317152708,0.0000000000,absorb
19800,1,0.0000000000,0.0000000000,0.7951568435,0.0000000000,scatter
19800,2,0.7951568435,0.0000000000,0.0000000000,0.4740538001,exit_left
19900,1,0.0000000000,0.0000000000,0.1259491003,0.0000000000,scatter
19900,2,0.1259491003,0.0000000000,2.2488586037,1.2745562154,scatter
19900,3,2.2488586037,1.2745562154,0.7194450326,2.6876972353,scatter
19900,4,0.7194450326,2.6876972353,3.2500000000,3.8476522052,exit_right
20000,1,0.0000000000,0.0000000000,2.1530503474,0.0000000000,scatter
20000,2,2.1530503474,0.0000000000,0.0000000000,-0.0496063051,exit_left
20100,1,0.0000000000,0.0000000000,0.7025015571,0.0000000000,absorb
20200,1,0.0000000000,0.0000000000,0.3331266745,0.0000000000,scatter
20200,2,0.3331266745,0.0000000000,0.2085119849,0.1519671813,scatter
20200,3,0.2085119849,0.1519671813,1.9793408550,0.8728565774,scatter
20200,4,1.9793408550,0.8728565774,3.2500000000,-0.3132205118,exit_right
20300,1,0.0000000000,0.0000000000,3.2500000000,0.0000000000,exit_right
20400,1,0.0000000000,0.0000000000,1.9802244362,0.0000000000,scatter
20400,2,1.9802244362,0.0000000000,2.7667569114,1.5845290213,scatter
20400,3,2.7667569114,1.5845290213,2.0233530716,0.6718496900,scatter
20400,4,2.0233530716,0.6718496900,1.9875641144,2.3191237181,scatter
20400,5,1.9875641144,2.3191237181,1.9898708671,1.8725109671,scatter
20400,6,1.9898708671,1.8725109671,3.2500000000,4.6309655976,exit_right
20500,1,0.0000000000,0.0000000000,1.4699977339,0.0000000000,absorb
20600,1,0.0000000000,0.0000000000,0.6196364623,0.0000000000,scatter
20600,2,0.6196364623,0.0000000000,3.2500000000,2.1267189414,exit_right
20700,1,0.0000000000,0.0000000000,3.2500000000,0.0000000000,exit_right
20800,1,0.0000000000,0.0000000000,2.0096207074,0.0000000000,scatter
20800,2,2.0096207074,0.0000000000,0.0000000000,-0.0877936766,exit_left
20900,1,0.0000000000,0.0000000000,3.2188697787,0.0000000000,scatter
20900,2,3.2188697787,0.0000000000,2.4835930714,-1.0385998647,scatter
20900,3,2.4835930714,-1.0385998647,2.7559760896,-1.4801335449,scatter
20900,4,2.7559760896,-1.4801335449,3.2500000000,-1.3470241888,exit_right
21000,1,0.0000000000,0.0000000000,0.6006580348,0.0000000000,scatter
21000,2,0.6006580348,0.0000000000,1.6299300070,-4.3393946455,scatter
21000,3,1.6299300070,-4.3393946455,1.5748991360,-4.3484904121,scatter
21000,4,1.5748991360,-4.3484904121,1.5921637629,-4.3439519874,scatter
21000,5,1.5921637629,-4.3439519874,2.1963731690,-5.3114595997,scatter
21000,6,2.1963731690,-5.3114595997,0.0000000000,-4.7800500111,exit_left
21100,1,0.0000000000,0.0000000000,3.1925454412,0.0000000000,scatter
21100,2,3.1925454412,0.0000000000,3.2500000000,0.0211809771,exit_right
21200,1,0.0000000000,0.0000000000,0.3944258183,0.0000000000,scatter
21200,2,0.3944258183,0.0000000000,3.2500000000,-0.2267257806,exit_right
21300,1,0.0000000000,0.0000000000,0.7969110089,0.0000000000,absorb
21400,1,0.0000000000,0.0000000000,3.2500000000,0.0000000000,exit_right
21500,1,0.0000000000,0.0000000000,0.6956955056,0.0000000000,scatter
21500,2,0.6956955056,0.0000000000,2.8032111320,1.7504919929,absorb
21600,1,0.0000000000,0.0000000000,2.5497252092,0.0000000000,scatter
21600,2,2.5497252092,0.0000000000,0.8782990888,-2.2941010879,scatter
21600,3,0.8782990888,-2.2941010879,3.1503368214,-3.8046002001,scatter
21600,4,3.1503368214,-3.8046002001,2.1281090060,-3.2516259381,scatter
21600,5,2.1281090060,-3.2516259381,1.6294862179,-3.0151412488,scatter
21600,6,1.6294862179,-3.0151412488,2.1233424721,-4.5242038258,scatter
21600,7,2.1233424721,-4.5242038258,1.6679151396,-4.3253640308,scatter
21600,8,1.6679151396,-4.3253640308,2.0380285960,-6.0794073578,scatter
21600,9,2.0380285960,-6.0794073578,0.0000000000,-3.5708669857,exit_left
21700,1,0.0000000000,0.0000000000,3.2500000000,0.0000000000,exit_right
21800,1,0.0000000000,0.0000000000,0.1892241451,0.0000000000,scatter
21800,2,0.1892241451,0.0000000000,1.1325110572,-0.7537086789,scatter
21800,3,1.1325110572,-0.7537086789,0.0000000000,0.7184120709,exit_left
21900,1,0.0000000000,0.0000000000,1.2034028296,0.0000000000,scatter
21900,2,1.2034028296,0.0000000000,1.3335023830,-0.4921726550,absorb
22000,1,0.0000000000,0.0000000000,0.6076593672,0.0000000000,scatter
22000,2,0.6076593672,0.0000000000,0.6068409503,-0.0109923220,scatter
22000,3,0.6068409503,-0.0109923220,0.3039524358,0.6783981364,scatter
22000,4,0.3039524358,0.6783981364,0.0000000000,0.2869781176,exit_left
22100,1,0.0000000000,0.0000000000,3.2500000000,0.0000000000,exit_right
22200,1,0.0000000000,0.0000000000,0.2095329124,0.0000000000,scatter
22200,2,0.2095329124,0.0000000000,0.2035744458,0.0080115264,scatter
22200,3,0.2035744458,0.0080115264,1.0673770414,0.5006614355,scatter
22200,4,1.0673770414,0.5006614355,1.2446686150,0.1954059106,scatter
22200,5,1.2446686150,0.1954059106,1.7397572484,-0.2028185340,scatter
22200,6,1.7397572484,-0.2028185340,0.0000000000,2.3547888548,exit_left
22300,1,0.0000000000,0.0000000000,0.2311153613,0.0000000000,scatter
22300,2,0.2311153613,0.0000000000,0.1330181046,0.4425098773,scatter
22300,3,0.1330181046,0.4425098773,0.0000000000,-0.1396716760,exit_left
22400,1,0.0000000000,0.0000000000,3.2500000000,0.0000000000,exit_right
22500,1,0.0000000000,0.0000000000,3.2500000000,0.0000000000,exit_right
22600,1,0.0000000000,0.0000000000,3.2500000000,0.0000000000,exit_right
22700,1,0.0000000000,0.0000000000,0.8658799207,0.0000000000,scatter
22700,2,0.8658799207,0.0000000000,0.6028869940,0.9913258579,scatter
22700,3,0.6028869940,0.9913258579,1.5159340637,-1.0940094499,absorb
22800,1,0.0000000000,0.0000000000,0.4208634304,0.0000000000,scatter
22800,2,0.4208634304,0.0000000000,0.1007818385,0.7198743252,absorb
22900,1,0.0000000000,0.0000000000,1.9013848623,0.0000000000,absorb
23000,1,0.0000000000,0.0000000000,0.5162145455,0.0000000000,scatter
23000,2,0.5162145455,0.0000000000,0.3662229094,-1.4956903238,scatter
23000,3,0.3662229094,-1.4956903238,0.3440819426,-2.4692944650,scatter
23000,4,0.3440819426,-2.4692944650,0.3132380699,-2.8981033515,scatter
23000,5,0.3132380699,-2.8981033515,0.4087072318,-3.0988514722,scatter
23000,6,0.4087072318,-3.0988514722,0.0000000000,-2.3615540111,exit_left
23100,1,0.0000000000,0.0000000000,2.4762304241,0.0000000000,scatter
23100,2,2.4762304241,0.0000000000,1.8255673870,-1.1138301008,scatter
23100,3,1.8255673870,-1.1138301008,1.8126480016,-1.3450910621,scatter
23100,4,1.8126480016,-1.3450910621,0.9201099592,-1.1203858809,absorb
23200,1,0.0000000000,0.0000000000,0.1088770836,0.0000000000,scatter
23200,2,0.1088770836,0.0000000000,0.7942868264,1.1375875625,scatter
23200,3,0.7942868264,1.1375875625,1.8245216071,0.7045081604,scatter
23200,4,1.8245216071,0.7045081604,1.8126882792,0.9605749120,scatter
23200,5,1.8126882792,0.9605749120,1.3292469972,1.1290263140,absorb
23300,1,0.0000000000,0.0000000000,0.4423214971,0.0000000000,scatter
23300,2,0.4423214971,0.0000000000,0.5377438663,0.7133487468,scatter
23300,3,0.5377438663,0.7133487468,3.2500000000,1.3033730643,exit_right
23400,1,0.0000000000,0.0000000000,1.9891086000,0.0000000000,scatter
23400,2,1.9891086000,0.0000000000,3.2500000000,-0.8230455939,exit_right
23500,1,0.0000000000,0.0000000000,2.1713819057,0.0000000000,absorb
23600,1,0.0000000000,0.0000000000,0.2562410327,0.0000000000,absorb
23700,1,0.0000000000,0.0000000000,0.1963381960,0.0000000000,scatter
23700,2,0.1963381960,0.0000000000,0.3138065001,-0.5725293788,scatter
23700,3,0.3138065001,-0.5725293788,0.0000000000,0.3295845536,exit_left
23800,1,0.0000000000,0.0000000000,0.4365383890,0.0000000000,scatter
23800,2,0.4365383890,0.0000000000,0.6261522385,0.1277493342,scatter
23800,3,0.6261522385,0.1277493342,1.3851028106,-0.2469539752,scatter
23800,4,1.3851028106,-0.2469539752,3.2500000000,1.0308525945,exit_right
23900,1,0.0000000000,0.0000000000,1.7350063068,0.0000000000,scatter
23900,2,1.7350063068,0.0000000000,0.0000000000,0.7830664420,exit_left
24000,1,0.0000000000,0.0000000000,2.0022876271,0.0000000000,scatter
24000,2,2.0022876271,0.0000000000,3.1098954913,-2.6610891781,scatter
24000,3,3.1098954913,-2.6610891781,1.8307694178,-13.7029303305,scatter
24000,4,1.8307694178,-13.7029303305,1.4375412525,-13.2813622795,scatter
24000,5,1.4375412525,-13.2813622795,0.1109516968,-13.6237096042,scatter
24000,6,0.1109516968,-13.6237096042,0.8689690781,-11.2759354986,scatter
24000,7,0.8689690781,-11.2759354986,0.0659416618,-10.6940852319,scatter
24000,8,0.0659416618,-10.6940852319,0.5631129103,-9.7236304449,scatter
24000,9,0.5631129103,-9.7236304449,1.0880285242,-8.8664159071,scatter
24000,10,1.0880285242,-8.8664159071,0.7744445830,-7.8615998043,scatter
24000,11,0.7744445830,-7.8615998043,1.0951447177,-7.0790400550,scatter
24000,12,1.0951447177,-7.0790400550,0.0000000000,-6.1953614114,exit_left
24100,1,0.0000000000,0.0000000000,3.2015108521,0.0000000000,scatter
24100,2,3.2015108521,0.0000000000,3.0848911753,-5.7212748568,scatter
24100,3,3.0848911753,-5.7212748568,3.2500000000,-5.3377960816,exit_right
24200,1,0.0000000000,0.0000000000,2.7774191370,0.0000000000,absorb
24300,1,0.0000000000,0.0000000000,3.2500000000,0.0000000000,exit_right
24400,1,0.0000000000,0.0000000000,1.8922539783,0.0000000000,scatter
24400,2,1.8922539783,0.0000000000,2.5003906362,-0.3352939029,scatter
24400,3,2.5003906362,-0.3352939029,3.2500000000,-0.1699207904,exit_right
24500,1,0.0000000000,0.0000000000,2.7880604294,0.0000000000,scatter
24500,2,2.7880604294,0.0000000000,2.9085932729,-1.4561606028,scatter
24500,3,2.9085932729,-1.4561606028,1.9415847033,-0.3505365409,absorb
24600,1,0.0000000000,0.0000000000,0.1778824687,0.0000000000,scatter
24600,2,0.1778824687,0.0000000000,0.0000000000,0.2977689208,exit_left
24700,1,0.0000000000,0.0000000000,3.2500000000,0.0000000000,exit_right
24800,1,0.0000000000,0.0000000000,2.4193010912,0.0000000000,scatter
24800,2,2.4193010912,0.0000000000,2.3983571597,0.1789158919,scatter
24800,3,2.3983571597,0.1789158919,3.2500000000,-0.8390399465,exit_right
24900,1,0.0000000000,0.0000000000,3.2500000000,0.0000000000,exit_right
25000,1,0.0000000000,0.0000000000,1.0157392517,0.0000000000,scatter
25000,2,1.0157392517,0.0000000000,0.0000000000,1.3884229138,exit_left
25100,1,0.0000000000,0.0000000000,3.2500000000,0.0000000000,exit_right
25200,1,0.0000000000,0.0000000000,3.2500000000,0.0000000000,exit_right
25300,1,0.0000000000,0.0000000000,1.2913237913,0.0000000000,scatter
25300,2,1.2913237913,0.0000000000,0.8025142692,-0.6042886155,scatter
25300,3,0.8025142692,-0.6042886155,0.0000000000,0.3267783981,exit_left
25400,1,0.0000000000,0.0000000000,0.5181947852,0.0000000000,scatter
25400,2,0.5181947852,0.0000000000,0.0000000000,1.0141576172,exit_left
25500,1,0.0000000000,0.0000000000,3.2500000000,0.0000000000,exit_right
25600,1,0.0000000000,0.0000000000,1.9077837269,0.0000000000,scatter
25600,2,1.9077837269,0.0000000000,0.0000000000,0.7528291246,exit_left
25700,1,0.0000000000,0.0000000000,1.6127578076,0.0000000000,scatter
25700,2,1.6127578076,0.0000000000,3.2500000000,-0.8649837647,exit_right
25800,1,0.0000000000,0.0000000000,3.2500000000,0.0000000000,exit_right
25900,1,0.0000000000,0.0000000000,3.2500000000,0.0000000000,exit_right
26000,1,0.0000000000,0.0000000000,3.2500000000,0.0000000000,exit_right
26100,1,0.0000000000,0.0000000000,3.2500000000,0.0000000000,exit_right
26200,1,0.0000000000,0.0000000000,3.2500000000,0.0000000000,exit_right
26300,1,0.0000000000,0.0000000000,2.5601047767,0.0000000000,scatter
26300,2,2.5601047767,0.0000000000,0.0000000000,-4.1024282379,exit_left
26400,1,0.0000000000,0.0000000000,1.0589284833,0.0000000000,scatter
26400,2,1.0589284833,0.0000000000,0.0000000000,-1.4660133364,exit_left
26500,1,0.0000000000,0.0000000000,3.2500000000,0.0000000000,exit_right
26600,1,0.0000000000,0.0000000000,0.3835895072,0.0000000000,scatter
26600,2,0.3835895072,0.0000000000,0.0000000000,0.6200296983,exit_left
26700,1,0.0000000000,0.0000000000,0.8187948817,0.0000000000,scatter
26700,2,0.8187948817,0.0000000000,0.4457931647,0.4394170654,scatter
26700,3,0.4457931647,0.4394170654,0.2156184412,0.2695291262,scatter
26700,4,0.2156184412,0.2695291262,0.2626956448,0.3221372401,scatter
26700,5,0.2626956448,0.3221372401,0.0000000000,0.3456238912,exit_left
26800,1,0.0000000000,0.0000000000,1.3795751434,0.0000000000,scatter
26800,2,1.3795751434,0.0000000000,3.2500000000,-0.4563467935,exit_right
26900,1,0.0000000000,0.0000000000,2.8097845697,0.0000000000,absorb
27000,1,0.0000000000,0.0000000000,1.0814718547,0.0000000000,scatter
27000,2,1.0814718547,0.0000000000,2.1446615459,-1.2026548490,scatter
27000,3,2.1446615459,-1.2026548490,3.1517277281,-1.6292611173,scatter
27000,4,3.1517277281,-1.6292611173,3.1396537775,-1.8179532905,scatter
27000,5,3.1396537775,-1.8179532905,3.2500000000,-1.7778957798,exit_right
27100,1,0.0000000000,0.0000000000,1.1470345112,0.0000000000,scatter
27100,2,1.1470345112,0.0000000000,2.8528568936,1.3909073947,scatter
27100,3,2.8528568936,1.3909073947,2.6264500089,1.3612276046,scatter
27100,4,2.6264500089,1.3612276046,3.2500000000,1.0329514497,exit_right
27200,1,0.0000000000,0.0000000000,1.2373822998,0.0000000000,absorb
27300,1,0.0000000000,0.0000000000,0.7397385804,0.0000000000,scatter
27300,2,0.7397385804,0.0000000000,0.3292672607,1.4593675495,scatter
27300,3,0.3292672607,1.4593675495,0.3554781849,1.3723903899,scatter
27300,4,0.3554781849,1.3723903899,2.2771191140,2.4788213731,scatter
27300,5,2.2771191140,2.4788213731,1.4977925888,1.5500113783,scatter
27300,6,1.4977925888,1.5500113783,3.2500000000,-1.5458680150,exit_right
27400,1,0.0000000000,0.0000000000,1.0484275922,0.0000000000,scatter
27400,2,1.0484275922,0.0000000000,0.0000000000,1.7445001807,exit_left
27500,1,0.0000000000,0.0000000000,2.0055675382,0.0000000000,scatter
27500,2,2.0055675382,0.0000000000,1.8435364601,-1.2770955956,scatter
27500,3,1.8435364601,-1.2770955956,1.7423749831,-1.8151729328,scatter
27500,4,1.7423749831,-1.8151729328,1.7817256237,-1.3854557076,scatter
27500,5,1.7817256237,-1.3854557076,0.6580161993,-1.1708916401,scatter
27500,6,0.6580161993,-1.1708916401,0.7407117201,-1.9180586531,scatter
27500,7,0.7407117201,-1.9180586531,1.5418034398,-0.4586783489,scatter
27500,8,1.5418034398,-0.4586783489,3.0540231743,0.1919026423,scatter
27500,9,3.0540231743,0.1919026423,3.2500000000,0.4937429352,exit_right
27600,1,0.0000000000,0.0000000000,0.5490646443,0.0000000000,scatter
27600,2,0.5490646443,0.0000000000,0.0000000000,1.1667302867,exit_left
27700,1,0.0000000000,0.0000000000,1.7392574041,0.0000000000,absorb
27800,1,0.0000000000,0.0000000000,0.0298601094,0.0000000000,absorb
27900,1,0.0000000000,0.0000000000,0.2922530609,0.0000000000,scatter
27900,2,0.2922530609,0.0000000000,0.0000000000,0.3262807107,exit_left
28000,1,0.0000000000,0.0000000000,1.4712322698,0.0000000000,scatter
28000,2,1.4712322698,0.0000000000,1.6649587297,-0.2357320599,scatter
28000,3,1.6649587297,-0.2357320599,3.2500000000,-0.8108460639,exit_right
28100,1,0.0000000000,0.0000000000,3.2500000000,0.0000000000,exit_right
28200,1,0.0000000000,0.0000000000,2.0747204861,0.0000000000,absorb
28300,1,0.0000000000,0.0000000000,3.2500000000,0.0000000000,exit_right
28400,1,0.0000000000,0.0000000000,0.5234535001,0.0000000000,scatter
28400,2,0.5234535001,0.0000000000,0.0000000000,-1.2554178917,exit_left
28500,1,0.0000000000,0.0000000000,2.6293621908,0.0000000000,scatter
28500,2,2.6293621908,0.0000000000,0.0000000000,-3.7419939983,exit_left
28600,1,0.0000000000,0.0000000000,3.2500000000,0.0000000000,exit_right
28700,1,0.0000000000,0.0000000000,1.1857393873,0.0000000000,scatter
28700,2,1.1857393873,0.0000000000,1.2571539710,0.0345607604,scatter
28700,3,1.2571539710,0.0345607604,3.2500000000,0.0009644754,exit_right
28800,1,0.0000000000,0.0000000000,0.2152065378,0.0000000000,scatter
28800,2,0.2152065378,0.0000000000,0.2724403792,-1.9070535694,scatter
28800,3,0.2724403792,-1.9070535694,0.0000000000,-2.3310666116,exit_left
28900,1,0.0000000000,0.0000000000,3.2500000000,0.0000000000,exit_right
29000,1,0.0000000000,0.0000000000,2.2780020984,0.0000000000,scatter
29000,2,2.2780020984,0.0000000000,2.3338827108,0.0794979089,scatter
29000,3,2.3338827108,0.0794979089,0.0000000000,0.4280479533,exit_left
29100,1,0.0000000000,0.0000000000,0.5737109783,0.0000000000,scatter
29100,2,0.5737109783,0.0000000000,0.6704223690,0.0111772856,scatter
29100,3,0.6704223690,0.0111772856,0.8319616149,-0.1198327027,absorb
29200,1,0.0000000000,0.0000000000,1.1427026053,0.0000000000,absorb
29300,1,0.0000000000,0.0000000000,0.1551489789,0.0000000000,scatter
29300,2,0.1551489789,0.0000000000,0.0000000000,0.0747425935,exit_left
29400,1,0.0000000000,0.0000000000,2.3916684206,0.0000000000,scatter
29400,2,2.3916684206,0.0000000000,2.3512440537,-1.3310434915,absorb
29500,1,0.0000000000,0.0000000000,0.0336329893,0.0000000000,absorb
29600,1,0.0000000000,0.0000000000,0.1421680770,0.0000000000,scatter
29600,2,0.1421680770,0.0000000000,0.0000000000,0.3433590277,exit_left
29700,1,0.0000000000,0.0000000000,3.2500000000,0.0000000000,exit_right
29800,1,0.0000000000,0.0000000000,0.8474781711,0.0000000000,scatter
29800,2,0.8474781711,0.0000000000,0.0000000000,-1.4130212601,exit_left
29900,1,0.0000000000,0.0000000000,0.7036172419,0.0000000000,scatter
29900,2,0.7036172419,0.0000000000,0.0000000000,-3.5313387070,exit_left
30000,1,0.0000000000,0.0000000000,0.4605758236,0.0000000000,scatter
30000,2,0.4605758236,0.0000000000,1.1778600844,-0.2255092846,scatter
30000,3,1.1778600844,-0.2255092846,0.0000000000,-0.0906243706,exit_left
30100,1,0.0000000000,0.0000000000,2.6274768183,0.0000000000,scatter
30100,2,2.6274768183,0.0000000000,2.5596714168,0.3088765702,scatter
30100,3,2.5596714168,0.3088765702,1.8854842112,-0.5127601576,scatter
30100,4,1.8854842112,-0.5127601576,1.8768158204,-1.1422945366,scatter
30100,5,1.8768158204,-1.1422945366,1.7359609827,-0.8930983175,scatter
30100,6,1.7359609827,-0.8930983175,0.8030579224,-1.3144112052,scatter
30100,7,0.8030579224,-1.3144112052,0.9082104836,-0.7172175865,scatter
30100,8,0.9082104836,-0.7172175865,0.9395797644,-1.5336827353,absorb
30200,1,0.0000000000,0.0000000000,2.7488283261,0.0000000000,scatter
30200,2,2.7488283261,0.0000000000,3.0775107762,-0.5167319623,scatter
30200,3,3.0775107762,-0.5167319623,0.6761466856,-2.4320059726,scatter
30200,4,0.6761466856,-2.4320059726,0.6497816887,-2.3760251263,scatter
30200,5,0.6497816887,-2.3760251263,0.0000000000,-7.7653707213,exit_left
30300,1,0.0000000000,0.0000000000,3.2500000000,0.0000000000,exit_right
30400,1,0.0000000000,0.0000000000,1.2515289249,0.0000000000,scatter
30400,2,1.2515289249,0.0000000000,0.4893081124,-0.9208173931,scatter
30400,3,0.4893081124,-0.9208173931,0.3900764319,-1.9396938030,scatter
30400,4,0.3900764319,-1.9396938030,0.5166872962,-2.4394281536,scatter
30400,5,0.5166872962,-2.4394281536,0.0000000000,-2.7746363737,exit_left
30500,1,0.0000000000,0.0000000000,0.4833319361,0.0000000000,scatter
30500,2,0.4833319361,0.0000000000,0.0000000000,0.2322407824,exit_left
30600,1,0.0000000000,0.0000000000,2.5525591836,0.0000000000,scatter
30600,2,2.5525591836,0.0000000000,3.2255733985,-0.4933031178,scatter
30600,3,3.2255733985,-0.4933031178,2.2719715573,4.1437434978,scatter
30600,4,2.2719715573,4.1437434978,1.5952350705,5.8432747750,scatter
30600,5,1.5952350705,5.8432747750,0.3102308374,1.2711893412,scatter
30600,6,0.3102308374,1.2711893412,0.0000000000,1.1621788000,exit_left
30700,1,0.0000000000,0.0000000000,3.2500000000,0.0000000000,exit_right
30800,1,0.0000000000,0.0000000000,3.2500000000,0.0000000000,exit_right
30900,1,0.0000000000,0.0000000000,2.5494555741,0.0000000000,scatter
30900,2,2.5494555741,0.0000000000,2.1692705206,0.1553806197,absorb
31000,1,0.0000000000,0.0000000000,0.7557311117,0.0000000000,scatter
31000,2,0.7557311117,0.0000000000,2.9415470945,1.9795387332,scatter
31000,3,2.9415470945,1.9795387332,2.5238084731,4.0834654307,scatter
31000,4,2.5238084731,4.0834654307,2.5238572632,4.0761414703,absorb
31100,1,0.0000000000,0.0000000000,0.2500578652,0.0000000000,scatter
31100,2,0.2500578652,0.0000000000,0.0000000000,0.1816296305,exit_left
31200,1,0.0000000000,0.0000000000,0.7930654523,0.0000000000,scatter
31200,2,0.7930654523,0.0000000000,0.1159511993,-1.4572114654,scatter
31200,3,0.1159511993,-1.4572114654,0.0598795173,-2.5661230221,scatter
31200,4,0.0598795173,-2.5661230221,0.0000000000,-2.4662769779,exit_left
31300,1,0.0000000000,0.0000000000,1.8465068704,0.0000000000,scatter
31300,2,1.8465068704,0.0000000000,2.3109805526,-3.2742815009,absorb
31400,1,0.0000000000,0.0000000000,3.2500000000,0.0000000000,exit_right
31500,1,0.0000000000,0.0000000000,2.3029455839,0.0000000000,scatter
31500,2,2.3029455839,0.0000000000,3.2500000000,-0.3598277861,exit_right
31600,1,0.0000000000,0.0000000000,0.6820253483,0.0000000000,scatter
31600,2,0.6820253483,0.0000000000,1.0782296203,-0.0824759108,scatter
31600,3,1.0782296203,-0.0824759108,1.1019558326,-0.0240439840,scatter
31600,4,1.1019558326,-0.0240439840,3.2500000000,-0.8313751582,exit_right
31700,1,0.0000000000,0.0000000000,3.2500000000,0.0000000000,exit_right
31800,1,0.0000000000,0.0000000000,1.5335297213,0.0000000000,scatter
31800,2,1.5335297213,0.0000000000,3.2500000000,0.5220006661,exit_right
31900,1,0.0000000000,0.0000000000,0.3975479612,0.0000000000,scatter
31900,2,0.3975479612,0.0000000000,1.7098014049,0.3734921273,scatter
31900,3,1.7098014049,0.3734921273,1.8942100693,-0.9482701199,scatter
31900,4,1.8942100693,-0.9482701199,1.6288022291,-0.7757982029,absorb
32000,1,0.0000000000,0.0000000000,2.2986400000,0.0000000000,scatter
32000,2,2.2986400000,0.0000000000,3.0450297241,-0.2436547964,scatter
32000,3,3.0450297241,-0.2436547964,3.2500000000,0.3679659253,exit_right
32100,1,0.0000000000,0.0000000000,2.7832801652,0.0000000000,absorb
32200,1,0.0000000000,0.0000000000,1.9996224032,0.0000000000,scatter
32200,2,1.9996224032,0.0000000000,1.9478818894,-0.7979993539,scatter
32200,3,1.9478818894,-0.7979993539,1.5931801628,3.2924504520,scatter
32200,4,1.5931801628,3.2924504520,3.2394926824,-0.9111979088,absorb
32300,1,0.0000000000,0.0000000000,0.8147307493,0.0000000000,absorb
32400,1,0.0000000000,0.0000000000,0.7907437686,0.0000000000,absorb
32500,1,0.0000000000,0.0000000000,0.2192368997,0.0000000000,absorb
32600,1,0.0000000000,0.0000000000,0.8729649605,0.0000000000,scatter
32600,2,0.8729649605,0.0000000000,2.3944430859,0.9537892951,absorb
32700,1,0.0000000000,0.0000000000,0.1661049208,0.0000000000,scatter
32700,2,0.1661049208,0.0000000000,1.2160324563,-0.0197660281,scatter
32700,3,1.2160324563,-0.0197660281,0.0000000000,1.0892906567,exit_left
32800,1,0.0000000000,0.0000000000,2.6179424469,0.0000000000,scatter
32800,2,2.6179424469,0.0000000000,3.1448638206,-0.9162718026,scatter
32800,3,3.1448638206,-0.9162718026,3.2500000000,-0.8786502314,exit_right
32900,1,0.0000000000,0.0000000000,0.9919309940,0.0000000000,scatter
32900,2,0.9919309940,0.0000000000,3.2500000000,0.3888739787,exit_right
33000,1,0.0000000000,0.0000000000,3.2500000000,0.0000000000,exit_right
33100,1,0.0000000000,0.0000000000,3.2500000000,0.0000000000,exit_right
33200,1,0.0000000000,0.0000000000,1.0205587302,0.0000000000,scatter
33200,2,1.0205587302,0.0000000000,1.1672557793,0.0906134304,absorb
33300,1,0.0000000000,0.0000000000,0.6580294690,0.0000000000,scatter
33300,2,0.6580294690,0.0000000000,0.0000000000,0.6048827592,exit_left
33400,1,0.0000000000,0.0000000000,0.4469633250,0.0000000000,scatter
33400,2,0.4469633250,0.0000000000,0.4223268483,0.0262636673,scatter
33400,3,0.4223268483,0.0262636673,0.3816162720,-0.7231216617,scatter
33400,4,0.3816162720,-0.7231216617,0.0000000000,-0.3602453279,exit_left
33500,1,0.0000000000,0.0000000000,3.2500000000,0.0000000000,exit_right
33600,1,0.0000000000,0.0000000000,0.5450825328,0.0000000000,scatter
33600,2,0.5450825328,0.0000000000,1.2882841531,2.6285014308,scatter
33600,3,1.2882841531,2.6285014308,3.2500000000,3.2481646822,exit_right
33700,1,0.0000000000,0.0000000000,0.7558617632,0.0000000000,scatter
33700,2,0.7558617632,0.0000000000,0.7356440556,-0.0339587765,scatter
33700,3,0.7356440556,-0.0339587765,0.4021850730,-0.5474046879,absorb
33800,1,0.0000000000,0.0000000000,0.1194616573,0.0000000000,scatter
33800,2,0.1194616573,0.0000000000,0.0000000000,-0.0623133523,exit_left
33900,1,0.0000000000,0.0000000000,3.2500000000,0.0000000000,exit_right
34000,1,0.0000000000,0.0000000000,3.2500000000,0.0000000000,exit_right
34100,1,0.0000000000,0.0000000000,0.0982059297,0.0000000000,scatter
34100,2,0.0982059297,0.0000000000,0.0000000000,-0.0338357060,exit_left
34200,1,0.0000000000,0.0000000000,1.5354099114,0.0000000000,scatter
34200,2,1.5354099114,0.0000000000,2.0759277416,-0.5487449293,scatter
34200,3,2.0759277416,-0.5487449293,2.7095080353,-0.5089696138,scatter
34200,4,2.7095080353,-0.5089696138,3.2500000000,-0.5977157008,exit_right
34300,1,0.0000000000,0.0000000000,1.4378403995,0.0000000000,scatter
34300,2,1.4378403995,0.0000000000,0.6609948820,-1.0017726289,absorb
34400,1,0.0000000000,0.0000000000,2.7539674840,0.0000000000,scatter
34400,2,2.7539674840,0.0000000000,3.2500000000,-0.1378699821,exit_right
34500,1,0.0000000000,0.0000000000,2.0461005956,0.0000000000,absorb
34600,1,0.0000000000,0.0000000000,1.6983381511,0.0000000000,scatter
34600,2,1.6983381511,0.0000000000,1.9069951488,-0.1934153243,scatter
34600,3,1.9069951488,-0.1934153243,0.6144032685,1.7495688842,scatter
34600,4,0.6144032685,1.7495688842,0.0000000000,1.7627364653,exit_left
34700,1,0.0000000000,0.0000000000,2.4790340863,0.0000000000,scatter
34700,2,2.4790340863,0.0000000000,0.3548297422,0.7759778136,scatter
34700,3,0.3548297422,0.7759778136,0.1053245758,0.2500556645,scatter
34700,4,0.1053245758,0.2500556645,0.0000000000,0.2897051629,exit_left
34800,1,0.0000000000,0.0000000000,3.2500000000,0.0000000000,exit_right
34900,1,0.0000000000,0.0000000000,1.0937831578,0.0000000000,scatter
34900,2,1.0937831578,0.0000000000,1.6459269923,-0.3002591992,scatter
34900,3,1.6459269923,-0.3002591992,1.4094613291,-1.2819242653,scatter
34900,4,1.4094613291,-1.2819242653,1.2708779238,-1.5889953751,scatter
34900,5,1.2708779238,-1.5889953751,3.0068951354,-2.9279044339,scatter
34900,6,3.0068951354,-2.9279044339,2.2024323762,-2.7516459415,scatter
34900,7,2.2024323762,-2.7516459415,2.6919049438,-2.7791092170,scatter
34900,8,2.6919049438,-2.7791092170,2.5193108364,-3.0268307058,absorb
35000,1,0.0000000000,0.0000000000,0.2969051845,0.0000000000,absorb
35100,1,0.0000000000,0.0000000000,0.8447889337,0.0000000000,scatter
35100,2,0.8447889337,0.0000000000,0.0000000000,1.2744560762,exit_left
35200,1,0.0000000000,0.0000000000,0.0678839776,0.0000000000,scatter
35200,2,0.0678839776,0.0000000000,3.0402694615,3.3596157758,scatter
35200,3,3.0402694615,3.3596157758,1.4435943463,4.9961217225,scatter
35200,4,1.4435943463,4.9961217225,3.2500000000,4.4163624117,exit_right
35300,1,0.0000000000,0.0000000000,1.9345607122,0.0000000000,scatter
35300,2,1.9345607122,0.0000000000,3.2500000000,0.0592231381,exit_right
35400,1,0.0000000000,0.0000000000,0.1300718607,0.0000000000,scatter
35400,2,0.1300718607,0.0000000000,1.8289679602,-0.9874206898,scatter
35400,3,1.8289679602,-0.9874206898,1.7340960662,-0.2442890066,scatter
35400,4,1.7340960662,-0.2442890066,1.5671530171,-0.4667670922,scatter
35400,5,1.5671530171,-0.4667670922,0.5387561117,-1.1018443348,absorb
35500,1,0.0000000000,0.0000000000,3.2500000000,0.0000000000,exit_right
35600,1,0.0000000000,0.0000000000,3.2500000000,0.0000000000,exit_right
35700,1,0.0000000000,0.0000000000,3.2500000000,0.0000000000,exit_right
35800,1,0.0000000000,0.0000000000,1.7440406941,0.0000000000,scatter
35800,2,1.7440406941,0.0000000000,1.4617748329,3.0086701804,scatter
35800,3,1.4617748329,3.0086701804,0.0000000000,3.7294358852,exit_left
35900,1,0.0000000000,0.0000000000,0.6016198815,0.0000000000,scatter
35900,2,0.6016198815,0.0000000000,0.4670878663,0.1935883857,absorb
36000,1,0.0000000000,0.0000000000,3.2500000000,0.0000000000,exit_right
36100,1,0.0000000000,0.0000000000,0.5673433680,0.0000000000,scatter
36100,2,0.5673433680,0.0000000000,0.1330154464,5.8051611884,scatter
36100,3,0.1330154464,5.8051611884,0.0000000000,5.7578551495,exit_left
36200,1,0.0000000000,0.0000000000,3.2500000000,0.0000000000,exit_right
36300,1,0.0000000000,0.0000000000,0.0918280781,0.0000000000,scatter
36300,2,0.0918280781,0.0000000000,0.0000000000,-0.0253393371,exit_left
36400,1,0.0000000000,0.0000000000,1.6069539859,0.0000000000,scatter
36400,2,1.6069539859,0.0000000000,1.2327686023,0.9392024936,scatter
36400,3,1.2327686023,0.9392024936,1.9788669845,0.2604671168,scatter
36400,4,1.9788669845,0.2604671168,3.1892413673,0.3685499859,scatter
36400,5,3.1892413673,0.3685499859,0.6679941162,-1.2398430976,scatter
36400,6,0.6679941162,-1.2398430976,1.9989718351,-5.7557004189,scatter
36400,7,1.9989718351,-5.7557004189,1.2602838435,-3.5404390506,absorb
36500,1,0.0000000000,0.0000000000,0.7047150562,0.0000000000,scatter
36500,2,0.7047150562,0.0000000000,0.0000000000,-0.1961341105,exit_left
36600,1,0.0000000000,0.0000000000,0.1296820454,0.0000000000,scatter
36600,2,0.1296820454,0.0000000000,1.6991153820,-1.5588110303,absorb
36700,1,0.0000000000,0.0000000000,1.7652734923,0.0000000000,scatter
36700,2,1.7652734923,0.0000000000,2.1747923237,0.4775518875,scatter
36700,3,2.1747923237,0.4775518875,3.2500000000,0.4203694033,exit_right
36800,1,0.0000000000,0.0000000000,0.7514717215,0.0000000000,absorb
36900,1,0.0000000000,0.0000000000,2.5147212218,0.0000000000,scatter
36900,2,2.5147212218,0.0000000000,3.2500000000,-0.0762362263,exit_right
37000,1,0.0000000000,0.0000000000,2.3955447047,0.0000000000,scatter
37000,2,2.3955447047,0.0000000000,2.2034284371,-0.0327039059,scatter
37000,3,2.2034284371,-0.0327039059,3.2500000000,-1.6320071990,exit_right
37100,1,0.0000000000,0.0000000000,0.3403624403,0.0000000000,scatter
37100,2,0.3403624403,0.0000000000,1.2708017182,0.5357571382,scatter
37100,3,1.2708017182,0.5357571382,0.4105242986,-1.5849605764,scatter
37100,4,0.4105242986,-1.5849605764,0.0000000000,-1.1334047131,exit_left
37200,1,0.0000000000,0.0000000000,2.4893612706,0.0000000000,scatter
37200,2,2.4893612706,0.0000000000,0.6784016678,2.6319364646,scatter
37200,3,0.6784016678,2.6319364646,2.3375480318,5.4432088047,scatter
37200,4,2.3375480318,5.4432088047,2.3137603100,5.5806878498,scatter
37200,5,2.3137603100,5.5806878498,2.6781861678,3.8782283984,absorb
37300,1,0.0000000000,0.0000000000,1.6106820051,0.0000000000,scatter
37300,2,1.6106820051,0.0000000000,3.2500000000,-0.2593300301,exit_right
37400,1,0.0000000000,0.0000000000,2.6557718194,0.0000000000,scatter
37400,2,2.6557718194,0.0000000000,0.0000000000,-1.7019411292,exit_left
37500,1,0.0000000000,0.0000000000,2.5590769951,0.0000000000,scatter
37500,2,2.5590769951,0.0000000000,0.8045681217,-1.6224548112,absorb
37600,1,0.0000000000,0.0000000000,2.0273261350,0.0000000000,scatter
37600,2,2.0273261350,0.0000000000,1.8279647644,0.4395875482,scatter
37600,3,1.8279647644,0.4395875482,3.0175880026,-0.6407381589,scatter
37600,4,3.0175880026,-0.6407381589,2.4082509048,0.2611465076,absorb
37700,1,0.0000000000,0.0000000000,3.0398402077,0.0000000000,scatter
37700,2,3.0398402077,0.0000000000,3.2500000000,-0.0786281210,exit_right
37800,1,0.0000000000,0.0000000000,0.0708304181,0.0000000000,scatter
37800,2,0.0708304181,0.0000000000,1.4500198083,2.1993854389,absorb
37900,1,0.0000000000,0.0000000000,1.0272547692,0.0000000000,scatter
37900,2,1.0272547692,0.0000000000,3.2500000000,2.9340633947,exit_right
38000,1,0.0000000000,0.0000000000,1.6809630814,0.0000000000,scatter
38000,2,1.6809630814,0.0000000000,1.6846433753,0.1131954488,scatter
38000,3,1.6846433753,0.1131954488,2.4957480182,0.2876404197,scatter
38000,4,2.4957480182,0.2876404197,3.2500000000,0.3162767762,exit_right
38100,1,0.0000000000,0.0000000000,2.5741652505,0.0000000000,scatter
38100,2,2.5741652505,0.0000000000,1.9615857368,1.4259747337,absorb
38200,1,0.0000000000,0.0000000000,2.5405586117,0.0000000000,scatter
38200,2,2.5405586117,0.0000000000,2.3154095791,-0.2436799005,scatter
38200,3,2.3154095791,-0.2436799005,0.0000000000,-3.2926644337,exit_left
38300,1,0.0000000000,0.0000000000,3.2500000000,0.0000000000,exit_right
38400,1,0.0000000000,0.0000000000,0.1724269809,0.0000000000,absorb
38500,1,0.0000000000,0.0000000000,3.2500000000,0.0000000000,exit_right
38600,1,0.0000000000,0.0000000000,2.8928427941,0.0000000000,scatter
38600,2,2.8928427941,0.0000000000,0.0198761871,2.1015944358,scatter
38600,3,0.0198761871,2.1015944358,0.0000000000,2.0882586963,exit_left
38700,1,0.0000000000,0.0000000000,3.2500000000,0.0000000000,exit_right
38800,1,0.0000000000,0.0000000000,0.3529094463,0.0000000000,absorb
38900,1,0.0000000000,0.0000000000,1.9651711476,0.0000000000,scatter
38900,2,1.9651711476,0.0000000000,2.5725889672,0.1993339027,scatter
38900,3,2.5725889672,0.1993339027,3.2500000000,0.3855439325,exit_right
39000,1,0.0000000000,0.0000000000,0.0551990029,0.0000000000,absorb
39100,1,0.0000000000,0.0000000000,0.4651868819,0.0000000000,absorb
39200,1,0.0000000000,0.0000000000,0.6376650754,0.0000000000,scatter
39200,2,0.6376650754,0.0000000000,1.1805852858,-0.0770125015,absorb
39300,1,0.0000000000,0.0000000000,0.0906978213,0.0000000000,scatter
39300,2,0.0906978213,0.0000000000,1.0161774794,0.3471680574,scatter
39300,3,1.0161774794,0.3471680574,1.9061602207,-0.4270834414,absorb
39400,1,0.0000000000,0.0000000000,0.3162441316,0.0000000000,scatter
39400,2,0.3162441316,0.0000000000,0.1648455270,0.1766087689,scatter
39400,3,0.1648455270,0.1766087689,0.0942794370,0.0971795418,scatter
39400,4,0.0942794370,0.0971795418,0.0000000000,-0.6422315475,exit_left
39500,1,0.0000000000,0.0000000000,1.4233270625,0.0000000000,absorb
39600,1,0.0000000000,0.0000000000,3.2500000000,0.0000000000,exit_right
39700,1,0.0000000000,0.0000000000,0.5732560578,0.0000000000,scatter
39700,2,0.5732560578,0.0000000000,0.0344834963,-1.6040382276,scatter
39700,3,0.0344834963,-1.6040382276,0.0000000000,-1.5432818388,exit_left
39800,1,0.0000000000,0.0000000000,0.1142472866,0.0000000000,scatter
39800,2,0.1142472866,0.0000000000,0.0000000000,0.1551560228,exit_left
39900,1,0.0000000000,0.0000000000,2.8180987996,0.0000000000,absorb
40000,1,0.0000000000,0.0000000000,3.2500000000,0.0000000000,exit_right
40100,1,0.0000000000,0.0000000000,3.2500000000,0.0000000000,exit_right
40200,1,0.0000000000,0.0000000000,1.8464324527,0.0000000000,scatter
40200,2,1.8464324527,0.0000000000,3.2500000000,3.3085894061,exit_right
40300,1,0.0000000000,0.0000000000,0.4505626780,0.0000000000,scatter
40300,2,0.4505626780,0.0000000000,2.6134175673,-0.6617344950,scatter
40300,3,2.6134175673,-0.6617344950,2.7004273038,-2.6896213199,scatter
40300,4,2.7004273038,-2.6896213199,3.2500000000,-3.4849406501,exit_right
40400,1,0.0000000000,0.0000000000,1.0279072887,0.0000000000,absorb
40500,1,0.0000000000,0.0000000000,3.2160873345,0.0000000000,scatter
40500,2,3.2160873345,0.0000000000,3.2500000000,-0.0288041046,exit_right
40600,1,0.0000000000,0.0000000000,0.9983614434,0.0000000000,scatter
40600,2,0.9983614434,0.0000000000,0.0000000000,1.2264930091,exit_left
40700,1,0.0000000000,0.0000000000,0.3275762635,0.0000000000,scatter
40700,2,0.3275762635,0.0000000000,0.0000000000,-0.1259695935,exit_left
40800,1,0.0000000000,0.0000000000,3.0378895956,0.0000000000,scatter
40800,2,3.0378895956,0.0000000000,3.2453411039,0.2512697774,scatter
40800,3,3.2453411039,0.2512697774,3.2500000000,0.2534698566,exit_right
40900,1,0.0000000000,0.0000000000,0.4193902596,0.0000000000,scatter
40900,2,0.4193902596,0.0000000000,0.4236855580,-0.0014590869,absorb
41000,1,0.0000000000,0.0000000000,3.2500000000,0.0000000000,exit_right
41100,1,0.0000000000,0.0000000000,0.8694654080,0.0000000000,scatter
41100,2,0.8694654080,0.0000000000,1.7475587903,-0.9209326406,scatter
41100,3,1.7475587903,-0.9209326406,1.5885294719,-0.4628568369,scatter
41100,4,1.5885294719,-0.4628568369,1.7294894156,-0.5294917203,absorb
41200,1,0.0000000000,0.0000000000,2.3590263800,0.0000000000,scatter
41200,2,2.3590263800,0.0000000000,2.5332435513,-1.0088721569,scatter
41200,3,2.5332435513,-1.0088721569,3.2500000000,-1.7040298252,exit_right
41300,1,0.0000000000,0.0000000000,0.1271448106,0.0000000000,scatter
41300,2,0.1271448106,0.0000000000,0.0000000000,0.0119213080,exit_left
41400,1,0.0000000000,0.0000000000,0.8881985047,0.0000000000,scatter
41400,2,0.8881985047,0.0000000000,1.0579237500,-0.4349447529,scatter
41400,3,1.0579237500,-0.4349447529,0.6603175430,-1.5431801146,absorb
41500,1,0.0000000000,0.0000000000,1.3818802239,0.0000000000,scatter
41500,2,1.3818802239,0.0000000000,2.8446372183,0.6358567657,scatter
41500,3,2.8446372183,0.6358567657,2.0895633127,0.1922603225,scatter
41500,4,2.0895633127,0.1922603225,0.0000000000,-0.2462961175,exit_left
41600,1,0.0000000000,0.0000000000,1.1284723690,0.0000000000,scatter
41600,2,1.1284723690,0.0000000000,0.8072560731,-0.6106678350,scatter
41600,3,0.8072560731,-0.6106678350,2.0169539809,-0.1726674666,scatter
41600,4,2.0169539809,-0.1726674666,3.2500000000,1.3193245819,exit_right
41700,1,0.0000000000,0.0000000000,3.2500000000,0.0000000000,exit_right
41800,1,0.0000000000,0.0000000000,2.2008413306,0.0000000000,absorb
41900,1,0.0000000000,0.0000000000,0.3094106927,0.0000000000,scatter
41900,2,0.3094106927,0.0000000000,0.2898022340,-0.0100188034,scatter
41900,3,0.2898022340,-0.0100188034,0.2366059253,-0.4796798283,absorb
42000,1,0.0000000000,0.0000000000,3.2500000000,0.0000000000,exit_right
42100,1,0.0000000000,0.0000000000,2.5801271735,0.0000000000,scatter
42100,2,2.5801271735,0.0000000000,0.0000000000,-1.0796530885,exit_left
42200,1,0.0000000000,0.0000000000,3.2500000000,0.0000000000,exit_right
42300,1,0.0000000000,0.0000000000,1.3311674085,0.0000000000,absorb
42400,1,0.0000000000,0.0000000000,2.7568258837,0.0000000000,scatter
42400,2,2.7568258837,0.0000000000,3.0886530494,-0.0879243944,absorb
42500,1,0.0000000000,0.0000000000,0.2279075816,0.0000000000,scatter
42500,2,0.2279075816,0.0000000000,1.6778096308,-0.0540795239,scatter
42500,3,1.6778096308,-0.0540795239,3.2500000000,0.6083312510,exit_right
42600,1,0.0000000000,0.0000000000,2.3281087217,0.0000000000,absorb
42700,1,0.0000000000,0.0000000000,0.7144078489,0.0000000000,scatter
42700,2,0.7144078489,0.0000000000,0.2025637117,-0.8661463922,absorb
42800,1,0.0000000000,0.0000000000,3.2500000000,0.0000000000,exit_right
42900,1,0.0000000000,0.0000000000,1.2889032443,0.0000000000,scatter
42900,2,1.2889032443,0.0000000000,2.1440130419,-0.1851966394,scatter
42900,3,2.1440130419,-0.1851966394,2.7698247673,-1.7886093867,absorb
43000,1,0.0000000000,0.0000000000,1.6316944452,0.0000000000,scatter
43000,2,1.6316944452,0.0000000000,0.4443301221,-1.8767286196,scatter
43000,3,0.4443301221,-1.8767286196,1.4561296700,-11.5070469477,scatter
43000,4,1.4561296700,-11.5070469477,1.6566968577,-11.0661991533,scatter
43000,5,1.6566968577,-11.0661991533,1.5007828770,-11.3828883999,scatter
43000,6,1.5007828770,-11.3828883999,1.2535955517,-11.6616987971,scatter
43000,7,1.2535955517,-11.6616987971,2.5063125342,-8.5464719050,absorb
43100,1,0.0000000000,0.0000000000,0.2963783070,0.0000000000,scatter
43100,2,0.2963783070,0.0000000000,0.0000000000,-0.1365924465,exit_left
43200,1,0.0000000000,0.0000000000,1.1532295081,0.0000000000,scatter
43200,2,1.1532295081,0.0000000000,0.2125028156,-4.5461870025,absorb
43300,1,0.0000000000,0.0000000000,1.4678617659,0.0000000000,absorb
43400,1,0.0000000000,0.0000000000,2.2019630632,0.0000000000,absorb
43500,1,0.0000000000,0.0000000000,1.3240264205,0.0000000000,absorb
43600,1,0.0000000000,0.0000000000,3.2500000000,0.0000000000,exit_right
43700,1,0.0000000000,0.0000000000,2.6289320794,0.0000000000,scatter
43700,2,2.6289320794,0.0000000000,2.6779788980,0.0851185969,absorb
43800,1,0.0000000000,0.0000000000,0.4217179232,0.0000000000,scatter
43800,2,0.4217179232,0.0000000000,0.0000000000,-1.2504140377,exit_left
43900,1,0.0000000000,0.0000000000,3.2500000000,0.0000000000,exit_right
44000,1,0.0000000000,0.0000000000,0.3325288641,0.0000000000,scatter
44000,2,0.3325288641,0.0000000000,0.8184403181,2.5178195252,scatter
44000,3,0.8184403181,2.5178195252,0.7270275000,2.4722818274,scatter
44000,4,0.7270275000,2.4722818274,0.8191938358,2.8336703403,absorb
44100,1,0.0000000000,0.0000000000,0.9392557419,0.0000000000,scatter
44100,2,0.9392557419,0.0000000000,1.5679752669,-1.9579331242,absorb
44200,1,0.0000000000,0.0000000000,0.8240077654,0.0000000000,scatter
44200,2,0.8240077654,0.0000000000,3.2500000000,0.3426202314,exit_right
44300,1,0.0000000000,0.0000000000,0.0858393495,0.0000000000,scatter
44300,2,0.0858393495,0.0000000000,0.0000000000,-0.0479199068,exit_left
44400,1,0.0000000000,0.0000000000,1.1881968459,0.0000000000,scatter
44400,2,1.1881968459,0.0000000000,0.3017872248,-2.1191659465,scatter
44400,3,0.3017872248,-2.1191659465,0.0000000000,-2.0408341966,exit_left
44500,1,0.0000000000,0.0000000000,1.6980577182,0.0000000000,scatter
44500,2,1.6980577182,0.0000000000,3.2500000000,1.1275490939,exit_right
44600,1,0.0000000000,0.0000000000,0.3152692097,0.0000000000,scatter
44600,2,0.3152692097,0.0000000000,0.4471934240,0.3672541998,scatter
44600,3,0.4471934240,0.3672541998,0.0000000000,3.2284369656,exit_left
44700,1,0.0000000000,0.0000000000,0.5397525522,0.0000000000,scatter
44700,2,0.5397525522,0.0000000000,1.0715781875,-0.4565968940,scatter
44700,3,1.0715781875,-0.4565968940,1.6811663113,0.6817118384,scatter
44700,4,1.6811663113,0.6817118384,2.9949200294,0.2214653529,scatter
44700,5,2.9949200294,0.2214653529,3.2500000000,-0.0241326003,exit_right
44800,1,0.0000000000,0.0000000000,3.2500000000,0.0000000000,exit_right
44900,1,0.0000000000,0.0000000000,1.0152103272,0.0000000000,scatter
44900,2,1.0152103272,0.0000000000,0.9194689299,-0.5045693714,scatter
44900,3,0.9194689299,-0.5045693714,0.5304396666,-0.7300805737,scatter
44900,4,0.5304396666,-0.7300805737,0.8832628588,-0.6526630551,absorb
45000,1,0.0000000000,0.0000000000,2.6850811137,0.0000000000,scatter
45000,2,2.6850811137,0.0000000000,2.9779053388,2.8787115600,scatter
45000,3,2.9779053388,2.8787115600,3.2500000000,3.2109217745,exit_right
45100,1,0.0000000000,0.0000000000,2.3537347741,0.0000000000,absorb
45200,1,0.0000000000,0.0000000000,1.4748102237,0.0000000000,scatter
45200,2,1.4748102237,0.0000000000,1.0867501987,0.4044948151,scatter
45200,3,1.0867501987,0.4044948151,0.8576958871,0.5859915539,scatter
45200,4,0.8576958871,0.5859915539,3.2500000000,0.8203168807,exit_right
45300,1,0.0000000000,0.0000000000,1.4714948340,0.0000000000,scatter
45300,2,1.4714948340,0.0000000000,1.1153486326,1.2544449087,scatter
45300,3,1.1153486326,1.2544449087,1.8658278087,0.6378704499,scatter
45300,4,1.8658278087,0.6378704499,3.2500000000,0.7759794552,exit_right
45400,1,0.0000000000,0.0000000000,2.8286469834,0.0000000000,scatter
45400,2,2.8286469834,0.0000000000,2.2887033027,3.8618789015,absorb
45500,1,0.0000000000,0.0000000000,0.9589363741,0.0000000000,scatter
45500,2,0.9589363741,0.0000000000,1.8830443768,0.9353432775,scatter
45500,3,1.8830443768,0.9353432775,1.5528397259,2.1284602332,scatter
45500,4,1.5528397259,2.1284602332,2.0620130432,1.7305679857,scatter
45500,5,2.0620130432,1.7305679857,1.5819455372,1.7574672175,absorb
45600,1,0.0000000000,0.0000000000,3.1822933754,0.0000000000,scatter
45600,2,3.1822933754,0.0000000000,3.2500000000,-0.0139937436,exit_right
45700,1,0.0000000000,0.0000000000,0.5415662339,0.0000000000,scatter
45700,2,0.5415662339,0.0000000000,0.6210575139,-0.2543428810,scatter
45700,3,0.6210575139,-0.2543428810,0.0000000000,2.2347525393,exit_left
45800,1,0.0000000000,0.0000000000,0.3254046637,0.0000000000,scatter
45800,2,0.3254046637,0.0000000000,0.0000000000,0.8967279160,exit_left
45900,1,0.0000000000,0.0000000000,1.4293419214,0.0000000000,scatter
45900,2,1.4293419214,0.0000000000,1.8624243317,0.5754162083,scatter
45900,3,1.8624243317,0.5754162083,0.8095080843,1.5828698476,scatter
45900,4,0.8095080843,1.5828698476,0.4283863446,1.7061068793,scatter
45900,5,0.4283863446,1.7061068793,0.0000000000,1.5121675514,exit_left
46000,1,0.0000000000,0.0000000000,3.2500000000,0.0000000000,exit_right
46100,1,0.0000000000,0.0000000000,0.3520968353,0.0000000000,absorb
46200,1,0.0000000000,0.0000000000,1.5127536243,0.0000000000,scatter
46200,2,1.5127536243,0.0000000000,0.0000000000,-0.2739818186,exit_left
46300,1,0.0000000000,0.0000000000,0.7114830101,0.0000000000,scatter
46300,2,0.7114830101,0.0000000000,0.0000000000,0.0279118978,exit_left
46400,1,0.0000000000,0.0000000000,0.7208713201,0.0000000000,scatter
46400,2,0.7208713201,0.0000000000,0.1777554575,0.1666170535,scatter
46400,3,0.1777554575,0.1666170535,0.0000000000,-0.0313428889,exit_left
46500,1,0.0000000000,0.0000000000,1.0795196023,0.0000000000,scatter
46500,2,1.0795196023,0.0000000000,0.0000000000,0.6073018328,exit_left
46600,1,0.0000000000,0.0000000000,0.5945951939,0.0000000000,absorb
46700,1,0.0000000000,0.0000000000,1.0991175929,0.0000000000,scatter
46700,2,1.0991175929,0.0000000000,3.2500000000,-2.0007981626,exit_right
46800,1,0.0000000000,0.0000000000,0.0142097159,0.0000000000,scatter
46800,2,0.0142097159,0.0000000000,0.0000000000,0.0037894093,exit_left
46900,1,0.0000000000,0.0000000000,1.6544501961,0.0000000000,scatter
46900,2,1.6544501961,0.0000000000,3.2500000000,0.4405199114,exit_right
47000,1,0.0000000000,0.0000000000,3.1700743508,0.0000000000,absorb
47100,1,0.0000000000,0.0000000000,3.2500000000,0.0000000000,exit_right
47200,1,0.0000000000,0.0000000000,0.8388931313,0.0000000000,scatter
47200,2,0.8388931313,0.0000000000,0.0000000000,0.3218082391,exit_left
47300,1,0.0000000000,0.0000000000,3.2500000000,0.0000000000,exit_right
47400,1,0.0000000000,0.0000000000,0.1595623301,0.0000000000,scatter
47400,2,0.1595623301,0.0000000000,0.0296788642,0.2972916271,scatter
47400,3,0.0296788642,0.2972916271,0.0000000000,0.3163987808,exit_left
47500,1,0.0000000000,0.0000000000,3.0320062605,0.0000000000,scatter
47500,2,3.0320062605,0.0000000000,2.3318122579,0.2254636470,scatter
47500,3,2.3318122579,0.2254636470,2.2674688760,0.2435855921,scatter
47500,4,2.2674688760,0.2435855921,0.9419958893,1.8386460504,scatter
47500,5,0.9419958893,1.8386460504,0.0000000000,1.8840116563,exit_left
47600,1,0.0000000000,0.0000000000,2.0678162822,0.0000000000,scatter
47600,2,2.0678162822,0.0000000000,0.2489248420,0.1930299126,absorb
47700,1,0.0000000000,0.0000000000,0.6675672945,0.0000000000,scatter
47700,2,0.6675672945,0.0000000000,3.2500000000,-0.8952121393,exit_right
47800,1,0.0000000000,0.0000000000,0.3904496406,0.0000000000,scatter
47800,2,0.3904496406,0.0000000000,0.0000000000,0.1013287758,exit_left
47900,1,0.0000000000,0.0000000000,0.6396992237,0.0000000000,scatter
47900,2,0.6396992237,0.0000000000,0.5593318838,0.3706958980,scatter
47900,3,0.5593318838,0.3706958980,1.8394430949,1.8702809651,absorb
48000,1,0.0000000000,0.0000000000,0.1883887093,0.0000000000,absorb
48100,1,0.0000000000,0.0000000000,3.2500000000,0.0000000000,exit_right
48200,1,0.0000000000,0.0000000000,0.8044895699,0.0000000000,absorb
48300,1,0.0000000000,0.0000000000,1.2359666866,0.0000000000,scatter
48300,2,1.2359666866,0.0000000000,3.2500000000,0.8016323067,exit_right
48400,1,0.0000000000,0.0000000000,0.1006209983,0.0000000000,absorb
48500,1,0.0000000000,0.0000000000,0.1874963590,0.0000000000,scatter
48500,2,0.1874963590,0.0000000000,0.3343338008,-0.1203959409,scatter
48500,3,0.3343338008,-0.1203959409,2.9765329573,-0.6914064190,absorb
48600,1,0.0000000000,0.0000000000,1.2218780595,0.0000000000,scatter
48600,2,1.2218780595,0.0000000000,1.2660345470,-0.0896553894,absorb
48700,1,0.0000000000,0.0000000000,1.3469761927,0.0000000000,scatter
48700,2,1.3469761927,0.0000000000,0.3283134354,-1.2737398390,scatter
48700,3,0.3283134354,-1.2737398390,0.9530711019,-0.3512271851,scatter
48700,4,0.9530711019,-0.3512271851,0.4669047133,-0.5535195966,scatter
48700,5,0.4669047133,-0.5535195966,0.4657845865,-0.6030248400,scatter
48700,6,0.4657845865,-0.6030248400,0.0000000000,-0.5992092618,exit_left
48800,1,0.0000000000,0.0000000000,1.1877110891,0.0000000000,scatter
48800,2,1.1877110891,0.0000000000,1.4165700679,-0.1439273324,scatter
48800,3,1.4165700679,-0.1439273324,2.2815567380,0.0734746643,scatter
48800,4,2.2815567380,0.0734746643,2.1712212703,0.0148066828,scatter
48800,5,2.1712212703,0.0148066828,1.1912611583,0.8701271403,scatter
48800,6,1.1912611583,0.8701271403,0.3927736047,0.9917401116,scatter
48800,7,0.3927736047,0.9917401116,3.2500000000,2.4750692712,exit_right
48900,1,0.0000000000,0.0000000000,3.2500000000,0.0000000000,exit_right
49000,1,0.0000000000,0.0000000000,0.3915024093,0.0000000000,scatter
49000,2,0.3915024093,0.0000000000,3.2500000000,1.0863148722,exit_right
49100,1,0.0000000000,0.0000000000,0.7425948727,0.0000000000,scatter
49100,2,0.7425948727,0.0000000000,0.4904549847,-0.0823676770,scatter
49100,3,0.4904549847,-0.0823676770,0.4903137683,-0.0813967281,absorb
49200,1,0.0000000000,0.0000000000,3.2500000000,0.0000000000,exit_right
49300,1,0.0000000000,0.0000000000,0.6938916878,0.0000000000,absorb
49400,1,0.0000000000,0.0000000000,0.2348176328,0.0000000000,scatter
49400,2,0.2348176328,0.0000000000,0.0000000000,-0.7262794194,exit_left
49500,1,0.0000000000,0.0000000000,0.1853114624,0.0000000000,scatter
49500,2,0.1853114624,0.0000000000,0.0000000000,-0.9547265321,exit_left
49600,1,0.0000000000,0.0000000000,0.1193315270,0.0000000000,scatter
49600,2,0.1193315270,0.0000000000,0.0000000000,-0.0060185214,exit_left
49700,1,0.0000000000,0.0000000000,2.0123905764,0.0000000000,scatter
49700,2,2.0123905764,0.0000000000,3.2500000000,-0.1292338842,exit_right
49800,1,0.0000000000,0.0000000000,1.4427257205,0.0000000000,scatter
49800,2,1.4427257205,0.0000000000,0.7789844560,0.2487875500,scatter
49800,3,0.7789844560,0.2487875500,0.0000000000,0.8953072335,exit_left
49900,1,0.0000000000,0.0000000000,3.2071424563,0.0000000000,scatter
49900,2,3.2071424563,0.0000000000,3.1496765126,0.3637557358,absorb
50000,1,0.0000000000,0.0000000000,3.2500000000,0.0000000000,exit_right
50100,1,0.0000000000,0.0000000000,0.4289756179,0.0000000000,scatter
50100,2,0.4289756179,0.0000000000,0.0000000000,4.9464238955,exit_left
50200,1,0.0000000000,0.0000000000,3.2500000000,0.0000000000,exit_right
50300,1,0.0000000000,0.0000000000,0.9717659866,0.0000000000,absorb
50400,1,0.0000000000,0.0000000000,0.6187761817,0.0000000000,scatter
50400,2,0.6187761817,0.0000000000,0.1069326702,-0.9962602228,absorb
50500,1,0.0000000000,0.0000000000,1.8957282442,0.0000000000,scatter
50500,2,1.8957282442,0.0000000000,1.8765580089,-0.0275400816,scatter
50500,3,1.8765580089,-0.0275400816,1.8399917803,0.2584314906,scatter
50500,4,1.8399917803,0.2584314906,0.6651106967,2.9793652459,scatter
50500,5,0.6651106967,2.9793652459,1.5167542426,3.2016017659,scatter
50500,6,1.5167542426,3.2016017659,0.5443228988,1.1102480401,scatter
50500,7,0.5443228988,1.1102480401,0.5319029095,1.0527524798,scatter
50500,8,0.5319029095,1.0527524798,1.4911148253,2.8408775296,scatter
50500,9,1.4911148253,2.8408775296,3.2500000000,3.4889247852,exit_right
50600,1,0.0000000000,0.0000000000,2.8570524243,0.0000000000,scatter
50600,2,2.8570524243,0.0000000000,2.3195725582,0.0066160913,scatter
50600,3,2.3195725582,0.0066160913,3.2500000000,-0.6369313180,exit_right
50700,1,0.0000000000,0.0000000000,0.1942433544,0.0000000000,scatter
50700,2,0.1942433544,0.0000000000,0.0000000000,0.0905645030,exit_left
50800,1,0.0000000000,0.0000000000,2.1616216852,0.0000000000,scatter
50800,2,2.1616216852,0.0000000000,1.4779272047,0.2007990895,scatter
50800,3,1.4779272047,0.2007990895,2.5880775068,0.5911461766,scatter
50800,4,2.5880775068,0.5911461766,2.7747297933,0.0141120124,scatter
50800,5,2.7747297933,0.0141120124,2.7751696001,0.0150773025,scatter
50800,6,2.7751696001,0.0150773025,2.8792927026,0.2671561403,absorb
50900,1,0.0000000000,0.0000000000,1.9942595517,0.0000000000,scatter
50900,2,1.9942595517,0.0000000000,1.9580168837,0.0646885464,scatter
50900,3,1.9580168837,0.0646885464,1.9778310550,0.0339450932,scatter
50900,4,1.9778310550,0.0339450932,1.8652256755,0.0965573863,scatter
50900,5,1.8652256755,0.0965573863,0.0000000000,0.4870527775,exit_left
51000,1,0.0000000000,0.0000000000,0.9614768749,0.0000000000,absorb
51100,1,0.0000000000,0.0000000000,0.3236313770,0.0000000000,scatter
51100,2,0.3236313770,0.0000000000,0.0000000000,-0.4560145110,exit_left
51200,1,0.0000000000,0.0000000000,0.0580950109,0.0000000000,scatter
51200,2,0.0580950109,0.0000000000,0.0974335896,-0.0341709150,scatter
51200,3,0.0974335896,-0.0341709150,0.0000000000,0.3333628127,exit_left
51300,1,0.0000000000,0.0000000000,1.5485367987,0.0000000000,scatter
51300,2,1.5485367987,0.0000000000,1.4673073879,0.8112858567,scatter
51300,3,1.4673073879,0.8112858567,0.6784213172,1.0907179749,scatter
51300,4,0.6784213172,1.0907179749,0.4271690530,1.0841536828,scatter
51300,5,0.4271690530,1.0841536828,0.0000000000,0.8631391195,exit_left
51400,1,0.0000000000,0.0000000000,0.8696858073,0.0000000000,absorb
51500,1,0.0000000000,0.0000000000,3.2500000000,0.0000000000,exit_right
51600,1,0.0000000000,0.0000000000,0.8233729312,0.0000000000,scatter
51600,2,0.8233729312,0.0000000000,3.2500000000,-1.1574593342,exit_right
51700,1,0.0000000000,0.0000000000,0.8425039039,0.0000000000,scatter
51700,2,0.8425039039,0.0000000000,0.0129443395,0.9957578293,scatter
51700,3,0.0129443395,0.9957578293,2.2631697434,-1.3270915062,absorb
51800,1,0.0000000000,0.0000000000,1.5859942950,0.0000000000,scatter
51800,2,1.5859942950,0.0000000000,3.2500000000,1.3525210340,exit_right
51900,1,0.0000000000,0.0000000000,2.2753826225,0.0000000000,scatter
51900,2,2.2753826225,0.0000000000,2.8413926391,2.1882550627,scatter
51900,3,2.8413926391,2.1882550627,3.2500000000,2.5096991693,exit_right
52000,1,0.0000000000,0.0000000000,3.2500000000,0.0000000000,exit_right
52100,1,0.0000000000,0.0000000000,1.4014967999,0.0000000000,scatter
52100,2,1.4014967999,0.0000000000,0.2103156885,-1.5088461674,absorb
52200,1,0.0000000000,0.0000000000,2.1693777976,0.0000000000,scatter
52200,2,2.1693777976,0.0000000000,1.6900520970,0.6699077128,scatter
52200,3,1.6900520970,0.6699077128,1.4894531208,0.5993527000,scatter
52200,4,1.4894531208,0.5993527000,0.0000000000,1.8594933071,exit_left
52300,1,0.0000000000,0.0000000000,0.6072070625,0.0000000000,scatter
52300,2,0.6072070625,0.0000000000,1.5479141233,0.1939891330,absorb
52400,1,0.0000000000,0.0000000000,1.1210727936,0.0000000000,scatter
52400,2,1.1210727936,0.0000000000,0.1920978379,-1.4736025106,absorb
52500,1,0.0000000000,0.0000000000,0.9512763059,0.0000000000,scatter
52500,2,0.9512763059,0.0000000000,0.8812504381,0.0026208651,scatter
52500,3,0.8812504381,0.0026208651,0.3760816388,-0.2899581127,scatter
52500,4,0.3760816388,-0.2899581127,0.4327020204,-0.2401604860,scatter
52500,5,0.4327020204,-0.2401604860,1.8883351219,-1.5570730530,absorb
52600,1,0.0000000000,0.0000000000,2.6944729933,0.0000000000,absorb
52700,1,0.0000000000,0.0000000000,1.6294043403,0.0000000000,absorb
52800,1,0.0000000000,0.0000000000,0.6908383212,0.0000000000,scatter
52800,2,0.6908383212,0.0000000000,0.9006903103,-0.1336342053,scatter
52800,3,0.9006903103,-0.1336342053,1.1179039581,-0.4600416338,scatter
52800,4,1.1179039581,-0.4600416338,2.2690673765,-0.9577212764,absorb
52900,1,0.0000000000,0.0000000000,1.1506113572,0.0000000000,scatter
52900,2,1.1506113572,0.0000000000,1.1469055268,0.0078977562,absorb
53000,1,0.0000000000,0.0000000000,2.5703743729,0.0000000000,scatter
53000,2,2.5703743729,0.0000000000,2.2037626275,0.8258936946,absorb
53100,1,0.0000000000,0.0000000000,2.3543128318,0.0000000000,absorb
53200,1,0.0000000000,0.0000000000,1.1552183970,0.0000000000,scatter
53200,2,1.1552183970,0.0000000000,0.9614674375,-0.1796422535,scatter
53200,3,0.9614674375,-0.1796422535,0.0000000000,0.4511620607,exit_left
53300,1,0.0000000000,0.0000000000,0.4821337966,0.0000000000,scatter
53300,2,0.4821337966,0.0000000000,2.2444009751,-3.3001392129,scatter
53300,3,2.2444009751,-3.3001392129,3.0091564309,-7.3956797342,scatter
53300,4,3.0091564309,-7.3956797342,0.5581413375,-5.4818185244,scatter
53300,5,0.5581413375,-5.4818185244,2.8910983111,-6.3124781970,scatter
53300,6,2.8910983111,-6.3124781970,2.7949668595,-6.7451524828,scatter
53300,7,2.7949668595,-6.7451524828,3.2180467741,-6.7161400759,scatter
53300,8,3.2180467741,-6.7161400759,1.7889175926,-11.2253574431,scatter
53300,9,1.7889175926,-11.2253574431,2.1954412935,-8.7544083837,scatter
53300,10,2.1954412935,-8.7544083837,0.5316228492,-5.6177913540,scatter
53300,11,0.5316228492,-5.6177913540,0.0000000000,-6.0297593252,exit_left
53400,1,0.0000000000,0.0000000000,3.0543114917,0.0000000000,absorb
53500,1,0.0000000000,0.0000000000,2.0916396531,0.0000000000,scatter
53500,2,2.0916396531,0.0000000000,2.6841880114,-0.5296527335,scatter
53500,3,2.6841880114,-0.5296527335,2.6887124519,-0.5368342302,scatter
53500,4,2.6887124519,-0.5368342302,2.9177127908,1.2770868846,scatter
53500,5,2.9177127908,1.2770868846,0.0947561545,2.9160535457,scatter
53500,6,0.0947561545,2.9160535457,0.4637284684,3.4050967128,scatter
53500,7,0.4637284684,3.4050967128,0.3470207653,2.6353183534,scatter
53500,8,0.3470207653,2.6353183534,0.0000000000,2.8550935543,exit_left
53600,1,0.0000000000,0.0000000000,2.6683175477,0.0000000000,scatter
53600,2,2.6683175477,0.0000000000,3.2500000000,1.1044073320,exit_right
53700,1,0.0000000000,0.0000000000,0.4085721718,0.0000000000,scatter
53700,2,0.4085721718,0.0000000000,0.0000000000,0.7442489680,exit_left
53800,1,0.0000000000,0.0000000000,3.2500000000,0.0000000000,exit_right
53900,1,0.0000000000,0.0000000000,1.2182112161,0.0000000000,absorb
54000,1,0.0000000000,0.0000000000,0.5850976143,0.0000000000,scatter
54000,2,0.5850976143,0.0000000000,1.9100112047,-3.9455669809,scatter
54000,3,1.9100112047,-3.9455669809,3.2500000000,-3.5463406033,exit_right
54100,1,0.0000000000,0.0000000000,0.7895298240,0.0000000000,scatter
54100,2,0.7895298240,0.0000000000,1.0355580214,3.3833694772,scatter
54100,3,1.0355580214,3.3833694772,0.5312085883,3.1982786766,scatter
54100,4,0.5312085883,3.1982786766,1.4250069346,3.6798019492,scatter
54100,5,1.4250069346,3.6798019492,1.6687233776,2.9703835681,scatter
54100,6,1.6687233776,2.9703835681,1.0765162717,5.0848180453,scatter
54100,7,1.0765162717,5.0848180453,0.0000000000,4.2953799424,exit_left
54200,1,0.0000000000,0.0000000000,0.7152068817,0.0000000000,scatter
54200,2,0.7152068817,0.0000000000,0.0000000000,0.5679191039,exit_left
54300,1,0.0000000000,0.0000000000,3.2500000000,0.0000000000,exit_right
54400,1,0.0000000000,0.0000000000,3.2464579969,0.0000000000,scatter
54400,2,3.2464579969,0.0000000000,2.3802689476,0.0252005876,absorb
54500,1,0.0000000000,0.0000000000,0.9050720554,0.0000000000,scatter
54500,2,0.9050720554,0.0000000000,3.2500000000,-2.7434408056,exit_right
54600,1,0.0000000000,0.0000000000,1.1218824130,0.0000000000,scatter
54600,2,1.1218824130,0.0000000000,1.1830101437,0.3199491158,scatter
54600,3,1.1830101437,0.3199491158,0.0000000000,-0.9756787623,exit_left
54700,1,0.0000000000,0.0000000000,0.2108722540,0.0000000000,scatter
54700,2,0.2108722540,0.0000000000,0.0000000000,-0.1402175501,exit_left
54800,1,0.0000000000,0.0000000000,0.7478704409,0.0000000000,absorb
54900,1,0.0000000000,0.0000000000,2.4020650856,0.0000000000,scatter
54900,2,2.4020650856,0.0000000000,1.4670578477,-0.9779125829,scatter
54900,3,1.4670578477,-0.9779125829,2.9523770133,-7.1718712737,scatter
54900,4,2.9523770133,-7.1718712737,3.2500000000,-7.6170985874,exit_right
55000,1,0.0000000000,0.0000000000,0.4278035220,0.0000000000,absorb
55100,1,0.0000000000,0.0000000000,1.1574236817,0.0000000000,scatter
55100,2,1.1574236817,0.0000000000,1.5904497202,0.2770756561,scatter
55100,3,1.5904497202,0.2770756561,0.0000000000,4.4673597256,exit_left
55200,1,0.0000000000,0.0000000000,0.2147912036,0.0000000000,scatter
55200,2,0.2147912036,0.0000000000,0.6310477682,-1.0031482122,scatter
55200,3,0.6310477682,-1.0031482122,0.6471406300,-0.7326058707,scatter
55200,4,0.6471406300,-0.7326058707,0.0000000000,-0.2856845732,exit_left
55300,1,0.0000000000,0.0000000000,0.2038777527,0.0000000000,absorb
55400,1,0.0000000000,0.0000000000,2.0967794455,0.0000000000,absorb
55500,1,0.0000000000,0.0000000000,2.1808978544,0.0000000000,scatter
55500,2,2.1808978544,0.0000000000,2.3167079255,-0.2039241786,scatter
55500,3,2.3167079255,-0.2039241786,2.1077839277,-0.4089093110,scatter
55500,4,2.1077839277,-0.4089093110,0.0454830320,0.1073476963,scatter
55500,5,0.0454830320,0.1073476963,0.2811030664,0.3277907961,scatter
55500,6,0.2811030664,0.3277907961,1.9136783498,1.5764458264,scatter
55500,7,1.9136783498,1.5764458264,2.7389056755,3.8752087243,scatter
55500,8,2.7389056755,3.8752087243,1.9432414756,3.9578103462,scatter
55500,9,1.9432414756,3.9578103462,3.1702065161,4.6971743225,absorb
55600,1,0.0000000000,0.0000000000,3.2500000000,0.0000000000,exit_right
55700,1,0.0000000000,0.0000000000,1.7665950116,0.0000000000,scatter
55700,2,1.7665950116,0.0000000000,1.7176503603,-0.9479493868,scatter
55700,3,1.7176503603,-0.9479493868,2.8457895792,0.2258003069,scatter
55700,4,2.8457895792,0.2258003069,3.2500000000,0.6802139953,exit_right
55800,1,0.0000000000,0.0000000000,0.2849283947,0.0000000000,scatter
55800,2,0.2849283947,0.0000000000,2.7564326814,-0.2894984684,absorb
55900,1,0.0000000000,0.0000000000,0.6725434010,0.0000000000,scatter
55900,2,0.6725434010,0.0000000000,1.4658524194,-0.4241524485,scatter
55900,3,1.4658524194,-0.4241524485,0.0000000000,-1.2864351326,exit_left
56000,1,0.0000000000,0.0000000000,3.2500000000,0.0000000000,exit_right
56100,1,0.0000000000,0.0000000000,1.4981399590,0.0000000000,scatter
56100,2,1.4981399590,0.0000000000,1.0958162747,1.0321632630,scatter
56100,3,1.0958162747,1.0321632630,1.1442138771,0.6053084812,scatter
56100,4,1.1442138771,0.6053084812,0.3412764566,1.3004251872,scatter
56100,5,0.3412764566,1.3004251872,0.7586239567,1.3949832787,scatter
56100,6,0.7586239567,1.3949832787,0.0000000000,1.1233938846,exit_left
56200,1,0.0000000000,0.0000000000,2.3616634690,0.0000000000,scatter
56200,2,2.3616634690,0.0000000000,3.2500000000,1.8864470232,exit_right
56300,1,0.0000000000,0.0000000000,0.1054100810,0.0000000000,scatter
56300,2,0.1054100810,0.0000000000,0.9292567457,0.2822918804,scatter
56300,3,0.9292567457,0.2822918804,1.5090029967,4.0784660580,scatter
56300,4,1.5090029967,4.0784660580,0.4538702170,3.2105813390,absorb
56400,1,0.0000000000,0.0000000000,3.2500000000,0.0000000000,exit_right
56500,1,0.0000000000,0.0000000000,3.2500000000,0.0000000000,exit_right
56600,1,0.0000000000,0.0000000000,1.6230596867,0.0000000000,scatter
56600,2,1.6230596867,0.0000000000,0.4166391974,-0.4221098473,scatter
56600,3,0.4166391974,-0.4221098473,0.4316705107,1.5762396985,absorb
56700,1,0.0000000000,0.0000000000,0.1646353955,0.0000000000,scatter
56700,2,0.1646353955,0.0000000000,0.0000000000,-0.4073054290,exit_left
56800,1,0.0000000000,0.0000000000,3.2500000000,0.0000000000,exit_right
56900,1,0.0000000000,0.0000000000,2.7831841466,0.0000000000,scatter
56900,2,2.7831841466,0.0000000000,2.3909415031,2.6150425435,absorb
57000,1,0.0000000000,0.0000000000,1.1894262248,0.0000000000,scatter
57000,2,1.1894262248,0.0000000000,1.9023481720,-0.6529137574,absorb
57100,1,0.0000000000,0.0000000000,3.2500000000,0.0000000000,exit_right
57200,1,0.0000000000,0.0000000000,0.5470145324,0.0000000000,scatter
57200,2,0.5470145324,0.0000000000,0.7661298425,-0.3391057587,absorb
57300,1,0.0000000000,0.0000000000,1.3078182988,0.0000000000,scatter
57300,2,1.3078182988,0.0000000000,0.6433220782,-0.4448303441,scatter
57300,3,0.6433220782,-0.4448303441,2.6790929746,-1.2351179862,scatter
57300,4,2.6790929746,-1.2351179862,2.5030361693,-1.6485313898,scatter
57300,5,2.5030361693,-1.6485313898,0.6074851042,-0.9810456466,absorb
57400,1,0.0000000000,0.0000000000,1.9630029159,0.0000000000,scatter
57400,2,1.9630029159,0.0000000000,3.2500000000,-1.0333230697,exit_right
57500,1,0.0000000000,0.0000000000,0.1951228090,0.0000000000,scatter
57500,2,0.1951228090,0.0000000000,3.2500000000,3.8935462866,exit_right
57600,1,0.0000000000,0.0000000000,0.3646075977,0.0000000000,scatter
57600,2,0.3646075977,0.0000000000,0.6456951198,-0.2686238270,absorb
57700,1,0.0000000000,0.0000000000,1.0336656281,0.0000000000,scatter
57700,2,1.0336656281,0.0000000000,1.0648266926,0.8401696843,scatter
57700,3,1.0648266926,0.8401696843,2.1463192334,4.2885574273,absorb
57800,1,0.0000000000,0.0000000000,1.1026430036,0.0000000000,scatter
57800,2,1.1026430036,0.0000000000,1.0634419969,0.0857815348,scatter
57800,3,1.0634419969,0.0857815348,2.9528292581,0.0876563970,scatter
57800,4,2.9528292581,0.0876563970,3.2500000000,0.0415298422,exit_right
57900,1,0.0000000000,0.0000000000,0.1016274983,0.0000000000,absorb
58000,1,0.0000000000,0.0000000000,0.9621817825,0.0000000000,absorb
58100,1,0.0000000000,0.0000000000,0.2238929379,0.0000000000,scatter
58100,2,0.2238929379,0.0000000000,0.0000000000,0.0296242130,exit_left
58200,1,0.0000000000,0.0000000000,2.3154179833,0.0000000000,scatter
58200,2,2.3154179833,0.0000000000,3.1361474698,-0.1724694724,scatter
58200,3,3.1361474698,-0.1724694724,3.2500000000,-0.1564405429,exit_right
58300,1,0.0000000000,0.0000000000,2.1963277211,0.0000000000,scatter
58300,2,2.1963277211,0.0000000000,1.3563177779,-0.7061064845,absorb
58400,1,0.0000000000,0.0000000000,3.2500000000,0.0000000000,exit_right
58500,1,0.0000000000,0.0000000000,1.9238705731,0.0000000000,scatter
58500,2,1.9238705731,0.0000000000,1.7020174070,-1.1737040623,scatter
58500,3,1.7020174070,-1.1737040623,0.0000000000,-2.1076766705,exit_left
58600,1,0.0000000000,0.0000000000,3.2500000000,0.0000000000,exit_right
58700,1,0.0000000000,0.0000000000,0.8193532705,0.0000000000,scatter
58700,2,0.8193532705,0.0000000000,0.0000000000,1.3199963669,exit_left
58800,1,0.0000000000,0.0000000000,1.2084533310,0.0000000000,scatter
58800,2,1.2084533310,0.0000000000,1.1688768996,-0.0799926818,absorb
58900,1,0.0000000000,0.0000000000,3.2500000000,0.0000000000,exit_right
59000,1,0.0000000000,0.0000000000,0.2052681812,0.0000000000,scatter
59000,2,0.2052681812,0.0000000000,0.0000000000,0.2187143601,exit_left
59100,1,0.0000000000,0.0000000000,0.6932968588,0.0000000000,absorb
59200,1,0.0000000000,0.0000000000,0.8185555741,0.0000000000,scatter
59200,2,0.8185555741,0.0000000000,0.6529767014,0.1716904175,scatter
59200,3,0.6529767014,0.1716904175,0.3143057588,-0.4066186381,scatter
59200,4,0.3143057588,-0.4066186381,0.0000000000,0.2871505398,exit_left
59300,1,0.0000000000,0.0000000000,0.0036433143,0.0000000000,scatter
59300,2,0.0036433143,0.0000000000,0.0000000000,-0.0025359863,exit_left
59400,1,0.0000000000,0.0000000000,1.3796113156,0.0000000000,absorb
59500,1,0.0000000000,0.0000000000,2.2787788598,0.0000000000,scatter
59500,2,2.2787788598,0.0000000000,2.4437180978,-0.3706602846,scatter
59500,3,2.4437180978,-0.3706602846,2.6725616047,-0.1454687693,absorb
59600,1,0.0000000000,0.0000000000,0.9299343987,0.0000000000,scatter
59600,2,0.9299343987,0.0000000000,3.2500000000,0.9679904976,exit_right
59700,1,0.0000000000,0.0000000000,1.9776864933,0.0000000000,scatter
59700,2,1.9776864933,0.0000000000,2.0831098628,-0.2472834674,scatter
59700,3,2.0831098628,-0.2472834674,2.9752225758,-3.0993522695,scatter
59700,4,2.9752225758,-3.0993522695,3.2500000000,-3.4709977163,exit_right
59800,1,0.0000000000,0.0000000000,3.2500000000,0.0000000000,exit_right
59900,1,0.0000000000,0.0000000000,0.3418857592,0.0000000000,scatter
59900,2,0.3418857592,0.0000000000,0.0000000000,0.4354842897,exit_left
60000,1,0.0000000000,0.0000000000,0.2984447404,0.0000000000,scatter
60000,2,0.2984447404,0.0000000000,2.9677536462,-0.9069164840,scatter
60000,3,2.9677536462,-0.9069164840,3.2500000000,-0.7643574000,exit_right
60100,1,0.0000000000,0.0000000000,1.7204391697,0.0000000000,scatter
60100,2,1.7204391697,0.0000000000,0.0000000000,0.5735573824,exit_left
60200,1,0.0000000000,0.0000000000,1.5021294464,0.0000000000,scatter
60200,2,1.5021294464,0.0000000000,0.0000000000,-0.1471297552,exit_left
60300,1,0.0000000000,0.0000000000,3.2500000000,0.0000000000,exit_right
60400,1,0.0000000000,0.0000000000,3.2500000000,0.0000000000,exit_right
60500,1,0.0000000000,0.0000000000,3.0750490694,0.0000000000,absorb
60600,1,0.0000000000,0.0000000000,3.2500000000,0.0000000000,exit_right
60700,1,0.0000000000,0.0000000000,1.3551415373,0.0000000000,scatter
60700,2,1.3551415373,0.0000000000,0.0000000000,0.2272838467,exit_left
60800,1,0.0000000000,0.0000000000,0.6278564469,0.0000000000,scatter
60800,2,0.6278564469,0.0000000000,0.0000000000,-0.1934600613,exit_left
60900,1,0.0000000000,0.0000000000,0.5983740962,0.0000000000,scatter
60900,2,0.5983740962,0.0000000000,2.0402547727,2.4926952549,absorb
61000,1,0.0000000000,0.0000000000,2.7847552021,0.0000000000,scatter
61000,2,2.7847552021,0.0000000000,2.9652337536,-0.3595939061,scatter
61000,3,2.9652337536,-0.3595939061,3.2500000000,-1.3241803334,exit_right
61100,1,0.0000000000,0.0000000000,0.7371553309,0.0000000000,scatter
61100,2,0.7371553309,0.0000000000,0.0156446827,0.1781930139,scatter
61100,3,0.0156446827,0.1781930139,0.8070039858,3.1374196315,scatter
61100,4,0.8070039858,3.1374196315,1.2320598688,3.7761470381,scatter
61100,5,1.2320598688,3.7761470381,0.9072630530,3.4381756116,scatter
61100,6,0.9072630530,3.4381756116,0.9302733019,3.5214744355,scatter
61100,7,0.9302733019,3.5214744355,1.0787705436,3.3959180920,scatter
61100,8,1.0787705436,3.3959180920,0.9561679397,3.7949435655,scatter
61100,9,0.9561679397,3.7949435655,0.0000000000,3.6077044418,exit_left
61200,1,0.0000000000,0.0000000000,3.2500000000,0.0000000000,exit_right
61300,1,0.0000000000,0.0000000000,1.0826068984,0.0000000000,scatter
61300,2,1.0826068984,0.0000000000,1.6955664949,-0.3914808062,scatter
61300,3,1.6955664949,-0.3914808062,2.6492201228,0.3916803121,scatter
61300,4,2.6492201228,0.3916803121,3.2500000000,0.6991295452,exit_right
61400,1,0.0000000000,0.0000000000,2.4063643372,0.0000000000,scatter
61400,2,2.4063643372,0.0000000000,3.2500000000,4.7972248411,exit_right
61500,1,0.0000000000,0.0000000000,3.2500000000,0.0000000000,exit_right
61600,1,0.0000000000,0.0000000000,3.2500000000,0.0000000000,exit_right
61700,1,0.0000000000,0.0000000000,3.2500000000,0.0000000000,exit_right
61800,1,0.0000000000,0.0000000000,1.7043461085,0.0000000000,scatter
61800,2,1.7043461085,0.0000000000,3.2500000000,3.5008997754,exit_right
61900,1,0.0000000000,0.0000000000,1.1335009340,0.0000000000,absorb
62000,1,0.0000000000,0.0000000000,0.0879362433,0.0000000000,scatter
62000,2,0.0879362433,0.0000000000,0.0212753359,0.0095468566,absorb
62100,1,0.0000000000,0.0000000000,2.9204106883,0.0000000000,scatter
62100,2,2.9204106883,0.0000000000,1.9462619955,0.7198753439,scatter
62100,3,1.9462619955,0.7198753439,2.6491065462,-1.1410857065,scatter
62100,4,2.6491065462,-1.1410857065,2.6149982985,-1.1661331501,scatter
62100,5,2.6149982985,-1.1661331501,0.0000000000,-2.3178470737,exit_left
62200,1,0.0000000000,0.0000000000,0.6550438085,0.0000000000,absorb
62300,1,0.0000000000,0.0000000000,2.3991109714,0.0000000000,scatter
62300,2,2.3991109714,0.0000000000,3.2500000000,-0.1258373008,exit_right
62400,1,0.0000000000,0.0000000000,3.2329640501,0.0000000000,scatter
62400,2,3.2329640501,0.0000000000,2.1745050451,-0.5818776599,scatter
62400,3,2.1745050451,-0.5818776599,1.6057956335,-2.0604983648,scatter
62400,4,1.6057956335,-2.0604983648,0.0000000000,-2.6176375573,exit_left
62500,1,0.0000000000,0.0000000000,1.0798977013,0.0000000000,scatter
62500,2,1.0798977013,0.0000000000,0.0000000000,0.0704166115,exit_left
62600,1,0.0000000000,0.0000000000,1.5423363693,0.0000000000,absorb
62700,1,0.0000000000,0.0000000000,1.4702542794,0.0000000000,scatter
62700,2,1.4702542794,0.0000000000,1.3764988433,-0.5022182534,absorb
62800,1,0.0000000000,0.0000000000,0.1546287082,0.0000000000,scatter
62800,2,0.1546287082,0.0000000000,0.0000000000,0.1934846086,exit_left
62900,1,0.0000000000,0.0000000000,0.6524109645,0.0000000000,scatter
62900,2,0.6524109645,0.0000000000,0.4226753845,-0.6314533739,scatter
62900,3,0.4226753845,-0.6314533739,1.0824744584,-0.6521066306,scatter
62900,4,1.0824744584,-0.6521066306,1.8906568856,-1.3835190071,scatter
62900,5,1.8906568856,-1.3835190071,2.8974461276,-1.2213711225,absorb
63000,1,0.0000000000,0.0000000000,0.8051180169,0.0000000000,scatter
63000,2,0.8051180169,0.0000000000,0.0000000000,0.0626923283,exit_left
63100,1,0.0000000000,0.0000000000,0.5864867073,0.0000000000,scatter
63100,2,0.5864867073,0.0000000000,0.0000000000,-0.2288790719,exit_left
63200,1,0.0000000000,0.0000000000,1.2197738346,0.0000000000,absorb
63300,1,0.0000000000,0.0000000000,0.4345046089,0.0000000000,scatter
63300,2,0.4345046089,0.0000000000,0.0000000000,0.8235115815,exit_left
63400,1,0.0000000000,0.0000000000,0.9652057996,0.0000000000,scatter
63400,2,0.9652057996,0.0000000000,0.0132770521,-0.4921607364,scatter
63400,3,0.0132770521,-0.4921607364,0.0000000000,-0.4845773823,exit_left
63500,1,0.0000000000,0.0000000000,2.1306184690,0.0000000000,scatter
63500,2,2.1306184690,0.0000000000,2.5646099659,-1.5525398085,scatter
63500,3,2.5646099659,-1.5525398085,2.4470712306,-1.7931837718,scatter
63500,4,2.4470712306,-1.7931837718,2.5264699271,-1.9528874869,scatter
63500,5,2.5264699271,-1.9528874869,3.2500000000,-2.1219239144,exit_right
63600,1,0.0000000000,0.0000000000,3.2500000000,0.0000000000,exit_right
63700,1,0.0000000000,0.0000000000,1.2143844658,0.0000000000,absorb
63800,1,0.0000000000,0.0000000000,0.8423742928,0.0000000000,absorb
63900,1,0.0000000000,0.0000000000,0.2498489628,0.0000000000,absorb
64000,1,0.0000000000,0.0000000000,0.1313448239,0.0000000000,scatter
64000,2,0.1313448239,0.0000000000,1.3696135731,-1.3063849372,scatter
64000,3,1.3696135731,-1.3063849372,1.7067634753,-1.0856933701,scatter
64000,4,1.7067634753,-1.0856933701,1.6720589356,-1.2000599922,scatter
64000,5,1.6720589356,-1.2000599922,3.2500000000,1.2314034566,exit_right
64100,1,0.0000000000,0.0000000000,3.2500000000,0.0000000000,exit_right
64200,1,0.0000000000,0.0000000000,1.3154750348,0.0000000000,scatter
64200,2,1.3154750348,0.0000000000,1.7427410616,0.3105409561,scatter
64200,3,1.7427410616,0.3105409561,0.0000000000,-0.1020006534,exit_left
64300,1,0.0000000000,0.0000000000,3.2500000000,0.0000000000,exit_right
64400,1,0.0000000000,0.0000000000,3.2500000000,0.0000000000,exit_right
64500,1,0.0000000000,0.0000000000,0.5011591313,0.0000000000,scatter
64500,2,0.5011591313,0.0000000000,0.0000000000,-1.3633056555,exit_left
64600,1,0.0000000000,0.0000000000,1.9405439567,0.0000000000,scatter
64600,2,1.9405439567,0.0000000000,0.6306891451,-0.0892928606,scatter
64600,3,0.6306891451,-0.0892928606,0.8461766396,0.3160490476,scatter
64600,4,0.8461766396,0.3160490476,1.1493509424,-3.8040226032,scatter
64600,5,1.1493509424,-3.8040226032,1.1193601425,-4.0798278701,scatter
64600,6,1.1193601425,-4.0798278701,0.9775128617,-3.9888799863,scatter
64600,7,0.9775128617,-3.9888799863,3.2500000000,-5.1185958178,exit_right
64700,1,0.0000000000,0.0000000000,1.8093506303,0.0000000000,scatter
64700,2,1.8093506303,0.0000000000,1.8655318945,2.2388388042,scatter
64700,3,1.8655318945,2.2388388042,1.0197096313,0.7685452203,scatter
64700,4,1.0197096313,0.7685452203,2.3407459720,0.3653153595,scatter
64700,5,2.3407459720,0.3653153595,0.8739585487,0.3078876026,absorb
64800,1,0.0000000000,0.0000000000,0.8549931394,0.0000000000,scatter
64800,2,0.8549931394,0.0000000000,0.0000000000,-0.1803965135,exit_left
64900,1,0.0000000000,0.0000000000,3.2500000000,0.0000000000,exit_right
65000,1,0.0000000000,0.0000000000,2.4220785710,0.0000000000,scatter
65000,2,2.4220785710,0.0000000000,3.2500000000,0.5675265355,exit_right
65100,1,0.0000000000,0.0000000000,0.4657530249,0.0000000000,scatter
65100,2,0.4657530249,0.0000000000,0.0000000000,0.6618809260,exit_left
65200,1,0.0000000000,0.0000000000,3.2500000000,0.0000000000,exit_right
65300,1,0.0000000000,0.0000000000,0.2739966571,0.0000000000,scatter
65300,2,0.2739966571,0.0000000000,0.0000000000,-1.6539683246,exit_left
65400,1,0.0000000000,0.0000000000,1.7803420885,0.0000000000,scatter
65400,2,1.7803420885,0.0000000000,1.0689838245,-0.2626168132,scatter
65400,3,1.0689838245,-0.2626168132,1.1658490877,-0.5999784477,absorb
65500,1,0.0000000000,0.0000000000,1.4128772790,0.0000000000,absorb
65600,1,0.0000000000,0.0000000000,3.2500000000,0.0000000000,exit_right
65700,1,0.0000000000,0.0000000000,0.6019287327,0.0000000000,scatter
65700,2,0.6019287327,0.0000000000,0.1576079470,-1.5425694911,scatter
65700,3,0.1576079470,-1.5425694911,1.0464502742,-0.3109739916,scatter
65700,4,1.0464502742,-0.3109739916,1.3225984843,8.6363877557,absorb
65800,1,0.0000000000,0.0000000000,3.2500000000,0.0000000000,exit_right
65900,1,0.0000000000,0.0000000000,0.0364855357,0.0000000000,scatter
65900,2,0.0364855357,0.0000000000,0.0000000000,-0.0346900664,exit_left
66000,1,0.0000000000,0.0000000000,2.7415633262,0.0000000000,scatter
66000,2,2.7415633262,0.0000000000,3.1867604066,-0.1425051644,absorb
66100,1,0.0000000000,0.0000000000,0.1705501207,0.0000000000,scatter
66100,2,0.1705501207,0.0000000000,0.3939528887,-0.1008430392,scatter
66100,3,0.3939528887,-0.1008430392,0.1188578121,1.0650652640,absorb
66200,1,0.0000000000,0.0000000000,3.2500000000,0.0000000000,exit_right
66300,1,0.0000000000,0.0000000000,3.2500000000,0.0000000000,exit_right
66400,1,0.0000000000,0.0000000000,1.3869670456,0.0000000000,absorb
66500,1,0.0000000000,0.0000000000,3.2500000000,0.0000000000,exit_right
66600,1,0.0000000000,0.0000000000,1.0612446663,0.0000000000,scatter
66600,2,1.0612446663,0.0000000000,0.1756712956,2.6288163116,scatter
66600,3,0.1756712956,2.6288163116,0.0000000000,2.7626818404,exit_left
66700,1,0.0000000000,0.0000000000,0.7959282331,0.0000000000,absorb
66800,1,0.0000000000,0.0000000000,3.0171083653,0.0000000000,scatter
66800,2,3.0171083653,0.0000000000,2.7962698131,-0.0050253054,scatter
66800,3,2.7962698131,-0.0050253054,2.3394308173,-0.3625168802,absorb
66900,1,0.0000000000,0.0000000000,0.4936607130,0.0000000000,scatter
66900,2,0.4936607130,0.0000000000,1.2152022090,-0.1106899729,scatter
66900,3,1.2152022090,-0.1106899729,3.2500000000,-1.6350351596,exit_right
67000,1,0.0000000000,0.0000000000,3.1158633315,0.0000000000,scatter
67000,2,3.1158633315,0.0000000000,3.2500000000,0.0244732495,exit_right
67100,1,0.0000000000,0.0000000000,1.7697314115,0.0000000000,absorb
67200,1,0.0000000000,0.0000000000,3.2500000000,0.0000000000,exit_right
67300,1,0.0000000000,0.0000000000,0.1556202674,0.0000000000,scatter
67300,2,0.1556202674,0.0000000000,0.0759404541,0.1883442785,absorb
67400,1,0.0000000000,0.0000000000,1.4203823459,0.0000000000,scatter
67400,2,1.4203823459,0.0000000000,2.2398892939,-1.5094606263,absorb
67500,1,0.0000000000,0.0000000000,0.4508044284,0.0000000000,scatter
67500,2,0.4508044284,0.0000000000,1.8622184187,3.9769528947,scatter
67500,3,1.8622184187,3.9769528947,3.2500000000,5.1747113980,exit_right
67600,1,0.0000000000,0.0000000000,0.7077273981,0.0000000000,scatter
67600,2,0.7077273981,0.0000000000,1.1301429030,-0.1763262001,scatter
67600,3,1.1301429030,-0.1763262001,0.0000000000,-0.9555032083,exit_left
67700,1,0.0000000000,0.0000000000,2.5819874098,0.0000000000,scatter
67700,2,2.5819874098,0.0000000000,1.6411443507,1.5727629852,scatter
67700,3,1.6411443507,1.5727629852,1.6411421500,1.5727406877,scatter
67700,4,1.6411421500,1.5727406877,1.4927633660,1.1107257533,absorb
67800,1,0.0000000000,0.0000000000,1.4673331888,0.0000000000,scatter
67800,2,1.4673331888,0.0000000000,1.4724923098,-0.0122724225,absorb
67900,1,0.0000000000,0.0000000000,2.6509453099,0.0000000000,scatter
67900,2,2.6509453099,0.0000000000,3.2500000000,-0.3452994309,exit_right
68000,1,0.0000000000,0.0000000000,0.8017973932,0.0000000000,absorb
68100,1,0.0000000000,0.0000000000,0.3898285894,0.0000000000,absorb
68200,1,0.0000000000,0.0000000000,3.2500000000,0.0000000000,exit_right
68300,1,0.0000000000,0.0000000000,0.3004675826,0.0000000000,scatter
68300,2,0.3004675826,0.0000000000,0.0000000000,0.1829684204,exit_left
68400,1,0.0000000000,0.0000000000,2.3622566401,0.0000000000,scatter
68400,2,2.3622566401,0.0000000000,3.2500000000,1.0523407565,exit_right
68500,1,0.0000000000,0.0000000000,3.2500000000,0.0000000000,exit_right
68600,1,0.0000000000,0.0000000000,0.3736058037,0.0000000000,scatter
68600,2,0.3736058037,0.0000000000,1.4248434686,-4.5182484246,scatter
68600,3,1.4248434686,-4.5182484246,0.8985710653,-4.2983714044,scatter
68600,4,0.8985710653,-4.2983714044,0.0000000000,-3.3733633352,exit_left
68700,1,0.0000000000,0.0000000000,3.2500000000,0.0000000000,exit_right
68800,1,0.0000000000,0.0000000000,1.6733763881,0.0000000000,scatter
68800,2,1.6733763881,0.0000000000,2.2200883186,0.0235975752,scatter
68800,3,2.2200883186,0.0235975752,3.2500000000,0.2530198356,exit_right
68900,1,0.0000000000,0.0000000000,0.8862838905,0.0000000000,scatter
68900,2,0.8862838905,0.0000000000,3.2500000000,-0.0046176402,exit_right
69000,1,0.0000000000,0.0000000000,0.0185241554,0.0000000000,scatter
69000,2,0.0185241554,0.0000000000,0.0000000000,-0.0046108286,exit_left
69100,1,0.0000000000,0.0000000000,0.3797062066,0.0000000000,scatter
69100,2,0.3797062066,0.0000000000,0.4659225271,1.2043118105,scatter
69100,3,0.4659225271,1.2043118105,0.0000000000,0.9073231134,exit_left
69200,1,0.0000000000,0.0000000000,0.3917494556,0.0000000000,scatter
69200,2,0.3917494556,0.0000000000,0.0000000000,-0.5189501776,exit_left
69300,1,0.0000000000,0.0000000000,2.2516906882,0.0000000000,scatter
69300,2,2.2516906882,0.0000000000,2.2293806310,0.0144717794,scatter
69300,3,2.2293806310,0.0144717794,1.9136526999,0.4950785700,scatter
69300,4,1.9136526999,0.4950785700,0.0956420651,-0.5349720285,absorb
69400,1,0.0000000000,0.0000000000,0.2184492026,0.0000000000,scatter
69400,2,0.2184492026,0.0000000000,0.1713416691,0.0392580667,absorb
69500,1,0.0000000000,0.0000000000,0.6993945283,0.0000000000,absorb
69600,1,0.0000000000,0.0000000000,3.2500000000,0.0000000000,exit_right
69700,1,0.0000000000,0.0000000000,0.0771630510,0.0000000000,scatter
69700,2,0.0771630510,0.0000000000,0.1434994105,-2.7756323379,absorb
69800,1,0.0000000000,0.0000000000,0.0111204221,0.0000000000,scatter
69800,2,0.0111204221,0.0000000000,1.4085139564,-3.6092078629,scatter
69800,3,1.4085139564,-3.6092078629,1.3364734718,-4.0611258527,scatter
69800,4,1.3364734718,-4.0611258527,1.8261805052,-4.2549119725,scatter
69800,5,1.8261805052,-4.2549119725,0.0000000000,-4.7003336307,exit_left
69900,1,0.0000000000,0.0000000000,3.2500000000,0.0000000000,exit_right
70000,1,0.0000000000,0.0000000000,1.1804770352,0.0000000000,scatter
70000,2,1.1804770352,0.0000000000,0.8223182680,5.4777116676,scatter
70000,3,0.8223182680,5.4777116676,0.8453816460,5.5459357421,absorb
70100,1,0.0000000000,0.0000000000,1.1461839713,0.0000000000,scatter
70100,2,1.1461839713,0.0000000000,0.0000000000,-0.4099986340,exit_left
70200,1,0.0000000000,0.0000000000,1.8244140547,0.0000000000,scatter
70200,2,1.8244140547,0.0000000000,1.2183901041,-0.7128783748,scatter
70200,3,1.2183901041,-0.7128783748,2.2101087719,0.5583666770,absorb
70300,1,0.0000000000,0.0000000000,0.2358882984,0.0000000000,absorb
70400,1,0.0000000000,0.0000000000,1.4799351516,0.0000000000,scatter
70400,2,1.4799351516,0.0000000000,0.0000000000,-1.5950326765,exit_left
70500,1,0.0000000000,0.0000000000,0.3602721083,0.0000000000,scatter
70500,2,0.3602721083,0.0000000000,2.3283568302,-0.0641725816,absorb
70600,1,0.0000000000,0.0000000000,3.1373692129,0.0000000000,scatter
70600,2,3.1373692129,0.0000000000,3.2500000000,-0.0208398504,exit_right
70700,1,0.0000000000,0.0000000000,1.4906606182,0.0000000000,scatter
70700,2,1.4906606182,0.0000000000,0.0000000000,2.1069638228,exit_left
70800,1,0.0000000000,0.0000000000,1.4967017156,0.0000000000,scatter
70800,2,1.4967017156,0.0000000000,1.5327130238,-0.0057631699,scatter
70800,3,1.5327130238,-0.0057631699,1.6935686683,-0.0609054006,scatter
70800,4,1.6935686683,-0.0609054006,1.6709535928,-0.0442273948,absorb
70900,1,0.0000000000,0.0000000000,0.6453550251,0.0000000000,scatter
70900,2,0.6453550251,0.0000000000,0.0000000000,-0.3247116601,exit_left
71000,1,0.0000000000,0.0000000000,0.4417709862,0.0000000000,absorb
71100,1,0.0000000000,0.0000000000,0.4010924828,0.0000000000,absorb
71200,1,0.0000000000,0.0000000000,0.3738657208,0.0000000000,absorb
71300,1,0.0000000000,0.0000000000,3.2500000000,0.0000000000,exit_right
71400,1,0.0000000000,0.0000000000,0.5366473803,0.0000000000,scatter
71400,2,0.5366473803,0.0000000000,3.2500000000,-1.8880005597,exit_right
71500,1,0.0000000000,0.0000000000,0.1626388336,0.0000000000,scatter
71500,2,0.1626388336,0.0000000000,3.2500000000,-2.2405668809,exit_right
71600,1,0.0000000000,0.0000000000,3.2500000000,0.0000000000,exit_right
71700,1,0.0000000000,0.0000000000,2.5569224104,0.0000000000,absorb
71800,1,0.0000000000,0.0000000000,0.7103950807,0.0000000000,scatter
71800,2,0.7103950807,0.0000000000,0.0000000000,-0.0886100894,exit_left
71900,1,0.0000000000,0.0000000000,0.2588837647,0.0000000000,scatter
71900,2,0.2588837647,0.0000000000,0.0000000000,-0.1165436568,exit_left
72000,1,0.0000000000,0.0000000000,1.8609058261,0.0000000000,scatter
72000,2,1.8609058261,0.0000000000,0.0000000000,-0.8276296679,exit_left
72100,1,0.0000000000,0.0000000000,1.8538123762,0.0000000000,scatter
72100,2,1.8538123762,0.0000000000,0.8203251751,1.1726177396,scatter
72100,3,0.8203251751,1.1726177396,0.1846362265,2.5029243780,scatter
72100,4,0.1846362265,2.5029243780,0.0000000000,2.5189126544,exit_left
72200,1,0.0000000000,0.0000000000,3.2500000000,0.0000000000,exit_right
72300,1,0.0000000000,0.0000000000,1.7534996465,0.0000000000,scatter
72300,2,1.7534996465,0.0000000000,0.0000000000,0.1480694583,exit_left
72400,1,0.0000000000,0.0000000000,0.3890089814,0.0000000000,scatter
72400,2,0.3890089814,0.0000000000,0.0000000000,-0.0059351599,exit_left
72500,1,0.0000000000,0.0000000000,2.3419837363,0.0000000000,absorb
72600,1,0.0000000000,0.0000000000,3.0235557278,0.0000000000,scatter
72600,2,3.0235557278,0.0000000000,3.2500000000,-0.5867249209,exit_right
72700,1,0.0000000000,0.0000000000,1.6333221637,0.0000000000,scatter
72700,2,1.6333221637,0.0000000000,1.5915483370,-0.0283822482,scatter
72700,3,1.5915483370,-0.0283822482,1.4067132501,-0.0889590371,scatter
72700,4,1.4067132501,-0.0889590371,0.5204040721,0.0149531211,scatter
72700,5,0.5204040721,0.0149531211,0.4842845662,-0.6445782040,scatter
72700,6,0.4842845662,-0.6445782040,0.0662271803,0.4536439498,absorb
72800,1,0.0000000000,0.0000000000,2.0884762882,0.0000000000,scatter
72800,2,2.0884762882,0.0000000000,2.1373392262,-0.0304193851,scatter
72800,3,2.1373392262,-0.0304193851,3.2500000000,-0.2382191764,exit_right
72900,1,0.0000000000,0.0000000000,2.4473565310,0.0000000000,scatter
72900,2,2.4473565310,0.0000000000,1.4836282943,0.9639710669,scatter
72900,3,1.4836282943,0.9639710669,1.5860900596,0.8367657321,scatter
72900,4,1.5860900596,0.8367657321,0.0000000000,0.2177264231,exit_left
73000,1,0.0000000000,0.0000000000,3.2500000000,0.0000000000,exit_right
73100,1,0.0000000000,0.0000000000,0.1018331678,0.0000000000,scatter
73100,2,0.1018331678,0.0000000000,0.1589057484,2.4585282155,absorb
73200,1,0.0000000000,0.0000000000,3.2500000000,0.0000000000,exit_right
73300,1,0.0000000000,0.0000000000,0.2261761553,0.0000000000,scatter
73300,2,0.2261761553,0.0000000000,0.3985354973,-1.0305267243,scatter
73300,3,0.3985354973,-1.0305267243,0.3820443212,0.2865641430,scatter
73300,4,0.3820443212,0.2865641430,1.5170131512,3.8033339359,scatter
73300,5,1.5170131512,3.8033339359,2.1589544544,1.9014991657,scatter
73300,6,2.1589544544,1.9014991657,2.2278515085,1.8244503627,scatter
73300,7,2.2278515085,1.8244503627,3.2500000000,1.5984859071,exit_right
73400,1,0.0000000000,0.0000000000,2.2485778605,0.0000000000,absorb
73500,1,0.0000000000,0.0000000000,3.2500000000,0.0000000000,exit_right
73600,1,0.0000000000,0.0000000000,3.2500000000,0.0000000000,exit_right
73700,1,0.0000000000,0.0000000000,1.0042502490,0.0000000000,scatter
73700,2,1.0042502490,0.0000000000,0.8842534062,-0.5036141428,absorb
73800,1,0.0000000000,0.0000000000,2.4319967244,0.0000000000,scatter
73800,2,2.4319967244,0.0000000000,0.0000000000,1.7590340827,exit_left
73900,1,0.0000000000,0.0000000000,0.9582259296,0.0000000000,scatter
73900,2,0.9582259296,0.0000000000,2.9779339322,0.8855277066,scatter
73900,3,2.9779339322,0.8855277066,3.2500000000,0.8982620884,exit_right
74000,1,0.0000000000,0.0000000000,1.7777558046,0.0000000000,scatter
74000,2,1.7777558046,0.0000000000,2.6637602259,-2.9204994650,scatter
74000,3,2.6637602259,-2.9204994650,3.2500000000,-3.1046165964,exit_right
74100,1,0.0000000000,0.0000000000,3.2500000000,0.0000000000,exit_right
74200,1,0.0000000000,0.0000000000,0.1110363388,0.0000000000,absorb
74300,1,0.0000000000,0.0000000000,2.0027657533,0.0000000000,scatter
74300,2,2.0027657533,0.0000000000,0.0000000000,0.3373152629,exit_left
74400,1,0.0000000000,0.0000000000,2.4139035062,0.0000000000,absorb
74500,1,0.0000000000,0.0000000000,0.7752832699,0.0000000000,absorb
74600,1,0.0000000000,0.0000000000,3.2500000000,0.0000000000,exit_right
74700,1,0.0000000000,0.0000000000,0.5766354254,0.0000000000,scatter
74700,2,0.5766354254,0.0000000000,0.8232595265,0.2963910631,scatter
74700,3,0.8232595265,0.2963910631,0.0000000000,0.0459821720,exit_left
74800,1,0.0000000000,0.0000000000,0.3360015829,0.0000000000,scatter
74800,2,0.3360015829,0.0000000000,0.1843505073,-0.5087654117,scatter
74800,3,0.1843505073,-0.5087654117,0.0946626309,-1.5963662990,absorb
74900,1,0.0000000000,0.0000000000,0.7694353213,0.0000000000,scatter
74900,2,0.7694353213,0.0000000000,0.0000000000,0.4252272597,exit_left
75000,1,0.0000000000,0.0000000000,1.8066808067,0.0000000000,scatter
75000,2,1.8066808067,0.0000000000,1.1248833751,1.0566718139,scatter
75000,3,1.1248833751,1.0566718139,1.0611686014,0.9834616975,scatter
75000,4,1.0611686014,0.9834616975,3.2500000000,6.3161886050,exit_right
75100,1,0.0000000000,0.0000000000,3.2500000000,0.0000000000,exit_right
75200,1,0.0000000000,0.0000000000,1.8269304947,0.0000000000,absorb
75300,1,0.0000000000,0.0000000000,0.0944625222,0.0000000000,scatter
75300,2,0.0944625222,0.0000000000,0.0000000000,0.0454638926,exit_left
75400,1,0.0000000000,0.0000000000,0.7500612617,0.0000000000,scatter
75400,2,0.7500612617,0.0000000000,0.0000000000,0.8396944738,exit_left
75500,1,0.0000000000,0.0000000000,3.2500000000,0.0000000000,exit_right
75600,1,0.0000000000,0.0000000000,3.2500000000,0.0000000000,exit_right
75700,1,0.0000000000,0.0000000000,3.2500000000,0.0000000000,exit_right
75800,1,0.0000000000,0.0000000000,1.7868580252,0.0000000000,scatter
75800,2,1.7868580252,0.0000000000,2.5199535799,2.8043131355,scatter
75800,3,2.5199535799,2.8043131355,2.4529610992,2.9772461244,scatter
75800,4,2.4529610992,2.9772461244,2.5618766838,3.1477938705,scatter
75800,5,2.5618766838,3.1477938705,3.2500000000,2.7855584266,exit_right
75900,1,0.0000000000,0.0000000000,1.5950940216,0.0000000000,absorb
76000,1,0.0000000000,0.0000000000,2.0182819032,0.0000000000,scatter
76000,2,2.0182819032,0.0000000000,0.0000000000,0.3294943142,exit_left
76100,1,0.0000000000,0.0000000000,2.4795311372,0.0000000000,scatter
76100,2,2.4795311372,0.0000000000,1.0697789035,1.8829981931,scatter
76100,3,1.0697789035,1.8829981931,0.5414698729,1.9730067289,scatter
76100,4,0.5414698729,1.9730067289,0.5470932149,1.9660023982,scatter
76100,5,0.5470932149,1.9660023982,0.5657454775,1.6870861846,scatter
76100,6,0.5657454775,1.6870861846,0.3468152782,1.4427727212,scatter
76100,7,0.3468152782,1.4427727212,0.6220982209,0.3526329015,scatter
76100,8,0.6220982209,0.3526329015,1.0996220348,-0.2553651801,absorb
76200,1,0.0000000000,0.0000000000,3.2500000000,0.0000000000,exit_right
76300,1,0.0000000000,0.0000000000,0.3984022014,0.0000000000,scatter
76300,2,0.3984022014,0.0000000000,1.3507603210,0.9449362308,scatter
76300,3,1.3507603210,0.9449362308,1.3274767472,0.6809712190,scatter
76300,4,1.3274767472,0.6809712190,1.2546205689,2.5253744285,absorb
76400,1,0.0000000000,0.0000000000,3.2500000000,0.0000000000,exit_right
76500,1,0.0000000000,0.0000000000,1.7842809185,0.0000000000,scatter
76500,2,1.7842809185,0.0000000000,1.7065330370,0.0727104110,scatter
76500,3,1.7065330370,0.0727104110,1.8786676114,-0.0584441474,scatter
76500,4,1.8786676114,-0.0584441474,1.7138943412,3.8017829191,scatter
76500,5,1.7138943412,3.8017829191,3.2500000000,1.8636761599,exit_right
76600,1,0.0000000000,0.0000000000,1.2323819076,0.0000000000,scatter
76600,2,1.2323819076,0.0000000000,3.2500000000,1.9613728073,exit_right
76700,1,0.0000000000,0.0000000000,0.1078751705,0.0000000000,scatter
76700,2,0.1078751705,0.0000000000,0.0691906108,0.0303972391,scatter
76700,3,0.0691906108,0.0303972391,0.4793881893,-0.3620193224,scatter
76700,4,0.4793881893,-0.3620193224,0.1317324656,-0.0527946019,scatter
76700,5,0.1317324656,-0.0527946019,0.0000000000,0.7841609318,exit_left
76800,1,0.0000000000,0.0000000000,0.2117559334,0.0000000000,scatter
76800,2,0.2117559334,0.0000000000,0.0019575929,0.0090290641,scatter
76800,3,0.0019575929,0.0090290641,1.3925799402,-0.3052251712,scatter
76800,4,1.3925799402,-0.3052251712,0.8448472524,1.4125436210,scatter
76800,5,0.8448472524,1.4125436210,0.0000000000,0.4217627596,exit_left
76900,1,0.0000000000,0.0000000000,3.2429736764,0.0000000000,absorb
77000,1,0.0000000000,0.0000000000,3.2500000000,0.0000000000,exit_right
77100,1,0.0000000000,0.0000000000,0.6035269774,0.0000000000,scatter
77100,2,0.6035269774,0.0000000000,0.0000000000,-0.3829093941,exit_left
77200,1,0.0000000000,0.0000000000,3.2500000000,0.0000000000,exit_right
77300,1,0.0000000000,0.0000000000,0.2546720598,0.0000000000,scatter
77300,2,0.2546720598,0.0000000000,0.0000000000,-0.4820070659,exit_left
77400,1,0.0000000000,0.0000000000,0.1195149095,0.0000000000,absorb
77500,1,0.0000000000,0.0000000000,3.2500000000,0.0000000000,exit_right
77600,1,0.0000000000,0.0000000000,0.9415275937,0.0000000000,scatter
77600,2,0.9415275937,0.0000000000,2.1025576761,-1.2359261209,scatter
77600,3,2.1025576761,-1.2359261209,1.3870485145,-2.9682489584,scatter
77600,4,1.3870485145,-2.9682489584,1.3400269617,-3.1101090853,scatter
77600,5,1.3400269617,-3.1101090853,1.7284182602,-3.4889461433,scatter
77600,6,1.7284182602,-3.4889461433,1.8620080014,-3.7927170016,scatter
77600,7,1.8620080014,-3.7927170016,1.7867611958,-7.3065510374,scatter
77600,8,1.7867611958,-7.3065510374,2.8673673664,-6.3933224741,scatter
77600,9,2.8673673664,-6.3933224741,2.4956105314,-3.2703415942,scatter
77600,10,2.4956105314,-3.2703415942,1.1583495900,-4.0942738768,scatter
77600,11,1.1583495900,-4.0942738768,0.1247580961,-3.6699535664,scatter
77600,12,0.1247580961,-3.6699535664,0.0000000000,-3.6002017387,exit_left
77700,1,0.0000000000,0.0000000000,3.2500000000,0.0000000000,exit_right
77800,1,0.0000000000,0.0000000000,0.7214488115,0.0000000000,scatter
77800,2,0.7214488115,0.0000000000,0.0000000000,0.4752265930,exit_left
77900,1,0.0000000000,0.0000000000,2.0537246853,0.0000000000,scatter
77900,2,2.0537246853,0.0000000000,2.0491384078,0.0449584252,scatter
77900,3,2.0491384078,0.0449584252,1.2481093190,-1.8951989006,scatter
77900,4,1.2481093190,-1.8951989006,1.1620709935,-1.2315899415,scatter
77900,5,1.1620709935,-1.2315899415,2.0210994901,-1.3225694675,scatter
77900,6,2.0210994901,-1.3225694675,2.3104577859,-2.0354892778,scatter
77900,7,2.3104577859,-2.0354892778,0.0000000000,-4.8679832030,exit_left
78000,1,0.0000000000,0.0000000000,0.6522632399,0.0000000000,absorb
78100,1,0.0000000000,0.0000000000,2.0899561721,0.0000000000,scatter
78100,2,2.0899561721,0.0000000000,2.2547273693,0.1095507263,absorb
78200,1,0.0000000000,0.0000000000,3.2500000000,0.0000000000,exit_right
78300,1,0.0000000000,0.0000000000,2.5836011538,0.0000000000,scatter
78300,2,2.5836011538,0.0000000000,2.5465171414,0.0601276510,absorb
78400,1,0.0000000000,0.0000000000,0.9105249488,0.0000000000,absorb
78500,1,0.0000000000,0.0000000000,0.1123745924,0.0000000000,scatter
78500,2,0.1123745924,0.0000000000,0.3690372393,0.7572582224,scatter
78500,3,0.3690372393,0.7572582224,3.2500000000,-0.5801524108,exit_right
78600,1,0.0000000000,0.0000000000,3.2500000000,0.0000000000,exit_right
78700,1,0.0000000000,0.0000000000,3.2500000000,0.0000000000,exit_right
78800,1,0.0000000000,0.0000000000,2.0345171503,0.0000000000,scatter
78800,2,2.0345171503,0.0000000000,0.0000000000,-0.0338627534,exit_left
78900,1,0.0000000000,0.0000000000,1.1308330599,0.0000000000,scatter
78900,2,1.1308330599,0.0000000000,0.2830315669,1.3086940630,absorb
79000,1,0.0000000000,0.0000000000,0.7153501148,0.0000000000,scatter
79000,2,0.7153501148,0.0000000000,0.7174507809,0.1901068543,absorb
79100,1,0.0000000000,0.0000000000,3.2500000000,0.0000000000,exit_right
79200,1,0.0000000000,0.0000000000,0.9215977198,0.0000000000,scatter
79200,2,0.9215977198,0.0000000000,0.0000000000,-1.1901539947,exit_left
79300,1,0.0000000000,0.0000000000,3.2500000000,0.0000000000,exit_right
79400,1,0.0000000000,0.0000000000,2.5019338739,0.0000000000,scatter
79400,2,2.5019338739,0.0000000000,0.9253378975,0.5045682914,scatter
79400,3,0.9253378975,0.5045682914,3.2500000000,-0.1148969696,exit_right
79500,1,0.0000000000,0.0000000000,0.6919846935,0.0000000000,scatter
79500,2,0.6919846935,0.0000000000,2.8032030404,0.5305739833,scatter
79500,3,2.8032030404,0.5305739833,1.4122385026,1.6676833652,scatter
79500,4,1.4122385026,1.6676833652,3.2500000000,1.1458475627,exit_right
79600,1,0.0000000000,0.0000000000,1.3053445815,0.0000000000,scatter
79600,2,1.3053445815,0.0000000000,1.1486730983,0.2827794143,scatter
79600,3,1.1486730983,0.2827794143,1.3465021228,0.0874581083,scatter
79600,4,1.3465021228,0.0874581083,3.2500000000,-1.0410879399,exit_right
79700,1,0.0000000000,0.0000000000,2.1197195481,0.0000000000,scatter
79700,2,2.1197195481,0.0000000000,2.2690881024,-3.1331299459,scatter
79700,3,2.2690881024,-3.1331299459,1.6597615842,-2.8862832057,absorb
79800,1,0.0000000000,0.0000000000,1.0743520492,0.0000000000,scatter
79800,2,1.0743520492,0.0000000000,0.8739122006,-0.1859550704,scatter
79800,3,0.8739122006,-0.1859550704,1.1359567062,-0.2476720393,scatter
79800,4,1.1359567062,-0.2476720393,1.9077258308,0.5239658484,scatter
79800,5,1.9077258308,0.5239658484,0.0000000000,-3.9780705000,exit_left
79900,1,0.0000000000,0.0000000000,3.2500000000,0.0000000000,exit_right
80000,1,0.0000000000,0.0000000000,3.2500000000,0.0000000000,exit_right
80100,1,0.0000000000,0.0000000000,1.9604666690,0.0000000000,scatter
80100,2,1.9604666690,0.0000000000,1.1212668160,0.5323385307,scatter
80100,3,1.1212668160,0.5323385307,0.6699899031,-4.0668536733,scatter
80100,4,0.6699899031,-4.0668536733,1.2027952994,-5.3520781493,scatter
80100,5,1.2027952994,-5.3520781493,3.2500000000,-4.7548404019,exit_right
80200,1,0.0000000000,0.0000000000,1.3973274345,0.0000000000,scatter
80200,2,1.3973274345,0.0000000000,1.7326644641,0.4156189076,scatter
80200,3,1.7326644641,0.4156189076,1.6168383324,-2.4223792024,absorb
80300,1,0.0000000000,0.0000000000,0.8959186199,0.0000000000,scatter
80300,2,0.8959186199,0.0000000000,0.6722093610,0.4112516060,scatter
80300,3,0.6722093610,0.4112516060,2.5280880989,0.1866084856,scatter
80300,4,2.5280880989,0.1866084856,2.5574590623,1.2681682180,scatter
80300,5,2.5574590623,1.2681682180,3.2500000000,1.3391953515,exit_right
80400,1,0.0000000000,0.0000000000,0.5569872823,0.0000000000,absorb
80500,1,0.0000000000,0.0000000000,1.6059883498,0.0000000000,scatter
80500,2,1.6059883498,0.0000000000,2.5557933763,-0.1669269898,scatter
80500,3,2.5557933763,-0.1669269898,0.3096470107,0.5996374487,absorb
80600,1,0.0000000000,0.0000000000,1.4258994233,0.0000000000,scatter
80600,2,1.4258994233,0.0000000000,3.2467754753,1.3823717109,scatter
80600,3,3.2467754753,1.3823717109,3.1257951025,1.5365633404,scatter
80600,4,3.1257951025,1.5365633404,3.2500000000,1.7102296384,exit_right
80700,1,0.0000000000,0.0000000000,1.6472629081,0.0000000000,scatter
80700,2,1.6472629081,0.0000000000,0.0000000000,1.0332886817,exit_left
80800,1,0.0000000000,0.0000000000,2.2427668210,0.0000000000,scatter
80800,2,2.2427668210,0.0000000000,2.0701744749,-2.0059499549,scatter
80800,3,2.0701744749,-2.0059499549,2.1061532603,-2.0162087088,scatter
80800,4,2.1061532603,-2.0162087088,1.2476695681,-1.6392977831,absorb
80900,1,0.0000000000,0.0000000000,2.2718737201,0.0000000000,scatter
80900,2,2.2718737201,0.0000000000,1.5477522830,0.7072344448,absorb
81000,1,0.0000000000,0.0000000000,3.2500000000,0.0000000000,exit_right
81100,1,0.0000000000,0.0000000000,3.2500000000,0.0000000000,exit_right
81200,1,0.0000000000,0.0000000000,1.6566348825,0.0000000000,absorb
81300,1,0.0000000000,0.0000000000,0.5435436972,0.0000000000,scatter
81300,2,0.5435436972,0.0000000000,0.0000000000,0.2656813628,exit_left
81400,1,0.0000000000,0.0000000000,0.2881007328,0.0000000000,scatter
81400,2,0.2881007328,0.0000000000,0.1542772634,-0.2183348883,absorb
81500,1,0.0000000000,0.0000000000,3.2500000000,0.0000000000,exit_right
81600,1,0.0000000000,0.0000000000,3.2500000000,0.0000000000,exit_right
81700,1,0.0000000000,0.0000000000,0.8219529551,0.0000000000,scatter
81700,2,0.8219529551,0.0000000000,1.0257709469,-0.4676538536,scatter
81700,3,1.0257709469,-0.4676538536,0.4065612650,0.0937917810,scatter
81700,4,0.4065612650,0.0937917810,1.6251774067,5.2287219035,scatter
81700,5,1.6251774067,5.2287219035,1.6559382096,4.9610830635,scatter
81700,6,1.6559382096,4.9610830635,3.0775523205,2.0940227520,scatter
81700,7,3.0775523205,2.0940227520,3.2500000000,2.2508856603,exit_right
81800,1,0.0000000000,0.0000000000,0.8465893524,0.0000000000,scatter
81800,2,0.8465893524,0.0000000000,0.8506800631,1.7610237876,scatter
81800,3,0.8506800631,1.7610237876,0.0000000000,1.4378023688,exit_left
81900,1,0.0000000000,0.0000000000,2.0121507800,0.0000000000,scatter
81900,2,2.0121507800,0.0000000000,1.1670755373,-0.3646751944,scatter
81900,3,1.1670755373,-0.3646751944,0.0000000000,-2.6925523310,exit_left
82000,1,0.0000000000,0.0000000000,1.1423029574,0.0000000000,scatter
82000,2,1.1423029574,0.0000000000,3.2500000000,0.0735068882,exit_right
82100,1,0.0000000000,0.0000000000,2.2770147707,0.0000000000,absorb
82200,1,0.0000000000,0.0000000000,2.1642256050,0.0000000000,scatter
82200,2,2.1642256050,0.0000000000,1.6081756177,-1.3360664529,scatter
82200,3,1.6081756177,-1.3360664529,2.8983504968,-3.5751843972,scatter
82200,4,2.8983504968,-3.5751843972,1.3195670575,-0.8665148814,scatter
82200,5,1.3195670575,-0.8665148814,3.2500000000,-0.9652334304,exit_right
82300,1,0.0000000000,0.0000000000,0.3197595438,0.0000000000,scatter
82300,2,0.3197595438,0.0000000000,0.1885935564,0.6029764832,scatter
82300,3,0.1885935564,0.6029764832,0.0000000000,0.6250158848,exit_left
82400,1,0.0000000000,0.0000000000,3.2500000000,0.0000000000,exit_right
82500,1,0.0000000000,0.0000000000,0.6159426451,0.0000000000,scatter
82500,2,0.6159426451,0.0000000000,0.4019308431,-0.7600567013,scatter
82500,3,0.4019308431,-0.7600567013,0.0000000000,-0.7025940601,exit_left
82600,1,0.0000000000,0.0000000000,1.4763877898,0.0000000000,scatter
82600,2,1.4763877898,0.0000000000,1.4224583839,1.2176404184,scatter
82600,3,1.4224583839,1.2176404184,1.4697670960,1.4681235289,scatter
82600,4,1.4697670960,1.4681235289,1.5625135970,1.9026919907,scatter
82600,5,1.5625135970,1.9026919907,2.7693272615,1.6851213726,scatter
82600,6,2.7693272615,1.6851213726,2.5525276360,-1.7225745074,scatter
82600,7,2.5525276360,-1.7225745074,2.5727477243,-1.7024582525,scatter
82600,8,2.5727477243,-1.7024582525,1.5532309594,-0.1398140631,scatter
82600,9,1.5532309594,-0.1398140631,1.7565006033,-0.1414827371,absorb
82700,1,0.0000000000,0.0000000000,0.2273004379,0.0000000000,scatter
82700,2,0.2273004379,0.0000000000,0.0000000000,0.1262116517,exit_left
82800,1,0.0000000000,0.0000000000,0.5393069241,0.0000000000,scatter
82800,2,0.5393069241,0.0000000000,2.5329945133,-0.1838893597,scatter
82800,3,2.5329945133,-0.1838893597,1.5241826705,-1.0291947952,scatter
82800,4,1.5241826705,-1.0291947952,2.2746466156,-2.1243660566,scatter
82800,5,2.2746466156,-2.1243660566,2.3959430317,-5.6583645857,scatter
82800,6,2.3959430317,-5.6583645857,2.4993953030,-5.3077892151,scatter
82800,7,2.4993953030,-5.3077892151,2.3131688324,-4.1705621151,scatter
82800,8,2.3131688324,-4.1705621151,3.2500000000,-3.0353910872,exit_right
82900,1,0.0000000000,0.0000000000,1.8283626578,0.0000000000,scatter
82900,2,1.8283626578,0.0000000000,0.0000000000,1.6598728244,exit_left
83000,1,0.0000000000,0.0000000000,3.0861293010,0.0000000000,scatter
83000,2,3.0861293010,0.0000000000,3.2500000000,0.2290744131,exit_right
83100,1,0.0000000000,0.0000000000,1.7720882649,0.0000000000,scatter
83100,2,1.7720882649,0.0000000000,0.6761055192,-3.6225311213,scatter
83100,3,0.6761055192,-3.6225311213,0.0000000000,-3.2271782614,exit_left
83200,1,0.0000000000,0.0000000000,1.0324980230,0.0000000000,scatter
83200,2,1.0324980230,0.0000000000,3.2500000000,0.7278647709,exit_right
83300,1,0.0000000000,0.0000000000,0.9076777919,0.0000000000,scatter
83300,2,0.9076777919,0.0000000000,0.9774164165,-1.0193573722,scatter
83300,3,0.9774164165,-1.0193573722,0.8494504403,-1.3804625835,absorb
83400,1,0.0000000000,0.0000000000,0.6286486018,0.0000000000,absorb
83500,1,0.0000000000,0.0000000000,3.2500000000,0.0000000000,exit_right
83600,1,0.0000000000,0.0000000000,1.3377938002,0.0000000000,scatter
83600,2,1.3377938002,0.0000000000,0.0000000000,0.5059217425,exit_left
83700,1,0.0000000000,0.0000000000,3.0085289525,0.0000000000,scatter
83700,2,3.0085289525,0.0000000000,3.2500000000,-0.0517275339,exit_right
83800,1,0.0000000000,0.0000000000,3.2500000000,0.0000000000,exit_right
83900,1,0.0000000000,0.0000000000,0.0707060314,0.0000000000,scatter
83900,2,0.0707060314,0.0000000000,0.0000000000,-0.0182914208,exit_left
84000,1,0.0000000000,0.0000000000,0.2258379408,0.0000000000,scatter
84000,2,0.2258379408,0.0000000000,0.3068358506,0.1930951874,scatter
84000,3,0.3068358506,0.1930951874,0.0000000000,0.1247532793,exit_left
84100,1,0.0000000000,0.0000000000,0.6855965571,0.0000000000,absorb
84200,1,0.0000000000,0.0000000000,1.5470878681,0.0000000000,scatter
84200,2,1.5470878681,0.0000000000,1.4612668466,0.0289127319,scatter
84200,3,1.4612668466,0.0289127319,0.0000000000,1.4204325598,exit_left
84300,1,0.0000000000,0.0000000000,3.2500000000,0.0000000000,exit_right
84400,1,0.0000000000,0.0000000000,1.0694878315,0.0000000000,scatter
84400,2,1.0694878315,0.0000000000,0.0000000000,-0.7322971451,exit_left
84500,1,0.0000000000,0.0000000000,2.3994376631,0.0000000000,scatter
84500,2,2.3994376631,0.0000000000,1.8721861051,-0.4787217276,scatter
84500,3,1.8721861051,-0.4787217276,2.0584225304,-0.2766294204,scatter
84500,4,2.0584225304,-0.2766294204,1.0926727072,1.6655627043,scatter
84500,5,1.0926727072,1.6655627043,0.0000000000,3.6686569566,exit_left
84600,1,0.0000000000,0.0000000000,2.7944820349,0.0000000000,absorb
84700,1,0.0000000000,0.0000000000,1.9753283611,0.0000000000,absorb
84800,1,0.0000000000,0.0000000000,0.1344810563,0.0000000000,scatter
84800,2,0.1344810563,0.0000000000,3.2500000000,3.1171445334,exit_right
84900,1,0.0000000000,0.0000000000,0.6695631153,0.0000000000,scatter
84900,2,0.6695631153,0.0000000000,0.8350637873,0.0835774248,scatter
84900,3,0.8350637873,0.0835774248,1.1587659536,0.1791276457,absorb
85000,1,0.0000000000,0.0000000000,3.0036147062,0.0000000000,scatter
85000,2,3.0036147062,0.0000000000,2.9988435166,0.0011474958,scatter
85000,3,2.9988435166,0.0011474958,3.2500000000,-4.3983088188,exit_right
85100,1,0.0000000000,0.0000000000,3.2500000000,0.0000000000,exit_right
85200,1,0.0000000000,0.0000000000,3.2500000000,0.0000000000,exit_right
85300,1,0.0000000000,0.0000000000,0.5186338698,0.0000000000,scatter
85300,2,0.5186338698,0.0000000000,0.0000000000,-1.0063838922,exit_left
85400,1,0.0000000000,0.0000000000,3.2500000000,0.0000000000,exit_right
85500,1,0.0000000000,0.0000000000,1.6929570550,0.0000000000,scatter
85500,2,1.6929570550,0.0000000000,0.0000000000,-1.1706019259,exit_left
85600,1,0.0000000000,0.0000000000,3.2500000000,0.0000000000,exit_right
85700,1,0.0000000000,0.0000000000,1.5670156559,0.0000000000,absorb
85800,1,0.0000000000,0.0000000000,3.2500000000,0.0000000000,exit_right
85900,1,0.0000000000,0.0000000000,1.0106160533,0.0000000000,scatter
85900,2,1.0106160533,0.0000000000,1.7025582079,-0.3400948021,absorb
86000,1,0.0000000000,0.0000000000,0.5637242273,0.0000000000,scatter
86000,2,0.5637242273,0.0000000000,0.0287771050,-0.0860259314,scatter
86000,3,0.0287771050,-0.0860259314,0.0000000000,-0.0588160954,exit_left
86100,1,0.0000000000,0.0000000000,2.4685262527,0.0000000000,absorb
86200,1,0.0000000000,0.0000000000,1.9863937605,0.0000000000,scatter
86200,2,1.9863937605,0.0000000000,0.0000000000,-1.9361856720,exit_left
86300,1,0.0000000000,0.0000000000,0.4670862074,0.0000000000,scatter
86300,2,0.4670862074,0.0000000000,3.2500000000,2.6971830370,exit_right
86400,1,0.0000000000,0.0000000000,0.3149673601,0.0000000000,absorb
86500,1,0.0000000000,0.0000000000,1.4959070197,0.0000000000,scatter
86500,2,1.4959070197,0.0000000000,2.1739622730,-0.0955860895,scatter
86500,3,2.1739622730,-0.0955860895,3.2500000000,0.1476369527,exit_right
86600,1,0.0000000000,0.0000000000,1.2278337387,0.0000000000,scatter
86600,2,1.2278337387,0.0000000000,1.2665877653,-2.1382909870,scatter
86600,3,1.2665877653,-2.1382909870,1.7568101669,-0.7987476403,scatter
86600,4,1.7568101669,-0.7987476403,2.7147218866,-0.1482945277,absorb
86700,1,0.0000000000,0.0000000000,0.5937966472,0.0000000000,scatter
86700,2,0.5937966472,0.0000000000,0.7263262432,-0.1091800146,scatter
86700,3,0.7263262432,-0.1091800146,0.6282833970,-0.1024833037,absorb
86800,1,0.0000000000,0.0000000000,1.0839062851,0.0000000000,scatter
86800,2,1.0839062851,0.0000000000,3.2500000000,-0.8136174174,exit_right
86900,1,0.0000000000,0.0000000000,1.8001588173,0.0000000000,absorb
87000,1,0.0000000000,0.0000000000,0.5623856078,0.0000000000,scatter
87000,2,0.5623856078,0.0000000000,0.0000000000,-0.6073207828,exit_left
87100,1,0.0000000000,0.0000000000,3.1822363653,0.0000000000,scatter
87100,2,3.1822363653,0.0000000000,3.2500000000,0.0130995003,exit_right
87200,1,0.0000000000,0.0000000000,0.1311920697,0.0000000000,scatter
87200,2,0.1311920697,0.0000000000,0.0234277965,0.0777341616,absorb
87300,1,0.0000000000,0.0000000000,0.1021914663,0.0000000000,scatter
87300,2,0.1021914663,0.0000000000,1.1269645987,0.3568551845,scatter
87300,3,1.1269645987,0.3568551845,0.7854575510,0.8252528979,scatter
87300,4,0.7854575510,0.8252528979,0.5027005757,0.5927405452,scatter
87300,5,0.5027005757,0.5927405452,0.0000000000,1.9445247417,exit_left
87400,1,0.0000000000,0.0000000000,0.8128122161,0.0000000000,absorb
87500,1,0.0000000000,0.0000000000,3.2500000000,0.0000000000,exit_right
87600,1,0.0000000000,0.0000000000,2.4852488369,0.0000000000,scatter
87600,2,2.4852488369,0.0000000000,1.5249264779,-0.5757247962,scatter
87600,3,1.5249264779,-0.5757247962,2.3798997855,-1.6684247863,scatter
87600,4,2.3798997855,-1.6684247863,0.4530695621,-3.3403989250,scatter
87600,5,0.4530695621,-3.3403989250,0.2489324579,-3.1922259756,scatter
87600,6,0.2489324579,-3.1922259756,0.0640190054,-3.2025800740,scatter
87600,7,0.0640190054,-3.2025800740,0.5216300191,-3.8934994593,scatter
87600,8,0.5216300191,-3.8934994593,0.0000000000,-4.4608743990,exit_left
87700,1,0.0000000000,0.0000000000,3.2500000000,0.0000000000,exit_right
87800,1,0.0000000000,0.0000000000,3.2500000000,0.0000000000,exit_right
87900,1,0.0000000000,0.0000000000,3.2212271177,0.0000000000,scatter
87900,2,3.2212271177,0.0000000000,0.8202870950,2.1383023959,scatter
87900,3,0.8202870950,2.1383023959,0.8452177411,2.4723361038,scatter
87900,4,0.8452177411,2.4723361038,3.2500000000,3.9026223343,exit_right
88000,1,0.0000000000,0.0000000000,0.6927011125,0.0000000000,scatter
88000,2,0.6927011125,0.0000000000,0.6723042690,0.3329496431,scatter
88000,3,0.6723042690,0.3329496431,0.0000000000,1.0585363009,exit_left
88100,1,0.0000000000,0.0000000000,1.3266719038,0.0000000000,scatter
88100,2,1.3266719038,0.0000000000,1.2933805583,-0.4311928653,scatter
88100,3,1.2933805583,-0.4311928653,1.4230282355,-0.3603146481,scatter
88100,4,1.4230282355,-0.3603146481,1.8463930413,-0.7341267062,absorb
88200,1,0.0000000000,0.0000000000,0.0365016047,0.0000000000,scatter
88200,2,0.0365016047,0.0000000000,0.0000000000,0.0371330222,exit_left
88300,1,0.0000000000,0.0000000000,0.0536457528,0.0000000000,scatter
88300,2,0.0536457528,0.0000000000,3.2500000000,3.1936263084,exit_right
88400,1,0.0000000000,0.0000000000,3.2500000000,0.0000000000,exit_right
88500,1,0.0000000000,0.0000000000,0.4818626716,0.0000000000,scatter
88500,2,0.4818626716,0.0000000000,0.4720554472,-0.3595559824,scatter
88500,3,0.4720554472,-0.3595559824,1.2651540697,0.4683979375,scatter
88500,4,1.2651540697,0.4683979375,0.1593622148,1.2074592704,scatter
88500,5,0.1593622148,1.2074592704,0.4190985271,1.6933110443,scatter
88500,6,0.4190985271,1.6933110443,1.0979309926,1.5169618712,scatter
88500,7,1.0979309926,1.5169618712,1.6060508853,1.0156359962,absorb
88600,1,0.0000000000,0.0000000000,3.2500000000,0.0000000000,exit_right
88700,1,0.0000000000,0.0000000000,0.9403380842,0.0000000000,absorb
88800,1,0.0000000000,0.0000000000,0.0363887924,0.0000000000,scatter
88800,2,0.0363887924,0.0000000000,0.0868575586,-0.0525963355,scatter
88800,3,0.0868575586,-0.0525963355,0.0000000000,0.0379906237,exit_left
88900,1,0.0000000000,0.0000000000,2.4887637065,0.0000000000,scatter
88900,2,2.4887637065,0.0000000000,2.3788937470,-0.1543101721,scatter
88900,3,2.3788937470,-0.1543101721,0.3066436976,-1.9820920533,absorb
89000,1,0.0000000000,0.0000000000,0.5344617690,0.0000000000,scatter
89000,2,0.5344617690,0.0000000000,0.0000000000,0.3084463700,exit_left
89100,1,0.0000000000,0.0000000000,2.9068460315,0.0000000000,scatter
89100,2,2.9068460315,0.0000000000,2.7169403669,0.2244347509,scatter
89100,3,2.7169403669,0.2244347509,3.2500000000,-0.7042673968,exit_right
89200,1,0.0000000000,0.0000000000,0.1824850527,0.0000000000,scatter
89200,2,0.1824850527,0.0000000000,0.8994634506,0.3937932531,scatter
89200,3,0.8994634506,0.3937932531,0.8072688993,-1.2678800879,scatter
89200,4,0.8072688993,-1.2678800879,3.2500000000,-1.9199481462,exit_right
89300,1,0.0000000000,0.0000000000,2.4129888350,0.0000000000,scatter
89300,2,2.4129888350,0.0000000000,1.8419481447,0.3833597319,scatter
89300,3,1.8419481447,0.3833597319,3.2500000000,1.1365196257,exit_right
89400,1,0.0000000000,0.0000000000,1.4600683330,0.0000000000,scatter
89400,2,1.4600683330,0.0000000000,0.4541660565,-2.4168098838,absorb
89500,1,0.0000000000,0.0000000000,0.4652335182,0.0000000000,scatter
89500,2,0.4652335182,0.0000000000,1.0560432480,-0.4524923374,scatter
89500,3,1.0560432480,-0.4524923374,2.1623748062,-2.7400301741,scatter
89500,4,2.1623748062,-2.7400301741,1.9977955223,-2.6106445102,absorb
89600,1,0.0000000000,0.0000000000,1.1975368034,0.0000000000,scatter
89600,2,1.1975368034,0.0000000000,0.0000000000,-0.3754262044,exit_left
89700,1,0.0000000000,0.0000000000,1.1333543105,0.0000000000,scatter
89700,2,1.1333543105,0.0000000000,0.7113456012,-0.5988105016,scatter
89700,3,0.7113456012,-0.5988105016,0.7775794857,-0.6521230542,scatter
89700,4,0.7775794857,-0.6521230542,0.0298587995,2.1021023449,scatter
89700,5,0.0298587995,2.1021023449,0.5365576544,3.5241072930,absorb
89800,1,0.0000000000,0.0000000000,0.7739650205,0.0000000000,scatter
89800,2,0.7739650205,0.0000000000,0.4562096796,-0.2255671790,scatter
89800,3,0.4562096796,-0.2255671790,0.0000000000,-1.2964442034,exit_left
89900,1,0.0000000000,0.0000000000,1.9146263760,0.0000000000,scatter
89900,2,1.9146263760,0.0000000000,1.9674781792,-0.0715135793,scatter
89900,3,1.9674781792,-0.0715135793,2.1820721113,-0.0031403985,scatter
89900,4,2.1820721113,-0.0031403985,2.7326654036,-0.9582961583,absorb
90000,1,0.0000000000,0.0000000000,0.1975768901,0.0000000000,scatter
90000,2,0.1975768901,0.0000000000,1.0031804832,-0.9154714906,scatter
90000,3,1.0031804832,-0.9154714906,0.0000000000,-0.9612371762,exit_left
90100,1,0.0000000000,0.0000000000,2.2017048678,0.0000000000,scatter
90100,2,2.2017048678,0.0000000000,3.2500000000,1.4845036518,exit_right
90200,1,0.0000000000,0.0000000000,2.2601762141,0.0000000000,scatter
90200,2,2.2601762141,0.0000000000,3.0464352463,-0.7737296646,scatter
90200,3,3.0464352463,-0.7737296646,2.0335813896,-3.3404185402,scatter
90200,4,2.0335813896,-3.3404185402,3.2500000000,-1.2634755550,exit_right
90300,1,0.0000000000,0.0000000000,1.1097620793,0.0000000000,scatter
90300,2,1.1097620793,0.0000000000,0.0000000000,-2.0061269616,exit_left
90400,1,0.0000000000,0.0000000000,1.8430367124,0.0000000000,scatter
90400,2,1.8430367124,0.0000000000,0.0000000000,0.1111337440,exit_left
90500,1,0.0000000000,0.0000000000,0.6953600246,0.0000000000,scatter
90500,2,0.6953600246,0.0000000000,0.5851005382,-0.2212814812,scatter
90500,3,0.5851005382,-0.2212814812,0.2344373380,-0.2876802282,absorb
90600,1,0.0000000000,0.0000000000,2.9240287149,0.0000000000,scatter
90600,2,2.9240287149,0.0000000000,1.8732781018,-1.1192867501,scatter
90600,3,1.8732781018,-1.1192867501,0.0021885062,-0.4533068786,scatter
90600,4,0.0021885062,-0.4533068786,0.0000000000,-0.4534074280,exit_left
90700,1,0.0000000000,0.0000000000,0.8865910920,0.0000000000,absorb
90800,1,0.0000000000,0.0000000000,3.2500000000,0.0000000000,exit_right
90900,1,0.0000000000,0.0000000000,1.8765852634,0.0000000000,absorb
91000,1,0.0000000000,0.0000000000,3.1965652458,0.0000000000,absorb
91100,1,0.0000000000,0.0000000000,0.0109346242,0.0000000000,scatter
91100,2,0.0109346242,0.0000000000,0.0000000000,0.0070883990,exit_left
91200,1,0.0000000000,0.0000000000,1.1468395336,0.0000000000,scatter
91200,2,1.1468395336,0.0000000000,2.9657347778,0.6437795814,absorb
91300,1,0.0000000000,0.0000000000,0.6830872437,0.0000000000,scatter
91300,2,0.6830872437,0.0000000000,1.6527765769,-3.8101054022,scatter
91300,3,1.6527765769,-3.8101054022,1.6664642290,-3.7530413655,absorb
91400,1,0.0000000000,0.0000000000,0.8601207429,0.0000000000,scatter
91400,2,0.8601207429,0.0000000000,1.1254697727,0.0832499414,scatter
91400,3,1.1254697727,0.0832499414,0.9104759563,-1.0080025263,absorb
91500,1,0.0000000000,0.0000000000,3.2500000000,0.0000000000,exit_right
91600,1,0.0000000000,0.0000000000,0.3007167815,0.0000000000,absorb
91700,1,0.0000000000,0.0000000000,0.0422769512,0.0000000000,scatter
91700,2,0.0422769512,0.0000000000,0.0000000000,-0.1805194396,exit_left
91800,1,0.0000000000,0.0000000000,0.0668087614,0.0000000000,scatter
91800,2,0.0668087614,0.0000000000,0.2417637674,-0.2359838480,scatter
91800,3,0.2417637674,-0.2359838480,1.1655448174,3.9371911067,scatter
91800,4,1.1655448174,3.9371911067,1.4659441005,3.9854144916,scatter
91800,5,1.4659441005,3.9854144916,1.2858511351,3.9209582057,scatter
91800,6,1.2858511351,3.9209582057,0.1686338159,2.4893269491,scatter
91800,7,0.1686338159,2.4893269491,0.1787628203,2.7916483632,scatter
91800,8,0.1787628203,2.7916483632,0.1222122832,2.8090622369,scatter
91800,9,0.1222122832,2.8090622369,0.1494061816,4.0290903105,scatter
91800,10,0.1494061816,4.0290903105,0.0000000000,3.9869356465,exit_left
91900,1,0.0000000000,0.0000000000,1.4514280053,0.0000000000,scatter
91900,2,1.4514280053,0.0000000000,0.9852701301,3.3020883883,absorb
92000,1,0.0000000000,0.0000000000,2.3549250099,0.0000000000,scatter
92000,2,2.3549250099,0.0000000000,2.1347949820,-0.9105613388,absorb
92100,1,0.0000000000,0.0000000000,0.7450089536,0.0000000000,scatter
92100,2,0.7450089536,0.0000000000,2.7596160013,1.4521827532,scatter
92100,3,2.7596160013,1.4521827532,2.0187945913,0.1583044417,scatter
92100,4,2.0187945913,0.1583044417,1.7899138095,0.3986392277,scatter
92100,5,1.7899138095,0.3986392277,0.0085003309,0.6670314418,scatter
92100,6,0.0085003309,0.6670314418,0.0000000000,0.6633196148,exit_left
92200,1,0.0000000000,0.0000000000,3.1618148623,0.0000000000,scatter
92200,2,3.1618148623,0.0000000000,3.0595189682,-0.9183141835,scatter
92200,3,3.0595189682,-0.9183141835,3.2500000000,-0.5169551281,exit_right
92300,1,0.0000000000,0.0000000000,3.2500000000,0.0000000000,exit_right
92400,1,0.0000000000,0.0000000000,1.1631747843,0.0000000000,scatter
92400,2,1.1631747843,0.0000000000,3.2500000000,-0.5139447523,exit_right
92500,1,0.0000000000,0.0000000000,0.6073542052,0.0000000000,scatter
92500,2,0.6073542052,0.0000000000,0.0000000000,-0.4580220593,exit_left
92600,1,0.0000000000,0.0000000000,0.0778664571,0.0000000000,absorb
92700,1,0.0000000000,0.0000000000,1.6840837252,0.0000000000,scatter
92700,2,1.6840837252,0.0000000000,0.6854718079,0.4407256484,scatter
92700,3,0.6854718079,0.4407256484,0.0000000000,-0.0782191657,exit_left
92800,1,0.0000000000,0.0000000000,1.6361260792,0.0000000000,scatter
92800,2,1.6361260792,0.0000000000,2.7472550751,0.5855055726,absorb
92900,1,0.0000000000,0.0000000000,3.0119974003,0.0000000000,absorb
93000,1,0.0000000000,0.0000000000,0.3004011037,0.0000000000,scatter
93000,2,0.3004011037,0.0000000000,0.4755241515,0.0317070996,scatter
93000,3,0.4755241515,0.0317070996,1.1011021549,0.6921598676,absorb
93100,1,0.0000000000,0.0000000000,0.4783675398,0.0000000000,scatter
93100,2,0.4783675398,0.0000000000,3.2411875382,3.6146100563,absorb
93200,1,0.0000000000,0.0000000000,0.3996207303,0.0000000000,scatter
93200,2,0.3996207303,0.0000000000,0.0000000000,0.7433235196,exit_left
93300,1,0.0000000000,0.0000000000,3.2500000000,0.0000000000,exit_right
93400,1,0.0000000000,0.0000000000,0.2466126644,0.0000000000,absorb
93500,1,0.0000000000,0.0000000000,3.2500000000,0.0000000000,exit_right
93600,1,0.0000000000,0.0000000000,3.2500000000,0.0000000000,exit_right
93700,1,0.0000000000,0.0000000000,1.2326753816,0.0000000000,scatter
93700,2,1.2326753816,0.0000000000,0.0000000000,0.3487265951,exit_left
93800,1,0.0000000000,0.0000000000,2.5518146510,0.0000000000,scatter
93800,2,2.5518146510,0.0000000000,3.0405215291,-2.3086155548,absorb
93900,1,0.0000000000,0.0000000000,3.2500000000,0.0000000000,exit_right
94000,1,0.0000000000,0.0000000000,0.3421763249,0.0000000000,scatter
94000,2,0.3421763249,0.0000000000,0.2574931903,3.3542200832,absorb
94100,1,0.0000000000,0.0000000000,1.2986373722,0.0000000000,scatter
94100,2,1.2986373722,0.0000000000,0.2173269915,1.5325028142,scatter
94100,3,0.2173269915,1.5325028142,0.0000000000,1.3185015541,exit_left
94200,1,0.0000000000,0.0000000000,2.5650078685,0.0000000000,absorb
94300,1,0.0000000000,0.0000000000,2.3872379339,0.0000000000,scatter
94300,2,2.3872379339,0.0000000000,2.5118976532,-0.0934561230,scatter
94300,3,2.5118976532,-0.0934561230,3.2500000000,0.4128122236,exit_right
94400,1,0.0000000000,0.0000000000,0.7814959820,0.0000000000,scatter
94400,2,0.7814959820,0.0000000000,0.0000000000,-1.4526605393,exit_left
94500,1,0.0000000000,0.0000000000,2.3443612828,0.0000000000,scatter
94500,2,2.3443612828,0.0000000000,2.0427091945,-0.3510007229,absorb
94600,1,0.0000000000,0.0000000000,1.6571941185,0.0000000000,absorb
94700,1,0.0000000000,0.0000000000,2.2051513165,0.0000000000,absorb
94800,1,0.0000000000,0.0000000000,0.3659248005,0.0000000000,scatter
94800,2,0.3659248005,0.0000000000,2.0450835296,-0.0476510024,scatter
94800,3,2.0450835296,-0.0476510024,2.8516150413,5.7563605013,scatter
94800,4,2.8516150413,5.7563605013,3.1352459169,8.1060890910,scatter
94800,5,3.1352459169,8.1060890910,0.0000000000,5.6586142940,exit_left
94900,1,0.0000000000,0.0000000000,0.2073916439,0.0000000000,scatter
94900,2,0.2073916439,0.0000000000,0.0000000000,0.1486370088,exit_left
95000,1,0.0000000000,0.0000000000,2.8316239629,0.0000000000,scatter
95000,2,2.8316239629,0.0000000000,3.2500000000,-0.6137740792,exit_right
95100,1,0.0000000000,0.0000000000,3.2500000000,0.0000000000,exit_right
95200,1,0.0000000000,0.0000000000,2.6923383663,0.0000000000,scatter
95200,2,2.6923383663,0.0000000000,3.2500000000,0.2130231389,exit_right
95300,1,0.0000000000,0.0000000000,2.8623685011,0.0000000000,absorb
95400,1,0.0000000000,0.0000000000,2.6914819064,0.0000000000,scatter
95400,2,2.6914819064,0.0000000000,2.7494620603,0.0756122259,scatter
95400,3,2.7494620603,0.0756122259,2.9075255367,0.0315225208,absorb
95500,1,0.0000000000,0.0000000000,0.6510315461,0.0000000000,scatter
95500,2,0.6510315461,0.0000000000,0.8350037353,0.3658007993,scatter
95500,3,0.8350037353,0.3658007993,0.0000000000,-0.3832596290,exit_left
95600,1,0.0000000000,0.0000000000,2.2064637845,0.0000000000,scatter
95600,2,2.2064637845,0.0000000000,2.5432667063,-0.2850016735,scatter
95600,3,2.5432667063,-0.2850016735,2.4920215978,-0.3817887639,scatter
95600,4,2.4920215978,-0.3817887639,2.3026553403,0.7816909518,scatter
95600,5,2.3026553403,0.7816909518,2.0529836611,2.3907793203,absorb
95700,1,0.0000000000,0.0000000000,2.3000755063,0.0000000000,scatter
95700,2,2.3000755063,0.0000000000,2.9243264119,0.4822617092,scatter
95700,3,2.9243264119,0.4822617092,3.2500000000,-0.8188180345,exit_right
95800,1,0.0000000000,0.0000000000,0.5552940221,0.0000000000,absorb
95900,1,0.0000000000,0.0000000000,2.3042259972,0.0000000000,scatter
95900,2,2.3042259972,0.0000000000,1.9847219242,0.6751522350,scatter
95900,3,1.9847219242,0.6751522350,2.7493103937,-1.8096229807,scatter
95900,4,2.7493103937,-1.8096229807,0.0000000000,-3.6322349226,exit_left
96000,1,0.0000000000,0.0000000000,0.2688051651,0.0000000000,scatter
96000,2,0.2688051651,0.0000000000,0.0000000000,-0.2989881696,exit_left
96100,1,0.0000000000,0.0000000000,0.1955766747,0.0000000000,absorb
96200,1,0.0000000000,0.0000000000,1.0237209093,0.0000000000,scatter
96200,2,1.0237209093,0.0000000000,1.2146018556,0.5485333235,scatter
96200,3,1.2146018556,0.5485333235,1.1554801561,1.2541135914,absorb
96300,1,0.0000000000,0.0000000000,0.7889306437,0.0000000000,absorb
96400,1,0.0000000000,0.0000000000,0.5386746308,0.0000000000,scatter
96400,2,0.5386746308,0.0000000000,0.9488942784,0.4783042704,scatter
96400,3,0.9488942784,0.4783042704,0.9340726714,2.3833853107,scatter
96400,4,0.9340726714,2.3833853107,0.9203384243,2.4761811831,scatter
96400,5,0.9203384243,2.4761811831,0.8066089296,2.2738078025,scatter
96400,6,0.8066089296,2.2738078025,1.7232065429,3.0629844672,scatter
96400,7,1.7232065429,3.0629844672,0.9375342720,0.3261901997,scatter
96400,8,0.9375342720,0.3261901997,3.2500000000,-0.6433479214,exit_right
96500,1,0.0000000000,0.0000000000,3.2500000000,0.0000000000,exit_right
96600,1,0.0000000000,0.0000000000,0.6333198326,0.0000000000,scatter
96600,2,0.6333198326,0.0000000000,0.8818360122,-1.1724583535,scatter
96600,3,0.8818360122,-1.1724583535,1.1494315008,-0.9453050091,scatter
96600,4,1.1494315008,-0.9453050091,3.2500000000,-0.0108024951,exit_right
96700,1,0.0000000000,0.0000000000,1.9037285319,0.0000000000,absorb
96800,1,0.0000000000,0.0000000000,1.7711954452,0.0000000000,scatter
96800,2,1.7711954452,0.0000000000,0.0000000000,1.3500326771,exit_left
96900,1,0.0000000000,0.0000000000,3.2500000000,0.0000000000,exit_right
97000,1,0.0000000000,0.0000000000,1.2133814595,0.0000000000,scatter
97000,2,1.2133814595,0.0000000000,0.0000000000,2.9757603674,exit_left
97100,1,0.0000000000,0.0000000000,1.7011164373,0.0000000000,scatter
97100,2,1.7011164373,0.0000000000,0.0000000000,-1.6466182543,exit_left
97200,1,0.0000000000,0.0000000000,0.3450547530,0.0000000000,scatter
97200,2,0.3450547530,0.0000000000,0.9451108024,-0.2302228580,scatter
97200,3,0.9451108024,-0.2302228580,0.8857602596,4.0257565834,scatter
97200,4,0.8857602596,4.0257565834,3.2500000000,5.4479901084,exit_right
97300,1,0.0000000000,0.0000000000,0.9662284601,0.0000000000,scatter
97300,2,0.9662284601,0.0000000000,0.3692944158,-3.6025437159,absorb
97400,1,0.0000000000,0.0000000000,1.7539571967,0.0000000000,scatter
97400,2,1.7539571967,0.0000000000,0.0000000000,-1.8114461383,exit_left
97500,1,0.0000000000,0.0000000000,3.2500000000,0.0000000000,exit_right
97600,1,0.0000000000,0.0000000000,0.5951179715,0.0000000000,scatter
97600,2,0.5951179715,0.0000000000,0.0000000000,1.0912774279,exit_left
97700,1,0.0000000000,0.0000000000,0.8511336315,0.0000000000,scatter
97700,2,0.8511336315,0.0000000000,0.5823856406,6.6041833757,scatter
97700,3,0.5823856406,6.6041833757,0.5697769339,7.6000546695,scatter
97700,4,0.5697769339,7.6000546695,0.0000000000,7.7405817329,exit_left
97800,1,0.0000000000,0.0000000000,1.6291559784,0.0000000000,scatter
97800,2,1.6291559784,0.0000000000,1.5214076339,-1.9507944400,scatter
97800,3,1.5214076339,-1.9507944400,1.2993101882,1.1465254627,scatter
97800,4,1.2993101882,1.1465254627,1.3029878358,1.1440407443,scatter
97800,5,1.3029878358,1.1440407443,3.2500000000,1.3620279642,exit_right
97900,1,0.0000000000,0.0000000000,2.3419442772,0.0000000000,scatter
97900,2,2.3419442772,0.0000000000,3.2500000000,-0.3359943654,exit_right
98000,1,0.0000000000,0.0000000000,1.6056563752,0.0000000000,scatter
98000,2,1.6056563752,0.0000000000,0.4873395164,0.0996811553,scatter
98000,3,0.4873395164,0.0996811553,0.9850570444,-0.1355268027,scatter
98000,4,0.9850570444,-0.1355268027,2.2133256248,0.9642636657,scatter
98000,5,2.2133256248,0.9642636657,1.3406672022,1.0431260626,scatter
98000,6,1.3406672022,1.0431260626,3.2500000000,1.0000305639,exit_right
98100,1,0.0000000000,0.0000000000,0.2694248151,0.0000000000,scatter
98100,2,0.2694248151,0.0000000000,0.5839575044,-0.7303855854,scatter
98100,3,0.5839575044,-0.7303855854,0.6032956168,-0.7142182441,scatter
98100,4,0.6032956168,-0.7142182441,0.4577716523,-5.4101432958,scatter
98100,5,0.4577716523,-5.4101432958,0.2678211861,-4.5595550095,absorb
98200,1,0.0000000000,0.0000000000,0.2217889374,0.0000000000,scatter
98200,2,0.2217889374,0.0000000000,0.2815404788,0.0380454984,scatter
98200,3,0.2815404788,0.0380454984,1.7144977256,-1.1959341722,scatter
98200,4,1.7144977256,-1.1959341722,3.2500000000,-2.4450170893,exit_right
98300,1,0.0000000000,0.0000000000,0.3352825412,0.0000000000,absorb
98400,1,0.0000000000,0.0000000000,1.3096289941,0.0000000000,absorb
98500,1,0.0000000000,0.0000000000,0.4712354451,0.0000000000,scatter
98500,2,0.4712354451,0.0000000000,0.3308412470,0.3651459072,scatter
98500,3,0.3308412470,0.3651459072,0.0000000000,0.1352712605,exit_left
98600,1,0.0000000000,0.0000000000,0.9271867716,0.0000000000,absorb
98700,1,0.0000000000,0.0000000000,0.4712857755,0.0000000000,scatter
98700,2,0.4712857755,0.0000000000,1.3178097518,-0.4061818359,absorb
98800,1,0.0000000000,0.0000000000,3.2500000000,0.0000000000,exit_right
98900,1,0.0000000000,0.0000000000,1.3989339122,0.0000000000,scatter
98900,2,1.3989339122,0.0000000000,0.6747748521,-0.9833650073,scatter
98900,3,0.6747748521,-0.9833650073,0.6842485289,-0.8588156841,scatter
98900,4,0.6842485289,-0.8588156841,1.5421685401,-0.8650680376,scatter
98900,5,1.5421685401,-0.8650680376,1.0650493862,-1.2672513547,scatter
98900,6,1.0650493862,-1.2672513547,0.0000000000,-1.2868798346,exit_left
99000,1,0.0000000000,0.0000000000,3.2500000000,0.0000000000,exit_right
99100,1,0.0000000000,0.0000000000,3.2500000000,0.0000000000,exit_right
99200,1,0.0000000000,0.0000000000,0.8880143387,0.0000000000,absorb
99300,1,0.0000000000,0.0000000000,3.2500000000,0.0000000000,exit_right
99400,1,0.0000000000,0.0000000000,0.4414630100,0.0000000000,absorb
99500,1,0.0000000000,0.0000000000,0.0591122226,0.0000000000,scatter
99500,2,0.0591122226,0.0000000000,0.0000000000,-0.1418799536,exit_left
99600,1,0.0000000000,0.0000000000,0.9034391532,0.0000000000,scatter
99600,2,0.9034391532,0.0000000000,0.1534684454,-0.0718286202,scatter
99600,3,0.1534684454,-0.0718286202,0.0000000000,0.2581267721,exit_left
99700,1,0.0000000000,0.0000000000,0.1872596331,0.0000000000,scatter
99700,2,0.1872596331,0.0000000000,0.0000000000,-0.0386372638,exit_left
99800,1,0.0000000000,0.0000000000,0.8477337527,0.0000000000,scatter
99800,2,0.8477337527,0.0000000000,1.1514601908,0.2951643601,scatter
99800,3,1.1514601908,0.2951643601,0.0000000000,-0.6762675943,exit_left
99900,1,0.0000000000,0.0000000000,0.4721316731,0.0000000000,scatter
99900,2,0.4721316731,0.0000000000,0.0000000000,0.2578009558,exit_left
100000,1,0.0000000000,0.0000000000,0.7159029276,0.0000000000,scatter
100000,2,0.7159029276,0.0000000000,1.0106358058,1.0693410498,scatter
100000,3,1.0106358058,1.0693410498,0.0439004693,2.7119132659,scatter
100000,4,0.0439004693,2.7119132659,0.4409828717,2.9345304702,scatter
100000,5,0.4409828717,2.9345304702,3.2500000000,4.8182301854,exit_right
