neutron_id,step,x_start,y_start,x_end,y_end,event
100,1,0.0000000000,0.0000000000,2.2500000000,0.0000000000,exit_right
200,1,0.0000000000,0.0000000000,2.2500000000,0.0000000000,exit_right
300,1,0.0000000000,0.0000000000,2.2500000000,0.0000000000,exit_right
400,1,0.0000000000,0.0000000000,2.2500000000,0.0000000000,exit_right
500,1,0.0000000000,0.0000000000,0.3437782230,0.0000000000,scatter
500,2,0.3437782230,0.0000000000,0.0000000000,0.1637477827,exit_left
600,1,0.0000000000,0.0000000000,0.7568014637,0.0000000000,scatter
600,2,0.7568014637,0.0000000000,0.5769203442,-0.1688341267,scatter
600,3,0.5769203442,-0.1688341267,0.0000000000,0.1786574262,exit_left
700,1,0.0000000000,0.0000000000,0.6563348268,0.0000000000,scatter
700,2,0.6563348268,0.0000000000,2.2500000000,-5.4809713068,exit_right
800,1,0.0000000000,0.0000000000,2.2500000000,0.0000000000,exit_right
900,1,0.0000000000,0.0000000000,1.0926822156,0.0000000000,scatter
900,2,1.0926822156,0.0000000000,2.0987684912,-0.6492050146,scatter
900,3,2.0987684912,-0.6492050146,2.0473426014,-0.2710306983,scatter
900,4,2.0473426014,-0.2710306983,2.2500000000,-0.2399939677,exit_right
1000,1,0.0000000000,0.0000000000,1.1432562676,0.0000000000,scatter
1000,2,1.1432562676,0.0000000000,1.8026871362,6.5685775403,absorb
1100,1,0.0000000000,0.0000000000,0.0112838057,0.0000000000,scatter
1100,2,0.0112838057,0.0000000000,2.2500000000,-1.5948476891,exit_right
1200,1,0.0000000000,0.0000000000,2.2500000000,0.0000000000,exit_right
1300,1,0.0000000000,0.0000000000,0.2358640448,0.0000000000,scatter
1300,2,0.2358640448,0.0000000000,0.0000000000,0.1928863345,exit_left
1400,1,0.0000000000,0.0000000000,2.2500000000,0.0000000000,exit_right
1500,1,0.0000000000,0.0000000000,2.2500000000,0.0000000000,exit_right
1600,1,0.0000000000,0.0000000000,2.2500000000,0.0000000000,exit_right
1700,1,0.0000000000,0.0000000000,1.7342657944,0.0000000000,scatter
1700,2,1.7342657944,0.0000000000,1.6976141900,0.2641157636,scatter
1700,3,1.6976141900,0.2641157636,1.5904984939,0.3513591581,scatter
1700,4,1.5904984939,0.3513591581,2.2500000000,4.6345119987,exit_right
1800,1,0.0000000000,0.0000000000,0.6472994721,0.0000000000,scatter
1800,2,0.6472994721,0.0000000000,0.3745030918,0.1124783726,scatter
1800,3,0.3745030918,0.1124783726,0.4793267144,-0.1083634728,scatter
1800,4,0.4793267144,-0.1083634728,0.7770369455,-3.0014093416,scatter
1800,5,0.7770369455,-3.0014093416,0.7666310595,-2.6204497795,absorb
1900,1,0.0000000000,0.0000000000,1.1578404164,0.0000000000,scatter
1900,2,1.1578404164,0.0000000000,0.0000000000,-0.6898865477,exit_left
2000,1,0.0000000000,0.0000000000,0.5995365046,0.0000000000,scatter
2000,2,0.5995365046,0.0000000000,2.2500000000,0.5799348065,exit_right
2100,1,0.0000000000,0.0000000000,2.2500000000,0.0000000000,exit_right
2200,1,0.0000000000,0.0000000000,2.2500000000,0.0000000000,exit_right
2300,1,0.0000000000,0.0000000000,2.2500000000,0.0000000000,exit_right
2400,1,0.0000000000,0.0000000000,0.9845180382,0.0000000000,scatter
2400,2,0.9845180382,0.0000000000,1.0197531909,1.3719041890,scatter
2400,3,1.0197531909,1.3719041890,1.3230335757,1.2909470699,scatter
2400,4,1.3230335757,1.2909470699,0.4831514979,2.4260884221,absorb
2500,1,0.0000000000,0.0000000000,2.2500000000,0.0000000000,exit_right
2600,1,0.0000000000,0.0000000000,0.0948179010,0.0000000000,scatter
2600,2,0.0948179010,0.0000000000,0.5294532406,0.8296258325,scatter
2600,3,0.5294532406,0.8296258325,1.0900815707,2.6845732488,scatter
2600,4,1.0900815707,2.6845732488,1.4660685109,2.5088655772,scatter
2600,5,1.4660685109,2.5088655772,1.4116595505,2.5653686335,scatter
2600,6,1.4116595505,2.5653686335,1.3132935383,2.4970848886,scatter
2600,7,1.3132935383,2.4970848886,0.0610301593,0.4130518571,scatter
2600,8,0.0610301593,0.4130518571,0.4844660118,3.6244216163,scatter
2600,9,0.4844660118,3.6244216163,2.2500000000,3.7500664351,exit_right
2700,1,0.0000000000,0.0000000000,0.9853791473,0.0000000000,absorb
2800,1,0.0000000000,0.0000000000,1.8693579220,0.0000000000,scatter
2800,2,1.8693579220,0.0000000000,2.2500000000,-0.1391894306,exit_right
2900,1,0.0000000000,0.0000000000,1.0264248501,0.0000000000,scatter
2900,2,1.0264248501,0.0000000000,1.7880200408,-0.6504016442,scatter
2900,3,1.7880200408,-0.6504016442,1.3687246262,-0.3643904679,scatter
2900,4,1.3687246262,-0.3643904679,2.2500000000,0.4997324776,exit_right
3000,1,0.0000000000,0.0000000000,2.2500000000,0.0000000000,exit_right
3100,1,0.0000000000,0.0000000000,2.2021879553,0.0000000000,scatter
3100,2,2.2021879553,0.0000000000,2.2500000000,-0.0410212928,exit_right
3200,1,0.0000000000,0.0000000000,0.0101076527,0.0000000000,scatter
3200,2,0.0101076527,0.0000000000,0.8544343044,1.8379072251,scatter
3200,3,0.8544343044,1.8379072251,0.9699078326,1.3904403687,scatter
3200,4,0.9699078326,1.3904403687,0.4879526039,0.5863954370,scatter
3200,5,0.4879526039,0.5863954370,0.0000000000,0.8954422447,exit_left
3300,1,0.0000000000,0.0000000000,2.2500000000,0.0000000000,exit_right
3400,1,0.0000000000,0.0000000000,1.5057629014,0.0000000000,scatter
3400,2,1.5057629014,0.0000000000,1.5244300747,-0.7818308264,scatter
3400,3,1.5244300747,-0.7818308264,0.0000000000,-2.9262777810,exit_left
3500,1,0.0000000000,0.0000000000,0.0244627755,0.0000000000,scatter
3500,2,0.0244627755,0.0000000000,0.0861882480,-0.2047142292,scatter
3500,3,0.0861882480,-0.2047142292,0.0000000000,-0.1043525551,exit_left
3600,1,0.0000000000,0.0000000000,2.2500000000,0.0000000000,exit_right
3700,1,0.0000000000,0.0000000000,0.8894295502,0.0000000000,scatter
3700,2,0.8894295502,0.0000000000,0.0308266890,-1.8496942642,scatter
3700,3,0.0308266890,-1.8496942642,0.0000000000,-1.7594506583,exit_left
3800,1,0.0000000000,0.0000000000,0.0773716894,0.0000000000,absorb
3900,1,0.0000000000,0.0000000000,1.1871817721,0.0000000000,scatter
3900,2,1.1871817721,0.0000000000,1.0848183506,0.3380332635,scatter
3900,3,1.0848183506,0.3380332635,2.2500000000,2.4476710994,exit_right
4000,1,0.0000000000,0.0000000000,2.2500000000,0.0000000000,exit_right
4100,1,0.0000000000,0.0000000000,2.2500000000,0.0000000000,exit_right
4200,1,0.0000000000,0.0000000000,0.2624707993,0.0000000000,scatter
4200,2,0.2624707993,0.0000000000,0.5537586527,-0.4603458117,scatter
4200,3,0.5537586527,-0.4603458117,0.2472869144,-0.6758024744,absorb
4300,1,0.0000000000,0.0000000000,0.1655051106,0.0000000000,scatter
4300,2,0.1655051106,0.0000000000,0.0000000000,-0.2045158004,exit_left
4400,1,0.0000000000,0.0000000000,0.5017989229,0.0000000000,scatter
4400,2,0.5017989229,0.0000000000,0.4627997669,-0.0002594715,absorb
4500,1,0.0000000000,0.0000000000,0.9086964380,0.0000000000,scatter
4500,2,0.9086964380,0.0000000000,2.2500000000,-1.7128742627,exit_right
4600,1,0.0000000000,0.0000000000,0.0819540728,0.0000000000,scatter
4600,2,0.0819540728,0.0000000000,0.0000000000,0.0686743245,exit_left
4700,1,0.0000000000,0.0000000000,1.2630269849,0.0000000000,absorb
4800,1,0.0000000000,0.0000000000,2.2500000000,0.0000000000,exit_right
4900,1,0.0000000000,0.0000000000,0.4223717327,0.0000000000,scatter
4900,2,0.4223717327,0.0000000000,0.4454772271,1.4341702629,scatter
4900,3,0.4454772271,1.4341702629,0.3785016060,0.9055339115,absorb
5000,1,0.0000000000,0.0000000000,2.2500000000,0.0000000000,exit_right
5100,1,0.0000000000,0.0000000000,2.2500000000,0.0000000000,exit_right
5200,1,0.0000000000,0.0000000000,2.2500000000,0.0000000000,exit_right
5300,1,0.0000000000,0.0000000000,2.2500000000,0.0000000000,exit_right
5400,1,0.0000000000,0.0000000000,1.4258732733,0.0000000000,scatter
5400,2,1.4258732733,0.0000000000,2.2500000000,0.3397604667,exit_right
5500,1,0.0000000000,0.0000000000,1.9808013084,0.0000000000,scatter
5500,2,1.9808013084,0.0000000000,1.9596392744,0.0451754921,scatter
5500,3,1.9596392744,0.0451754921,0.0000000000,-0.1048433562,exit_left
5600,1,0.0000000000,0.0000000000,1.4943421907,0.0000000000,absorb
5700,1,0.0000000000,0.0000000000,1.4509930944,0.0000000000,scatter
5700,2,1.4509930944,0.0000000000,2.2500000000,2.4358092416,exit_right
5800,1,0.0000000000,0.0000000000,2.2500000000,0.0000000000,exit_right
5900,1,0.0000000000,0.0000000000,0.5557696104,0.0000000000,scatter
5900,2,0.5557696104,0.0000000000,2.2500000000,0.2933544011,exit_right
6000,1,0.0000000000,0.0000000000,1.7946329542,0.0000000000,scatter
6000,2,1.7946329542,0.0000000000,0.0000000000,1.6549836736,exit_left
6100,1,0.0000000000,0.0000000000,2.2500000000,0.0000000000,exit_right
6200,1,0.0000000000,0.0000000000,2.2500000000,0.0000000000,exit_right
6300,1,0.0000000000,0.0000000000,0.6141260582,0.0000000000,absorb
6400,1,0.0000000000,0.0000000000,2.2500000000,0.0000000000,exit_right
6500,1,0.0000000000,0.0000000000,0.4823394749,0.0000000000,scatter
6500,2,0.4823394749,0.0000000000,2.2500000000,1.4929561447,exit_right
6600,1,0.0000000000,0.0000000000,0.0428141339,0.0000000000,absorb
6700,1,0.0000000000,0.0000000000,0.4578792891,0.0000000000,scatter
6700,2,0.4578792891,0.0000000000,2.2500000000,0.6579983945,exit_right
6800,1,0.0000000000,0.0000000000,1.1833841447,0.0000000000,scatter
6800,2,1.1833841447,0.0000000000,0.0000000000,-1.4767213474,exit_left
6900,1,0.0000000000,0.0000000000,0.0782016689,0.0000000000,scatter
6900,2,0.0782016689,0.0000000000,0.5298709478,0.3059540249,scatter
6900,3,0.5298709478,0.3059540249,0.4794093123,0.1988136820,absorb
7000,1,0.0000000000,0.0000000000,0.0677565870,0.0000000000,absorb
7100,1,0.0000000000,0.0000000000,0.8863157391,0.0000000000,scatter
7100,2,0.8863157391,0.0000000000,0.2450002591,-0.7565750196,absorb
7200,1,0.0000000000,0.0000000000,0.4915024802,0.0000000000,scatter
7200,2,0.4915024802,0.0000000000,0.1658176958,-0.0021670979,scatter
7200,3,0.1658176958,-0.0021670979,1.6596493151,0.1092845512,scatter
7200,4,1.6596493151,0.1092845512,2.2500000000,1.4545134355,exit_right
7300,1,0.0000000000,0.0000000000,1.3361929138,0.0000000000,absorb
7400,1,0.0000000000,0.0000000000,2.0805314980,0.0000000000,absorb
7500,1,0.0000000000,0.0000000000,0.3280747815,0.0000000000,absorb
7600,1,0.0000000000,0.0000000000,0.2286193946,0.0000000000,scatter
7600,2,0.2286193946,0.0000000000,0.9544703051,-0.6681365899,absorb
7700,1,0.0000000000,0.0000000000,0.0158989652,0.0000000000,scatter
7700,2,0.0158989652,0.0000000000,0.0000000000,-0.0157373772,exit_left
7800,1,0.0000000000,0.0000000000,1.7330291325,0.0000000000,scatter
7800,2,1.7330291325,0.0000000000,2.2500000000,0.9525995545,exit_right
7900,1,0.0000000000,0.0000000000,1.4156741608,0.0000000000,scatter
7900,2,1.4156741608,0.0000000000,0.0000000000,0.1177880636,exit_left
8000,1,0.0000000000,0.0000000000,2.2500000000,0.0000000000,exit_right
8100,1,0.0000000000,0.0000000000,0.5748396071,0.0000000000,scatter
8100,2,0.5748396071,0.0000000000,0.4028101197,-0.3287284452,scatter
8100,3,0.4028101197,-0.3287284452,2.2500000000,0.7323651140,exit_right
8200,1,0.0000000000,0.0000000000,0.4701012610,0.0000000000,absorb
8300,1,0.0000000000,0.0000000000,1.2439308210,0.0000000000,scatter
8300,2,1.2439308210,0.0000000000,1.8738817273,-0.0335067314,absorb
8400,1,0.0000000000,0.0000000000,0.2986126872,0.0000000000,absorb
8500,1,0.0000000000,0.0000000000,2.2500000000,0.0000000000,exit_right
8600,1,0.0000000000,0.0000000000,2.2500000000,0.0000000000,exit_right
8700,1,0.0000000000,0.0000000000,2.2500000000,0.0000000000,exit_right
8800,1,0.0000000000,0.0000000000,2.2500000000,0.0000000000,exit_right
8900,1,0.0000000000,0.0000000000,0.3107927379,0.0000000000,scatter
8900,2,0.3107927379,0.0000000000,0.2896753056,0.0023639909,scatter
8900,3,0.2896753056,0.0023639909,1.0876577894,-2.1452446457,scatter
8900,4,1.0876577894,-2.1452446457,1.4222219448,-1.2355524609,scatter
8900,5,1.4222219448,-1.2355524609,1.2313765482,-1.3240309253,scatter
8900,6,1.2313765482,-1.3240309253,0.9769902639,-0.9837753639,scatter
8900,7,0.9769902639,-0.9837753639,0.3672241578,-1.1801319985,scatter
8900,8,0.3672241578,-1.1801319985,0.0000000000,-1.0415612002,exit_left
9000,1,0.0000000000,0.0000000000,0.8799234522,0.0000000000,scatter
9000,2,0.8799234522,0.0000000000,1.6213610479,1.8223080916,absorb
9100,1,0.0000000000,0.0000000000,1.9848341029,0.0000000000,scatter
9100,2,1.9848341029,0.0000000000,2.2500000000,0.0984196577,exit_right
9200,1,0.0000000000,0.0000000000,2.2500000000,0.0000000000,exit_right
9300,1,0.0000000000,0.0000000000,1.5805477622,0.0000000000,scatter
9300,2,1.5805477622,0.0000000000,0.0000000000,6.6901973872,exit_left
9400,1,0.0000000000,0.0000000000,2.2500000000,0.0000000000,exit_right
9500,1,0.0000000000,0.0000000000,1.7205594660,0.0000000000,absorb
9600,1,0.0000000000,0.0000000000,0.0348516328,0.0000000000,absorb
9700,1,0.0000000000,0.0000000000,2.2500000000,0.0000000000,exit_right
9800,1,0.0000000000,0.0000000000,1.4439862242,0.0000000000,scatter
9800,2,1.4439862242,0.0000000000,1.8999096720,-0.3920400937,scatter
9800,3,1.8999096720,-0.3920400937,0.0000000000,2.3228859834,exit_left
9900,1,0.0000000000,0.0000000000,0.9951744805,0.0000000000,scatter
9900,2,0.9951744805,0.0000000000,1.0372214129,0.8250986229,scatter
9900,3,1.0372214129,0.8250986229,2.2500000000,0.9271236225,exit_right
10000,1,0.0000000000,0.0000000000,2.2500000000,0.0000000000,exit_right
10100,1,0.0000000000,0.0000000000,1.2452717799,0.0000000000,absorb
10200,1,0.0000000000,0.0000000000,2.2500000000,0.0000000000,exit_right
10300,1,0.0000000000,0.0000000000,0.4269971851,0.0000000000,scatter
10300,2,0.4269971851,0.0000000000,0.3273784497,0.0463274670,scatter
10300,3,0.3273784497,0.0463274670,0.0000000000,0.1341505456,exit_left
10400,1,0.0000000000,0.0000000000,2.2500000000,0.0000000000,exit_right
10500,1,0.0000000000,0.0000000000,2.1721043407,0.0000000000,scatter
10500,2,2.1721043407,0.0000000000,2.2500000000,-0.2779682887,exit_right
10600,1,0.0000000000,0.0000000000,2.2500000000,0.0000000000,exit_right
10700,1,0.0000000000,0.0000000000,2.2500000000,0.0000000000,exit_right
10800,1,0.0000000000,0.0000000000,0.7333222563,0.0000000000,scatter
10800,2,0.7333222563,0.0000000000,0.8658914572,-0.6448060609,absorb
10900,1,0.0000000000,0.0000000000,0.7191710648,0.0000000000,scatter
10900,2,0.7191710648,0.0000000000,0.6609974000,-0.1663478238,absorb
11000,1,0.0000000000,0.0000000000,2.2500000000,0.0000000000,exit_right
11100,1,0.0000000000,0.0000000000,0.8899487494,0.0000000000,scatter
11100,2,0.8899487494,0.0000000000,2.2500000000,-1.5355726431,exit_right
11200,1,0.0000000000,0.0000000000,0.5815856438,0.0000000000,scatter
11200,2,0.5815856438,0.0000000000,1.5237703422,-3.0739238425,scatter
11200,3,1.5237703422,-3.0739238425,2.2500000000,-1.7727580689,exit_right
11300,1,0.0000000000,0.0000000000,0.4222170673,0.0000000000,scatter
11300,2,0.4222170673,0.0000000000,0.4821306072,-1.3129407041,scatter
11300,3,0.4821306072,-1.3129407041,1.0095132770,0.7272372271,absorb
11400,1,0.0000000000,0.0000000000,0.6291315479,0.0000000000,scatter
11400,2,0.6291315479,0.0000000000,0.8448674574,-0.1715596156,scatter
11400,3,0.8448674574,-0.1715596156,0.6887106966,-0.0624107306,scatter
11400,4,0.6887106966,-0.0624107306,0.0000000000,1.0295358333,exit_left
11500,1,0.0000000000,0.0000000000,0.3057911847,0.0000000000,scatter
11500,2,0.3057911847,0.0000000000,2.2500000000,-0.1279494570,exit_right
11600,1,0.0000000000,0.0000000000,0.0072993412,0.0000000000,scatter
11600,2,0.0072993412,0.0000000000,0.0000000000,0.0037919719,exit_left
11700,1,0.0000000000,0.0000000000,0.4218890817,0.0000000000,scatter
11700,2,0.4218890817,0.0000000000,0.0000000000,0.1029229229,exit_left
11800,1,0.0000000000,0.0000000000,2.2500000000,0.0000000000,exit_right
11900,1,0.0000000000,0.0000000000,1.1075880055,0.0000000000,absorb
12000,1,0.0000000000,0.0000000000,1.8209031276,0.0000000000,absorb
12100,1,0.0000000000,0.0000000000,1.8644454692,0.0000000000,scatter
12100,2,1.8644454692,0.0000000000,2.2500000000,-1.0699976422,exit_right
12200,1,0.0000000000,0.0000000000,2.2500000000,0.0000000000,exit_right
12300,1,0.0000000000,0.0000000000,1.1936453764,0.0000000000,absorb
12400,1,0.0000000000,0.0000000000,2.2500000000,0.0000000000,exit_right
12500,1,0.0000000000,0.0000000000,2.2500000000,0.0000000000,exit_right
12600,1,0.0000000000,0.0000000000,1.1137770983,0.0000000000,scatter
12600,2,1.1137770983,0.0000000000,0.8796047492,-0.1796847132,scatter
12600,3,0.8796047492,-0.1796847132,0.6882193722,0.2647238960,scatter
12600,4,0.6882193722,0.2647238960,0.6351428355,0.5291823361,absorb
12700,1,0.0000000000,0.0000000000,0.9560918218,0.0000000000,scatter
12700,2,0.9560918218,0.0000000000,1.3291662693,0.3679607728,scatter
12700,3,1.3291662693,0.3679607728,1.2497185630,0.2613877411,scatter
12700,4,1.2497185630,0.2613877411,2.2500000000,-0.4459764330,exit_right
12800,1,0.0000000000,0.0000000000,0.5378444607,0.0000000000,absorb
12900,1,0.0000000000,0.0000000000,2.0718664380,0.0000000000,absorb
13000,1,0.0000000000,0.0000000000,0.4655923869,0.0000000000,scatter
13000,2,0.4655923869,0.0000000000,0.6053273474,-1.0075391345,scatter
13000,3,0.6053273474,-1.0075391345,0.0000000000,-0.3504028913,exit_left
13100,1,0.0000000000,0.0000000000,2.2500000000,0.0000000000,exit_right
13200,1,0.0000000000,0.0000000000,0.8506405213,0.0000000000,scatter
13200,2,0.8506405213,0.0000000000,0.0000000000,2.7878074634,exit_left
13300,1,0.0000000000,0.0000000000,0.5392261178,0.0000000000,scatter
13300,2,0.5392261178,0.0000000000,0.3342966931,0.1679185843,absorb
13400,1,0.0000000000,0.0000000000,2.2500000000,0.0000000000,exit_right
13500,1,0.0000000000,0.0000000000,0.7980096314,0.0000000000,scatter
13500,2,0.7980096314,0.0000000000,0.0000000000,0.0130800974,exit_left
13600,1,0.0000000000,0.0000000000,2.2500000000,0.0000000000,exit_right
13700,1,0.0000000000,0.0000000000,1.0507726604,0.0000000000,scatter
13700,2,1.0507726604,0.0000000000,0.0000000000,-1.0809436793,exit_left
13800,1,0.0000000000,0.0000000000,0.9748213808,0.0000000000,scatter
13800,2,0.9748213808,0.0000000000,0.0000000000,-0.5781361983,exit_left
13900,1,0.0000000000,0.0000000000,2.2500000000,0.0000000000,exit_right
14000,1,0.0000000000,0.0000000000,1.0487964486,0.0000000000,absorb
14100,1,0.0000000000,0.0000000000,2.2500000000,0.0000000000,exit_right
14200,1,0.0000000000,0.0000000000,2.2500000000,0.0000000000,exit_right
14300,1,0.0000000000,0.0000000000,2.2500000000,0.0000000000,exit_right
14400,1,0.0000000000,0.0000000000,2.1167007871,0.0000000000,scatter
14400,2,2.1167007871,0.0000000000,2.2500000000,-0.1804965423,exit_right
14500,1,0.0000000000,0.0000000000,0.1467731972,0.0000000000,scatter
14500,2,0.1467731972,0.0000000000,1.0640197024,1.4770719235,absorb
14600,1,0.0000000000,0.0000000000,0.2920588455,0.0000000000,scatter
14600,2,0.2920588455,0.0000000000,2.0830613438,1.2663193475,scatter
14600,3,2.0830613438,1.2663193475,2.2500000000,1.4711962180,exit_right
14700,1,0.0000000000,0.0000000000,2.2500000000,0.0000000000,exit_right
14800,1,0.0000000000,0.0000000000,0.5250469183,0.0000000000,scatter
14800,2,0.5250469183,0.0000000000,0.1376367268,-0.0254258953,scatter
14800,3,0.1376367268,-0.0254258953,0.7474089157,3.5873282974,scatter
14800,4,0.7474089157,3.5873282974,1.0800559779,1.5449498022,scatter
14800,5,1.0800559779,1.5449498022,1.8019654330,1.3668201210,scatter
14800,6,1.8019654330,1.3668201210,1.0977991007,1.0482632453,scatter
14800,7,1.0977991007,1.0482632453,0.7273706406,-4.1621699235,scatter
14800,8,0.7273706406,-4.1621699235,0.1074075612,-4.5763665246,absorb
14900,1,0.0000000000,0.0000000000,0.2400697852,0.0000000000,scatter
14900,2,0.2400697852,0.0000000000,0.0000000000,1.2005063895,exit_left
15000,1,0.0000000000,0.0000000000,0.1050240188,0.0000000000,scatter
15000,2,0.1050240188,0.0000000000,0.1789766881,-2.5015888826,absorb
15100,1,0.0000000000,0.0000000000,0.8048583707,0.0000000000,absorb
15200,1,0.0000000000,0.0000000000,2.2500000000,0.0000000000,exit_right
15300,1,0.0000000000,0.0000000000,2.0859958313,0.0000000000,scatter
15300,2,2.0859958313,0.0000000000,1.1637419978,3.6142963341,absorb
15400,1,0.0000000000,0.0000000000,0.8200487372,0.0000000000,scatter
15400,2,0.8200487372,0.0000000000,0.0000000000,0.1967658955,exit_left
15500,1,0.0000000000,0.0000000000,0.8181478167,0.0000000000,scatter
15500,2,0.8181478167,0.0000000000,0.0000000000,-0.1845332217,exit_left
15600,1,0.0000000000,0.0000000000,2.0642659764,0.0000000000,absorb
15700,1,0.0000000000,0.0000000000,1.8739080902,0.0000000000,scatter
15700,2,1.8739080902,0.0000000000,1.5452407083,0.9101387398,scatter
15700,3,1.5452407083,0.9101387398,0.8291587344,0.7428782585,scatter
15700,4,0.8291587344,0.7428782585,2.2500000000,2.3072054795,exit_right
15800,1,0.0000000000,0.0000000000,2.2500000000,0.0000000000,exit_right
15900,1,0.0000000000,0.0000000000,0.5958872723,0.0000000000,scatter
15900,2,0.5958872723,0.0000000000,2.2500000000,0.5459627277,exit_right
16000,1,0.0000000000,0.0000000000,0.1111942021,0.0000000000,scatter
16000,2,0.1111942021,0.0000000000,0.0000000000,0.0064591196,exit_left
16100,1,0.0000000000,0.0000000000,0.0936544521,0.0000000000,scatter
16100,2,0.0936544521,0.0000000000,1.1836506125,-2.5809772726,scatter
16100,3,1.1836506125,-2.5809772726,0.8865422767,-1.5789218020,absorb
16200,1,0.0000000000,0.0000000000,2.2500000000,0.0000000000,exit_right
16300,1,0.0000000000,0.0000000000,2.2500000000,0.0000000000,exit_right
16400,1,0.0000000000,0.0000000000,0.1144989016,0.0000000000,scatter
16400,2,0.1144989016,0.0000000000,2.1372318196,-2.6233700241,scatter
16400,3,2.1372318196,-2.6233700241,2.0750515098,-2.4788424820,absorb
16500,1,0.0000000000,0.0000000000,0.7168375431,0.0000000000,scatter
16500,2,0.7168375431,0.0000000000,2.2500000000,1.4615046653,exit_right
16600,1,0.0000000000,0.0000000000,2.2500000000,0.0000000000,exit_right
16700,1,0.0000000000,0.0000000000,2.2500000000,0.0000000000,exit_right
16800,1,0.0000000000,0.0000000000,2.2500000000,0.0000000000,exit_right
16900,1,0.0000000000,0.0000000000,2.2500000000,0.0000000000,exit_right
17000,1,0.0000000000,0.0000000000,0.4089253652,0.0000000000,scatter
17000,2,0.4089253652,0.0000000000,2.2500000000,-0.7552125955,exit_right
17100,1,0.0000000000,0.0000000000,1.1191689775,0.0000000000,scatter
17100,2,1.1191689775,0.0000000000,1.0343610971,1.6955672983,scatter
17100,3,1.0343610971,1.6955672983,1.2359652323,0.5146377100,scatter
17100,4,1.2359652323,0.5146377100,2.0645935382,0.6644686990,absorb
17200,1,0.0000000000,0.0000000000,0.8597754056,0.0000000000,scatter
17200,2,0.8597754056,0.0000000000,1.9281705331,0.5215586436,absorb
17300,1,0.0000000000,0.0000000000,1.1401370868,0.0000000000,scatter
17300,2,1.1401370868,0.0000000000,0.0000000000,-0.6005956889,exit_left
17400,1,0.0000000000,0.0000000000,0.0247248244,0.0000000000,scatter
17400,2,0.0247248244,0.0000000000,2.2500000000,1.1300062190,exit_right
17500,1,0.0000000000,0.0000000000,0.2184914773,0.0000000000,absorb
17600,1,0.0000000000,0.0000000000,0.9393253799,0.0000000000,absorb
17700,1,0.0000000000,0.0000000000,1.2861559022,0.0000000000,scatter
17700,2,1.2861559022,0.0000000000,1.6762148262,0.3804450543,scatter
17700,3,1.6762148262,0.3804450543,1.2202346234,-0.6818968156,scatter
17700,4,1.2202346234,-0.6818968156,0.0000000000,-0.3343586783,exit_left
17800,1,0.0000000000,0.0000000000,1.1206119902,0.0000000000,scatter
17800,2,1.1206119902,0.0000000000,0.7713769446,-1.3390315237,scatter
17800,3,0.7713769446,-1.3390315237,1.4927028868,-1.6299765013,scatter
17800,4,1.4927028868,-1.6299765013,2.2500000000,-1.1112405540,exit_right
17900,1,0.0000000000,0.0000000000,1.9616192418,0.0000000000,scatter
17900,2,1.9616192418,0.0000000000,0.9278623965,1.1811036054,scatter
17900,3,0.9278623965,1.1811036054,0.7761477374,1.5737189801,absorb
18000,1,0.0000000000,0.0000000000,0.3169114529,0.0000000000,scatter
18000,2,0.3169114529,0.0000000000,0.2830907997,0.0013902742,scatter
18000,3,0.2830907997,0.0013902742,1.7026776316,0.1609042573,scatter
18000,4,1.7026776316,0.1609042573,0.6156677244,-1.0511513857,scatter
18000,5,0.6156677244,-1.0511513857,2.2500000000,-3.0747259015,exit_right
18100,1,0.0000000000,0.0000000000,2.2500000000,0.0000000000,exit_right
18200,1,0.0000000000,0.0000000000,2.2500000000,0.0000000000,exit_right
18300,1,0.0000000000,0.0000000000,2.2500000000,0.0000000000,exit_right
18400,1,0.0000000000,0.0000000000,2.2500000000,0.0000000000,exit_right
18500,1,0.0000000000,0.0000000000,2.2500000000,0.0000000000,exit_right
18600,1,0.0000000000,0.0000000000,1.6544112513,0.0000000000,scatter
18600,2,1.6544112513,0.0000000000,0.0000000000,0.1019281758,exit_left
18700,1,0.0000000000,0.0000000000,0.7546532278,0.0000000000,scatter
18700,2,0.7546532278,0.0000000000,0.0000000000,0.3927582590,exit_left
18800,1,0.0000000000,0.0000000000,0.3873649769,0.0000000000,scatter
18800,2,0.3873649769,0.0000000000,0.0000000000,1.2617505069,exit_left
18900,1,0.0000000000,0.0000000000,1.1023966253,0.0000000000,scatter
18900,2,1.1023966253,0.0000000000,0.0000000000,0.7056188904,exit_left
19000,1,0.0000000000,0.0000000000,2.2500000000,0.0000000000,exit_right
19100,1,0.0000000000,0.0000000000,1.4919765761,0.0000000000,scatter
19100,2,1.4919765761,0.0000000000,1.8501492615,1.5003621874,scatter
19100,3,1.8501492615,1.5003621874,1.1660701853,1.1709372679,scatter
19100,4,1.1660701853,1.1709372679,1.6860234269,1.2039756615,scatter
19100,5,1.6860234269,1.2039756615,2.1367236486,0.6106649037,scatter
19100,6,2.1367236486,0.6106649037,0.0000000000,1.9897687210,exit_left
19200,1,0.0000000000,0.0000000000,2.2500000000,0.0000000000,exit_right
19300,1,0.0000000000,0.0000000000,0.5755265568,0.0000000000,scatter
19300,2,0.5755265568,0.0000000000,1.6972891804,-0.0184022786,absorb
19400,1,0.0000000000,0.0000000000,2.2500000000,0.0000000000,exit_right
19500,1,0.0000000000,0.0000000000,0.4636503199,0.0000000000,absorb
19600,1,0.0000000000,0.0000000000,2.2500000000,0.0000000000,exit_right
19700,1,0.0000000000,0.0000000000,0.7782544639,0.0000000000,scatter
19700,2,0.7782544639,0.0000000000,0.0000000000,-0.0442040977,exit_left
19800,1,0.0000000000,0.0000000000,0.2779473510,0.0000000000,scatter
19800,2,0.2779473510,0.0000000000,2.2500000000,0.6768303603,exit_right
19900,1,0.0000000000,0.0000000000,0.1899055365,0.0000000000,scatter
19900,2,0.1899055365,0.0000000000,0.0000000000,-0.0602456353,exit_left
20000,1,0.0000000000,0.0000000000,1.4453493830,0.0000000000,absorb
20100,1,0.0000000000,0.0000000000,2.2500000000,0.0000000000,exit_right
20200,1,0.0000000000,0.0000000000,2.2500000000,0.0000000000,exit_right
20300,1,0.0000000000,0.0000000000,0.4971587254,0.0000000000,scatter
20300,2,0.4971587254,0.0000000000,0.8756082470,-0.9352351333,scatter
20300,3,0.8756082470,-0.9352351333,0.0000000000,-2.6847866925,exit_left
20400,1,0.0000000000,0.0000000000,1.7713704740,0.0000000000,scatter
20400,2,1.7713704740,0.0000000000,0.1652068377,-1.3565243565,scatter
20400,3,0.1652068377,-1.3565243565,1.0197773210,-1.6904483875,scatter
20400,4,1.0197773210,-1.6904483875,1.0905714928,-1.6829907379,scatter
20400,5,1.0905714928,-1.6829907379,0.7140954017,-2.8240336575,absorb
20500,1,0.0000000000,0.0000000000,2.2500000000,0.0000000000,exit_right
20600,1,0.0000000000,0.0000000000,0.2863491679,0.0000000000,scatter
20600,2,0.2863491679,0.0000000000,0.0000000000,0.6191396514,exit_left
20700,1,0.0000000000,0.0000000000,2.2500000000,0.0000000000,exit_right
20800,1,0.0000000000,0.0000000000,2.2500000000,0.0000000000,exit_right
20900,1,0.0000000000,0.0000000000,2.2500000000,0.0000000000,exit_right
21000,1,0.0000000000,0.0000000000,1.9513641876,0.0000000000,scatter
21000,2,1.9513641876,0.0000000000,2.2500000000,0.2371529355,exit_right
21100,1,0.0000000000,0.0000000000,1.3032853909,0.0000000000,scatter
21100,2,1.3032853909,0.0000000000,1.9980596335,0.0355603756,absorb
21200,1,0.0000000000,0.0000000000,0.4246512450,0.0000000000,scatter
21200,2,0.4246512450,0.0000000000,0.0000000000,0.1862590824,exit_left
21300,1,0.0000000000,0.0000000000,2.2500000000,0.0000000000,exit_right
21400,1,0.0000000000,0.0000000000,0.0619231098,0.0000000000,scatter
21400,2,0.0619231098,0.0000000000,0.0000000000,0.0980512606,exit_left
21500,1,0.0000000000,0.0000000000,1.0535682445,0.0000000000,absorb
21600,1,0.0000000000,0.0000000000,0.8432728762,0.0000000000,scatter
21600,2,0.8432728762,0.0000000000,1.7072511602,-1.1931545576,scatter
21600,3,1.7072511602,-1.1931545576,0.0078242797,-0.9666771599,absorb
21700,1,0.0000000000,0.0000000000,2.2500000000,0.0000000000,exit_right
21800,1,0.0000000000,0.0000000000,1.4985979826,0.0000000000,scatter
21800,2,1.4985979826,0.0000000000,2.2500000000,-0.0079642253,exit_right
21900,1,0.0000000000,0.0000000000,0.9990611135,0.0000000000,scatter
21900,2,0.9990611135,0.0000000000,1.6915562739,-0.1649871702,scatter
21900,3,1.6915562739,-0.1649871702,0.0000000000,-0.7422569087,exit_left
22000,1,0.0000000000,0.0000000000,1.2729096748,0.0000000000,absorb
22100,1,0.0000000000,0.0000000000,2.2500000000,0.0000000000,exit_right
22200,1,0.0000000000,0.0000000000,0.6489932865,0.0000000000,scatter
22200,2,0.6489932865,0.0000000000,2.2500000000,-1.4210066287,exit_right
22300,1,0.0000000000,0.0000000000,0.3064178300,0.0000000000,scatter
22300,2,0.3064178300,0.0000000000,0.0000000000,-0.0376610656,exit_left
22400,1,0.0000000000,0.0000000000,0.0473294526,0.0000000000,scatter
22400,2,0.0473294526,0.0000000000,0.0000000000,0.2448306114,exit_left
22500,1,0.0000000000,0.0000000000,2.1231687575,0.0000000000,absorb
22600,1,0.0000000000,0.0000000000,2.2500000000,0.0000000000,exit_right
22700,1,0.0000000000,0.0000000000,2.2500000000,0.0000000000,exit_right
22800,1,0.0000000000,0.0000000000,2.2500000000,0.0000000000,exit_right
22900,1,0.0000000000,0.0000000000,0.7766214160,0.0000000000,scatter
22900,2,0.7766214160,0.0000000000,0.0000000000,2.1314721467,exit_left
23000,1,0.0000000000,0.0000000000,1.4989172580,0.0000000000,scatter
23000,2,1.4989172580,0.0000000000,2.2500000000,-0.6305238924,exit_right
23100,1,0.0000000000,0.0000000000,2.2500000000,0.0000000000,exit_right
23200,1,0.0000000000,0.0000000000,1.5041510596,0.0000000000,scatter
23200,2,1.5041510596,0.0000000000,1.8638663451,-0.8848892864,scatter
23200,3,1.8638663451,-0.8848892864,2.2500000000,-0.6990268175,exit_right
23300,1,0.0000000000,0.0000000000,0.3519209221,0.0000000000,absorb
23400,1,0.0000000000,0.0000000000,0.5833196353,0.0000000000,scatter
23400,2,0.5833196353,0.0000000000,0.8383443847,0.4141956795,scatter
23400,3,0.8383443847,0.4141956795,2.2500000000,0.6074876549,exit_right
23500,1,0.0000000000,0.0000000000,0.1321804898,0.0000000000,scatter
23500,2,0.1321804898,0.0000000000,0.0000000000,-0.0483624017,exit_left
23600,1,0.0000000000,0.0000000000,2.2500000000,0.0000000000,exit_right
23700,1,0.0000000000,0.0000000000,0.2459694399,0.0000000000,scatter
23700,2,0.2459694399,0.0000000000,0.2675071707,-0.0195923832,scatter
23700,3,0.2675071707,-0.0195923832,0.5970889070,0.5134246008,scatter
23700,4,0.5970889070,0.5134246008,0.0000000000,0.9046604851,exit_left
23800,1,0.0000000000,0.0000000000,0.3196759857,0.0000000000,scatter
23800,2,0.3196759857,0.0000000000,0.0000000000,-0.4912500313,exit_left
23900,1,0.0000000000,0.0000000000,0.7532427804,0.0000000000,scatter
23900,2,0.7532427804,0.0000000000,0.8576417609,-0.2114736225,scatter
23900,3,0.8576417609,-0.2114736225,1.7009740355,-1.1720049346,scatter
23900,4,1.7009740355,-1.1720049346,2.2500000000,-0.6473552707,exit_right
24000,1,0.0000000000,0.0000000000,0.1744529751,0.0000000000,absorb
24100,1,0.0000000000,0.0000000000,1.9567545111,0.0000000000,scatter
24100,2,1.9567545111,0.0000000000,2.2500000000,-0.2858439101,exit_right
24200,1,0.0000000000,0.0000000000,2.0685089391,0.0000000000,scatter
24200,2,2.0685089391,0.0000000000,2.2500000000,0.9881309222,exit_right
24300,1,0.0000000000,0.0000000000,2.2500000000,0.0000000000,exit_right
24400,1,0.0000000000,0.0000000000,0.1833986978,0.0000000000,absorb
24500,1,0.0000000000,0.0000000000,2.2500000000,0.0000000000,exit_right
24600,1,0.0000000000,0.0000000000,0.3522556583,0.0000000000,scatter
24600,2,0.3522556583,0.0000000000,0.5274581280,-0.3685083746,scatter
24600,3,0.5274581280,-0.3685083746,1.8566125374,-0.9972473039,scatter
24600,4,1.8566125374,-0.9972473039,1.7997374485,-1.1271943812,scatter
24600,5,1.7997374485,-1.1271943812,2.2500000000,-1.0128650672,exit_right
24700,1,0.0000000000,0.0000000000,0.6020417221,0.0000000000,scatter
24700,2,0.6020417221,0.0000000000,0.0000000000,1.2673482272,exit_left
24800,1,0.0000000000,0.0000000000,0.7552997499,0.0000000000,absorb
24900,1,0.0000000000,0.0000000000,2.2500000000,0.0000000000,exit_right
25000,1,0.0000000000,0.0000000000,1.6012190113,0.0000000000,scatter
25000,2,1.6012190113,0.0000000000,1.1795680157,-1.7300536288,scatter
25000,3,1.1795680157,-1.7300536288,2.2500000000,-7.5284645537,exit_right
25100,1,0.0000000000,0.0000000000,2.2500000000,0.0000000000,exit_right
25200,1,0.0000000000,0.0000000000,0.8627670792,0.0000000000,scatter
25200,2,0.8627670792,0.0000000000,0.0000000000,-0.1501786209,exit_left
25300,1,0.0000000000,0.0000000000,2.2500000000,0.0000000000,exit_right
25400,1,0.0000000000,0.0000000000,2.2500000000,0.0000000000,exit_right
25500,1,0.0000000000,0.0000000000,2.2500000000,0.0000000000,exit_right
25600,1,0.0000000000,0.0000000000,0.3196440320,0.0000000000,scatter
25600,2,0.3196440320,0.0000000000,0.0000000000,0.3063712271,exit_left
25700,1,0.0000000000,0.0000000000,1.2849560676,0.0000000000,scatter
25700,2,1.2849560676,0.0000000000,0.0000000000,3.9189910376,exit_left
25800,1,0.0000000000,0.0000000000,1.9643764388,0.0000000000,scatter
25800,2,1.9643764388,0.0000000000,2.2500000000,0.3772364294,exit_right
25900,1,0.0000000000,0.0000000000,2.2500000000,0.0000000000,exit_right
26000,1,0.0000000000,0.0000000000,2.0873434069,0.0000000000,scatter
26000,2,2.0873434069,0.0000000000,2.1578259804,-0.1373446130,scatter
26000,3,2.1578259804,-0.1373446130,2.0715130860,0.2405754918,scatter
26000,4,2.0715130860,0.2405754918,2.2500000000,0.8060458419,exit_right
26100,1,0.0000000000,0.0000000000,2.0862162788,0.0000000000,absorb
26200,1,0.0000000000,0.0000000000,0.7416530979,0.0000000000,scatter
26200,2,0.7416530979,0.0000000000,0.7447512747,-2.2103982306,absorb
26300,1,0.0000000000,0.0000000000,1.1674838684,0.0000000000,scatter
26300,2,1.1674838684,0.0000000000,1.3112826429,0.3314341173,scatter
26300,3,1.3112826429,0.3314341173,1.1939676482,1.0229765800,scatter
26300,4,1.1939676482,1.0229765800,2.2500000000,-0.2663374355,exit_right
26400,1,0.0000000000,0.0000000000,1.6401206442,0.0000000000,scatter
26400,2,1.6401206442,0.0000000000,2.2500000000,1.0552806069,exit_right
26500,1,0.0000000000,0.0000000000,2.2500000000,0.0000000000,exit_right
26600,1,0.0000000000,0.0000000000,0.4585029705,0.0000000000,scatter
26600,2,0.4585029705,0.0000000000,1.8592647715,1.1122585364,scatter
26600,3,1.8592647715,1.1122585364,2.2500000000,1.5597929857,exit_right
26700,1,0.0000000000,0.0000000000,1.1103699867,0.0000000000,scatter
26700,2,1.1103699867,0.0000000000,0.9990698743,1.0443533178,scatter
26700,3,0.9990698743,1.0443533178,2.2500000000,0.4381856780,exit_right
26800,1,0.0000000000,0.0000000000,0.3816894172,0.0000000000,absorb
26900,1,0.0000000000,0.0000000000,1.4572232455,0.0000000000,absorb
27000,1,0.0000000000,0.0000000000,0.1752531928,0.0000000000,scatter
27000,2,0.1752531928,0.0000000000,0.2648949047,0.2001855549,scatter
27000,3,0.2648949047,0.2001855549,0.0000000000,0.3613484678,exit_left
27100,1,0.0000000000,0.0000000000,2.2500000000,0.0000000000,exit_right
27200,1,0.0000000000,0.0000000000,1.0021977701,0.0000000000,scatter
27200,2,1.0021977701,0.0000000000,1.3555137440,-2.3379765697,absorb
27300,1,0.0000000000,0.0000000000,1.3852817893,0.0000000000,scatter
27300,2,1.3852817893,0.0000000000,0.0000000000,-0.6421494868,exit_left
27400,1,0.0000000000,0.0000000000,0.9519966904,0.0000000000,scatter
27400,2,0.9519966904,0.0000000000,0.9450365353,0.6067686571,scatter
27400,3,0.9450365353,0.6067686571,0.0000000000,1.0766414343,exit_left
27500,1,0.0000000000,0.0000000000,0.9246719420,0.0000000000,scatter
27500,2,0.9246719420,0.0000000000,1.0885498992,-0.5279874253,scatter
27500,3,1.0885498992,-0.5279874253,0.0383515692,-0.4962098129,scatter
27500,4,0.0383515692,-0.4962098129,0.0379835148,-0.4247695550,scatter
27500,5,0.0379835148,-0.4247695550,0.0000000000,-0.4073173602,exit_left
27600,1,0.0000000000,0.0000000000,1.2239229858,0.0000000000,scatter
27600,2,1.2239229858,0.0000000000,0.2118458423,1.3145160783,scatter
27600,3,0.2118458423,1.3145160783,0.8836608863,-2.2977431706,scatter
27600,4,0.8836608863,-2.2977431706,0.4673394897,-2.2851218931,scatter
27600,5,0.4673394897,-2.2851218931,0.4890387904,-2.1219432785,scatter
27600,6,0.4890387904,-2.1219432785,0.0000000000,-1.0309472576,exit_left
27700,1,0.0000000000,0.0000000000,1.0801838154,0.0000000000,absorb
27800,1,0.0000000000,0.0000000000,1.7632543608,0.0000000000,absorb
27900,1,0.0000000000,0.0000000000,1.6572195377,0.0000000000,scatter
27900,2,1.6572195377,0.0000000000,2.2500000000,-0.5404465014,exit_right
28000,1,0.0000000000,0.0000000000,0.1654040745,0.0000000000,scatter
28000,2,0.1654040745,0.0000000000,1.4620599887,-1.4422309534,scatter
28000,3,1.4620599887,-1.4422309534,2.2500000000,-1.8095553462,exit_right
28100,1,0.0000000000,0.0000000000,0.4145176314,0.0000000000,scatter
28100,2,0.4145176314,0.0000000000,2.2500000000,1.9856357052,exit_right
28200,1,0.0000000000,0.0000000000,1.4689396193,0.0000000000,scatter
28200,2,1.4689396193,0.0000000000,1.8955596634,-2.6402935607,scatter
28200,3,1.8955596634,-2.6402935607,2.2500000000,-3.8763613757,exit_right
28300,1,0.0000000000,0.0000000000,1.0178884523,0.0000000000,scatter
28300,2,1.0178884523,0.0000000000,0.0000000000,2.3657267328,exit_left
28400,1,0.0000000000,0.0000000000,2.1709354525,0.0000000000,scatter
28400,2,2.1709354525,0.0000000000,2.2500000000,-0.0005070891,exit_right
28500,1,0.0000000000,0.0000000000,1.0060851529,0.0000000000,absorb
28600,1,0.0000000000,0.0000000000,2.2500000000,0.0000000000,exit_right
28700,1,0.0000000000,0.0000000000,2.2500000000,0.0000000000,exit_right
28800,1,0.0000000000,0.0000000000,1.7449707294,0.0000000000,absorb
28900,1,0.0000000000,0.0000000000,2.2500000000,0.0000000000,exit_right
29000,1,0.0000000000,0.0000000000,2.2500000000,0.0000000000,exit_right
29100,1,0.0000000000,0.0000000000,1.2648316005,0.0000000000,scatter
29100,2,1.2648316005,0.0000000000,1.3047793391,2.8069026233,scatter
29100,3,1.3047793391,2.8069026233,0.8241415067,3.0951945517,scatter
29100,4,0.8241415067,3.0951945517,0.7769307159,1.4725199052,scatter
29100,5,0.7769307159,1.4725199052,2.2500000000,1.4131896058,exit_right
29200,1,0.0000000000,0.0000000000,0.0828165361,0.0000000000,scatter
29200,2,0.0828165361,0.0000000000,1.5801823848,2.9771575981,absorb
29300,1,0.0000000000,0.0000000000,1.3793958753,0.0000000000,scatter
29300,2,1.3793958753,0.0000000000,1.5234970502,0.7547690990,absorb
29400,1,0.0000000000,0.0000000000,2.2500000000,0.0000000000,exit_right
29500,1,0.0000000000,0.0000000000,1.3052314027,0.0000000000,scatter
29500,2,1.3052314027,0.0000000000,0.6227538646,0.9629712609,scatter
29500,3,0.6227538646,0.9629712609,0.0000000000,0.2153571440,exit_left
29600,1,0.0000000000,0.0000000000,2.2500000000,0.0000000000,exit_right
29700,1,0.0000000000,0.0000000000,2.2500000000,0.0000000000,exit_right
29800,1,0.0000000000,0.0000000000,2.2500000000,0.0000000000,exit_right
29900,1,0.0000000000,0.0000000000,0.6575027967,0.0000000000,scatter
29900,2,0.6575027967,0.0000000000,0.6122531883,0.3176780366,scatter
29900,3,0.6122531883,0.3176780366,1.5508989592,0.5246278955,scatter
29900,4,1.5508989592,0.5246278955,2.0921168498,-0.0716462694,scatter
29900,5,2.0921168498,-0.0716462694,1.7413286704,-0.7337786074,scatter
29900,6,1.7413286704,-0.7337786074,2.2500000000,-1.7020072665,exit_right
30000,1,0.0000000000,0.0000000000,2.2500000000,0.0000000000,exit_right
30100,1,0.0000000000,0.0000000000,0.1021512630,0.0000000000,absorb
30200,1,0.0000000000,0.0000000000,0.3141707579,0.0000000000,scatter
30200,2,0.3141707579,0.0000000000,0.0000000000,0.2919962743,exit_left
30300,1,0.0000000000,0.0000000000,0.2710150101,0.0000000000,scatter
30300,2,0.2710150101,0.0000000000,0.1533077932,-0.1622684405,scatter
30300,3,0.1533077932,-0.1622684405,0.0000000000,-0.3333417481,exit_left
30400,1,0.0000000000,0.0000000000,2.2500000000,0.0000000000,exit_right
30500,1,0.0000000000,0.0000000000,1.2740880291,0.0000000000,scatter
30500,2,1.2740880291,0.0000000000,0.8778038825,0.3518845200,scatter
30500,3,0.8778038825,0.3518845200,0.6549765879,0.2386855441,scatter
30500,4,0.6549765879,0.2386855441,1.2663495998,0.0734187755,scatter
30500,5,1.2663495998,0.0734187755,1.1226419696,0.1132256079,scatter
30500,6,1.1226419696,0.1132256079,1.2606391338,0.5527693033,scatter
30500,7,1.2606391338,0.5527693033,1.3355712437,-2.0400710746,scatter
30500,8,1.3355712437,-2.0400710746,2.2500000000,-2.7285716442,exit_right
30600,1,0.0000000000,0.0000000000,1.2093240948,0.0000000000,scatter
30600,2,1.2093240948,0.0000000000,0.2431535460,0.7235833896,scatter
30600,3,0.2431535460,0.7235833896,0.4904348529,0.3853773550,absorb
30700,1,0.0000000000,0.0000000000,2.2500000000,0.0000000000,exit_right
30800,1,0.0000000000,0.0000000000,0.0558166027,0.0000000000,absorb
30900,1,0.0000000000,0.0000000000,2.2500000000,0.0000000000,exit_right
31000,1,0.0000000000,0.0000000000,0.3886820167,0.0000000000,scatter
31000,2,0.3886820167,0.0000000000,0.0000000000,-0.6274418996,exit_left
31100,1,0.0000000000,0.0000000000,2.2500000000,0.0000000000,exit_right
31200,1,0.0000000000,0.0000000000,2.2500000000,0.0000000000,exit_right
31300,1,0.0000000000,0.0000000000,2.2500000000,0.0000000000,exit_right
31400,1,0.0000000000,0.0000000000,0.1248778659,0.0000000000,scatter
31400,2,0.1248778659,0.0000000000,0.6805371434,0.5848881603,scatter
31400,3,0.6805371434,0.5848881603,1.0458556517,-0.8732236129,scatter
31400,4,1.0458556517,-0.8732236129,1.9037165104,-1.8913697564,scatter
31400,5,1.9037165104,-1.8913697564,0.8683179117,-2.6238940426,scatter
31400,6,0.8683179117,-2.6238940426,0.8927515863,-2.3000971165,scatter
31400,7,0.8927515863,-2.3000971165,0.5343854592,-0.9559386839,scatter
31400,8,0.5343854592,-0.9559386839,0.0000000000,-0.8514841604,exit_left
31500,1,0.0000000000,0.0000000000,0.4235522173,0.0000000000,absorb
31600,1,0.0000000000,0.0000000000,0.4455095045,0.0000000000,scatter
31600,2,0.4455095045,0.0000000000,1.1188440819,-7.0395570844,scatter
31600,3,1.1188440819,-7.0395570844,2.2500000000,-0.5765157217,exit_right
31700,1,0.0000000000,0.0000000000,1.5893556306,0.0000000000,scatter
31700,2,1.5893556306,0.0000000000,2.0138941871,0.2444379440,scatter
31700,3,2.0138941871,0.2444379440,0.8555701186,0.5771835911,scatter
31700,4,0.8555701186,0.5771835911,1.0778419192,2.2161911203,scatter
31700,5,1.0778419192,2.2161911203,0.1825131392,4.9056631178,scatter
31700,6,0.1825131392,4.9056631178,0.0000000000,4.8277893198,exit_left
31800,1,0.0000000000,0.0000000000,2.2500000000,0.0000000000,exit_right
31900,1,0.0000000000,0.0000000000,0.1335464800,0.0000000000,scatter
31900,2,0.1335464800,0.0000000000,0.0000000000,-0.5663440532,exit_left
32000,1,0.0000000000,0.0000000000,1.5450292011,0.0000000000,scatter
32000,2,1.5450292011,0.0000000000,2.2500000000,-0.4154880400,exit_right
32100,1,0.0000000000,0.0000000000,1.6452843824,0.0000000000,scatter
32100,2,1.6452843824,0.0000000000,1.9371070858,-1.0163340903,absorb
32200,1,0.0000000000,0.0000000000,0.5857174433,0.0000000000,scatter
32200,2,0.5857174433,0.0000000000,0.0000000000,-0.5243111391,exit_left
32300,1,0.0000000000,0.0000000000,2.2500000000,0.0000000000,exit_right
32400,1,0.0000000000,0.0000000000,0.5898382629,0.0000000000,absorb
32500,1,0.0000000000,0.0000000000,0.2441178812,0.0000000000,scatter
32500,2,0.2441178812,0.0000000000,0.9452433340,-0.9002877984,scatter
32500,3,0.9452433340,-0.9002877984,0.5935407557,-4.7593753251,scatter
32500,4,0.5935407557,-4.7593753251,0.0000000000,-5.5351910766,exit_left
32600,1,0.0000000000,0.0000000000,1.0298945579,0.0000000000,scatter
32600,2,1.0298945579,0.0000000000,2.2500000000,-0.2223462475,exit_right
32700,1,0.0000000000,0.0000000000,0.0920493565,0.0000000000,scatter
32700,2,0.0920493565,0.0000000000,0.0000000000,-0.0879481766,exit_left
32800,1,0.0000000000,0.0000000000,2.2500000000,0.0000000000,exit_right
32900,1,0.0000000000,0.0000000000,2.2500000000,0.0000000000,exit_right
33000,1,0.0000000000,0.0000000000,0.1654668900,0.0000000000,scatter
33000,2,0.1654668900,0.0000000000,0.6691303564,0.3789183366,scatter
33000,3,0.6691303564,0.3789183366,0.7519047995,0.4258611842,scatter
33000,4,0.7519047995,0.4258611842,1.6131104893,0.6152595823,scatter
33000,5,1.6131104893,0.6152595823,2.2500000000,-0.0692266191,exit_right
33100,1,0.0000000000,0.0000000000,2.1926106999,0.0000000000,scatter
33100,2,2.1926106999,0.0000000000,0.7157459749,1.5573972690,scatter
33100,3,0.7157459749,1.5573972690,0.4058034899,1.4060811995,scatter
33100,4,0.4058034899,1.4060811995,0.0000000000,1.4442952993,exit_left
33200,1,0.0000000000,0.0000000000,2.2500000000,0.0000000000,exit_right
33300,1,0.0000000000,0.0000000000,0.0014778358,0.0000000000,scatter
33300,2,0.0014778358,0.0000000000,0.0880336639,0.3988395738,absorb
33400,1,0.0000000000,0.0000000000,1.7391306984,0.0000000000,scatter
33400,2,1.7391306984,0.0000000000,0.8304890633,1.6443639373,scatter
33400,3,0.8304890633,1.6443639373,0.8952527793,1.4769438718,absorb
33500,1,0.0000000000,0.0000000000,2.2500000000,0.0000000000,exit_right
33600,1,0.0000000000,0.0000000000,2.2500000000,0.0000000000,exit_right
33700,1,0.0000000000,0.0000000000,0.9440990250,0.0000000000,scatter
33700,2,0.9440990250,0.0000000000,1.9424024864,1.6652682132,scatter
33700,3,1.9424024864,1.6652682132,2.0678222895,3.4899896038,scatter
33700,4,2.0678222895,3.4899896038,2.2500000000,3.4251362370,exit_right
33800,1,0.0000000000,0.0000000000,0.1930174502,0.0000000000,scatter
33800,2,0.1930174502,0.0000000000,0.0000000000,-0.1488373088,exit_left
33900,1,0.0000000000,0.0000000000,1.1411814881,0.0000000000,scatter
33900,2,1.1411814881,0.0000000000,1.8065359637,-1.3338431528,scatter
33900,3,1.8065359637,-1.3338431528,0.7218431244,-4.8756066870,absorb
34000,1,0.0000000000,0.0000000000,0.5160889260,0.0000000000,scatter
34000,2,0.5160889260,0.0000000000,0.8214540402,-0.1626883077,scatter
34000,3,0.8214540402,-0.1626883077,0.0000000000,-1.9575759480,exit_left
34100,1,0.0000000000,0.0000000000,1.0899483819,0.0000000000,scatter
34100,2,1.0899483819,0.0000000000,0.9638255982,0.1385238414,scatter
34100,3,0.9638255982,0.1385238414,1.2888642266,-2.0568788757,absorb
34200,1,0.0000000000,0.0000000000,0.6061803615,0.0000000000,scatter
34200,2,0.6061803615,0.0000000000,0.9536944453,0.1237282992,scatter
34200,3,0.9536944453,0.1237282992,0.3346772253,-0.0149698013,absorb
34300,1,0.0000000000,0.0000000000,1.3986290817,0.0000000000,absorb
34400,1,0.0000000000,0.0000000000,1.2579373863,0.0000000000,absorb
34500,1,0.0000000000,0.0000000000,0.1321053454,0.0000000000,scatter
34500,2,0.1321053454,0.0000000000,0.0000000000,-0.3048037523,exit_left
34600,1,0.0000000000,0.0000000000,1.1577246091,0.0000000000,scatter
34600,2,1.1577246091,0.0000000000,0.6169736924,-0.8384596845,scatter
34600,3,0.6169736924,-0.8384596845,2.1389768227,0.3299634005,scatter
34600,4,2.1389768227,0.3299634005,2.2500000000,0.3164811466,exit_right
34700,1,0.0000000000,0.0000000000,0.3799695744,0.0000000000,scatter
34700,2,0.3799695744,0.0000000000,0.0000000000,0.2881256571,exit_left
34800,1,0.0000000000,0.0000000000,0.7802681115,0.0000000000,scatter
34800,2,0.7802681115,0.0000000000,0.0000000000,-0.3231999235,exit_left
34900,1,0.0000000000,0.0000000000,2.2500000000,0.0000000000,exit_right
35000,1,0.0000000000,0.0000000000,1.2019014560,0.0000000000,scatter
35000,2,1.2019014560,0.0000000000,0.8844081085,2.0420465366,scatter
35000,3,0.8844081085,2.0420465366,1.2388533571,0.6876669974,scatter
35000,4,1.2388533571,0.6876669974,0.0000000000,1.3234959255,exit_left
35100,1,0.0000000000,0.0000000000,1.4643827816,0.0000000000,scatter
35100,2,1.4643827816,0.0000000000,2.2500000000,-0.2313940170,exit_right
35200,1,0.0000000000,0.0000000000,0.2970988328,0.0000000000,absorb
35300,1,0.0000000000,0.0000000000,1.0215310606,0.0000000000,scatter
35300,2,1.0215310606,0.0000000000,0.0000000000,-2.6030189777,exit_left
35400,1,0.0000000000,0.0000000000,1.2381506997,0.0000000000,scatter
35400,2,1.2381506997,0.0000000000,1.2392576259,-0.0920043510,scatter
35400,3,1.2392576259,-0.0920043510,2.2500000000,1.3173558568,exit_right
35500,1,0.0000000000,0.0000000000,0.3224419442,0.0000000000,scatter
35500,2,0.3224419442,0.0000000000,0.8039232510,-0.1536361931,absorb
35600,1,0.0000000000,0.0000000000,1.7325445566,0.0000000000,scatter
35600,2,1.7325445566,0.0000000000,2.2500000000,-2.3347314008,exit_right
35700,1,0.0000000000,0.0000000000,1.0702525242,0.0000000000,scatter
35700,2,1.0702525242,0.0000000000,2.1227243862,0.2549047829,scatter
35700,3,2.1227243862,0.2549047829,1.6998948875,-2.3101336851,scatter
35700,4,1.6998948875,-2.3101336851,2.2500000000,-2.1055131555,exit_right
35800,1,0.0000000000,0.0000000000,0.1832769767,0.0000000000,absorb
35900,1,0.0000000000,0.0000000000,1.0985471339,0.0000000000,scatter
35900,2,1.0985471339,0.0000000000,0.0000000000,0.0095732009,exit_left
36000,1,0.0000000000,0.0000000000,2.2500000000,0.0000000000,exit_right
36100,1,0.0000000000,0.0000000000,2.1997550834,0.0000000000,scatter
36100,2,2.1997550834,0.0000000000,0.0281096275,-0.2663783308,scatter
36100,3,0.0281096275,-0.2663783308,0.0000000000,-0.2236391451,exit_left
36200,1,0.0000000000,0.0000000000,0.1438259753,0.0000000000,scatter
36200,2,0.1438259753,0.0000000000,1.7663424973,2.7908477838,scatter
36200,3,1.7663424973,2.7908477838,1.8710234857,2.9372918222,scatter
36200,4,1.8710234857,2.9372918222,0.5090232662,3.7587617159,absorb
36300,1,0.0000000000,0.0000000000,1.3318397972,0.0000000000,scatter
36300,2,1.3318397972,0.0000000000,0.0000000000,-0.9130386635,exit_left
36400,1,0.0000000000,0.0000000000,0.7703016830,0.0000000000,scatter
36400,2,0.7703016830,0.0000000000,0.0000000000,0.0069467738,exit_left
36500,1,0.0000000000,0.0000000000,0.5822187980,0.0000000000,scatter
36500,2,0.5822187980,0.0000000000,0.0986765177,0.3082143568,scatter
36500,3,0.0986765177,0.3082143568,0.0000000000,0.2995571011,exit_left
36600,1,0.0000000000,0.0000000000,0.6368480197,0.0000000000,scatter
36600,2,0.6368480197,0.0000000000,0.0000000000,-0.2190593951,exit_left
36700,1,0.0000000000,0.0000000000,1.5405518239,0.0000000000,scatter
36700,2,1.5405518239,0.0000000000,1.3047123428,1.2494455190,scatter
36700,3,1.3047123428,1.2494455190,1.0619256298,0.8947522644,scatter
36700,4,1.0619256298,0.8947522644,1.2082978769,1.1859038432,scatter
36700,5,1.2082978769,1.1859038432,0.0000000000,2.9672091829,exit_left
36800,1,0.0000000000,0.0000000000,1.4127439909,0.0000000000,scatter
36800,2,1.4127439909,0.0000000000,0.0000000000,1.6494421977,exit_left
36900,1,0.0000000000,0.0000000000,2.2500000000,0.0000000000,exit_right
37000,1,0.0000000000,0.0000000000,0.7420797297,0.0000000000,scatter
37000,2,0.7420797297,0.0000000000,2.0629329698,-2.0171398195,scatter
37000,3,2.0629329698,-2.0171398195,2.1839034918,-3.4229898336,scatter
37000,4,2.1839034918,-3.4229898336,1.2079721089,1.0821304403,scatter
37000,5,1.2079721089,1.0821304403,1.4240934961,1.0139369156,scatter
37000,6,1.4240934961,1.0139369156,0.0000000000,1.6390699425,exit_left
37100,1,0.0000000000,0.0000000000,0.6070081249,0.0000000000,scatter
37100,2,0.6070081249,0.0000000000,0.5615335992,0.2909938122,scatter
37100,3,0.5615335992,0.2909938122,0.1616971706,-1.5583623569,absorb
37200,1,0.0000000000,0.0000000000,2.2500000000,0.0000000000,exit_right
37300,1,0.0000000000,0.0000000000,2.2500000000,0.0000000000,exit_right
37400,1,0.0000000000,0.0000000000,1.7388968358,0.0000000000,absorb
37500,1,0.0000000000,0.0000000000,2.0070979421,0.0000000000,scatter
37500,2,2.0070979421,0.0000000000,2.0106389056,-0.2995075890,absorb
37600,1,0.0000000000,0.0000000000,1.0345638795,0.0000000000,scatter
37600,2,1.0345638795,0.0000000000,0.0000000000,-0.2354855554,exit_left
37700,1,0.0000000000,0.0000000000,0.7567281074,0.0000000000,scatter
37700,2,0.7567281074,0.0000000000,0.0000000000,1.3322265059,exit_left
37800,1,0.0000000000,0.0000000000,0.9025485919,0.0000000000,scatter
37800,2,0.9025485919,0.0000000000,2.2500000000,0.8285223207,exit_right
37900,1,0.0000000000,0.0000000000,2.2500000000,0.0000000000,exit_right
38000,1,0.0000000000,0.0000000000,2.2500000000,0.0000000000,exit_right
38100,1,0.0000000000,0.0000000000,0.4575380090,0.0000000000,scatter
38100,2,0.4575380090,0.0000000000,1.1219237681,-0.4145260629,absorb
38200,1,0.0000000000,0.0000000000,0.0025267322,0.0000000000,scatter
38200,2,0.0025267322,0.0000000000,0.0000000000,-0.0006845835,exit_left
38300,1,0.0000000000,0.0000000000,2.2500000000,0.0000000000,exit_right
38400,1,0.0000000000,0.0000000000,0.0114624808,0.0000000000,scatter
38400,2,0.0114624808,0.0000000000,0.0000000000,-0.0034951373,exit_left
38500,1,0.0000000000,0.0000000000,2.0155365563,0.0000000000,scatter
38500,2,2.0155365563,0.0000000000,1.7410448291,0.9476385969,absorb
38600,1,0.0000000000,0.0000000000,0.1812527494,0.0000000000,scatter
38600,2,0.1812527494,0.0000000000,0.0000000000,0.0208175409,exit_left
38700,1,0.0000000000,0.0000000000,1.2734316665,0.0000000000,scatter
38700,2,1.2734316665,0.0000000000,1.0921682537,0.1907448030,absorb
38800,1,0.0000000000,0.0000000000,2.1233346489,0.0000000000,scatter
38800,2,2.1233346489,0.0000000000,2.2500000000,0.1263886190,exit_right
38900,1,0.0000000000,0.0000000000,0.7845644569,0.0000000000,scatter
38900,2,0.7845644569,0.0000000000,1.2282403499,0.6141837370,scatter
38900,3,1.2282403499,0.6141837370,2.2500000000,-0.6011345084,exit_right
39000,1,0.0000000000,0.0000000000,2.2500000000,0.0000000000,exit_right
39100,1,0.0000000000,0.0000000000,0.3335555636,0.0000000000,scatter
39100,2,0.3335555636,0.0000000000,0.0418171678,-1.8897570712,scatter
39100,3,0.0418171678,-1.8897570712,2.2349565466,-0.1383157434,absorb
39200,1,0.0000000000,0.0000000000,1.1287346687,0.0000000000,scatter
39200,2,1.1287346687,0.0000000000,0.0000000000,0.6454134059,exit_left
39300,1,0.0000000000,0.0000000000,0.2965412423,0.0000000000,absorb
39400,1,0.0000000000,0.0000000000,0.2452198627,0.0000000000,scatter
39400,2,0.2452198627,0.0000000000,0.0000000000,-0.6632728113,exit_left
39500,1,0.0000000000,0.0000000000,0.2555552321,0.0000000000,absorb
39600,1,0.0000000000,0.0000000000,1.9973813179,0.0000000000,absorb
39700,1,0.0000000000,0.0000000000,0.0088743335,0.0000000000,scatter
39700,2,0.0088743335,0.0000000000,0.6924626467,-2.9917389835,absorb
39800,1,0.0000000000,0.0000000000,0.9273174398,0.0000000000,absorb
39900,1,0.0000000000,0.0000000000,1.8868646015,0.0000000000,scatter
39900,2,1.8868646015,0.0000000000,2.2500000000,-0.2369812526,exit_right
40000,1,0.0000000000,0.0000000000,1.0024875171,0.0000000000,absorb
40100,1,0.0000000000,0.0000000000,1.2445444323,0.0000000000,absorb
40200,1,0.0000000000,0.0000000000,2.2500000000,0.0000000000,exit_right
40300,1,0.0000000000,0.0000000000,2.2500000000,0.0000000000,exit_right
40400,1,0.0000000000,0.0000000000,0.3785602089,0.0000000000,scatter
40400,2,0.3785602089,0.0000000000,1.4891574947,-0.0238041082,scatter
40400,3,1.4891574947,-0.0238041082,2.2500000000,0.4028720630,exit_right
40500,1,0.0000000000,0.0000000000,0.6729061579,0.0000000000,scatter
40500,2,0.6729061579,0.0000000000,2.2500000000,0.3112630252,exit_right
40600,1,0.0000000000,0.0000000000,0.3897548720,0.0000000000,scatter
40600,2,0.3897548720,0.0000000000,0.0000000000,-0.0517512578,exit_left
40700,1,0.0000000000,0.0000000000,2.1500170238,0.0000000000,scatter
40700,2,2.1500170238,0.0000000000,2.2500000000,-0.3192378790,exit_right
40800,1,0.0000000000,0.0000000000,0.6041972814,0.0000000000,absorb
40900,1,0.0000000000,0.0000000000,0.9937082118,0.0000000000,scatter
40900,2,0.9937082118,0.0000000000,1.6558790599,-1.7073888346,scatter
40900,3,1.6558790599,-1.7073888346,2.2500000000,-2.3711039585,exit_right
41000,1,0.0000000000,0.0000000000,2.2500000000,0.0000000000,exit_right
41100,1,0.0000000000,0.0000000000,1.4627967302,0.0000000000,absorb
41200,1,0.0000000000,0.0000000000,2.2500000000,0.0000000000,exit_right
41300,1,0.0000000000,0.0000000000,0.3979297712,0.0000000000,scatter
41300,2,0.3979297712,0.0000000000,0.0000000000,0.7683653958,exit_left
41400,1,0.0000000000,0.0000000000,1.9301342079,0.0000000000,scatter
41400,2,1.9301342079,0.0000000000,1.8424452941,-0.5153426878,scatter
41400,3,1.8424452941,-0.5153426878,0.0000000000,-0.6139648950,exit_left
41500,1,0.0000000000,0.0000000000,0.4170983642,0.0000000000,scatter
41500,2,0.4170983642,0.0000000000,0.0000000000,1.0074405174,exit_left
41600,1,0.0000000000,0.0000000000,2.1634490380,0.0000000000,scatter
41600,2,2.1634490380,0.0000000000,2.2500000000,-0.0297030796,exit_right
41700,1,0.0000000000,0.0000000000,1.2952942376,0.0000000000,absorb
41800,1,0.0000000000,0.0000000000,1.8074887957,0.0000000000,scatter
41800,2,1.8074887957,0.0000000000,1.3733584725,-0.2758711208,scatter
41800,3,1.3733584725,-0.2758711208,2.1849490574,-4.6796549023,scatter
41800,4,2.1849490574,-4.6796549023,2.2500000000,-4.6577295324,exit_right
41900,1,0.0000000000,0.0000000000,1.5719900629,0.0000000000,scatter
41900,2,1.5719900629,0.0000000000,2.2500000000,0.0462490549,exit_right
42000,1,0.0000000000,0.0000000000,0.4953065211,0.0000000000,absorb
42100,1,0.0000000000,0.0000000000,2.2500000000,0.0000000000,exit_right
42200,1,0.0000000000,0.0000000000,0.6745449530,0.0000000000,scatter
42200,2,0.6745449530,0.0000000000,1.0057193135,1.1961734221,scatter
42200,3,1.0057193135,1.1961734221,0.0000000000,0.2853726466,exit_left
42300,1,0.0000000000,0.0000000000,0.0808166026,0.0000000000,scatter
42300,2,0.0808166026,0.0000000000,0.0000000000,0.0351383530,exit_left
42400,1,0.0000000000,0.0000000000,2.2500000000,0.0000000000,exit_right
42500,1,0.0000000000,0.0000000000,0.5780916746,0.0000000000,scatter
42500,2,0.5780916746,0.0000000000,0.0000000000,1.5471632113,exit_left
42600,1,0.0000000000,0.0000000000,2.2500000000,0.0000000000,exit_right
42700,1,0.0000000000,0.0000000000,0.0293128439,0.0000000000,scatter
42700,2,0.0293128439,0.0000000000,0.0000000000,0.0096200356,exit_left
42800,1,0.0000000000,0.0000000000,2.2500000000,0.0000000000,exit_right
42900,1,0.0000000000,0.0000000000,0.5422363160,0.0000000000,scatter
42900,2,0.5422363160,0.0000000000,1.2638127348,0.6730224557,scatter
42900,3,1.2638127348,0.6730224557,0.5390573848,0.9553923850,scatter
42900,4,0.5390573848,0.9553923850,2.2500000000,1.7251590798,exit_right
43000,1,0.0000000000,0.0000000000,0.6955429576,0.0000000000,absorb
43100,1,0.0000000000,0.0000000000,0.3330734352,0.0000000000,scatter
43100,2,0.3330734352,0.0000000000,0.0000000000,0.0307071476,exit_left
43200,1,0.0000000000,0.0000000000,1.3535829430,0.0000000000,scatter
43200,2,1.3535829430,0.0000000000,1.0994865067,0.0573319111,scatter
43200,3,1.0994865067,0.0573319111,1.8846964431,-0.4297067708,scatter
43200,4,1.8846964431,-0.4297067708,0.0000000000,-1.0537838453,exit_left
43300,1,0.0000000000,0.0000000000,0.3547599931,0.0000000000,scatter
43300,2,0.3547599931,0.0000000000,0.0000000000,-0.7910156037,exit_left
43400,1,0.0000000000,0.0000000000,0.5468463838,0.0000000000,scatter
43400,2,0.5468463838,0.0000000000,0.6758517420,0.2125116853,absorb
43500,1,0.0000000000,0.0000000000,2.2500000000,0.0000000000,exit_right
43600,1,0.0000000000,0.0000000000,0.0964209666,0.0000000000,scatter
43600,2,0.0964209666,0.0000000000,0.0000000000,0.1715705286,exit_left
43700,1,0.0000000000,0.0000000000,1.6393895458,0.0000000000,scatter
43700,2,1.6393895458,0.0000000000,1.1114695663,0.2669993815,scatter
43700,3,1.1114695663,0.2669993815,2.2500000000,1.0800815839,exit_right
43800,1,0.0000000000,0.0000000000,2.2500000000,0.0000000000,exit_right
43900,1,0.0000000000,0.0000000000,2.2500000000,0.0000000000,exit_right
44000,1,0.0000000000,0.0000000000,2.2500000000,0.0000000000,exit_right
44100,1,0.0000000000,0.0000000000,0.8225834535,0.0000000000,scatter
44100,2,0.8225834535,0.0000000000,0.9238391904,-0.0189577793,scatter
44100,3,0.9238391904,-0.0189577793,0.9208987666,-0.2661632406,absorb
44200,1,0.0000000000,0.0000000000,0.3620369527,0.0000000000,scatter
44200,2,0.3620369527,0.0000000000,0.7891128293,-0.0761114355,scatter
44200,3,0.7891128293,-0.0761114355,2.2500000000,1.5574855015,exit_right
44300,1,0.0000000000,0.0000000000,1.0205897917,0.0000000000,scatter
44300,2,1.0205897917,0.0000000000,0.7648243547,-0.1096810834,absorb
44400,1,0.0000000000,0.0000000000,1.8420708113,0.0000000000,scatter
44400,2,1.8420708113,0.0000000000,0.5181477129,-0.1718359356,scatter
44400,3,0.5181477129,-0.1718359356,0.2510158252,-0.8896375309,scatter
44400,4,0.2510158252,-0.8896375309,0.5431985061,1.7434981528,scatter
44400,5,0.5431985061,1.7434981528,0.7780444577,1.9557180737,scatter
44400,6,0.7780444577,1.9557180737,2.2500000000,0.8791113581,exit_right
44500,1,0.0000000000,0.0000000000,0.6818483387,0.0000000000,scatter
44500,2,0.6818483387,0.0000000000,1.3410656678,0.8027180914,scatter
44500,3,1.3410656678,0.8027180914,1.1053263211,0.6879913482,scatter
44500,4,1.1053263211,0.6879913482,2.0890297033,2.6646488557,scatter
44500,5,2.0890297033,2.6646488557,2.2500000000,2.7027493760,exit_right
44600,1,0.0000000000,0.0000000000,0.5678803246,0.0000000000,absorb
44700,1,0.0000000000,0.0000000000,1.3610665815,0.0000000000,scatter
44700,2,1.3610665815,0.0000000000,1.8348908101,0.3344782359,scatter
44700,3,1.8348908101,0.3344782359,0.0000000000,0.8630540905,exit_left
44800,1,0.0000000000,0.0000000000,2.2500000000,0.0000000000,exit_right
44900,1,0.0000000000,0.0000000000,2.2183145917,0.0000000000,scatter
44900,2,2.2183145917,0.0000000000,1.4984446922,0.5330784088,scatter
44900,3,1.4984446922,0.5330784088,0.0000000000,-1.9105068111,exit_left
45000,1,0.0000000000,0.0000000000,0.5616188637,0.0000000000,scatter
45000,2,0.5616188637,0.0000000000,1.4831259855,7.4797269134,absorb
45100,1,0.0000000000,0.0000000000,0.0946183406,0.0000000000,scatter
45100,2,0.0946183406,0.0000000000,0.0000000000,-0.0630950225,exit_left
45200,1,0.0000000000,0.0000000000,1.3002974967,0.0000000000,scatter
45200,2,1.3002974967,0.0000000000,1.2410304613,0.0915321793,absorb
45300,1,0.0000000000,0.0000000000,2.1923011993,0.0000000000,scatter
45300,2,2.1923011993,0.0000000000,2.2500000000,0.0367773004,exit_right
45400,1,0.0000000000,0.0000000000,1.4458790989,0.0000000000,scatter
45400,2,1.4458790989,0.0000000000,1.5658489403,-2.3549805590,scatter
45400,3,1.5658489403,-2.3549805590,1.2883638741,-2.1958671779,scatter
45400,4,1.2883638741,-2.1958671779,1.2659445516,0.5140084665,scatter
45400,5,1.2659445516,0.5140084665,2.0297432328,0.2720495129,scatter
45400,6,2.0297432328,0.2720495129,2.2335408136,0.7988942079,scatter
45400,7,2.2335408136,0.7988942079,1.6517353207,1.5224771578,scatter
45400,8,1.6517353207,1.5224771578,1.6611793279,1.6130294978,scatter
45400,9,1.6611793279,1.6130294978,1.8892343859,1.6089923953,scatter
45400,10,1.8892343859,1.6089923953,1.5002598489,-0.3465498812,scatter
45400,11,1.5002598489,-0.3465498812,2.2500000000,-0.4245970508,exit_right
45500,1,0.0000000000,0.0000000000,1.1200771445,0.0000000000,scatter
45500,2,1.1200771445,0.0000000000,1.5412790954,0.3430812854,scatter
45500,3,1.5412790954,0.3430812854,1.5361517162,0.6304301666,scatter
45500,4,1.5361517162,0.6304301666,0.0388345555,3.2821687711,scatter
45500,5,0.0388345555,3.2821687711,0.3765394320,3.1636755706,scatter
45500,6,0.3765394320,3.1636755706,0.0000000000,3.3331744860,exit_left
45600,1,0.0000000000,0.0000000000,1.6689450275,0.0000000000,absorb
45700,1,0.0000000000,0.0000000000,0.5600210523,0.0000000000,scatter
45700,2,0.5600210523,0.0000000000,0.0000000000,-0.0914104913,exit_left
45800,1,0.0000000000,0.0000000000,0.4855083907,0.0000000000,scatter
45800,2,0.4855083907,0.0000000000,2.2500000000,-1.3013682287,exit_right
45900,1,0.0000000000,0.0000000000,2.2500000000,0.0000000000,exit_right
46000,1,0.0000000000,0.0000000000,0.0022017964,0.0000000000,scatter
46000,2,0.0022017964,0.0000000000,1.0205309050,-0.0539374946,scatter
46000,3,1.0205309050,-0.0539374946,1.3721133373,0.2846965220,scatter
46000,4,1.3721133373,0.2846965220,1.1603701586,0.1250132467,absorb
46100,1,0.0000000000,0.0000000000,2.2500000000,0.0000000000,exit_right
46200,1,0.0000000000,0.0000000000,0.6864150897,0.0000000000,scatter
46200,2,0.6864150897,0.0000000000,0.7754989652,-0.1371658974,absorb
46300,1,0.0000000000,0.0000000000,0.5230401339,0.0000000000,scatter
46300,2,0.5230401339,0.0000000000,2.2500000000,0.9493045318,exit_right
46400,1,0.0000000000,0.0000000000,1.4998636183,0.0000000000,scatter
46400,2,1.4998636183,0.0000000000,1.9477922269,-0.0536454275,scatter
46400,3,1.9477922269,-0.0536454275,2.2500000000,-0.4727712772,exit_right
46500,1,0.0000000000,0.0000000000,1.7086760567,0.0000000000,scatter
46500,2,1.7086760567,0.0000000000,1.7838389107,0.0744958498,scatter
46500,3,1.7838389107,0.0744958498,2.2500000000,0.2022689101,exit_right
46600,1,0.0000000000,0.0000000000,2.2500000000,0.0000000000,exit_right
46700,1,0.0000000000,0.0000000000,2.2500000000,0.0000000000,exit_right
46800,1,0.0000000000,0.0000000000,1.1660909056,0.0000000000,scatter
46800,2,1.1660909056,0.0000000000,0.0000000000,1.5195538833,exit_left
46900,1,0.0000000000,0.0000000000,0.7422062813,0.0000000000,scatter
46900,2,0.7422062813,0.0000000000,0.0000000000,0.2299771043,exit_left
47000,1,0.0000000000,0.0000000000,2.2500000000,0.0000000000,exit_right
47100,1,0.0000000000,0.0000000000,1.7153206869,0.0000000000,absorb
47200,1,0.0000000000,0.0000000000,1.5994301581,0.0000000000,scatter
47200,2,1.5994301581,0.0000000000,1.2890804788,0.2425477594,scatter
47200,3,1.2890804788,0.2425477594,1.0868614324,0.4435692574,scatter
47200,4,1.0868614324,0.4435692574,0.0000000000,1.5037106761,exit_left
47300,1,0.0000000000,0.0000000000,0.5223818619,0.0000000000,scatter
47300,2,0.5223818619,0.0000000000,0.9214063172,0.3487194563,scatter
47300,3,0.9214063172,0.3487194563,0.8196331412,0.5160746309,scatter
47300,4,0.8196331412,0.5160746309,0.0000000000,-0.7695531248,exit_left
47400,1,0.0000000000,0.0000000000,2.2500000000,0.0000000000,exit_right
47500,1,0.0000000000,0.0000000000,2.2500000000,0.0000000000,exit_right
47600,1,0.0000000000,0.0000000000,0.3815991151,0.0000000000,scatter
47600,2,0.3815991151,0.0000000000,0.0000000000,-0.1535863290,exit_left
47700,1,0.0000000000,0.0000000000,0.3113687482,0.0000000000,absorb
47800,1,0.0000000000,0.0000000000,0.7313649970,0.0000000000,absorb
47900,1,0.0000000000,0.0000000000,0.1200134197,0.0000000000,scatter
47900,2,0.1200134197,0.0000000000,0.0000000000,0.2195960175,exit_left
48000,1,0.0000000000,0.0000000000,1.1842296930,0.0000000000,scatter
48000,2,1.1842296930,0.0000000000,2.2500000000,-0.6340331721,exit_right
48100,1,0.0000000000,0.0000000000,0.9997908720,0.0000000000,scatter
48100,2,0.9997908720,0.0000000000,0.0000000000,3.0848677409,exit_left
48200,1,0.0000000000,0.0000000000,2.2500000000,0.0000000000,exit_right
48300,1,0.0000000000,0.0000000000,2.2500000000,0.0000000000,exit_right
48400,1,0.0000000000,0.0000000000,0.7028280263,0.0000000000,scatter
48400,2,0.7028280263,0.0000000000,0.6157175945,0.0133910463,scatter
48400,3,0.6157175945,0.0133910463,0.1136043146,-1.2266971915,scatter
48400,4,0.1136043146,-1.2266971915,0.0000000000,-1.2713525190,exit_left
48500,1,0.0000000000,0.0000000000,0.3115664315,0.0000000000,scatter
48500,2,0.3115664315,0.0000000000,0.0000000000,0.2210346063,exit_left
48600,1,0.0000000000,0.0000000000,0.8296348905,0.0000000000,absorb
48700,1,0.0000000000,0.0000000000,2.2500000000,0.0000000000,exit_right
48800,1,0.0000000000,0.0000000000,0.0015702366,0.0000000000,scatter
48800,2,0.0015702366,0.0000000000,0.0000000000,-0.0011391851,exit_left
48900,1,0.0000000000,0.0000000000,1.9785616063,0.0000000000,absorb
49000,1,0.0000000000,0.0000000000,2.2500000000,0.0000000000,exit_right
49100,1,0.0000000000,0.0000000000,0.6206413450,0.0000000000,scatter
49100,2,0.6206413450,0.0000000000,0.7357672466,1.5794928262,absorb
49200,1,0.0000000000,0.0000000000,0.3325091131,0.0000000000,scatter
49200,2,0.3325091131,0.0000000000,0.2229515240,0.7528964107,absorb
49300,1,0.0000000000,0.0000000000,0.9603356889,0.0000000000,scatter
49300,2,0.9603356889,0.0000000000,1.3719591033,0.0228696762,scatter
49300,3,1.3719591033,0.0228696762,2.2500000000,0.5589883014,exit_right
49400,1,0.0000000000,0.0000000000,0.8602444773,0.0000000000,scatter
49400,2,0.8602444773,0.0000000000,0.9626308649,-0.9079141115,scatter
49400,3,0.9626308649,-0.9079141115,0.7020333396,3.4889671305,scatter
49400,4,0.7020333396,3.4889671305,0.9399649955,4.3217311780,scatter
49400,5,0.9399649955,4.3217311780,2.2500000000,6.5530240660,exit_right
49500,1,0.0000000000,0.0000000000,2.2500000000,0.0000000000,exit_right
49600,1,0.0000000000,0.0000000000,2.2500000000,0.0000000000,exit_right
49700,1,0.0000000000,0.0000000000,1.1810181508,0.0000000000,scatter
49700,2,1.1810181508,0.0000000000,1.1120230415,-0.1894539723,absorb
49800,1,0.0000000000,0.0000000000,2.2500000000,0.0000000000,exit_right
49900,1,0.0000000000,0.0000000000,0.0458183097,0.0000000000,scatter
49900,2,0.0458183097,0.0000000000,0.0000000000,0.0378189306,exit_left
50000,1,0.0000000000,0.0000000000,0.0692696577,0.0000000000,scatter
50000,2,0.0692696577,0.0000000000,1.4512186231,-0.6711053352,scatter
50000,3,1.4512186231,-0.6711053352,1.4613360971,-0.6899850078,absorb
50100,1,0.0000000000,0.0000000000,0.1019961651,0.0000000000,scatter
50100,2,0.1019961651,0.0000000000,0.2424175323,-5.4580450705,scatter
50100,3,0.2424175323,-5.4580450705,2.0557966082,-5.7309597574,scatter
50100,4,2.0557966082,-5.7309597574,2.1426273811,-6.5106018800,absorb
50200,1,0.0000000000,0.0000000000,1.2862802692,0.0000000000,absorb
50300,1,0.0000000000,0.0000000000,2.2500000000,0.0000000000,exit_right
50400,1,0.0000000000,0.0000000000,2.1738047346,0.0000000000,scatter
50400,2,2.1738047346,0.0000000000,2.2252176424,0.3932211788,absorb
50500,1,0.0000000000,0.0000000000,2.2500000000,0.0000000000,exit_right
50600,1,0.0000000000,0.0000000000,2.2344459080,0.0000000000,scatter
50600,2,2.2344459080,0.0000000000,1.8850801272,-0.1927288186,scatter
50600,3,1.8850801272,-0.1927288186,0.2729767054,2.0736717740,scatter
50600,4,0.2729767054,2.0736717740,0.2719605826,2.1100141747,scatter
50600,5,0.2719605826,2.1100141747,2.2500000000,1.0282421799,exit_right
50700,1,0.0000000000,0.0000000000,0.9391374836,0.0000000000,absorb
50800,1,0.0000000000,0.0000000000,2.2500000000,0.0000000000,exit_right
50900,1,0.0000000000,0.0000000000,2.2500000000,0.0000000000,exit_right
51000,1,0.0000000000,0.0000000000,0.1314775156,0.0000000000,scatter
51000,2,0.1314775156,0.0000000000,1.0770933477,-0.1372101911,scatter
51000,3,1.0770933477,-0.1372101911,0.9338633621,-0.3581607427,absorb
51100,1,0.0000000000,0.0000000000,2.2227644302,0.0000000000,absorb
51200,1,0.0000000000,0.0000000000,0.0480062564,0.0000000000,scatter
51200,2,0.0480062564,0.0000000000,2.2266283434,-1.3872705675,absorb
51300,1,0.0000000000,0.0000000000,1.6852436462,0.0000000000,absorb
51400,1,0.0000000000,0.0000000000,0.1508054363,0.0000000000,scatter
51400,2,0.1508054363,0.0000000000,0.0000000000,-0.1911725427,exit_left
51500,1,0.0000000000,0.0000000000,1.5494279453,0.0000000000,scatter
51500,2,1.5494279453,0.0000000000,0.0000000000,2.5824778952,exit_left
51600,1,0.0000000000,0.0000000000,2.1592629340,0.0000000000,scatter
51600,2,2.1592629340,0.0000000000,2.2500000000,-0.3513442572,exit_right
51700,1,0.0000000000,0.0000000000,2.2500000000,0.0000000000,exit_right
51800,1,0.0000000000,0.0000000000,0.4408718699,0.0000000000,scatter
51800,2,0.4408718699,0.0000000000,0.5163349091,-0.3242583660,scatter
51800,3,0.5163349091,-0.3242583660,0.7070927731,0.4643670714,absorb
51900,1,0.0000000000,0.0000000000,0.4624683542,0.0000000000,absorb
52000,1,0.0000000000,0.0000000000,2.2500000000,0.0000000000,exit_right
52100,1,0.0000000000,0.0000000000,2.2500000000,0.0000000000,exit_right
52200,1,0.0000000000,0.0000000000,2.2500000000,0.0000000000,exit_right
52300,1,0.0000000000,0.0000000000,0.2986306616,0.0000000000,absorb
52400,1,0.0000000000,0.0000000000,0.9870348963,0.0000000000,absorb
52500,1,0.0000000000,0.0000000000,0.1436737850,0.0000000000,scatter
52500,2,0.1436737850,0.0000000000,0.0000000000,-0.0272369652,exit_left
52600,1,0.0000000000,0.0000000000,0.7305474654,0.0000000000,absorb
52700,1,0.0000000000,0.0000000000,0.0905618849,0.0000000000,scatter
52700,2,0.0905618849,0.0000000000,0.0000000000,0.0232879759,exit_left
52800,1,0.0000000000,0.0000000000,2.2500000000,0.0000000000,exit_right
52900,1,0.0000000000,0.0000000000,2.0318256452,0.0000000000,scatter
52900,2,2.0318256452,0.0000000000,2.2500000000,0.3335807253,exit_right
53000,1,0.0000000000,0.0000000000,2.2500000000,0.0000000000,exit_right
53100,1,0.0000000000,0.0000000000,1.1883665024,0.0000000000,scatter
53100,2,1.1883665024,0.0000000000,1.5110235560,-0.2879369081,scatter
53100,3,1.5110235560,-0.2879369081,2.2500000000,-0.2803319522,exit_right
53200,1,0.0000000000,0.0000000000,2.2500000000,0.0000000000,exit_right
53300,1,0.0000000000,0.0000000000,2.2500000000,0.0000000000,exit_right
53400,1,0.0000000000,0.0000000000,1.4864968794,0.0000000000,scatter
53400,2,1.4864968794,0.0000000000,1.3465899315,0.1255688598,scatter
53400,3,1.3465899315,0.1255688598,1.1267898497,-0.2776867059,scatter
53400,4,1.1267898497,-0.2776867059,2.2500000000,0.2115083358,exit_right
53500,1,0.0000000000,0.0000000000,0.4312160442,0.0000000000,absorb
53600,1,0.0000000000,0.0000000000,1.2621931553,0.0000000000,scatter
53600,2,1.2621931553,0.0000000000,0.3420179111,-0.8908065118,scatter
53600,3,0.3420179111,-0.8908065118,0.0000000000,-0.1595649268,exit_left
53700,1,0.0000000000,0.0000000000,1.1339978254,0.0000000000,scatter
53700,2,1.1339978254,0.0000000000,0.0000000000,0.2299942426,exit_left
53800,1,0.0000000000,0.0000000000,0.7691404555,0.0000000000,scatter
53800,2,0.7691404555,0.0000000000,2.2500000000,-1.7663137508,exit_right
53900,1,0.0000000000,0.0000000000,1.0359156990,0.0000000000,scatter
53900,2,1.0359156990,0.0000000000,2.2500000000,0.1549585288,exit_right
54000,1,0.0000000000,0.0000000000,0.1219540820,0.0000000000,absorb
54100,1,0.0000000000,0.0000000000,1.7453670634,0.0000000000,absorb
54200,1,0.0000000000,0.0000000000,1.2446825972,0.0000000000,scatter
54200,2,1.2446825972,0.0000000000,2.2500000000,0.5312196147,exit_right
54300,1,0.0000000000,0.0000000000,2.2500000000,0.0000000000,exit_right
54400,1,0.0000000000,0.0000000000,1.3486642799,0.0000000000,scatter
54400,2,1.3486642799,0.0000000000,2.2500000000,-0.3612705524,exit_right
54500,1,0.0000000000,0.0000000000,0.4523447864,0.0000000000,scatter
54500,2,0.4523447864,0.0000000000,0.0000000000,0.3852901067,exit_left
54600,1,0.0000000000,0.0000000000,0.6228142525,0.0000000000,scatter
54600,2,0.6228142525,0.0000000000,0.0000000000,-0.0879075515,exit_left
54700,1,0.0000000000,0.0000000000,2.2500000000,0.0000000000,exit_right
54800,1,0.0000000000,0.0000000000,0.4416320515,0.0000000000,scatter
54800,2,0.4416320515,0.0000000000,0.0000000000,1.9561309776,exit_left
54900,1,0.0000000000,0.0000000000,0.6381874343,0.0000000000,scatter
54900,2,0.6381874343,0.0000000000,0.9983618415,0.2890356598,scatter
54900,3,0.9983618415,0.2890356598,0.2660011198,1.4724945958,scatter
54900,4,0.2660011198,1.4724945958,2.2500000000,-2.1267526247,exit_right
55000,1,0.0000000000,0.0000000000,2.2500000000,0.0000000000,exit_right
55100,1,0.0000000000,0.0000000000,1.3197064593,0.0000000000,absorb
55200,1,0.0000000000,0.0000000000,2.2500000000,0.0000000000,exit_right
55300,1,0.0000000000,0.0000000000,2.2500000000,0.0000000000,exit_right
55400,1,0.0000000000,0.0000000000,1.4938897616,0.0000000000,scatter
55400,2,1.4938897616,0.0000000000,1.0866683600,-3.0523302786,scatter
55400,3,1.0866683600,-3.0523302786,1.5648503756,-3.4603663987,scatter
55400,4,1.5648503756,-3.4603663987,2.0316551726,-2.7896522875,scatter
55400,5,2.0316551726,-2.7896522875,1.5844265241,-3.2867834882,absorb
55500,1,0.0000000000,0.0000000000,2.2500000000,0.0000000000,exit_right
55600,1,0.0000000000,0.0000000000,1.6028987324,0.0000000000,scatter
55600,2,1.6028987324,0.0000000000,2.2500000000,-0.4356560625,exit_right
55700,1,0.0000000000,0.0000000000,2.0288886221,0.0000000000,scatter
55700,2,2.0288886221,0.0000000000,0.0000000000,-2.3181734939,exit_left
55800,1,0.0000000000,0.0000000000,0.7284961024,0.0000000000,scatter
55800,2,0.7284961024,0.0000000000,0.0000000000,0.3334109849,exit_left
55900,1,0.0000000000,0.0000000000,2.1898900240,0.0000000000,scatter
55900,2,2.1898900240,0.0000000000,2.2500000000,-0.0510948617,exit_right
56000,1,0.0000000000,0.0000000000,2.2500000000,0.0000000000,exit_right
56100,1,0.0000000000,0.0000000000,1.5117263664,0.0000000000,absorb
56200,1,0.0000000000,0.0000000000,2.2500000000,0.0000000000,exit_right
56300,1,0.0000000000,0.0000000000,1.5933796836,0.0000000000,scatter
56300,2,1.5933796836,0.0000000000,2.2500000000,-0.3533312043,exit_right
56400,1,0.0000000000,0.0000000000,2.2500000000,0.0000000000,exit_right
56500,1,0.0000000000,0.0000000000,0.5717533445,0.0000000000,scatter
56500,2,0.5717533445,0.0000000000,2.2500000000,-1.2886444816,exit_right
56600,1,0.0000000000,0.0000000000,1.6455259046,0.0000000000,scatter
56600,2,1.6455259046,0.0000000000,0.0000000000,0.5967607762,exit_left
56700,1,0.0000000000,0.0000000000,2.2500000000,0.0000000000,exit_right
56800,1,0.0000000000,0.0000000000,1.8267187820,0.0000000000,scatter
56800,2,1.8267187820,0.0000000000,1.3664280905,0.2806068839,scatter
56800,3,1.3664280905,0.2806068839,1.8814053827,0.6661486243,scatter
56800,4,1.8814053827,0.6661486243,1.9922032827,0.6082986233,scatter
56800,5,1.9922032827,0.6082986233,2.1543242320,0.7206822210,scatter
56800,6,2.1543242320,0.7206822210,2.2500000000,1.5535834487,exit_right
56900,1,0.0000000000,0.0000000000,1.3462283530,0.0000000000,absorb
57000,1,0.0000000000,0.0000000000,1.1961410032,0.0000000000,scatter
57000,2,1.1961410032,0.0000000000,0.7968157378,0.6487612764,scatter
57000,3,0.7968157378,0.6487612764,0.6050653121,0.2815985389,scatter
57000,4,0.6050653121,0.2815985389,1.0331933903,-0.2620503449,absorb
57100,1,0.0000000000,0.0000000000,1.6712476645,0.0000000000,scatter
57100,2,1.6712476645,0.0000000000,2.2500000000,-1.1012975293,exit_right
57200,1,0.0000000000,0.0000000000,0.5423773251,0.0000000000,scatter
57200,2,0.5423773251,0.0000000000,0.6252081779,1.1933290569,scatter
57200,3,0.6252081779,1.1933290569,0.5388762319,0.9912209590,scatter
57200,4,0.5388762319,0.9912209590,0.2164581911,0.9754329638,scatter
57200,5,0.2164581911,0.9754329638,0.0000000000,0.8503407938,exit_left
57300,1,0.0000000000,0.0000000000,0.2150162477,0.0000000000,scatter
57300,2,0.2150162477,0.0000000000,0.0000000000,0.1989909281,exit_left
57400,1,0.0000000000,0.0000000000,2.2500000000,0.0000000000,exit_right
57500,1,0.0000000000,0.0000000000,2.2500000000,0.0000000000,exit_right
57600,1,0.0000000000,0.0000000000,0.4497441714,0.0000000000,scatter
57600,2,0.4497441714,0.0000000000,0.8994058169,-0.2637245254,absorb
57700,1,0.0000000000,0.0000000000,2.0806223127,0.0000000000,scatter
57700,2,2.0806223127,0.0000000000,0.0000000000,-2.0186601374,exit_left
57800,1,0.0000000000,0.0000000000,0.7715386262,0.0000000000,scatter
57800,2,0.7715386262,0.0000000000,0.8171344843,1.2977046150,scatter
57800,3,0.8171344843,1.2977046150,0.0000000000,5.5092151551,exit_left
57900,1,0.0000000000,0.0000000000,0.4475512001,0.0000000000,scatter
57900,2,0.4475512001,0.0000000000,2.0061516989,-2.5756461051,scatter
57900,3,2.0061516989,-2.5756461051,2.0008672751,-2.6250894863,absorb
58000,1,0.0000000000,0.0000000000,1.5635550674,0.0000000000,scatter
58000,2,1.5635550674,0.0000000000,1.6538715151,-1.4593557478,absorb
58100,1,0.0000000000,0.0000000000,0.1643221266,0.0000000000,scatter
58100,2,0.1643221266,0.0000000000,0.0000000000,0.0466995146,exit_left
58200,1,0.0000000000,0.0000000000,0.1928293733,0.0000000000,scatter
58200,2,0.1928293733,0.0000000000,0.0000000000,-1.0323754147,exit_left
58300,1,0.0000000000,0.0000000000,2.2500000000,0.0000000000,exit_right
58400,1,0.0000000000,0.0000000000,2.2500000000,0.0000000000,exit_right
58500,1,0.0000000000,0.0000000000,0.0334588941,0.0000000000,scatter
58500,2,0.0334588941,0.0000000000,0.0000000000,0.0195968714,exit_left
58600,1,0.0000000000,0.0000000000,2.2294213483,0.0000000000,scatter
58600,2,2.2294213483,0.0000000000,2.2500000000,0.0008080621,exit_right
58700,1,0.0000000000,0.0000000000,2.2500000000,0.0000000000,exit_right
58800,1,0.0000000000,0.0000000000,0.3761598101,0.0000000000,scatter
58800,2,0.3761598101,0.0000000000,0.0000000000,-0.6794084606,exit_left
58900,1,0.0000000000,0.0000000000,0.8452077517,0.0000000000,scatter
58900,2,0.8452077517,0.0000000000,2.2500000000,2.6122948270,exit_right
59000,1,0.0000000000,0.0000000000,1.8064576426,0.0000000000,scatter
59000,2,1.8064576426,0.0000000000,1.8330091105,0.6795142381,scatter
59000,3,1.8330091105,0.6795142381,0.5235321722,1.6465683060,scatter
59000,4,0.5235321722,1.6465683060,0.0000000000,1.0855145392,exit_left
59100,1,0.0000000000,0.0000000000,0.0329081427,0.0000000000,scatter
59100,2,0.0329081427,0.0000000000,0.0333398361,-0.0031854365,absorb
59200,1,0.0000000000,0.0000000000,2.2500000000,0.0000000000,exit_right
59300,1,0.0000000000,0.0000000000,0.6471055215,0.0000000000,scatter
59300,2,0.6471055215,0.0000000000,0.1074479961,-0.6959129623,scatter
59300,3,0.1074479961,-0.6959129623,1.9496774595,2.1749920629,absorb
59400,1,0.0000000000,0.0000000000,2.2500000000,0.0000000000,exit_right
59500,1,0.0000000000,0.0000000000,2.2500000000,0.0000000000,exit_right
59600,1,0.0000000000,0.0000000000,2.1166770552,0.0000000000,scatter
59600,2,2.1166770552,0.0000000000,2.2500000000,-0.1207742290,exit_right
59700,1,0.0000000000,0.0000000000,0.6387113524,0.0000000000,scatter
59700,2,0.6387113524,0.0000000000,0.0000000000,-0.4733943158,exit_left
59800,1,0.0000000000,0.0000000000,0.0014789598,0.0000000000,scatter
59800,2,0.0014789598,0.0000000000,2.0472095514,-1.0537420740,scatter
59800,3,2.0472095514,-1.0537420740,2.2500000000,-1.2059958106,exit_right
59900,1,0.0000000000,0.0000000000,0.2162899976,0.0000000000,scatter
59900,2,0.2162899976,0.0000000000,2.2500000000,0.6938987851,exit_right
60000,1,0.0000000000,0.0000000000,0.5258656479,0.0000000000,scatter
60000,2,0.5258656479,0.0000000000,2.2500000000,-3.7021530277,exit_right
60100,1,0.0000000000,0.0000000000,0.3897103601,0.0000000000,scatter
60100,2,0.3897103601,0.0000000000,0.4226640070,0.1083719191,scatter
60100,3,0.4226640070,0.1083719191,2.2500000000,-0.6514820500,exit_right
60200,1,0.0000000000,0.0000000000,1.7982548094,0.0000000000,scatter
60200,2,1.7982548094,0.0000000000,0.7448924380,-2.7017244071,scatter
60200,3,0.7448924380,-2.7017244071,2.2500000000,-1.5622318944,exit_right
60300,1,0.0000000000,0.0000000000,2.2500000000,0.0000000000,exit_right
60400,1,0.0000000000,0.0000000000,0.8993319494,0.0000000000,scatter
60400,2,0.8993319494,0.0000000000,0.0000000000,1.5558838514,exit_left
60500,1,0.0000000000,0.0000000000,0.2796402762,0.0000000000,absorb
60600,1,0.0000000000,0.0000000000,2.2500000000,0.0000000000,exit_right
60700,1,0.0000000000,0.0000000000,2.2500000000,0.0000000000,exit_right
60800,1,0.0000000000,0.0000000000,2.2500000000,0.0000000000,exit_right
60900,1,0.0000000000,0.0000000000,2.2500000000,0.0000000000,exit_right
61000,1,0.0000000000,0.0000000000,0.4221110491,0.0000000000,scatter
61000,2,0.4221110491,0.0000000000,0.5916340164,-0.0475342842,absorb
61100,1,0.0000000000,0.0000000000,2.2500000000,0.0000000000,exit_right
61200,1,0.0000000000,0.0000000000,1.6914521505,0.0000000000,absorb
61300,1,0.0000000000,0.0000000000,0.0665725665,0.0000000000,scatter
61300,2,0.0665725665,0.0000000000,2.2500000000,-0.8674510898,exit_right
61400,1,0.0000000000,0.0000000000,2.2500000000,0.0000000000,exit_right
61500,1,0.0000000000,0.0000000000,0.5769757437,0.0000000000,scatter
61500,2,0.5769757437,0.0000000000,0.1094167660,0.8705393277,scatter
61500,3,0.1094167660,0.8705393277,0.0479725462,0.7274272782,absorb
61600,1,0.0000000000,0.0000000000,2.2500000000,0.0000000000,exit_right
61700,1,0.0000000000,0.0000000000,2.2500000000,0.0000000000,exit_right
61800,1,0.0000000000,0.0000000000,0.5064958747,0.0000000000,scatter
61800,2,0.5064958747,0.0000000000,0.0000000000,-0.8942440277,exit_left
61900,1,0.0000000000,0.0000000000,0.4035297768,0.0000000000,absorb
62000,1,0.0000000000,0.0000000000,0.0505521576,0.0000000000,scatter
62000,2,0.0505521576,0.0000000000,2.2500000000,-0.0969814933,exit_right
62100,1,0.0000000000,0.0000000000,2.2500000000,0.0000000000,exit_right
62200,1,0.0000000000,0.0000000000,2.2500000000,0.0000000000,exit_right
62300,1,0.0000000000,0.0000000000,1.4038330403,0.0000000000,scatter
62300,2,1.4038330403,0.0000000000,1.5210320921,1.3312423812,absorb
62400,1,0.0000000000,0.0000000000,0.3612853580,0.0000000000,scatter
62400,2,0.3612853580,0.0000000000,0.6283620701,-0.8573420264,absorb
62500,1,0.0000000000,0.0000000000,2.2500000000,0.0000000000,exit_right
62600,1,0.0000000000,0.0000000000,0.5984415668,0.0000000000,scatter
62600,2,0.5984415668,0.0000000000,0.5771534471,0.2254761854,scatter
62600,3,0.5771534471,0.2254761854,0.0000000000,-0.4453498236,exit_left
62700,1,0.0000000000,0.0000000000,2.2500000000,0.0000000000,exit_right
62800,1,0.0000000000,0.0000000000,0.1379543854,0.0000000000,absorb
62900,1,0.0000000000,0.0000000000,0.5447923749,0.0000000000,scatter
62900,2,0.5447923749,0.0000000000,0.0000000000,-0.1703398216,exit_left
63000,1,0.0000000000,0.0000000000,2.2500000000,0.0000000000,exit_right
63100,1,0.0000000000,0.0000000000,2.2500000000,0.0000000000,exit_right
63200,1,0.0000000000,0.0000000000,1.3374048820,0.0000000000,scatter
63200,2,1.3374048820,0.0000000000,2.2500000000,-1.3552546542,exit_right
63300,1,0.0000000000,0.0000000000,0.4560734342,0.0000000000,absorb
63400,1,0.0000000000,0.0000000000,1.8217549451,0.0000000000,scatter
63400,2,1.8217549451,0.0000000000,2.1887714655,-0.1830298594,scatter
63400,3,2.1887714655,-0.1830298594,2.2500000000,-0.3027344809,exit_right
63500,1,0.0000000000,0.0000000000,0.3460083535,0.0000000000,scatter
63500,2,0.3460083535,0.0000000000,0.0000000000,0.4343673890,exit_left
63600,1,0.0000000000,0.0000000000,2.2500000000,0.0000000000,exit_right
63700,1,0.0000000000,0.0000000000,2.2500000000,0.0000000000,exit_right
63800,1,0.0000000000,0.0000000000,0.3746580964,0.0000000000,scatter
63800,2,0.3746580964,0.0000000000,0.2855528683,-0.1242528988,scatter
63800,3,0.2855528683,-0.1242528988,2.2500000000,-1.5577743832,exit_right
63900,1,0.0000000000,0.0000000000,0.4698537568,0.0000000000,scatter
63900,2,0.4698537568,0.0000000000,1.8637630312,-3.4061101597,scatter
63900,3,1.8637630312,-3.4061101597,2.1693604951,-8.4514041562,absorb
64000,1,0.0000000000,0.0000000000,2.2500000000,0.0000000000,exit_right
64100,1,0.0000000000,0.0000000000,0.0287120190,0.0000000000,scatter
64100,2,0.0287120190,0.0000000000,0.0000000000,-0.0163501140,exit_left
64200,1,0.0000000000,0.0000000000,2.2500000000,0.0000000000,exit_right
64300,1,0.0000000000,0.0000000000,1.3487884475,0.0000000000,scatter
64300,2,1.3487884475,0.0000000000,1.4420979542,-0.1033583048,scatter
64300,3,1.4420979542,-0.1033583048,2.2500000000,-1.3517176885,exit_right
64400,1,0.0000000000,0.0000000000,0.1420981298,0.0000000000,scatter
64400,2,0.1420981298,0.0000000000,0.0000000000,0.8042152173,exit_left
64500,1,0.0000000000,0.0000000000,0.3219709634,0.0000000000,scatter
64500,2,0.3219709634,0.0000000000,0.0000000000,0.2108423481,exit_left
64600,1,0.0000000000,0.0000000000,2.0418009527,0.0000000000,scatter
64600,2,2.0418009527,0.0000000000,2.0898413749,0.0021192191,scatter
64600,3,2.0898413749,0.0021192191,1.8011435760,0.0141349321,scatter
64600,4,1.8011435760,0.0141349321,2.2500000000,-0.0282517069,exit_right
64700,1,0.0000000000,0.0000000000,0.7792898270,0.0000000000,scatter
64700,2,0.7792898270,0.0000000000,0.1725877261,0.1997166907,scatter
64700,3,0.1725877261,0.1997166907,0.0000000000,-0.3845630157,exit_left
64800,1,0.0000000000,0.0000000000,2.0839578593,0.0000000000,scatter
64800,2,2.0839578593,0.0000000000,2.2500000000,-0.0606276766,exit_right
64900,1,0.0000000000,0.0000000000,1.8952040354,0.0000000000,scatter
64900,2,1.8952040354,0.0000000000,0.0000000000,0.8235941425,exit_left
65000,1,0.0000000000,0.0000000000,2.2500000000,0.0000000000,exit_right
65100,1,0.0000000000,0.0000000000,1.9608062568,0.0000000000,scatter
65100,2,1.9608062568,0.0000000000,2.1231061755,-0.2544328670,absorb
65200,1,0.0000000000,0.0000000000,2.2500000000,0.0000000000,exit_right
65300,1,0.0000000000,0.0000000000,0.1938555866,0.0000000000,scatter
65300,2,0.1938555866,0.0000000000,1.1329504208,-0.0544565277,scatter
65300,3,1.1329504208,-0.0544565277,1.1150777809,0.0576180848,scatter
65300,4,1.1150777809,0.0576180848,1.1222937389,0.0626546059,scatter
65300,5,1.1222937389,0.0626546059,0.9476607770,1.4536172779,scatter
65300,6,0.9476607770,1.4536172779,1.3440243001,0.8352024579,absorb
65400,1,0.0000000000,0.0000000000,0.8344597898,0.0000000000,scatter
65400,2,0.8344597898,0.0000000000,0.5830756898,0.8499360950,absorb
65500,1,0.0000000000,0.0000000000,2.2500000000,0.0000000000,exit_right
65600,1,0.0000000000,0.0000000000,2.2500000000,0.0000000000,exit_right
65700,1,0.0000000000,0.0000000000,0.3048254925,0.0000000000,scatter
65700,2,0.3048254925,0.0000000000,0.9861204591,0.8858174460,scatter
65700,3,0.9861204591,0.8858174460,1.1332173715,0.8912045371,scatter
65700,4,1.1332173715,0.8912045371,2.2500000000,2.2867030237,exit_right
65800,1,0.0000000000,0.0000000000,2.2500000000,0.0000000000,exit_right
65900,1,0.0000000000,0.0000000000,0.4438308971,0.0000000000,scatter
65900,2,0.4438308971,0.0000000000,0.0000000000,0.1008942651,exit_left
66000,1,0.0000000000,0.0000000000,2.2500000000,0.0000000000,exit_right
66100,1,0.0000000000,0.0000000000,2.2500000000,0.0000000000,exit_right
66200,1,0.0000000000,0.0000000000,0.6235369030,0.0000000000,scatter
66200,2,0.6235369030,0.0000000000,0.5227569836,-0.0282171186,scatter
66200,3,0.5227569836,-0.0282171186,1.2945771970,1.2204048369,scatter
66200,4,1.2945771970,1.2204048369,0.9986146136,0.7627866531,scatter
66200,5,0.9986146136,0.7627866531,0.0000000000,0.5943080482,exit_left
66300,1,0.0000000000,0.0000000000,0.5529942313,0.0000000000,scatter
66300,2,0.5529942313,0.0000000000,0.4297334235,0.1791207191,scatter
66300,3,0.4297334235,0.1791207191,0.4154549451,-0.1096494329,scatter
66300,4,0.4154549451,-0.1096494329,0.0000000000,-0.1489408594,exit_left
66400,1,0.0000000000,0.0000000000,0.4659575663,0.0000000000,scatter
66400,2,0.4659575663,0.0000000000,0.7630869631,-0.0374172834,absorb
66500,1,0.0000000000,0.0000000000,0.1402458541,0.0000000000,scatter
66500,2,0.1402458541,0.0000000000,0.1558332132,-0.2658263507,scatter
66500,3,0.1558332132,-0.2658263507,0.1290816033,-0.4186293634,absorb
66600,1,0.0000000000,0.0000000000,2.2500000000,0.0000000000,exit_right
66700,1,0.0000000000,0.0000000000,2.1511615418,0.0000000000,scatter
66700,2,2.1511615418,0.0000000000,1.3984411241,1.0070120777,scatter
66700,3,1.3984411241,1.0070120777,0.0000000000,1.0951816540,exit_left
66800,1,0.0000000000,0.0000000000,2.2500000000,0.0000000000,exit_right
66900,1,0.0000000000,0.0000000000,2.2500000000,0.0000000000,exit_right
67000,1,0.0000000000,0.0000000000,2.2500000000,0.0000000000,exit_right
67100,1,0.0000000000,0.0000000000,0.8914372319,0.0000000000,absorb
67200,1,0.0000000000,0.0000000000,1.3519007469,0.0000000000,absorb
67300,1,0.0000000000,0.0000000000,1.1839475059,0.0000000000,scatter
67300,2,1.1839475059,0.0000000000,1.1389445085,0.8113710124,absorb
67400,1,0.0000000000,0.0000000000,0.7413977778,0.0000000000,absorb
67500,1,0.0000000000,0.0000000000,0.1292186421,0.0000000000,scatter
67500,2,0.1292186421,0.0000000000,0.0000000000,0.0230004357,exit_left
67600,1,0.0000000000,0.0000000000,2.2500000000,0.0000000000,exit_right
67700,1,0.0000000000,0.0000000000,1.5936513650,0.0000000000,absorb
67800,1,0.0000000000,0.0000000000,1.1957007516,0.0000000000,scatter
67800,2,1.1957007516,0.0000000000,0.4737450286,-2.0607910298,absorb
67900,1,0.0000000000,0.0000000000,2.2500000000,0.0000000000,exit_right
68000,1,0.0000000000,0.0000000000,0.5877411159,0.0000000000,scatter
68000,2,0.5877411159,0.0000000000,0.0000000000,-0.0253616513,exit_left
68100,1,0.0000000000,0.0000000000,2.2500000000,0.0000000000,exit_right
68200,1,0.0000000000,0.0000000000,1.0583774691,0.0000000000,scatter
68200,2,1.0583774691,0.0000000000,1.2972049001,0.0507796711,scatter
68200,3,1.2972049001,0.0507796711,0.0000000000,-0.2675469957,exit_left
68300,1,0.0000000000,0.0000000000,0.1540755516,0.0000000000,scatter
68300,2,0.1540755516,0.0000000000,0.1538666610,-0.1323249198,scatter
68300,3,0.1538666610,-0.1323249198,0.0923839029,-0.2089152461,scatter
68300,4,0.0923839029,-0.2089152461,0.0000000000,-0.1523561500,exit_left
68400,1,0.0000000000,0.0000000000,2.2500000000,0.0000000000,exit_right
68500,1,0.0000000000,0.0000000000,0.2105486998,0.0000000000,scatter
68500,2,0.2105486998,0.0000000000,0.0000000000,-0.1793535976,exit_left
68600,1,0.0000000000,0.0000000000,0.7944076142,0.0000000000,absorb
68700,1,0.0000000000,0.0000000000,2.2500000000,0.0000000000,exit_right
68800,1,0.0000000000,0.0000000000,0.9409233204,0.0000000000,scatter
68800,2,0.9409233204,0.0000000000,1.2420384962,-0.0333006009,absorb
68900,1,0.0000000000,0.0000000000,2.2500000000,0.0000000000,exit_right
69000,1,0.0000000000,0.0000000000,1.4513159042,0.0000000000,scatter
69000,2,1.4513159042,0.0000000000,2.2500000000,-0.7072998073,exit_right
69100,1,0.0000000000,0.0000000000,0.9329950257,0.0000000000,scatter
69100,2,0.9329950257,0.0000000000,0.0000000000,1.2603232174,exit_left
69200,1,0.0000000000,0.0000000000,1.3289677551,0.0000000000,scatter
69200,2,1.3289677551,0.0000000000,0.6021476126,-0.1562878460,scatter
69200,3,0.6021476126,-0.1562878460,1.0314357801,0.2229177586,scatter
69200,4,1.0314357801,0.2229177586,1.0843088644,0.3317520546,absorb
69300,1,0.0000000000,0.0000000000,2.2500000000,0.0000000000,exit_right
69400,1,0.0000000000,0.0000000000,0.7355374491,0.0000000000,scatter
69400,2,0.7355374491,0.0000000000,2.2500000000,0.4933718562,exit_right
69500,1,0.0000000000,0.0000000000,1.6797355014,0.0000000000,scatter
69500,2,1.6797355014,0.0000000000,0.7106140550,-4.7448774099,absorb
69600,1,0.0000000000,0.0000000000,0.5395028733,0.0000000000,scatter
69600,2,0.5395028733,0.0000000000,0.2890445243,2.4705992023,absorb
69700,1,0.0000000000,0.0000000000,2.2500000000,0.0000000000,exit_right
69800,1,0.0000000000,0.0000000000,2.2500000000,0.0000000000,exit_right
69900,1,0.0000000000,0.0000000000,1.0343390020,0.0000000000,absorb
70000,1,0.0000000000,0.0000000000,1.3581667956,0.0000000000,scatter
70000,2,1.3581667956,0.0000000000,1.0972118351,0.0930637204,scatter
70000,3,1.0972118351,0.0930637204,1.2195418943,0.4107026109,scatter
70000,4,1.2195418943,0.4107026109,1.6949096719,-1.8263432117,scatter
70000,5,1.6949096719,-1.8263432117,0.7864026391,-3.0594157454,scatter
70000,6,0.7864026391,-3.0594157454,0.5954116789,-2.9997811461,scatter
70000,7,0.5954116789,-2.9997811461,0.0000000000,-3.5010816107,exit_left
70100,1,0.0000000000,0.0000000000,2.2500000000,0.0000000000,exit_right
70200,1,0.0000000000,0.0000000000,1.7270656135,0.0000000000,scatter
70200,2,1.7270656135,0.0000000000,1.8395527930,-0.0570288968,scatter
70200,3,1.8395527930,-0.0570288968,0.2593186392,2.1051744149,scatter
70200,4,0.2593186392,2.1051744149,2.2500000000,2.8911086833,exit_right
70300,1,0.0000000000,0.0000000000,1.3841884684,0.0000000000,absorb
70400,1,0.0000000000,0.0000000000,2.2500000000,0.0000000000,exit_right
70500,1,0.0000000000,0.0000000000,2.2500000000,0.0000000000,exit_right
70600,1,0.0000000000,0.0000000000,2.2500000000,0.0000000000,exit_right
70700,1,0.0000000000,0.0000000000,2.2500000000,0.0000000000,exit_right
70800,1,0.0000000000,0.0000000000,1.5704173608,0.0000000000,absorb
70900,1,0.0000000000,0.0000000000,0.5250021877,0.0000000000,scatter
70900,2,0.5250021877,0.0000000000,1.3362308556,2.5920786790,scatter
70900,3,1.3362308556,2.5920786790,1.3680013412,1.4735152235,scatter
70900,4,1.3680013412,1.4735152235,0.2778562154,1.3268837735,absorb
71000,1,0.0000000000,0.0000000000,1.4653149681,0.0000000000,scatter
71000,2,1.4653149681,0.0000000000,1.5131681227,-0.4333829292,scatter
71000,3,1.5131681227,-0.4333829292,1.8353718987,-0.9448937953,absorb
71100,1,0.0000000000,0.0000000000,0.4280239423,0.0000000000,absorb
71200,1,0.0000000000,0.0000000000,2.2500000000,0.0000000000,exit_right
71300,1,0.0000000000,0.0000000000,2.2500000000,0.0000000000,exit_right
71400,1,0.0000000000,0.0000000000,0.5975725806,0.0000000000,scatter
71400,2,0.5975725806,0.0000000000,2.2500000000,-0.1544698992,exit_right
71500,1,0.0000000000,0.0000000000,0.2698900737,0.0000000000,absorb
71600,1,0.0000000000,0.0000000000,2.2500000000,0.0000000000,exit_right
71700,1,0.0000000000,0.0000000000,0.6445087754,0.0000000000,scatter
71700,2,0.6445087754,0.0000000000,0.0000000000,1.4114691427,exit_left
71800,1,0.0000000000,0.0000000000,0.6476802507,0.0000000000,scatter
71800,2,0.6476802507,0.0000000000,1.1298747072,-2.1370034484,scatter
71800,3,1.1298747072,-2.1370034484,1.1762591544,-2.1923366969,absorb
71900,1,0.0000000000,0.0000000000,2.1276515647,0.0000000000,scatter
71900,2,2.1276515647,0.0000000000,1.5751866159,0.3227945871,scatter
71900,3,1.5751866159,0.3227945871,2.2500000000,0.0153602665,exit_right
72000,1,0.0000000000,0.0000000000,2.2500000000,0.0000000000,exit_right
72100,1,0.0000000000,0.0000000000,2.2500000000,0.0000000000,exit_right
72200,1,0.0000000000,0.0000000000,0.9313239322,0.0000000000,absorb
72300,1,0.0000000000,0.0000000000,2.2500000000,0.0000000000,exit_right
72400,1,0.0000000000,0.0000000000,0.8475576545,0.0000000000,scatter
72400,2,0.8475576545,0.0000000000,1.2777230070,0.9002418993,scatter
72400,3,1.2777230070,0.9002418993,1.2772314642,0.9346487203,absorb
72500,1,0.0000000000,0.0000000000,2.2500000000,0.0000000000,exit_right
72600,1,0.0000000000,0.0000000000,2.2500000000,0.0000000000,exit_right
72700,1,0.0000000000,0.0000000000,0.3469643209,0.0000000000,scatter
72700,2,0.3469643209,0.0000000000,2.2500000000,-0.5529930223,exit_right
72800,1,0.0000000000,0.0000000000,0.5621709760,0.0000000000,scatter
72800,2,0.5621709760,0.0000000000,0.0000000000,0.0484481984,exit_left
72900,1,0.0000000000,0.0000000000,2.2500000000,0.0000000000,exit_right
73000,1,0.0000000000,0.0000000000,0.1428963028,0.0000000000,scatter
73000,2,0.1428963028,0.0000000000,0.2625507458,-0.0621406614,scatter
73000,3,0.2625507458,-0.0621406614,0.0000000000,-0.0987728181,exit_left
73100,1,0.0000000000,0.0000000000,2.2191519659,0.0000000000,absorb
73200,1,0.0000000000,0.0000000000,1.4621566209,0.0000000000,scatter
73200,2,1.4621566209,0.0000000000,0.0000000000,-0.7700589191,exit_left
73300,1,0.0000000000,0.0000000000,1.7596629160,0.0000000000,scatter
73300,2,1.7596629160,0.0000000000,1.9154908287,-0.1569192874,absorb
73400,1,0.0000000000,0.0000000000,2.1499592916,0.0000000000,absorb
73500,1,0.0000000000,0.0000000000,0.1701031588,0.0000000000,scatter
73500,2,0.1701031588,0.0000000000,0.0000000000,0.2094759549,exit_left
73600,1,0.0000000000,0.0000000000,0.7729733416,0.0000000000,scatter
73600,2,0.7729733416,0.0000000000,1.2571903765,-3.5570043343,scatter
73600,3,1.2571903765,-3.5570043343,2.2500000000,-3.7908057967,exit_right
73700,1,0.0000000000,0.0000000000,1.3856424187,0.0000000000,scatter
73700,2,1.3856424187,0.0000000000,0.2795278479,-1.6814638099,absorb
73800,1,0.0000000000,0.0000000000,0.4037509204,0.0000000000,scatter
73800,2,0.4037509204,0.0000000000,0.3874269180,0.0090105109,absorb
73900,1,0.0000000000,0.0000000000,0.8562935857,0.0000000000,scatter
73900,2,0.8562935857,0.0000000000,0.0000000000,1.5233061874,exit_left
74000,1,0.0000000000,0.0000000000,2.2500000000,0.0000000000,exit_right
74100,1,0.0000000000,0.0000000000,0.9445108756,0.0000000000,scatter
74100,2,0.9445108756,0.0000000000,1.3888444589,-1.1598700301,scatter
74100,3,1.3888444589,-1.1598700301,1.4351488149,-1.0805141011,scatter
74100,4,1.4351488149,-1.0805141011,0.2422466929,-1.5715270337,absorb
74200,1,0.0000000000,0.0000000000,2.2500000000,0.0000000000,exit_right
74300,1,0.0000000000,0.0000000000,2.2500000000,0.0000000000,exit_right
74400,1,0.0000000000,0.0000000000,2.2500000000,0.0000000000,exit_right
74500,1,0.0000000000,0.0000000000,1.8162543325,0.0000000000,absorb
74600,1,0.0000000000,0.0000000000,0.7952972040,0.0000000000,scatter
74600,2,0.7952972040,0.0000000000,0.5474518191,0.5013669410,absorb
74700,1,0.0000000000,0.0000000000,1.8431510191,0.0000000000,scatter
74700,2,1.8431510191,0.0000000000,1.4865131812,0.8984545582,scatter
74700,3,1.4865131812,0.8984545582,1.9930213134,1.2272901836,scatter
74700,4,1.9930213134,1.2272901836,2.2500000000,1.1525096601,exit_right
74800,1,0.0000000000,0.0000000000,0.6315224407,0.0000000000,scatter
74800,2,0.6315224407,0.0000000000,0.0000000000,1.3812729575,exit_left
74900,1,0.0000000000,0.0000000000,0.2557656003,0.0000000000,scatter
74900,2,0.2557656003,0.0000000000,0.0000000000,-0.2545786277,exit_left
75000,1,0.0000000000,0.0000000000,2.2500000000,0.0000000000,exit_right
75100,1,0.0000000000,0.0000000000,0.1433065144,0.0000000000,scatter
75100,2,0.1433065144,0.0000000000,1.3434604251,1.7794741576,absorb
75200,1,0.0000000000,0.0000000000,0.1557824777,0.0000000000,scatter
75200,2,0.1557824777,0.0000000000,0.0392759475,0.2075412323,scatter
75200,3,0.0392759475,0.2075412323,0.0000000000,0.2152417772,exit_left
75300,1,0.0000000000,0.0000000000,1.1462728271,0.0000000000,absorb
75400,1,0.0000000000,0.0000000000,1.3178158319,0.0000000000,scatter
75400,2,1.3178158319,0.0000000000,2.2500000000,-0.5974362136,exit_right
75500,1,0.0000000000,0.0000000000,1.0268038069,0.0000000000,scatter
75500,2,1.0268038069,0.0000000000,2.2500000000,-2.1212978355,exit_right
75600,1,0.0000000000,0.0000000000,0.7791476924,0.0000000000,absorb
75700,1,0.0000000000,0.0000000000,1.8447422293,0.0000000000,scatter
75700,2,1.8447422293,0.0000000000,2.2500000000,-0.9890664120,exit_right
75800,1,0.0000000000,0.0000000000,2.2500000000,0.0000000000,exit_right
75900,1,0.0000000000,0.0000000000,0.6524230194,0.0000000000,scatter
75900,2,0.6524230194,0.0000000000,0.0000000000,-2.0799045016,exit_left
76000,1,0.0000000000,0.0000000000,2.2500000000,0.0000000000,exit_right
76100,1,0.0000000000,0.0000000000,1.3565984966,0.0000000000,scatter
76100,2,1.3565984966,0.0000000000,2.2500000000,1.2892117325,exit_right
76200,1,0.0000000000,0.0000000000,0.7186827871,0.0000000000,scatter
76200,2,0.7186827871,0.0000000000,2.2500000000,-1.9163536678,exit_right
76300,1,0.0000000000,0.0000000000,2.2186093534,0.0000000000,scatter
76300,2,2.2186093534,0.0000000000,2.1591039588,-0.9229423838,scatter
76300,3,2.1591039588,-0.9229423838,1.5321976621,-1.0072594642,scatter
76300,4,1.5321976621,-1.0072594642,2.2500000000,-0.0336815487,exit_right
76400,1,0.0000000000,0.0000000000,2.2500000000,0.0000000000,exit_right
76500,1,0.0000000000,0.0000000000,2.2500000000,0.0000000000,exit_right
76600,1,0.0000000000,0.0000000000,0.6582641135,0.0000000000,scatter
76600,2,0.6582641135,0.0000000000,0.1658803933,0.4473540957,scatter
76600,3,0.1658803933,0.4473540957,0.4248367052,1.3297498392,absorb
76700,1,0.0000000000,0.0000000000,0.0074486892,0.0000000000,absorb
76800,1,0.0000000000,0.0000000000,0.0871819067,0.0000000000,scatter
76800,2,0.0871819067,0.0000000000,1.6197488220,-0.3521243669,absorb
76900,1,0.0000000000,0.0000000000,2.2500000000,0.0000000000,exit_right
77000,1,0.0000000000,0.0000000000,1.0669365274,0.0000000000,scatter
77000,2,1.0669365274,0.0000000000,0.8869015269,0.8458595358,scatter
77000,3,0.8869015269,0.8458595358,1.6692610705,-0.5205981326,absorb
77100,1,0.0000000000,0.0000000000,1.3147056788,0.0000000000,scatter
77100,2,1.3147056788,0.0000000000,2.2500000000,0.3629046487,exit_right
77200,1,0.0000000000,0.0000000000,2.2500000000,0.0000000000,exit_right
77300,1,0.0000000000,0.0000000000,1.2711435655,0.0000000000,absorb
77400,1,0.0000000000,0.0000000000,0.2007989645,0.0000000000,scatter
77400,2,0.2007989645,0.0000000000,2.2500000000,0.6249776400,exit_right
77500,1,0.0000000000,0.0000000000,0.4043833809,0.0000000000,scatter
77500,2,0.4043833809,0.0000000000,1.5922209647,-0.1654948711,scatter
77500,3,1.5922209647,-0.1654948711,1.5511678707,-0.0485008500,scatter
77500,4,1.5511678707,-0.0485008500,2.2500000000,-1.0152738327,exit_right
77600,1,0.0000000000,0.0000000000,1.4446938456,0.0000000000,scatter
77600,2,1.4446938456,0.0000000000,0.1311587084,2.3713900737,absorb
77700,1,0.0000000000,0.0000000000,1.0788541898,0.0000000000,scatter
77700,2,1.0788541898,0.0000000000,2.2500000000,-1.0623879047,exit_right
77800,1,0.0000000000,0.0000000000,2.2500000000,0.0000000000,exit_right
77900,1,0.0000000000,0.0000000000,2.1802540243,0.0000000000,scatter
77900,2,2.1802540243,0.0000000000,2.2500000000,0.0116581436,exit_right
78000,1,0.0000000000,0.0000000000,0.0350074947,0.0000000000,absorb
78100,1,0.0000000000,0.0000000000,1.6814155324,0.0000000000,scatter
78100,2,1.6814155324,0.0000000000,1.6169437617,-0.0093312554,scatter
78100,3,1.6169437617,-0.0093312554,1.5083489837,0.1794365206,scatter
78100,4,1.5083489837,0.1794365206,0.7806394550,3.1217314114,scatter
78100,5,0.7806394550,3.1217314114,1.7129542193,3.4371976490,scatter
78100,6,1.7129542193,3.4371976490,0.0000000000,10.6641881118,exit_left
78200,1,0.0000000000,0.0000000000,0.1712927458,0.0000000000,scatter
78200,2,0.1712927458,0.0000000000,0.0000000000,0.7824744581,exit_left
78300,1,0.0000000000,0.0000000000,1.9643072394,0.0000000000,scatter
78300,2,1.9643072394,0.0000000000,2.2500000000,-0.2144166930,exit_right
78400,1,0.0000000000,0.0000000000,0.7650194979,0.0000000000,absorb
78500,1,0.0000000000,0.0000000000,1.1548718950,0.0000000000,scatter
78500,2,1.1548718950,0.0000000000,0.0000000000,-0.2679821824,exit_left
78600,1,0.0000000000,0.0000000000,2.0510734335,0.0000000000,scatter
78600,2,2.0510734335,0.0000000000,2.2500000000,-0.3143241449,exit_right
78700,1,0.0000000000,0.0000000000,2.2500000000,0.0000000000,exit_right
78800,1,0.0000000000,0.0000000000,1.5364849631,0.0000000000,scatter
78800,2,1.5364849631,0.0000000000,2.2500000000,-0.1368211046,exit_right
78900,1,0.0000000000,0.0000000000,0.0344738201,0.0000000000,scatter
78900,2,0.0344738201,0.0000000000,0.0000000000,0.2708739252,exit_left
79000,1,0.0000000000,0.0000000000,1.0352703481,0.0000000000,scatter
79000,2,1.0352703481,0.0000000000,2.2500000000,1.9340129639,exit_right
79100,1,0.0000000000,0.0000000000,0.5016162468,0.0000000000,scatter
79100,2,0.5016162468,0.0000000000,0.0000000000,0.2932410514,exit_left
79200,1,0.0000000000,0.0000000000,1.2245985484,0.0000000000,scatter
79200,2,1.2245985484,0.0000000000,2.2500000000,0.0790374793,exit_right
79300,1,0.0000000000,0.0000000000,0.0344873090,0.0000000000,scatter
79300,2,0.0344873090,0.0000000000,0.0000000000,-0.0044733068,exit_left
79400,1,0.0000000000,0.0000000000,0.1660554905,0.0000000000,scatter
79400,2,0.1660554905,0.0000000000,1.7743894558,-0.1661838744,scatter
79400,3,1.7743894558,-0.1661838744,2.0488668279,0.7138449568,absorb
79500,1,0.0000000000,0.0000000000,0.4865618501,0.0000000000,absorb
79600,1,0.0000000000,0.0000000000,2.2500000000,0.0000000000,exit_right
79700,1,0.0000000000,0.0000000000,1.8870487336,0.0000000000,scatter
79700,2,1.8870487336,0.0000000000,2.1546489191,-0.2192631278,scatter
79700,3,2.1546489191,-0.2192631278,0.0000000000,0.3727909431,exit_left
79800,1,0.0000000000,0.0000000000,2.2500000000,0.0000000000,exit_right
79900,1,0.0000000000,0.0000000000,0.5594263247,0.0000000000,scatter
79900,2,0.5594263247,0.0000000000,1.4769864405,-5.1546676208,absorb
80000,1,0.0000000000,0.0000000000,2.2500000000,0.0000000000,exit_right
80100,1,0.0000000000,0.0000000000,1.0465421562,0.0000000000,scatter
80100,2,1.0465421562,0.0000000000,0.0000000000,-0.0484531067,exit_left
80200,1,0.0000000000,0.0000000000,0.6371405809,0.0000000000,scatter
80200,2,0.6371405809,0.0000000000,0.3075238350,0.1006412649,scatter
80200,3,0.3075238350,0.1006412649,0.0000000000,0.1575830430,exit_left
80300,1,0.0000000000,0.0000000000,1.9105483788,0.0000000000,scatter
80300,2,1.9105483788,0.0000000000,1.5580503963,0.4510631940,scatter
80300,3,1.5580503963,0.4510631940,0.9018151303,0.8018090312,scatter
80300,4,0.9018151303,0.8018090312,1.0195177431,-0.8595512118,absorb
80400,1,0.0000000000,0.0000000000,2.0067093218,0.0000000000,scatter
80400,2,2.0067093218,0.0000000000,1.9080019644,-3.1866698714,scatter
80400,3,1.9080019644,-3.1866698714,0.0000000000,-3.5841917165,exit_left
80500,1,0.0000000000,0.0000000000,0.1599793220,0.0000000000,absorb
80600,1,0.0000000000,0.0000000000,0.1112409706,0.0000000000,scatter
80600,2,0.1112409706,0.0000000000,0.5660479394,-0.0847609285,scatter
80600,3,0.5660479394,-0.0847609285,0.0000000000,-0.2772703607,exit_left
80700,1,0.0000000000,0.0000000000,0.7580058168,0.0000000000,scatter
80700,2,0.7580058168,0.0000000000,0.0000000000,-0.2887417266,exit_left
80800,1,0.0000000000,0.0000000000,0.4764269902,0.0000000000,absorb
80900,1,0.0000000000,0.0000000000,2.2500000000,0.0000000000,exit_right
81000,1,0.0000000000,0.0000000000,2.2500000000,0.0000000000,exit_right
81100,1,0.0000000000,0.0000000000,2.2500000000,0.0000000000,exit_right
81200,1,0.0000000000,0.0000000000,2.2500000000,0.0000000000,exit_right
81300,1,0.0000000000,0.0000000000,2.2500000000,0.0000000000,exit_right
81400,1,0.0000000000,0.0000000000,2.2500000000,0.0000000000,exit_right
81500,1,0.0000000000,0.0000000000,0.0051320867,0.0000000000,absorb
81600,1,0.0000000000,0.0000000000,1.5321759454,0.0000000000,scatter
81600,2,1.5321759454,0.0000000000,1.5560397021,-3.7213911198,scatter
81600,3,1.5560397021,-3.7213911198,1.4527773021,-5.3545678015,scatter
81600,4,1.4527773021,-5.3545678015,1.1014965653,-4.7569120741,scatter
81600,5,1.1014965653,-4.7569120741,0.0000000000,-5.1977533017,exit_left
81700,1,0.0000000000,0.0000000000,0.2663766981,0.0000000000,scatter
81700,2,0.2663766981,0.0000000000,0.0000000000,0.0388988394,exit_left
81800,1,0.0000000000,0.0000000000,2.2500000000,0.0000000000,exit_right
81900,1,0.0000000000,0.0000000000,0.3145729197,0.0000000000,scatter
81900,2,0.3145729197,0.0000000000,2.2500000000,1.0141770727,exit_right
82000,1,0.0000000000,0.0000000000,0.3606111719,0.0000000000,scatter
82000,2,0.3606111719,0.0000000000,2.2500000000,0.7078554886,exit_right
82100,1,0.0000000000,0.0000000000,0.5731965267,0.0000000000,scatter
82100,2,0.5731965267,0.0000000000,0.0000000000,2.0995103343,exit_left
82200,1,0.0000000000,0.0000000000,1.1188812635,0.0000000000,scatter
82200,2,1.1188812635,0.0000000000,1.2083216652,0.0855025772,scatter
82200,3,1.2083216652,0.0855025772,0.8739736298,0.3950486845,absorb
82300,1,0.0000000000,0.0000000000,2.2500000000,0.0000000000,exit_right
82400,1,0.0000000000,0.0000000000,1.2944545043,0.0000000000,scatter
82400,2,1.2944545043,0.0000000000,1.8350200007,-0.4685654521,scatter
82400,3,1.8350200007,-0.4685654521,2.2500000000,0.8759566672,exit_right
82500,1,0.0000000000,0.0000000000,0.7320797236,0.0000000000,scatter
82500,2,0.7320797236,0.0000000000,2.2500000000,0.8881982041,exit_right
82600,1,0.0000000000,0.0000000000,2.2500000000,0.0000000000,exit_right
82700,1,0.0000000000,0.0000000000,1.4014399075,0.0000000000,scatter
82700,2,1.4014399075,0.0000000000,2.2500000000,2.7897386315,exit_right
82800,1,0.0000000000,0.0000000000,2.2500000000,0.0000000000,exit_right
82900,1,0.0000000000,0.0000000000,2.2500000000,0.0000000000,exit_right
83000,1,0.0000000000,0.0000000000,1.2396727115,0.0000000000,scatter
83000,2,1.2396727115,0.0000000000,0.9522759413,0.0416711701,scatter
83000,3,0.9522759413,0.0416711701,0.7500231846,-0.2995468380,scatter
83000,4,0.7500231846,-0.2995468380,2.2500000000,0.0757618542,exit_right
83100,1,0.0000000000,0.0000000000,2.2500000000,0.0000000000,exit_right
83200,1,0.0000000000,0.0000000000,0.7386484655,0.0000000000,scatter
83200,2,0.7386484655,0.0000000000,1.4078300835,0.2553476504,scatter
83200,3,1.4078300835,0.2553476504,2.0616302559,0.6530265056,scatter
83200,4,2.0616302559,0.6530265056,0.0000000000,0.6185223452,exit_left
83300,1,0.0000000000,0.0000000000,0.4537738679,0.0000000000,scatter
83300,2,0.4537738679,0.0000000000,0.0000000000,0.0974685274,exit_left
83400,1,0.0000000000,0.0000000000,2.2500000000,0.0000000000,exit_right
83500,1,0.0000000000,0.0000000000,0.1308054772,0.0000000000,absorb
83600,1,0.0000000000,0.0000000000,2.2217849362,0.0000000000,scatter
83600,2,2.2217849362,0.0000000000,2.2500000000,-0.0254324361,exit_right
83700,1,0.0000000000,0.0000000000,0.0918657936,0.0000000000,scatter
83700,2,0.0918657936,0.0000000000,0.0000000000,-0.0427400021,exit_left
83800,1,0.0000000000,0.0000000000,2.2500000000,0.0000000000,exit_right
83900,1,0.0000000000,0.0000000000,0.6691384895,0.0000000000,scatter
83900,2,0.6691384895,0.0000000000,0.0000000000,0.0517398485,exit_left
84000,1,0.0000000000,0.0000000000,0.9736809314,0.0000000000,absorb
84100,1,0.0000000000,0.0000000000,1.2828040538,0.0000000000,absorb
84200,1,0.0000000000,0.0000000000,2.2500000000,0.0000000000,exit_right
84300,1,0.0000000000,0.0000000000,2.2500000000,0.0000000000,exit_right
84400,1,0.0000000000,0.0000000000,0.2529391188,0.0000000000,absorb
84500,1,0.0000000000,0.0000000000,0.5548514150,0.0000000000,scatter
84500,2,0.5548514150,0.0000000000,2.2500000000,-0.9241626705,exit_right
84600,1,0.0000000000,0.0000000000,1.5585234521,0.0000000000,scatter
84600,2,1.5585234521,0.0000000000,2.2500000000,-0.2443659277,exit_right
84700,1,0.0000000000,0.0000000000,2.2500000000,0.0000000000,exit_right
84800,1,0.0000000000,0.0000000000,0.9949216070,0.0000000000,scatter
84800,2,0.9949216070,0.0000000000,0.1768452056,-0.6401435081,absorb
84900,1,0.0000000000,0.0000000000,1.7464827403,0.0000000000,scatter
84900,2,1.7464827403,0.0000000000,2.2500000000,-0.2154246610,exit_right
85000,1,0.0000000000,0.0000000000,0.0292885954,0.0000000000,scatter
85000,2,0.0292885954,0.0000000000,0.7417901365,0.0240610808,scatter
85000,3,0.7417901365,0.0240610808,0.6001369396,-0.2594657010,scatter
85000,4,0.6001369396,-0.2594657010,0.9641246652,-0.3684592112,scatter
85000,5,0.9641246652,-0.3684592112,1.5112710376,-0.2715325958,scatter
85000,6,1.5112710376,-0.2715325958,2.0205943227,-6.2952553185,absorb
85100,1,0.0000000000,0.0000000000,1.2027259607,0.0000000000,scatter
85100,2,1.2027259607,0.0000000000,1.6092020833,-0.4477987192,scatter
85100,3,1.6092020833,-0.4477987192,1.1809010144,-2.9155928240,scatter
85100,4,1.1809010144,-2.9155928240,0.9230186122,-3.2108526762,absorb
85200,1,0.0000000000,0.0000000000,2.2500000000,0.0000000000,exit_right
85300,1,0.0000000000,0.0000000000,1.6503739247,0.0000000000,scatter
85300,2,1.6503739247,0.0000000000,0.0000000000,-2.1032449749,exit_left
85400,1,0.0000000000,0.0000000000,2.2500000000,0.0000000000,exit_right
85500,1,0.0000000000,0.0000000000,1.5628637450,0.0000000000,absorb
85600,1,0.0000000000,0.0000000000,0.7737960039,0.0000000000,absorb
85700,1,0.0000000000,0.0000000000,2.2500000000,0.0000000000,exit_right
85800,1,0.0000000000,0.0000000000,1.7116251730,0.0000000000,scatter
85800,2,1.7116251730,0.0000000000,0.4121076929,-0.9175546204,scatter
85800,3,0.4121076929,-0.9175546204,0.0000000000,-0.6483805282,exit_left
85900,1,0.0000000000,0.0000000000,1.0627859938,0.0000000000,scatter
85900,2,1.0627859938,0.0000000000,1.5896107503,2.2169433428,scatter
85900,3,1.5896107503,2.2169433428,0.0635705144,2.6106272861,scatter
85900,4,0.0635705144,2.6106272861,0.8165242090,2.3249279555,scatter
85900,5,0.8165242090,2.3249279555,0.0000000000,1.1172566502,exit_left
86000,1,0.0000000000,0.0000000000,2.2500000000,0.0000000000,exit_right
86100,1,0.0000000000,0.0000000000,1.4887864882,0.0000000000,absorb
86200,1,0.0000000000,0.0000000000,2.2500000000,0.0000000000,exit_right
86300,1,0.0000000000,0.0000000000,1.0236680991,0.0000000000,absorb
86400,1,0.0000000000,0.0000000000,2.2500000000,0.0000000000,exit_right
86500,1,0.0000000000,0.0000000000,2.2500000000,0.0000000000,exit_right
86600,1,0.0000000000,0.0000000000,2.2500000000,0.0000000000,exit_right
86700,1,0.0000000000,0.0000000000,0.7617719074,0.0000000000,scatter
86700,2,0.7617719074,0.0000000000,2.1254225949,-0.0498194350,scatter
86700,3,2.1254225949,-0.0498194350,1.8132115561,-0.0038548098,scatter
86700,4,1.8132115561,-0.0038548098,1.7601400925,-0.4091115625,scatter
86700,5,1.7601400925,-0.4091115625,0.5866326323,1.3892278264,absorb
86800,1,0.0000000000,0.0000000000,1.7693173711,0.0000000000,scatter
86800,2,1.7693173711,0.0000000000,1.2266028354,-0.0653850923,scatter
86800,3,1.2266028354,-0.0653850923,2.0786451663,-1.6562820206,scatter
86800,4,2.0786451663,-1.6562820206,1.6410700492,-2.0399251967,scatter
86800,5,1.6410700492,-2.0399251967,1.8958324502,-0.9813099078,scatter
86800,6,1.8958324502,-0.9813099078,2.2500000000,-0.5451590833,exit_right
86900,1,0.0000000000,0.0000000000,1.8515255242,0.0000000000,scatter
86900,2,1.8515255242,0.0000000000,0.8961605801,-1.2505520991,scatter
86900,3,0.8961605801,-1.2505520991,2.2500000000,-0.4103186415,exit_right
87000,1,0.0000000000,0.0000000000,0.5101876033,0.0000000000,scatter
87000,2,0.5101876033,0.0000000000,1.4059072730,0.3137235083,scatter
87000,3,1.4059072730,0.3137235083,0.6325383407,-0.8851176774,scatter
87000,4,0.6325383407,-0.8851176774,2.2500000000,1.3164456362,exit_right
87100,1,0.0000000000,0.0000000000,2.2500000000,0.0000000000,exit_right
87200,1,0.0000000000,0.0000000000,0.5451465156,0.0000000000,scatter
87200,2,0.5451465156,0.0000000000,0.5621219866,0.8442804496,scatter
87200,3,0.5621219866,0.8442804496,0.0000000000,0.3180836135,exit_left
87300,1,0.0000000000,0.0000000000,0.8315600983,0.0000000000,scatter
87300,2,0.8315600983,0.0000000000,1.0823974450,0.2933581519,scatter
87300,3,1.0823974450,0.2933581519,0.0373665160,0.4526481614,scatter
87300,4,0.0373665160,0.4526481614,0.0000000000,0.4852325083,exit_left
87400,1,0.0000000000,0.0000000000,0.2925697115,0.0000000000,scatter
87400,2,0.2925697115,0.0000000000,0.8693043259,-0.9208090567,scatter
87400,3,0.8693043259,-0.9208090567,2.2500000000,-0.1574476617,exit_right
87500,1,0.0000000000,0.0000000000,0.4014573018,0.0000000000,scatter
87500,2,0.4014573018,0.0000000000,0.0000000000,-0.3193135708,exit_left
87600,1,0.0000000000,0.0000000000,0.6086924391,0.0000000000,scatter
87600,2,0.6086924391,0.0000000000,0.5665189871,-0.9179020554,absorb
87700,1,0.0000000000,0.0000000000,0.5601985396,0.0000000000,scatter
87700,2,0.5601985396,0.0000000000,0.2473487234,0.2917204503,scatter
87700,3,0.2473487234,0.2917204503,0.0000000000,-1.5642023457,exit_left
87800,1,0.0000000000,0.0000000000,0.5041999075,0.0000000000,scatter
87800,2,0.5041999075,0.0000000000,0.7791568670,0.1848795414,absorb
87900,1,0.0000000000,0.0000000000,1.9309453952,0.0000000000,scatter
87900,2,1.9309453952,0.0000000000,2.2500000000,0.3294470179,exit_right
88000,1,0.0000000000,0.0000000000,0.5524110773,0.0000000000,scatter
88000,2,0.5524110773,0.0000000000,2.2500000000,-0.1399168164,exit_right
88100,1,0.0000000000,0.0000000000,2.2500000000,0.0000000000,exit_right
88200,1,0.0000000000,0.0000000000,1.2412745579,0.0000000000,absorb
88300,1,0.0000000000,0.0000000000,2.2500000000,0.0000000000,exit_right
88400,1,0.0000000000,0.0000000000,0.1704153337,0.0000000000,scatter
88400,2,0.1704153337,0.0000000000,0.2155266460,0.5780021645,scatter
88400,3,0.2155266460,0.5780021645,1.7217771752,0.0088755311,absorb
88500,1,0.0000000000,0.0000000000,0.3948722194,0.0000000000,scatter
88500,2,0.3948722194,0.0000000000,0.9806891792,-0.3364523879,scatter
88500,3,0.9806891792,-0.3364523879,2.2500000000,0.3041580284,exit_right
88600,1,0.0000000000,0.0000000000,2.1681946344,0.0000000000,scatter
88600,2,2.1681946344,0.0000000000,2.2500000000,0.0427646545,exit_right
88700,1,0.0000000000,0.0000000000,2.2500000000,0.0000000000,exit_right
88800,1,0.0000000000,0.0000000000,0.1776172378,0.0000000000,absorb
88900,1,0.0000000000,0.0000000000,0.3187035108,0.0000000000,scatter
88900,2,0.3187035108,0.0000000000,0.2004357693,0.1631785146,scatter
88900,3,0.2004357693,0.1631785146,2.2500000000,-0.2547341685,exit_right
89000,1,0.0000000000,0.0000000000,1.1171320806,0.0000000000,scatter
89000,2,1.1171320806,0.0000000000,0.0000000000,0.2845853385,exit_left
89100,1,0.0000000000,0.0000000000,1.2005332850,0.0000000000,scatter
89100,2,1.2005332850,0.0000000000,1.3141066693,-0.5001012111,scatter
89100,3,1.3141066693,-0.5001012111,1.6743729534,-0.6634445559,absorb
89200,1,0.0000000000,0.0000000000,1.4884588794,0.0000000000,scatter
89200,2,1.4884588794,0.0000000000,1.6232605036,-0.1445226007,absorb
89300,1,0.0000000000,0.0000000000,1.2867161842,0.0000000000,scatter
89300,2,1.2867161842,0.0000000000,2.2500000000,0.5152080003,exit_right
89400,1,0.0000000000,0.0000000000,2.2500000000,0.0000000000,exit_right
89500,1,0.0000000000,0.0000000000,2.2500000000,0.0000000000,exit_right
89600,1,0.0000000000,0.0000000000,0.5121404984,0.0000000000,scatter
89600,2,0.5121404984,0.0000000000,0.4248125830,-0.2760809297,scatter
89600,3,0.4248125830,-0.2760809297,2.2500000000,0.3427736998,exit_right
89700,1,0.0000000000,0.0000000000,2.0019193330,0.0000000000,scatter
89700,2,2.0019193330,0.0000000000,2.2500000000,-0.1568654752,exit_right
89800,1,0.0000000000,0.0000000000,0.3520348405,0.0000000000,absorb
89900,1,0.0000000000,0.0000000000,0.6320072694,0.0000000000,scatter
89900,2,0.6320072694,0.0000000000,0.0000000000,-0.1445144505,exit_left
90000,1,0.0000000000,0.0000000000,2.2500000000,0.0000000000,exit_right
90100,1,0.0000000000,0.0000000000,2.2500000000,0.0000000000,exit_right
90200,1,0.0000000000,0.0000000000,0.1251925408,0.0000000000,scatter
90200,2,0.1251925408,0.0000000000,0.0000000000,-0.0639930625,exit_left
90300,1,0.0000000000,0.0000000000,2.2500000000,0.0000000000,exit_right
90400,1,0.0000000000,0.0000000000,2.2500000000,0.0000000000,exit_right
90500,1,0.0000000000,0.0000000000,2.2500000000,0.0000000000,exit_right
90600,1,0.0000000000,0.0000000000,0.2818754972,0.0000000000,scatter
90600,2,0.2818754972,0.0000000000,2.2500000000,-1.0845861589,exit_right
90700,1,0.0000000000,0.0000000000,0.6877219458,0.0000000000,scatter
90700,2,0.6877219458,0.0000000000,0.0000000000,-0.3225060040,exit_left
90800,1,0.0000000000,0.0000000000,2.2500000000,0.0000000000,exit_right
90900,1,0.0000000000,0.0000000000,0.1050848494,0.0000000000,scatter
90900,2,0.1050848494,0.0000000000,0.4730874314,-0.3546548427,scatter
90900,3,0.4730874314,-0.3546548427,0.4188923870,-0.4430842130,scatter
90900,4,0.4188923870,-0.4430842130,0.4389982238,-0.1055678540,scatter
90900,5,0.4389982238,-0.1055678540,0.2267303529,-1.0219983683,scatter
90900,6,0.2267303529,-1.0219983683,0.0000000000,-1.6759739167,exit_left
91000,1,0.0000000000,0.0000000000,1.4282999005,0.0000000000,scatter
91000,2,1.4282999005,0.0000000000,1.4581936752,-0.0739838628,scatter
91000,3,1.4581936752,-0.0739838628,1.1453654826,-0.9622106683,scatter
91000,4,1.1453654826,-0.9622106683,0.0000000000,-0.5161547430,exit_left
91100,1,0.0000000000,0.0000000000,1.1236971433,0.0000000000,scatter
91100,2,1.1236971433,0.0000000000,1.2006279104,0.1823608869,scatter
91100,3,1.2006279104,0.1823608869,2.2500000000,0.9479675660,exit_right
91200,1,0.0000000000,0.0000000000,0.9334760251,0.0000000000,scatter
91200,2,0.9334760251,0.0000000000,0.7768724505,-0.0978177041,scatter
91200,3,0.7768724505,-0.0978177041,0.7333548021,0.0482286417,scatter
91200,4,0.7333548021,0.0482286417,2.2500000000,3.0127213776,exit_right
91300,1,0.0000000000,0.0000000000,1.2313001844,0.0000000000,scatter
91300,2,1.2313001844,0.0000000000,1.4851411866,-3.9543232477,absorb
91400,1,0.0000000000,0.0000000000,2.2500000000,0.0000000000,exit_right
91500,1,0.0000000000,0.0000000000,0.3406623764,0.0000000000,scatter
91500,2,0.3406623764,0.0000000000,0.0000000000,0.1132737113,exit_left
91600,1,0.0000000000,0.0000000000,2.0825831024,0.0000000000,scatter
91600,2,2.0825831024,0.0000000000,0.0000000000,-0.1657589467,exit_left
91700,1,0.0000000000,0.0000000000,0.6360804352,0.0000000000,scatter
91700,2,0.6360804352,0.0000000000,0.9790703739,0.3203318304,absorb
91800,1,0.0000000000,0.0000000000,0.8345072067,0.0000000000,absorb
91900,1,0.0000000000,0.0000000000,1.5214680370,0.0000000000,scatter
91900,2,1.5214680370,0.0000000000,1.8049009419,-0.4695473465,scatter
91900,3,1.8049009419,-0.4695473465,2.2500000000,-0.7347510585,exit_right
92000,1,0.0000000000,0.0000000000,1.0629571450,0.0000000000,scatter
92000,2,1.0629571450,0.0000000000,0.8985452271,-0.1049905534,scatter
92000,3,0.8985452271,-0.1049905534,2.2500000000,0.9404330423,exit_right
92100,1,0.0000000000,0.0000000000,0.2544102420,0.0000000000,scatter
92100,2,0.2544102420,0.0000000000,0.0000000000,-0.1689514243,exit_left
92200,1,0.0000000000,0.0000000000,2.2500000000,0.0000000000,exit_right
92300,1,0.0000000000,0.0000000000,0.6875844341,0.0000000000,scatter
92300,2,0.6875844341,0.0000000000,0.8940363028,1.0020143322,scatter
92300,3,0.8940363028,1.0020143322,0.1771766891,1.6137677509,scatter
92300,4,0.1771766891,1.6137677509,0.2130019456,1.4812983605,scatter
92300,5,0.2130019456,1.4812983605,1.5719379448,1.7948310989,scatter
92300,6,1.5719379448,1.7948310989,1.5074016689,1.7236624340,absorb
92400,1,0.0000000000,0.0000000000,2.2500000000,0.0000000000,exit_right
92500,1,0.0000000000,0.0000000000,2.2500000000,0.0000000000,exit_right
92600,1,0.0000000000,0.0000000000,0.0672051880,0.0000000000,scatter
92600,2,0.0672051880,0.0000000000,0.8279151178,1.7440691736,scatter
92600,3,0.8279151178,1.7440691736,2.2500000000,0.7472569135,exit_right
92700,1,0.0000000000,0.0000000000,0.6136510770,0.0000000000,scatter
92700,2,0.6136510770,0.0000000000,0.0000000000,0.7401970560,exit_left
92800,1,0.0000000000,0.0000000000,2.2500000000,0.0000000000,exit_right
92900,1,0.0000000000,0.0000000000,0.2505553327,0.0000000000,scatter
92900,2,0.2505553327,0.0000000000,0.0789403945,-0.3562175999,scatter
92900,3,0.0789403945,-0.3562175999,1.5638988605,-1.8326444279,scatter
92900,4,1.5638988605,-1.8326444279,1.1361267539,-1.5033629623,scatter
92900,5,1.1361267539,-1.5033629623,1.5200969095,0.1494142381,scatter
92900,6,1.5200969095,0.1494142381,1.6516027781,-5.4956001788,scatter
92900,7,1.6516027781,-5.4956001788,0.8857730606,-6.9228028822,scatter
92900,8,0.8857730606,-6.9228028822,0.9008781235,-6.8148824272,absorb
93000,1,0.0000000000,0.0000000000,2.2500000000,0.0000000000,exit_right
93100,1,0.0000000000,0.0000000000,2.0829503057,0.0000000000,scatter
93100,2,2.0829503057,0.0000000000,2.2500000000,-0.2490277048,exit_right
93200,1,0.0000000000,0.0000000000,0.2235625152,0.0000000000,scatter
93200,2,0.2235625152,0.0000000000,2.2500000000,-4.0149268040,exit_right
93300,1,0.0000000000,0.0000000000,1.1435373244,0.0000000000,scatter
93300,2,1.1435373244,0.0000000000,1.1493935100,-0.0057343720,scatter
93300,3,1.1493935100,-0.0057343720,1.2908096025,-0.4804714383,scatter
93300,4,1.2908096025,-0.4804714383,0.3502046259,-1.5526528926,scatter
93300,5,0.3502046259,-1.5526528926,2.2500000000,2.3820542372,exit_right
93400,1,0.0000000000,0.0000000000,2.2500000000,0.0000000000,exit_right
93500,1,0.0000000000,0.0000000000,2.2500000000,0.0000000000,exit_right
93600,1,0.0000000000,0.0000000000,0.3648296696,0.0000000000,scatter
93600,2,0.3648296696,0.0000000000,0.0000000000,-0.1877673428,exit_left
93700,1,0.0000000000,0.0000000000,2.2500000000,0.0000000000,exit_right
93800,1,0.0000000000,0.0000000000,1.0033995014,0.0000000000,scatter
93800,2,1.0033995014,0.0000000000,1.8767428840,1.5603661226,absorb
93900,1,0.0000000000,0.0000000000,2.1237272160,0.0000000000,absorb
94000,1,0.0000000000,0.0000000000,0.3559766974,0.0000000000,scatter
94000,2,0.3559766974,0.0000000000,0.0000000000,0.0392195167,exit_left
94100,1,0.0000000000,0.0000000000,1.6487873421,0.0000000000,scatter
94100,2,1.6487873421,0.0000000000,2.2500000000,0.4797513469,exit_right
94200,1,0.0000000000,0.0000000000,2.2500000000,0.0000000000,exit_right
94300,1,0.0000000000,0.0000000000,1.1175280895,0.0000000000,scatter
94300,2,1.1175280895,0.0000000000,0.1459726481,0.9584748159,scatter
94300,3,0.1459726481,0.9584748159,0.0000000000,0.7803655806,exit_left
94400,1,0.0000000000,0.0000000000,2.2500000000,0.0000000000,exit_right
94500,1,0.0000000000,0.0000000000,2.2500000000,0.0000000000,exit_right
94600,1,0.0000000000,0.0000000000,0.8684525412,0.0000000000,scatter
94600,2,0.8684525412,0.0000000000,0.0000000000,-0.3785600933,exit_left
94700,1,0.0000000000,0.0000000000,2.2500000000,0.0000000000,exit_right
94800,1,0.0000000000,0.0000000000,0.8981281331,0.0000000000,scatter
94800,2,0.8981281331,0.0000000000,0.9722769704,0.2996928903,scatter
94800,3,0.9722769704,0.2996928903,0.9612906884,0.2561288488,scatter
94800,4,0.9612906884,0.2561288488,0.9409186705,1.0797402409,scatter
94800,5,0.9409186705,1.0797402409,0.0000000000,0.1468266228,exit_left
94900,1,0.0000000000,0.0000000000,2.2500000000,0.0000000000,exit_right
95000,1,0.0000000000,0.0000000000,2.2500000000,0.0000000000,exit_right
95100,1,0.0000000000,0.0000000000,0.8429336551,0.0000000000,scatter
95100,2,0.8429336551,0.0000000000,0.6213014944,0.2723353882,scatter
95100,3,0.6213014944,0.2723353882,2.2500000000,1.4550795979,exit_right
95200,1,0.0000000000,0.0000000000,0.3510758120,0.0000000000,scatter
95200,2,0.3510758120,0.0000000000,1.9517821278,-0.4872288180,scatter
95200,3,1.9517821278,-0.4872288180,2.2500000000,-0.0494308488,exit_right
95300,1,0.0000000000,0.0000000000,0.4302394255,0.0000000000,scatter
95300,2,0.4302394255,0.0000000000,0.3774460160,0.1068104468,scatter
95300,3,0.3774460160,0.1068104468,1.0382462576,0.1769586694,scatter
95300,4,1.0382462576,0.1769586694,0.0000000000,-0.2035740174,exit_left
95400,1,0.0000000000,0.0000000000,0.3405792666,0.0000000000,scatter
95400,2,0.3405792666,0.0000000000,0.2702292594,0.1659913924,scatter
95400,3,0.2702292594,0.1659913924,0.0000000000,-0.0745876267,exit_left
95500,1,0.0000000000,0.0000000000,0.5163083584,0.0000000000,scatter
95500,2,0.5163083584,0.0000000000,0.0000000000,-0.0123120032,exit_left
95600,1,0.0000000000,0.0000000000,2.2500000000,0.0000000000,exit_right
95700,1,0.0000000000,0.0000000000,1.1509321266,0.0000000000,scatter
95700,2,1.1509321266,0.0000000000,2.2500000000,-1.3392729007,exit_right
95800,1,0.0000000000,0.0000000000,2.2500000000,0.0000000000,exit_right
95900,1,0.0000000000,0.0000000000,1.6206057783,0.0000000000,scatter
95900,2,1.6206057783,0.0000000000,1.4346355073,-1.9301471963,scatter
95900,3,1.4346355073,-1.9301471963,0.0000000000,-3.6597111413,exit_left
96000,1,0.0000000000,0.0000000000,2.2500000000,0.0000000000,exit_right
96100,1,0.0000000000,0.0000000000,2.2500000000,0.0000000000,exit_right
96200,1,0.0000000000,0.0000000000,0.7858409989,0.0000000000,scatter
96200,2,0.7858409989,0.0000000000,0.0000000000,0.2578504062,exit_left
96300,1,0.0000000000,0.0000000000,2.2500000000,0.0000000000,exit_right
96400,1,0.0000000000,0.0000000000,1.2509635255,0.0000000000,scatter
96400,2,1.2509635255,0.0000000000,1.3979039130,0.1761675235,scatter
96400,3,1.3979039130,0.1761675235,0.0000000000,-1.9926674503,exit_left
96500,1,0.0000000000,0.0000000000,0.0060006203,0.0000000000,scatter
96500,2,0.0060006203,0.0000000000,0.0907074275,-0.0239705036,scatter
96500,3,0.0907074275,-0.0239705036,0.0000000000,-0.7319195637,exit_left
96600,1,0.0000000000,0.0000000000,2.2500000000,0.0000000000,exit_right
96700,1,0.0000000000,0.0000000000,2.2500000000,0.0000000000,exit_right
96800,1,0.0000000000,0.0000000000,1.3448935659,0.0000000000,scatter
96800,2,1.3448935659,0.0000000000,2.2500000000,-1.1557875912,exit_right
96900,1,0.0000000000,0.0000000000,2.2500000000,0.0000000000,exit_right
97000,1,0.0000000000,0.0000000000,2.1977914354,0.0000000000,scatter
97000,2,2.1977914354,0.0000000000,1.8961092280,-0.4314103400,absorb
97100,1,0.0000000000,0.0000000000,1.8742284054,0.0000000000,scatter
97100,2,1.8742284054,0.0000000000,0.9525234361,-0.1515774686,scatter
97100,3,0.9525234361,-0.1515774686,0.0000000000,-1.8674788441,exit_left
97200,1,0.0000000000,0.0000000000,2.2500000000,0.0000000000,exit_right
97300,1,0.0000000000,0.0000000000,1.8049129171,0.0000000000,scatter
97300,2,1.8049129171,0.0000000000,2.2500000000,0.3106034621,exit_right
97400,1,0.0000000000,0.0000000000,0.2730223128,0.0000000000,scatter
97400,2,0.2730223128,0.0000000000,2.2500000000,2.5297464753,exit_right
97500,1,0.0000000000,0.0000000000,2.2500000000,0.0000000000,exit_right
97600,1,0.0000000000,0.0000000000,0.5215321140,0.0000000000,scatter
97600,2,0.5215321140,0.0000000000,0.5557450737,-0.0692913747,scatter
97600,3,0.5557450737,-0.0692913747,0.5681632430,4.2413830036,scatter
97600,4,0.5681632430,4.2413830036,0.0000000000,8.0193568719,exit_left
97700,1,0.0000000000,0.0000000000,2.2500000000,0.0000000000,exit_right
97800,1,0.0000000000,0.0000000000,2.2500000000,0.0000000000,exit_right
97900,1,0.0000000000,0.0000000000,2.2243078170,0.0000000000,scatter
97900,2,2.2243078170,0.0000000000,2.2500000000,-0.0446558224,exit_right
98000,1,0.0000000000,0.0000000000,0.2131633023,0.0000000000,scatter
98000,2,0.2131633023,0.0000000000,0.4148867170,-0.0366396583,scatter
98000,3,0.4148867170,-0.0366396583,2.2500000000,-3.6895531590,exit_right
98100,1,0.0000000000,0.0000000000,0.2288435922,0.0000000000,scatter
98100,2,0.2288435922,0.0000000000,0.0000000000,0.4734803484,exit_left
98200,1,0.0000000000,0.0000000000,1.0473628998,0.0000000000,scatter
98200,2,1.0473628998,0.0000000000,0.0000000000,0.2712676776,exit_left
98300,1,0.0000000000,0.0000000000,0.5434173418,0.0000000000,scatter
98300,2,0.5434173418,0.0000000000,0.3161772095,0.8890331635,scatter
98300,3,0.3161772095,0.8890331635,1.1168186540,0.7853411215,scatter
98300,4,1.1168186540,0.7853411215,1.3452412336,-2.1290326814,scatter
98300,5,1.3452412336,-2.1290326814,0.5494446872,-2.3598038880,absorb
98400,1,0.0000000000,0.0000000000,1.5028697346,0.0000000000,scatter
98400,2,1.5028697346,0.0000000000,0.0000000000,1.3984519597,exit_left
98500,1,0.0000000000,0.0000000000,0.6158866971,0.0000000000,scatter
98500,2,0.6158866971,0.0000000000,0.0000000000,-0.5419407280,exit_left
98600,1,0.0000000000,0.0000000000,1.7312059982,0.0000000000,scatter
98600,2,1.7312059982,0.0000000000,2.1150134877,1.4218820027,absorb
98700,1,0.0000000000,0.0000000000,0.9957593150,0.0000000000,scatter
98700,2,0.9957593150,0.0000000000,1.1055885166,-1.6166675410,scatter
98700,3,1.1055885166,-1.6166675410,0.6536162048,-1.9797155945,scatter
98700,4,0.6536162048,-1.9797155945,0.4449917430,-3.0324845532,absorb
98800,1,0.0000000000,0.0000000000,2.2500000000,0.0000000000,exit_right
98900,1,0.0000000000,0.0000000000,1.7320711824,0.0000000000,scatter
98900,2,1.7320711824,0.0000000000,1.6539953834,-0.2260915459,scatter
98900,3,1.6539953834,-0.2260915459,2.2500000000,-0.8209981649,exit_right
99000,1,0.0000000000,0.0000000000,2.2500000000,0.0000000000,exit_right
99100,1,0.0000000000,0.0000000000,0.7349532936,0.0000000000,scatter
99100,2,0.7349532936,0.0000000000,0.0969582049,1.0788451207,scatter
99100,3,0.0969582049,1.0788451207,0.1189295685,-0.6654370288,scatter
99100,4,0.1189295685,-0.6654370288,0.0000000000,-0.7656593940,exit_left
99200,1,0.0000000000,0.0000000000,1.8899092079,0.0000000000,scatter
99200,2,1.8899092079,0.0000000000,1.7196762236,0.2199146056,absorb
99300,1,0.0000000000,0.0000000000,0.2588129436,0.0000000000,scatter
99300,2,0.2588129436,0.0000000000,0.0000000000,0.4170973737,exit_left
99400,1,0.0000000000,0.0000000000,1.7020758300,0.0000000000,scatter
99400,2,1.7020758300,0.0000000000,2.2282148595,-0.0891116966,scatter
99400,3,2.2282148595,-0.0891116966,2.2392641178,-0.5933579611,scatter
99400,4,2.2392641178,-0.5933579611,2.2500000000,-0.5864366279,exit_right
99500,1,0.0000000000,0.0000000000,2.2500000000,0.0000000000,exit_right
99600,1,0.0000000000,0.0000000000,1.5466760111,0.0000000000,scatter
99600,2,1.5466760111,0.0000000000,0.0000000000,-2.6260360756,exit_left
99700,1,0.0000000000,0.0000000000,0.6185487154,0.0000000000,scatter
99700,2,0.6185487154,0.0000000000,2.2500000000,-2.0959551630,exit_right
99800,1,0.0000000000,0.0000000000,0.4366035402,0.0000000000,absorb
99900,1,0.0000000000,0.0000000000,0.8842194231,0.0000000000,absorb
100000,1,0.0000000000,0.0000000000,0.1552115778,0.0000000000,scatter
100000,2,0.1552115778,0.0000000000,0.0000000000,-0.2148123950,exit_left
