neutron_id,step,x_start,y_start,x_end,y_end,event
100,1,0.0000000000,0.0000000000,0.7297184366,0.0000000000,scatter
100,2,0.7297184366,0.0000000000,0.6320863175,-0.0453925960,scatter
100,3,0.6320863175,-0.0453925960,1.0335900293,-0.9934906669,absorb
200,1,0.0000000000,0.0000000000,1.7422608078,0.0000000000,scatter
200,2,1.7422608078,0.0000000000,1.2072214288,1.2601053628,scatter
200,3,1.2072214288,1.2601053628,1.9906121338,1.6349200973,scatter
200,4,1.9906121338,1.6349200973,3.1427995940,1.5203261571,scatter
200,5,3.1427995940,1.5203261571,2.7514801418,2.3079288594,absorb
300,1,0.0000000000,0.0000000000,0.6920211955,0.0000000000,scatter
300,2,0.6920211955,0.0000000000,0.6499928753,-0.0038735418,scatter
300,3,0.6499928753,-0.0038735418,0.9302397137,-0.2096540023,scatter
300,4,0.9302397137,-0.2096540023,0.2429559816,2.4038468938,absorb
400,1,0.0000000000,0.0000000000,0.3802670939,0.0000000000,scatter
400,2,0.3802670939,0.0000000000,0.0000000000,0.0075171763,exit_left
500,1,0.0000000000,0.0000000000,1.1516491750,0.0000000000,scatter
500,2,1.1516491750,0.0000000000,0.0000000000,-1.7793550647,exit_left
600,1,0.0000000000,0.0000000000,3.0048679444,0.0000000000,absorb
700,1,0.0000000000,0.0000000000,2.8575181167,0.0000000000,scatter
700,2,2.8575181167,0.0000000000,1.1167763583,-0.8625990946,scatter
700,3,1.1167763583,-0.8625990946,1.0503852493,2.0355381457,scatter
700,4,1.0503852493,2.0355381457,1.5878961281,3.6503335172,absorb
800,1,0.0000000000,0.0000000000,1.4020889028,0.0000000000,scatter
800,2,1.4020889028,0.0000000000,0.0000000000,-1.3935423250,exit_left
900,1,0.0000000000,0.0000000000,0.2878731642,0.0000000000,scatter
900,2,0.2878731642,0.0000000000,0.0000000000,0.3403259209,exit_left
1000,1,0.0000000000,0.0000000000,1.9397622732,0.0000000000,scatter
1000,2,1.9397622732,0.0000000000,1.8172220737,-0.3427993090,absorb
1100,1,0.0000000000,0.0000000000,0.3686608954,0.0000000000,scatter
1100,2,0.3686608954,0.0000000000,0.5858092427,-0.6013655834,scatter
1100,3,0.5858092427,-0.6013655834,0.0000000000,-0.9226917588,exit_left
1200,1,0.0000000000,0.0000000000,2.8841554171,0.0000000000,absorb
1300,1,0.0000000000,0.0000000000,4.5000000000,0.0000000000,exit_right
1400,1,0.0000000000,0.0000000000,0.4919492528,0.0000000000,scatter
1400,2,0.4919492528,0.0000000000,0.5604115151,-0.5728313186,absorb
1500,1,0.0000000000,0.0000000000,3.6467053134,0.0000000000,scatter
1500,2,3.6467053134,0.0000000000,4.5000000000,-0.5836027472,exit_right
1600,1,0.0000000000,0.0000000000,0.5547657257,0.0000000000,scatter
1600,2,0.5547657257,0.0000000000,4.5000000000,-2.5706162425,exit_right
1700,1,0.0000000000,0.0000000000,0.6149668259,0.0000000000,absorb
1800,1,0.0000000000,0.0000000000,0.2358773206,0.0000000000,absorb
1900,1,0.0000000000,0.0000000000,3.6857860421,0.0000000000,absorb
2000,1,0.0000000000,0.0000000000,0.3128942940,0.0000000000,scatter
2000,2,0.3128942940,0.0000000000,4.5000000000,-0.7102411085,exit_right
2100,1,0.0000000000,0.0000000000,0.0870063033,0.0000000000,absorb
2200,1,0.0000000000,0.0000000000,0.7273352482,0.0000000000,scatter
2200,2,0.7273352482,0.0000000000,0.0000000000,0.0551475105,exit_left
2300,1,0.0000000000,0.0000000000,2.0325952450,0.0000000000,scatter
2300,2,2.0325952450,0.0000000000,0.9770087327,0.6847116850,scatter
2300,3,0.9770087327,0.6847116850,2.0840708089,0.7256179506,scatter
2300,4,2.0840708089,0.7256179506,1.2531325479,2.3276913098,scatter
2300,5,1.2531325479,2.3276913098,2.1578414161,2.7033175570,scatter
2300,6,2.1578414161,2.7033175570,2.1660904796,2.7010966069,scatter
2300,7,2.1660904796,2.7010966069,1.6113749911,1.9786299127,absorb
2400,1,0.0000000000,0.0000000000,4.5000000000,0.0000000000,exit_right
2500,1,0.0000000000,0.0000000000,0.2631025687,0.0000000000,scatter
2500,2,0.2631025687,0.0000000000,0.0000000000,0.0511427256,exit_left
2600,1,0.0000000000,0.0000000000,2.8195141228,0.0000000000,absorb
2700,1,0.0000000000,0.0000000000,1.3763433057,0.0000000000,scatter
2700,2,1.3763433057,0.0000000000,4.5000000000,0.9545394530,exit_right
2800,1,0.0000000000,0.0000000000,0.9349270081,0.0000000000,scatter
2800,2,0.9349270081,0.0000000000,1.1936053880,1.8036687845,scatter
2800,3,1.1936053880,1.8036687845,0.6150735850,0.9719364922,absorb
2900,1,0.0000000000,0.0000000000,1.9866538981,0.0000000000,absorb
3000,1,0.0000000000,0.0000000000,2.7499818501,0.0000000000,absorb
3100,1,0.0000000000,0.0000000000,3.3157651125,0.0000000000,scatter
3100,2,3.3157651125,0.0000000000,4.5000000000,0.5725979366,exit_right
3200,1,0.0000000000,0.0000000000,1.1750502922,0.0000000000,scatter
3200,2,1.1750502922,0.0000000000,1.4651031708,1.1866886842,absorb
3300,1,0.0000000000,0.0000000000,1.3230663311,0.0000000000,scatter
3300,2,1.3230663311,0.0000000000,0.0000000000,-0.6154268276,exit_left
3400,1,0.0000000000,0.0000000000,4.5000000000,0.0000000000,exit_right
3500,1,0.0000000000,0.0000000000,0.2976760967,0.0000000000,scatter
3500,2,0.2976760967,0.0000000000,0.9056116578,3.2832939782,absorb
3600,1,0.0000000000,0.0000000000,1.0802231580,0.0000000000,scatter
3600,2,1.0802231580,0.0000000000,2.0826982724,3.4275763274,scatter
3600,3,2.0826982724,3.4275763274,0.0000000000,5.0158452391,exit_left
3700,1,0.0000000000,0.0000000000,1.5060432803,0.0000000000,scatter
3700,2,1.5060432803,0.0000000000,2.8174330077,0.9563427435,absorb
3800,1,0.0000000000,0.0000000000,1.2931931684,0.0000000000,scatter
3800,2,1.2931931684,0.0000000000,3.0611506485,-1.7322638973,scatter
3800,3,3.0611506485,-1.7322638973,3.8263927582,-4.1481638141,scatter
3800,4,3.8263927582,-4.1481638141,4.5000000000,-3.5790915796,exit_right
3900,1,0.0000000000,0.0000000000,0.7370687490,0.0000000000,absorb
4000,1,0.0000000000,0.0000000000,0.5877825751,0.0000000000,absorb
4100,1,0.0000000000,0.0000000000,1.6057117032,0.0000000000,scatter
4100,2,1.6057117032,0.0000000000,4.5000000000,2.6282414081,exit_right
4200,1,0.0000000000,0.0000000000,4.5000000000,0.0000000000,exit_right
4300,1,0.0000000000,0.0000000000,1.7840228484,0.0000000000,absorb
4400,1,0.0000000000,0.0000000000,3.5772943448,0.0000000000,scatter
4400,2,3.5772943448,0.0000000000,3.8042556246,-0.0749273049,absorb
4500,1,0.0000000000,0.0000000000,3.2002563397,0.0000000000,absorb
4600,1,0.0000000000,0.0000000000,0.1844796506,0.0000000000,scatter
4600,2,0.1844796506,0.0000000000,0.9393985267,0.7768268809,scatter
4600,3,0.9393985267,0.7768268809,0.0000000000,0.2214470365,exit_left
4700,1,0.0000000000,0.0000000000,0.7224902514,0.0000000000,scatter
4700,2,0.7224902514,0.0000000000,3.7781596199,2.8896636557,scatter
4700,3,3.7781596199,2.8896636557,4.0210515963,-0.9953703387,scatter
4700,4,4.0210515963,-0.9953703387,4.2186634006,-1.5670537361,scatter
4700,5,4.2186634006,-1.5670537361,4.4719467307,-1.9202871481,scatter
4700,6,4.4719467307,-1.9202871481,4.3649724736,-1.8838279080,absorb
4800,1,0.0000000000,0.0000000000,0.4182755179,0.0000000000,scatter
4800,2,0.4182755179,0.0000000000,0.0000000000,0.2481451243,exit_left
4900,1,0.0000000000,0.0000000000,4.5000000000,0.0000000000,exit_right
5000,1,0.0000000000,0.0000000000,3.3993939672,0.0000000000,absorb
5100,1,0.0000000000,0.0000000000,3.4428750734,0.0000000000,scatter
5100,2,3.4428750734,0.0000000000,2.6901796790,0.3600941221,scatter
5100,3,2.6901796790,0.3600941221,2.8536729814,0.3493337371,scatter
5100,4,2.8536729814,0.3493337371,4.0885982087,-0.8018648991,scatter
5100,5,4.0885982087,-0.8018648991,4.5000000000,-2.3952061522,exit_right
5200,1,0.0000000000,0.0000000000,0.0105703278,0.0000000000,absorb
5300,1,0.0000000000,0.0000000000,2.0339453848,0.0000000000,scatter
5300,2,2.0339453848,0.0000000000,1.0652653404,1.1654959798,absorb
5400,1,0.0000000000,0.0000000000,0.1599220538,0.0000000000,scatter
5400,2,0.1599220538,0.0000000000,0.0000000000,-0.2735689559,exit_left
5500,1,0.0000000000,0.0000000000,0.4362284560,0.0000000000,absorb
5600,1,0.0000000000,0.0000000000,1.0168922039,0.0000000000,scatter
5600,2,1.0168922039,0.0000000000,0.0000000000,-6.7342973246,exit_left
5700,1,0.0000000000,0.0000000000,1.6414476835,0.0000000000,absorb
5800,1,0.0000000000,0.0000000000,4.5000000000,0.0000000000,exit_right
5900,1,0.0000000000,0.0000000000,2.6037824238,0.0000000000,scatter
5900,2,2.6037824238,0.0000000000,1.8642879291,0.3842632322,scatter
5900,3,1.8642879291,0.3842632322,0.6101446745,0.1720993113,scatter
5900,4,0.6101446745,0.1720993113,0.0000000000,0.3698159096,exit_left
6000,1,0.0000000000,0.0000000000,0.8288211376,0.0000000000,scatter
6000,2,0.8288211376,0.0000000000,0.0000000000,-1.1692201671,exit_left
6100,1,0.0000000000,0.0000000000,2.5349109934,0.0000000000,scatter
6100,2,2.5349109934,0.0000000000,2.5445484444,-0.1875097392,scatter
6100,3,2.5445484444,-0.1875097392,4.5000000000,-1.2602588234,exit_right
6200,1,0.0000000000,0.0000000000,1.8699856612,0.0000000000,absorb
6300,1,0.0000000000,0.0000000000,2.3982702081,0.0000000000,absorb
6400,1,0.0000000000,0.0000000000,3.9392526695,0.0000000000,scatter
6400,2,3.9392526695,0.0000000000,3.8698273955,-0.1585412382,scatter
6400,3,3.8698273955,-0.1585412382,4.2375770063,0.9170527607,scatter
6400,4,4.2375770063,0.9170527607,4.5000000000,0.9890632784,exit_right
6500,1,0.0000000000,0.0000000000,4.5000000000,0.0000000000,exit_right
6600,1,0.0000000000,0.0000000000,1.6602511691,0.0000000000,scatter
6600,2,1.6602511691,0.0000000000,2.7908036360,-0.1809528865,scatter
6600,3,2.7908036360,-0.1809528865,2.6732482026,0.9303648538,scatter
6600,4,2.6732482026,0.9303648538,1.3503167816,-0.0103897063,scatter
6600,5,1.3503167816,-0.0103897063,1.4194473160,0.8125269371,scatter
6600,6,1.4194473160,0.8125269371,2.5812104667,-1.3704895953,scatter
6600,7,2.5812104667,-1.3704895953,2.7026348838,-1.5633197681,scatter
6600,8,2.7026348838,-1.5633197681,0.0000000000,-0.9364801769,exit_left
6700,1,0.0000000000,0.0000000000,1.5846311292,0.0000000000,scatter
6700,2,1.5846311292,0.0000000000,1.4365487090,-0.9619385931,scatter
6700,3,1.4365487090,-0.9619385931,0.7748432501,-4.0039823838,scatter
6700,4,0.7748432501,-4.0039823838,0.0000000000,-5.2033263019,exit_left
6800,1,0.0000000000,0.0000000000,0.5816105441,0.0000000000,scatter
6800,2,0.5816105441,0.0000000000,2.5500080372,1.0164135989,scatter
6800,3,2.5500080372,1.0164135989,2.0399064299,0.9492171552,scatter
6800,4,2.0399064299,0.9492171552,0.0293066282,-1.3937692770,scatter
6800,5,0.0293066282,-1.3937692770,0.0000000000,-1.3908786737,exit_left
6900,1,0.0000000000,0.0000000000,0.2277491126,0.0000000000,scatter
6900,2,0.2277491126,0.0000000000,0.0000000000,-0.3897254992,exit_left
7000,1,0.0000000000,0.0000000000,1.7457367166,0.0000000000,scatter
7000,2,1.7457367166,0.0000000000,2.2287895035,-0.7930694813,absorb
7100,1,0.0000000000,0.0000000000,0.0254468861,0.0000000000,scatter
7100,2,0.0254468861,0.0000000000,0.9080154890,-0.6746861283,scatter
7100,3,0.9080154890,-0.6746861283,2.2415190959,-9.8055486147,absorb
7200,1,0.0000000000,0.0000000000,0.2020015939,0.0000000000,scatter
7200,2,0.2020015939,0.0000000000,0.1636333398,-2.9599460177,absorb
7300,1,0.0000000000,0.0000000000,0.5809737396,0.0000000000,scatter
7300,2,0.5809737396,0.0000000000,0.4916597295,2.4684683003,scatter
7300,3,0.4916597295,2.4684683003,0.0000000000,2.7731280318,exit_left
7400,1,0.0000000000,0.0000000000,0.2216361829,0.0000000000,scatter
7400,2,0.2216361829,0.0000000000,1.4674396719,-0.2955691514,scatter
7400,3,1.4674396719,-0.2955691514,0.0000000000,0.5772789217,exit_left
7500,1,0.0000000000,0.0000000000,4.5000000000,0.0000000000,exit_right
7600,1,0.0000000000,0.0000000000,1.8520954074,0.0000000000,absorb
7700,1,0.0000000000,0.0000000000,0.2091450849,0.0000000000,absorb
7800,1,0.0000000000,0.0000000000,1.2895210654,0.0000000000,scatter
7800,2,1.2895210654,0.0000000000,2.9537200605,1.5749651213,scatter
7800,3,2.9537200605,1.5749651213,4.0891147441,3.0273719213,scatter
7800,4,4.0891147441,3.0273719213,2.1388860075,2.8750573636,scatter
7800,5,2.1388860075,2.8750573636,1.0902280705,-0.3840899500,scatter
7800,6,1.0902280705,-0.3840899500,1.7536743335,-0.9143641878,scatter
7800,7,1.7536743335,-0.9143641878,1.0123415963,-0.8184296470,absorb
7900,1,0.0000000000,0.0000000000,1.2847734137,0.0000000000,scatter
7900,2,1.2847734137,0.0000000000,1.8977091813,-4.2857080076,scatter
7900,3,1.8977091813,-4.2857080076,3.6712284849,2.4761233045,scatter
7900,4,3.6712284849,2.4761233045,3.5578349866,2.2703542917,scatter
7900,5,3.5578349866,2.2703542917,3.4564665512,0.3782197190,scatter
7900,6,3.4564665512,0.3782197190,4.2117645620,3.8503827375,scatter
7900,7,4.2117645620,3.8503827375,4.4541948067,3.4088693296,scatter
7900,8,4.4541948067,3.4088693296,4.5000000000,3.4232197684,exit_right
8000,1,0.0000000000,0.0000000000,1.0769788929,0.0000000000,scatter
8000,2,1.0769788929,0.0000000000,2.6075316970,2.5812313567,scatter
8000,3,2.6075316970,2.5812313567,3.4818222856,2.7485248057,scatter
8000,4,3.4818222856,2.7485248057,1.3364408059,3.6534146001,scatter
8000,5,1.3364408059,3.6534146001,1.4025093935,2.9153875832,absorb
8100,1,0.0000000000,0.0000000000,1.8004316276,0.0000000000,scatter
8100,2,1.8004316276,0.0000000000,1.8304865486,-0.5243698906,scatter
8100,3,1.8304865486,-0.5243698906,0.0000000000,-4.7422172049,exit_left
8200,1,0.0000000000,0.0000000000,0.0459657933,0.0000000000,scatter
8200,2,0.0459657933,0.0000000000,1.1686900429,2.0501026476,scatter
8200,3,1.1686900429,2.0501026476,2.2048865135,3.6202829318,absorb
8300,1,0.0000000000,0.0000000000,0.1034898164,0.0000000000,scatter
8300,2,0.1034898164,0.0000000000,0.8084858262,-0.7365356330,absorb
8400,1,0.0000000000,0.0000000000,1.8159720912,0.0000000000,scatter
8400,2,1.8159720912,0.0000000000,4.5000000000,2.9682209693,exit_right
8500,1,0.0000000000,0.0000000000,2.5980677544,0.0000000000,scatter
8500,2,2.5980677544,0.0000000000,2.5951095894,0.9118321701,scatter
8500,3,2.5951095894,0.9118321701,2.7879022927,0.8489450010,absorb
8600,1,0.0000000000,0.0000000000,1.1994876817,0.0000000000,scatter
8600,2,1.1994876817,0.0000000000,1.4641091219,-0.0239446925,scatter
8600,3,1.4641091219,-0.0239446925,0.0000000000,-0.8714643234,exit_left
8700,1,0.0000000000,0.0000000000,0.2830774328,0.0000000000,absorb
8800,1,0.0000000000,0.0000000000,1.0635074080,0.0000000000,scatter
8800,2,1.0635074080,0.0000000000,0.9356562062,0.3138879370,scatter
8800,3,0.9356562062,0.3138879370,0.4752225085,-0.7616320867,absorb
8900,1,0.0000000000,0.0000000000,0.6686908166,0.0000000000,scatter
8900,2,0.6686908166,0.0000000000,1.3578381609,-0.0102251737,scatter
8900,3,1.3578381609,-0.0102251737,2.0088835823,-0.1651223965,absorb
9000,1,0.0000000000,0.0000000000,1.0244044235,0.0000000000,scatter
9000,2,1.0244044235,0.0000000000,1.6631438822,1.1013166718,scatter
9000,3,1.6631438822,1.1013166718,1.4963370697,1.0796191225,absorb
9100,1,0.0000000000,0.0000000000,1.4681842462,0.0000000000,scatter
9100,2,1.4681842462,0.0000000000,1.5162594270,-0.0236745732,scatter
9100,3,1.5162594270,-0.0236745732,1.2527775064,0.1265923405,scatter
9100,4,1.2527775064,0.1265923405,1.2400409116,0.0840059893,scatter
9100,5,1.2400409116,0.0840059893,1.0204012445,-0.7280124601,scatter
9100,6,1.0204012445,-0.7280124601,0.8723865241,-0.6502581667,scatter
9100,7,0.8723865241,-0.6502581667,0.0000000000,0.5278513657,exit_left
9200,1,0.0000000000,0.0000000000,2.7718692746,0.0000000000,scatter
9200,2,2.7718692746,0.0000000000,2.1429944119,-2.0940872543,scatter
9200,3,2.1429944119,-2.0940872543,2.4649129754,-3.2042252634,absorb
9300,1,0.0000000000,0.0000000000,4.5000000000,0.0000000000,exit_right
9400,1,0.0000000000,0.0000000000,0.9291254154,0.0000000000,scatter
9400,2,0.9291254154,0.0000000000,2.4592893921,-0.6124040696,scatter
9400,3,2.4592893921,-0.6124040696,1.0464408344,-2.1824714648,scatter
9400,4,1.0464408344,-2.1824714648,3.9185402924,-3.2238875008,scatter
9400,5,3.9185402924,-3.2238875008,3.9200703905,-1.9574946732,scatter
9400,6,3.9200703905,-1.9574946732,3.9263005044,-1.8552318128,scatter
9400,7,3.9263005044,-1.8552318128,3.3401861250,-0.4780493009,scatter
9400,8,3.3401861250,-0.4780493009,2.7290962612,-0.4954399040,scatter
9400,9,2.7290962612,-0.4954399040,3.6933766242,-0.0397640553,scatter
9400,10,3.6933766242,-0.0397640553,3.9329226488,-0.2869260554,absorb
9500,1,0.0000000000,0.0000000000,1.0000210406,0.0000000000,absorb
9600,1,0.0000000000,0.0000000000,0.8299453813,0.0000000000,scatter
9600,2,0.8299453813,0.0000000000,0.0000000000,-0.3206007345,exit_left
9700,1,0.0000000000,0.0000000000,4.5000000000,0.0000000000,exit_right
9800,1,0.0000000000,0.0000000000,1.9998488348,0.0000000000,scatter
9800,2,1.9998488348,0.0000000000,4.5000000000,-0.4729582165,exit_right
9900,1,0.0000000000,0.0000000000,0.5760789845,0.0000000000,absorb
10000,1,0.0000000000,0.0000000000,4.5000000000,0.0000000000,exit_right
10100,1,0.0000000000,0.0000000000,4.5000000000,0.0000000000,exit_right
10200,1,0.0000000000,0.0000000000,4.5000000000,0.0000000000,exit_right
10300,1,0.0000000000,0.0000000000,1.0488279989,0.0000000000,scatter
10300,2,1.0488279989,0.0000000000,1.0001488326,-0.1496949548,scatter
10300,3,1.0001488326,-0.1496949548,1.1865188084,-1.2396914647,scatter
10300,4,1.1865188084,-1.2396914647,0.0341601699,-1.2757651158,scatter
10300,5,0.0341601699,-1.2757651158,1.1989987425,0.0096710015,absorb
10400,1,0.0000000000,0.0000000000,0.9505853724,0.0000000000,scatter
10400,2,0.9505853724,0.0000000000,0.7933523749,0.0152816749,absorb
10500,1,0.0000000000,0.0000000000,1.3600569388,0.0000000000,scatter
10500,2,1.3600569388,0.0000000000,3.8108335698,-0.8847193412,scatter
10500,3,3.8108335698,-0.8847193412,4.5000000000,-1.4541625091,exit_right
10600,1,0.0000000000,0.0000000000,2.2442739517,0.0000000000,scatter
10600,2,2.2442739517,0.0000000000,3.4696329016,-4.9574484204,absorb
10700,1,0.0000000000,0.0000000000,2.7731591977,0.0000000000,absorb
10800,1,0.0000000000,0.0000000000,1.7387100613,0.0000000000,scatter
10800,2,1.7387100613,0.0000000000,4.5000000000,0.5634262740,exit_right
10900,1,0.0000000000,0.0000000000,0.2616125084,0.0000000000,scatter
10900,2,0.2616125084,0.0000000000,1.0427823106,-0.1144807183,scatter
10900,3,1.0427823106,-0.1144807183,0.0000000000,0.0448403070,exit_left
11000,1,0.0000000000,0.0000000000,0.4216293798,0.0000000000,scatter
11000,2,0.4216293798,0.0000000000,0.0000000000,-0.4211302991,exit_left
11100,1,0.0000000000,0.0000000000,2.0193241885,0.0000000000,scatter
11100,2,2.0193241885,0.0000000000,1.4890169799,-0.5994046489,scatter
11100,3,1.4890169799,-0.5994046489,1.3687934719,-0.8683031396,scatter
11100,4,1.3687934719,-0.8683031396,0.0298520923,-2.8926165583,scatter
11100,5,0.0298520923,-2.8926165583,4.5000000000,-0.5367017702,exit_right
11200,1,0.0000000000,0.0000000000,1.6953287737,0.0000000000,scatter
11200,2,1.6953287737,0.0000000000,0.6671866246,-1.1077832216,scatter
11200,3,0.6671866246,-1.1077832216,0.6738576379,-1.0991463465,scatter
11200,4,0.6738576379,-1.0991463465,0.8952478520,-0.9326936099,scatter
11200,5,0.8952478520,-0.9326936099,2.0030057486,-1.3302846549,scatter
11200,6,2.0030057486,-1.3302846549,0.0000000000,-1.7009674889,exit_left
11300,1,0.0000000000,0.0000000000,1.3947532813,0.0000000000,scatter
11300,2,1.3947532813,0.0000000000,1.3491404793,1.4908180805,scatter
11300,3,1.3491404793,1.4908180805,1.4343769723,1.4728802741,scatter
11300,4,1.4343769723,1.4728802741,0.6325527077,2.2786016502,absorb
11400,1,0.0000000000,0.0000000000,0.3045322034,0.0000000000,scatter
11400,2,0.3045322034,0.0000000000,2.7318005303,-0.2123208652,scatter
11400,3,2.7318005303,-0.2123208652,2.2756134504,2.2811701238,scatter
11400,4,2.2756134504,2.2811701238,3.5244095208,3.4920410135,scatter
11400,5,3.5244095208,3.4920410135,4.5000000000,3.9999731333,exit_right
11500,1,0.0000000000,0.0000000000,0.4432549524,0.0000000000,scatter
11500,2,0.4432549524,0.0000000000,1.4237361548,-0.7150319392,scatter
11500,3,1.4237361548,-0.7150319392,1.0011940841,-0.9523666110,scatter
11500,4,1.0011940841,-0.9523666110,1.5319526341,-0.6265148824,scatter
11500,5,1.5319526341,-0.6265148824,1.5336709745,-0.5938151576,scatter
11500,6,1.5336709745,-0.5938151576,1.6226083608,-1.3771139934,scatter
11500,7,1.6226083608,-1.3771139934,1.1472752830,-2.4407514638,absorb
11600,1,0.0000000000,0.0000000000,0.2268206125,0.0000000000,scatter
11600,2,0.2268206125,0.0000000000,1.1283724915,-0.9075132158,scatter
11600,3,1.1283724915,-0.9075132158,0.8776298704,-1.0686100848,scatter
11600,4,0.8776298704,-1.0686100848,0.0000000000,1.8920110014,exit_left
11700,1,0.0000000000,0.0000000000,3.8708978138,0.0000000000,scatter
11700,2,3.8708978138,0.0000000000,3.5091732243,1.2972200547,scatter
11700,3,3.5091732243,1.2972200547,4.5000000000,-0.0197335148,exit_right
11800,1,0.0000000000,0.0000000000,0.4174757159,0.0000000000,scatter
11800,2,0.4174757159,0.0000000000,0.0000000000,0.1056599816,exit_left
11900,1,0.0000000000,0.0000000000,4.3813879577,0.0000000000,scatter
11900,2,4.3813879577,0.0000000000,4.5000000000,-0.1680857625,exit_right
12000,1,0.0000000000,0.0000000000,4.5000000000,0.0000000000,exit_right
12100,1,0.0000000000,0.0000000000,0.2299238435,0.0000000000,scatter
12100,2,0.2299238435,0.0000000000,0.0000000000,-0.0176817109,exit_left
12200,1,0.0000000000,0.0000000000,0.0048751708,0.0000000000,scatter
12200,2,0.0048751708,0.0000000000,0.0000000000,-0.0017206615,exit_left
12300,1,0.0000000000,0.0000000000,4.5000000000,0.0000000000,exit_right
12400,1,0.0000000000,0.0000000000,0.4810510288,0.0000000000,scatter
12400,2,0.4810510288,0.0000000000,0.9690521129,-0.0369113564,absorb
12500,1,0.0000000000,0.0000000000,0.4332774387,0.0000000000,scatter
12500,2,0.4332774387,0.0000000000,0.6810539602,-0.0122911083,scatter
12500,3,0.6810539602,-0.0122911083,1.2991483583,5.1091987043,scatter
12500,4,1.2991483583,5.1091987043,0.0000000000,6.0046000345,exit_left
12600,1,0.0000000000,0.0000000000,1.3727105335,0.0000000000,scatter
12600,2,1.3727105335,0.0000000000,1.4016383011,0.4262960239,scatter
12600,3,1.4016383011,0.4262960239,3.1670823016,2.2361637777,scatter
12600,4,3.1670823016,2.2361637777,1.1285530988,2.2859667093,scatter
12600,5,1.1285530988,2.2859667093,2.6041160178,2.5669660877,scatter
12600,6,2.6041160178,2.5669660877,1.7773260035,2.2556371838,scatter
12600,7,1.7773260035,2.2556371838,1.4013357398,2.3036355071,scatter
12600,8,1.4013357398,2.3036355071,1.0501647699,2.7180040332,scatter
12600,9,1.0501647699,2.7180040332,0.6327173444,2.2354445046,scatter
12600,10,0.6327173444,2.2354445046,3.5234054771,1.7536721164,scatter
12600,11,3.5234054771,1.7536721164,1.3298372773,2.1378301782,absorb
12700,1,0.0000000000,0.0000000000,0.1779156644,0.0000000000,scatter
12700,2,0.1779156644,0.0000000000,0.0000000000,-0.3183446556,exit_left
12800,1,0.0000000000,0.0000000000,4.5000000000,0.0000000000,exit_right
12900,1,0.0000000000,0.0000000000,4.5000000000,0.0000000000,exit_right
13000,1,0.0000000000,0.0000000000,0.1559217090,0.0000000000,scatter
13000,2,0.1559217090,0.0000000000,0.8925878944,-0.2021759881,absorb
13100,1,0.0000000000,0.0000000000,2.1924231442,0.0000000000,scatter
13100,2,2.1924231442,0.0000000000,1.9428463863,-0.7981269629,scatter
13100,3,1.9428463863,-0.7981269629,3.0130396638,0.5057256490,scatter
13100,4,3.0130396638,0.5057256490,2.6174789522,1.4528833573,scatter
13100,5,2.6174789522,1.4528833573,4.5000000000,2.0174985103,exit_right
13200,1,0.0000000000,0.0000000000,4.5000000000,0.0000000000,exit_right
13300,1,0.0000000000,0.0000000000,1.5145188016,0.0000000000,scatter
13300,2,1.5145188016,0.0000000000,1.6393391762,-0.1722512992,scatter
13300,3,1.6393391762,-0.1722512992,0.7445559090,-0.0734811405,scatter
13300,4,0.7445559090,-0.0734811405,0.0000000000,-0.8233832669,exit_left
13400,1,0.0000000000,0.0000000000,0.8710576229,0.0000000000,scatter
13400,2,0.8710576229,0.0000000000,0.2600699805,0.8452092190,scatter
13400,3,0.2600699805,0.8452092190,0.6637442406,1.0398091548,scatter
13400,4,0.6637442406,1.0398091548,1.1867362604,-0.7944784173,scatter
13400,5,1.1867362604,-0.7944784173,0.0000000000,-1.6501520999,exit_left
13500,1,0.0000000000,0.0000000000,1.1712578992,0.0000000000,absorb
13600,1,0.0000000000,0.0000000000,0.5481708973,0.0000000000,absorb
13700,1,0.0000000000,0.0000000000,3.7023957270,0.0000000000,absorb
13800,1,0.0000000000,0.0000000000,1.9645459558,0.0000000000,scatter
13800,2,1.9645459558,0.0000000000,4.5000000000,0.8396075973,exit_right
13900,1,0.0000000000,0.0000000000,1.2265037876,0.0000000000,scatter
13900,2,1.2265037876,0.0000000000,1.3700849621,-0.2274817591,absorb
14000,1,0.0000000000,0.0000000000,0.1940142444,0.0000000000,scatter
14000,2,0.1940142444,0.0000000000,1.5816508825,-0.5988701192,scatter
14000,3,1.5816508825,-0.5988701192,1.9132684227,-0.8829176632,scatter
14000,4,1.9132684227,-0.8829176632,0.2660937520,2.8160701231,scatter
14000,5,0.2660937520,2.8160701231,0.4657632464,2.8355076853,absorb
14100,1,0.0000000000,0.0000000000,0.7387370143,0.0000000000,scatter
14100,2,0.7387370143,0.0000000000,1.1386886728,-1.1900665968,scatter
14100,3,1.1386886728,-1.1900665968,0.0000000000,-0.5583671817,exit_left
14200,1,0.0000000000,0.0000000000,1.8059570728,0.0000000000,absorb
14300,1,0.0000000000,0.0000000000,0.6104012860,0.0000000000,scatter
14300,2,0.6104012860,0.0000000000,1.7561808461,0.6805304627,scatter
14300,3,1.7561808461,0.6805304627,1.6926264260,0.7859931434,absorb
14400,1,0.0000000000,0.0000000000,0.2002686982,0.0000000000,absorb
14500,1,0.0000000000,0.0000000000,2.5242667127,0.0000000000,scatter
14500,2,2.5242667127,0.0000000000,3.0343340262,0.0665917341,scatter
14500,3,3.0343340262,0.0665917341,2.6828866011,0.7540146640,scatter
14500,4,2.6828866011,0.7540146640,2.5367667324,0.6025631401,scatter
14500,5,2.5367667324,0.6025631401,1.6066612810,0.7085216159,scatter
14500,6,1.6066612810,0.7085216159,1.6087101062,0.7044662598,scatter
14500,7,1.6087101062,0.7044662598,1.5855720112,0.7542109556,scatter
14500,8,1.5855720112,0.7542109556,1.6266551388,0.7524885997,scatter
14500,9,1.6266551388,0.7524885997,1.4281701098,0.7971372285,scatter
14500,10,1.4281701098,0.7971372285,2.8154852945,1.9380616986,scatter
14500,11,2.8154852945,1.9380616986,2.3567990047,0.7050738969,scatter
14500,12,2.3567990047,0.7050738969,1.1449851743,0.9550031291,scatter
14500,13,1.1449851743,0.9550031291,1.4133057967,1.0717849273,scatter
14500,14,1.4133057967,1.0717849273,0.7854102798,2.3450056248,scatter
14500,15,0.7854102798,2.3450056248,0.7819894718,2.2917752101,scatter
14500,16,0.7819894718,2.2917752101,0.3322062003,2.3242016483,scatter
14500,17,0.3322062003,2.3242016483,3.0376993624,5.6456091794,scatter
14500,18,3.0376993624,5.6456091794,0.0000000000,4.8594558330,exit_left
14600,1,0.0000000000,0.0000000000,0.2278489131,0.0000000000,scatter
14600,2,0.2278489131,0.0000000000,0.0000000000,0.3230725338,exit_left
14700,1,0.0000000000,0.0000000000,0.5306783841,0.0000000000,scatter
14700,2,0.5306783841,0.0000000000,3.2823875108,0.0683707724,scatter
14700,3,3.2823875108,0.0683707724,3.1063028927,-1.0771978929,scatter
14700,4,3.1063028927,-1.0771978929,0.0000000000,-4.1183396937,exit_left
14800,1,0.0000000000,0.0000000000,0.3144837634,0.0000000000,scatter
14800,2,0.3144837634,0.0000000000,2.7029779652,-1.1119198674,scatter
14800,3,2.7029779652,-1.1119198674,2.5654808812,-1.2924735413,scatter
14800,4,2.5654808812,-1.2924735413,0.0000000000,-2.8617541068,exit_left
14900,1,0.0000000000,0.0000000000,1.6507483482,0.0000000000,scatter
14900,2,1.6507483482,0.0000000000,4.5000000000,0.3459437809,exit_right
15000,1,0.0000000000,0.0000000000,0.8069165268,0.0000000000,absorb
15100,1,0.0000000000,0.0000000000,0.9258581690,0.0000000000,scatter
15100,2,0.9258581690,0.0000000000,2.8002112404,-1.0339221905,absorb
15200,1,0.0000000000,0.0000000000,1.9176216226,0.0000000000,scatter
15200,2,1.9176216226,0.0000000000,4.5000000000,3.2367902001,exit_right
15300,1,0.0000000000,0.0000000000,1.4743567681,0.0000000000,scatter
15300,2,1.4743567681,0.0000000000,2.3144603649,0.3363632196,scatter
15300,3,2.3144603649,0.3363632196,2.2001049472,2.4514650707,scatter
15300,4,2.2001049472,2.4514650707,4.2630223174,3.7310962332,scatter
15300,5,4.2630223174,3.7310962332,4.5000000000,3.8336699123,exit_right
15400,1,0.0000000000,0.0000000000,0.9756465204,0.0000000000,scatter
15400,2,0.9756465204,0.0000000000,2.6078156612,-0.2975363696,scatter
15400,3,2.6078156612,-0.2975363696,3.8360434223,-1.7253708393,scatter
15400,4,3.8360434223,-1.7253708393,4.5000000000,-1.8019672054,exit_right
15500,1,0.0000000000,0.0000000000,2.6688756844,0.0000000000,scatter
15500,2,2.6688756844,0.0000000000,2.5551843982,0.2875631627,scatter
15500,3,2.5551843982,0.2875631627,2.8088707680,0.4264293472,scatter
15500,4,2.8088707680,0.4264293472,4.5000000000,2.7923023473,exit_right
15600,1,0.0000000000,0.0000000000,2.1796606042,0.0000000000,scatter
15600,2,2.1796606042,0.0000000000,0.0319625538,1.9944527962,scatter
15600,3,0.0319625538,1.9944527962,2.3125767706,0.2156231082,scatter
15600,4,2.3125767706,0.2156231082,1.9966974543,1.0907303682,scatter
15600,5,1.9966974543,1.0907303682,0.0000000000,2.3286215941,exit_left
15700,1,0.0000000000,0.0000000000,0.6999669859,0.0000000000,scatter
15700,2,0.6999669859,0.0000000000,0.0000000000,-2.3539510214,exit_left
15800,1,0.0000000000,0.0000000000,4.0984674714,0.0000000000,scatter
15800,2,4.0984674714,0.0000000000,3.7599166212,0.1739561371,scatter
15800,3,3.7599166212,0.1739561371,3.6411841635,-0.0744779580,scatter
15800,4,3.6411841635,-0.0744779580,3.5011394348,-0.3727700259,scatter
15800,5,3.5011394348,-0.3727700259,3.0423036700,-2.6658367941,scatter
15800,6,3.0423036700,-2.6658367941,3.3846813006,-1.9847839722,absorb
15900,1,0.0000000000,0.0000000000,1.1457952909,0.0000000000,scatter
15900,2,1.1457952909,0.0000000000,1.2847046904,-0.0927816895,absorb
16000,1,0.0000000000,0.0000000000,1.0260611246,0.0000000000,scatter
16000,2,1.0260611246,0.0000000000,3.2539129308,0.1348953873,scatter
16000,3,3.2539129308,0.1348953873,4.1234766620,-1.1213520267,scatter
16000,4,4.1234766620,-1.1213520267,4.5000000000,-0.7560257983,exit_right
16100,1,0.0000000000,0.0000000000,2.8367295834,0.0000000000,scatter
16100,2,2.8367295834,0.0000000000,1.6746692339,4.1731320951,absorb
16200,1,0.0000000000,0.0000000000,3.5867814561,0.0000000000,absorb
16300,1,0.0000000000,0.0000000000,1.6651080401,0.0000000000,scatter
16300,2,1.6651080401,0.0000000000,2.2310990046,0.2584233831,scatter
16300,3,2.2310990046,0.2584233831,3.3161368829,4.0400554722,scatter
16300,4,3.3161368829,4.0400554722,3.5969166448,3.3281372527,scatter
16300,5,3.5969166448,3.3281372527,0.2952282430,2.6565168362,scatter
16300,6,0.2952282430,2.6565168362,1.5855368623,2.0648061937,scatter
16300,7,1.5855368623,2.0648061937,0.0000000000,1.5331821609,exit_left
16400,1,0.0000000000,0.0000000000,2.3838905294,0.0000000000,scatter
16400,2,2.3838905294,0.0000000000,2.0702612640,-0.2282943560,scatter
16400,3,2.0702612640,-0.2282943560,2.1303166034,-0.2112802376,absorb
16500,1,0.0000000000,0.0000000000,4.5000000000,0.0000000000,exit_right
16600,1,0.0000000000,0.0000000000,4.5000000000,0.0000000000,exit_right
16700,1,0.0000000000,0.0000000000,1.0740400530,0.0000000000,scatter
16700,2,1.0740400530,0.0000000000,0.0000000000,0.0003038952,exit_left
16800,1,0.0000000000,0.0000000000,0.8356318249,0.0000000000,scatter
16800,2,0.8356318249,0.0000000000,1.0600234714,-1.8022320267,absorb
16900,1,0.0000000000,0.0000000000,1.7581404876,0.0000000000,scatter
16900,2,1.7581404876,0.0000000000,1.8980406057,-0.9747150897,absorb
17000,1,0.0000000000,0.0000000000,0.1630381333,0.0000000000,absorb
17100,1,0.0000000000,0.0000000000,0.1981639185,0.0000000000,absorb
17200,1,0.0000000000,0.0000000000,1.5086094589,0.0000000000,scatter
17200,2,1.5086094589,0.0000000000,1.7605291279,0.1682106844,scatter
17200,3,1.7605291279,0.1682106844,4.5000000000,-1.1113078557,exit_right
17300,1,0.0000000000,0.0000000000,1.1924531423,0.0000000000,scatter
17300,2,1.1924531423,0.0000000000,1.8352520448,-2.8270255050,scatter
17300,3,1.8352520448,-2.8270255050,4.5000000000,-3.0906977367,exit_right
17400,1,0.0000000000,0.0000000000,1.9310965219,0.0000000000,scatter
17400,2,1.9310965219,0.0000000000,0.0000000000,-1.9701451895,exit_left
17500,1,0.0000000000,0.0000000000,0.0135582847,0.0000000000,absorb
17600,1,0.0000000000,0.0000000000,1.4865973822,0.0000000000,absorb
17700,1,0.0000000000,0.0000000000,0.0268505117,0.0000000000,scatter
17700,2,0.0268505117,0.0000000000,0.8012286586,0.2009862405,scatter
17700,3,0.8012286586,0.2009862405,0.0000000000,0.3194566159,exit_left
17800,1,0.0000000000,0.0000000000,3.8140083201,0.0000000000,scatter
17800,2,3.8140083201,0.0000000000,3.0066284814,-0.2410117630,scatter
17800,3,3.0066284814,-0.2410117630,4.1836758608,-4.8077882202,scatter
17800,4,4.1836758608,-4.8077882202,0.0294085531,-10.0131126203,scatter
17800,5,0.0294085531,-10.0131126203,0.0116470536,-8.4351985875,scatter
17800,6,0.0116470536,-8.4351985875,0.0000000000,-8.4628473970,exit_left
17900,1,0.0000000000,0.0000000000,4.0381496337,0.0000000000,scatter
17900,2,4.0381496337,0.0000000000,4.4252912615,2.6537266493,absorb
18000,1,0.0000000000,0.0000000000,4.5000000000,0.0000000000,exit_right
18100,1,0.0000000000,0.0000000000,0.2040862911,0.0000000000,scatter
18100,2,0.2040862911,0.0000000000,1.9983800587,-0.1073055701,scatter
18100,3,1.9983800587,-0.1073055701,2.1919657719,-0.3907727211,scatter
18100,4,2.1919657719,-0.3907727211,2.7996383074,0.7913298815,scatter
18100,5,2.7996383074,0.7913298815,1.8775201811,-0.6950710692,scatter
18100,6,1.8775201811,-0.6950710692,1.3491434409,-3.5054247420,absorb
18200,1,0.0000000000,0.0000000000,4.5000000000,0.0000000000,exit_right
18300,1,0.0000000000,0.0000000000,0.9092111684,0.0000000000,scatter
18300,2,0.9092111684,0.0000000000,1.7775706232,2.7891599667,scatter
18300,3,1.7775706232,2.7891599667,4.5000000000,3.2529262679,exit_right
18400,1,0.0000000000,0.0000000000,2.5613945300,0.0000000000,scatter
18400,2,2.5613945300,0.0000000000,4.5000000000,-1.7475999056,exit_right
18500,1,0.0000000000,0.0000000000,2.2880528505,0.0000000000,scatter
18500,2,2.2880528505,0.0000000000,2.9525546803,2.1127189467,scatter
18500,3,2.9525546803,2.1127189467,2.9757051967,2.0590226407,scatter
18500,4,2.9757051967,2.0590226407,3.9770227184,2.9302733070,scatter
18500,5,3.9770227184,2.9302733070,3.6050452242,1.3381898558,scatter
18500,6,3.6050452242,1.3381898558,3.8107733005,1.1639816290,absorb
18600,1,0.0000000000,0.0000000000,0.1488643243,0.0000000000,scatter
18600,2,0.1488643243,0.0000000000,0.0000000000,0.5967709352,exit_left
18700,1,0.0000000000,0.0000000000,1.5374043862,0.0000000000,scatter
18700,2,1.5374043862,0.0000000000,1.3111205133,-0.7684719085,scatter
18700,3,1.3111205133,-0.7684719085,1.4145252071,-2.7927116899,scatter
18700,4,1.4145252071,-2.7927116899,0.0000000000,-2.4716344206,exit_left
18800,1,0.0000000000,0.0000000000,0.3170314537,0.0000000000,scatter
18800,2,0.3170314537,0.0000000000,0.2987468904,5.9496430926,scatter
18800,3,0.2987468904,5.9496430926,0.0000000000,5.9831664761,exit_left
18900,1,0.0000000000,0.0000000000,1.0484336629,0.0000000000,scatter
18900,2,1.0484336629,0.0000000000,0.0000000000,2.0614074932,exit_left
19000,1,0.0000000000,0.0000000000,4.0332456057,0.0000000000,absorb
19100,1,0.0000000000,0.0000000000,2.2545290770,0.0000000000,scatter
19100,2,2.2545290770,0.0000000000,1.9106753383,0.5455673838,absorb
19200,1,0.0000000000,0.0000000000,4.5000000000,0.0000000000,exit_right
19300,1,0.0000000000,0.0000000000,4.3955322324,0.0000000000,scatter
19300,2,4.3955322324,0.0000000000,4.3042171735,-1.9966043769,scatter
19300,3,4.3042171735,-1.9966043769,4.5000000000,-2.3704749044,exit_right
19400,1,0.0000000000,0.0000000000,2.7555205192,0.0000000000,scatter
19400,2,2.7555205192,0.0000000000,3.2138870397,1.9665333989,scatter
19400,3,3.2138870397,1.9665333989,3.4260931333,2.1481091460,absorb
19500,1,0.0000000000,0.0000000000,0.4576262563,0.0000000000,scatter
19500,2,0.4576262563,0.0000000000,0.0884471167,0.5845766866,scatter
19500,3,0.0884471167,0.5845766866,0.0000000000,0.6122707636,exit_left
19600,1,0.0000000000,0.0000000000,2.1826508049,0.0000000000,scatter
19600,2,2.1826508049,0.0000000000,1.3566936887,0.0157562700,absorb
19700,1,0.0000000000,0.0000000000,0.3397400515,0.0000000000,scatter
19700,2,0.3397400515,0.0000000000,0.7828647171,-0.0491703955,scatter
19700,3,0.7828647171,-0.0491703955,3.6323094623,-0.8374973426,scatter
19700,4,3.6323094623,-0.8374973426,2.3301015822,-5.5950287939,scatter
19700,5,2.3301015822,-5.5950287939,2.7876791804,-5.2671896302,scatter
19700,6,2.7876791804,-5.2671896302,0.0000000000,-7.2745958299,exit_left
19800,1,0.0000000000,0.0000000000,1.1126774277,0.0000000000,scatter
19800,2,1.1126774277,0.0000000000,1.1462178612,-0.3593057820,scatter
19800,3,1.1462178612,-0.3593057820,1.8737238163,-0.5580004405,scatter
19800,4,1.8737238163,-0.5580004405,1.1835649440,-0.8906641727,scatter
19800,5,1.1835649440,-0.8906641727,1.1509143834,-1.3230083982,scatter
19800,6,1.1509143834,-1.3230083982,1.4601411945,0.0433558368,scatter
19800,7,1.4601411945,0.0433558368,0.0000000000,-3.9908457436,exit_left
19900,1,0.0000000000,0.0000000000,1.2765371217,0.0000000000,scatter
19900,2,1.2765371217,0.0000000000,2.2698636869,-1.6132348764,scatter
19900,3,2.2698636869,-1.6132348764,2.6563487798,-2.1948562372,scatter
19900,4,2.6563487798,-2.1948562372,2.5670198154,-2.3408063022,scatter
19900,5,2.5670198154,-2.3408063022,1.9280799573,-2.7429478422,scatter
19900,6,1.9280799573,-2.7429478422,0.0000000000,-3.2582443604,exit_left
20000,1,0.0000000000,0.0000000000,0.2115249679,0.0000000000,scatter
20000,2,0.2115249679,0.0000000000,1.4994185608,-1.7321558786,scatter
20000,3,1.4994185608,-1.7321558786,0.6721403289,-2.7356615945,scatter
20000,4,0.6721403289,-2.7356615945,0.9202459057,-2.3505654402,scatter
20000,5,0.9202459057,-2.3505654402,1.3995330158,-4.9429512381,scatter
20000,6,1.3995330158,-4.9429512381,3.0461299086,-6.1085324519,scatter
20000,7,3.0461299086,-6.1085324519,0.0000000000,-7.2092863385,exit_left
20100,1,0.0000000000,0.0000000000,2.8491805784,0.0000000000,scatter
20100,2,2.8491805784,0.0000000000,3.1396107857,0.0858122659,absorb
20200,1,0.0000000000,0.0000000000,0.0925264803,0.0000000000,absorb
20300,1,0.0000000000,0.0000000000,1.3334022866,0.0000000000,scatter
20300,2,1.3334022866,0.0000000000,2.3709070803,-0.0057103485,scatter
20300,3,2.3709070803,-0.0057103485,1.8486835841,-1.0123007892,scatter
20300,4,1.8486835841,-1.0123007892,3.2538640688,0.2835791956,scatter
20300,5,3.2538640688,0.2835791956,3.8846448899,-1.0920105944,scatter
20300,6,3.8846448899,-1.0920105944,4.3588657248,-0.7510278441,scatter
20300,7,4.3588657248,-0.7510278441,4.5000000000,-0.7242228405,exit_right
20400,1,0.0000000000,0.0000000000,3.1834441527,0.0000000000,absorb
20500,1,0.0000000000,0.0000000000,4.5000000000,0.0000000000,exit_right
20600,1,0.0000000000,0.0000000000,0.8825162090,0.0000000000,scatter
20600,2,0.8825162090,0.0000000000,0.0000000000,-2.3727005577,exit_left
20700,1,0.0000000000,0.0000000000,1.3053381151,0.0000000000,scatter
20700,2,1.3053381151,0.0000000000,0.7862196316,0.1605828499,scatter
20700,3,0.7862196316,0.1605828499,2.9980760011,1.2395649123,scatter
20700,4,2.9980760011,1.2395649123,4.5000000000,2.0115433386,exit_right
20800,1,0.0000000000,0.0000000000,4.5000000000,0.0000000000,exit_right
20900,1,0.0000000000,0.0000000000,2.7571113237,0.0000000000,absorb
21000,1,0.0000000000,0.0000000000,2.1594423745,0.0000000000,scatter
21000,2,2.1594423745,0.0000000000,3.4128170664,0.1196292871,scatter
21000,3,3.4128170664,0.1196292871,3.2975127975,-0.2865995464,scatter
21000,4,3.2975127975,-0.2865995464,0.0000000000,3.6061849807,exit_left
21100,1,0.0000000000,0.0000000000,0.3022670316,0.0000000000,scatter
21100,2,0.3022670316,0.0000000000,0.0000000000,-0.0493420961,exit_left
21200,1,0.0000000000,0.0000000000,0.9666078875,0.0000000000,scatter
21200,2,0.9666078875,0.0000000000,0.0000000000,0.1547597425,exit_left
21300,1,0.0000000000,0.0000000000,3.7992335066,0.0000000000,absorb
21400,1,0.0000000000,0.0000000000,0.1608565714,0.0000000000,absorb
21500,1,0.0000000000,0.0000000000,3.8062307039,0.0000000000,scatter
21500,2,3.8062307039,0.0000000000,3.7800855284,0.0383759744,scatter
21500,3,3.7800855284,0.0383759744,4.5000000000,0.0158918219,exit_right
21600,1,0.0000000000,0.0000000000,0.6047161764,0.0000000000,scatter
21600,2,0.6047161764,0.0000000000,1.0168006814,1.8789204806,absorb
21700,1,0.0000000000,0.0000000000,4.5000000000,0.0000000000,exit_right
21800,1,0.0000000000,0.0000000000,0.3544324807,0.0000000000,scatter
21800,2,0.3544324807,0.0000000000,0.0000000000,0.9101763897,exit_left
21900,1,0.0000000000,0.0000000000,3.2780739856,0.0000000000,absorb
22000,1,0.0000000000,0.0000000000,0.2042588570,0.0000000000,scatter
22000,2,0.2042588570,0.0000000000,1.6041631558,-0.3866154465,scatter
22000,3,1.6041631558,-0.3866154465,3.3069819522,-2.7515557792,scatter
22000,4,3.3069819522,-2.7515557792,3.3802607160,-2.7834818186,absorb
22100,1,0.0000000000,0.0000000000,3.8693721075,0.0000000000,scatter
22100,2,3.8693721075,0.0000000000,3.8539500837,-0.3888814748,absorb
22200,1,0.0000000000,0.0000000000,3.0355261297,0.0000000000,scatter
22200,2,3.0355261297,0.0000000000,2.9132040173,0.1794224059,scatter
22200,3,2.9132040173,0.1794224059,2.9489952181,-0.8452497159,scatter
22200,4,2.9489952181,-0.8452497159,0.0000000000,-2.5188221261,exit_left
22300,1,0.0000000000,0.0000000000,0.6417377395,0.0000000000,scatter
22300,2,0.6417377395,0.0000000000,0.0000000000,0.5354045248,exit_left
22400,1,0.0000000000,0.0000000000,1.0195686063,0.0000000000,scatter
22400,2,1.0195686063,0.0000000000,1.4513778585,2.2606083495,absorb
22500,1,0.0000000000,0.0000000000,0.9168498374,0.0000000000,scatter
22500,2,0.9168498374,0.0000000000,1.1166667991,0.0344274671,scatter
22500,3,1.1166667991,0.0344274671,1.7154165563,0.0980157753,scatter
22500,4,1.7154165563,0.0980157753,2.5804781634,1.4471022144,scatter
22500,5,2.5804781634,1.4471022144,2.3220707078,2.1402818217,scatter
22500,6,2.3220707078,2.1402818217,1.1818072929,2.6324399488,scatter
22500,7,1.1818072929,2.6324399488,1.2112869329,2.2651626282,scatter
22500,8,1.2112869329,2.2651626282,0.0000000000,2.2842929773,exit_left
22600,1,0.0000000000,0.0000000000,1.0887941375,0.0000000000,absorb
22700,1,0.0000000000,0.0000000000,3.2331768536,0.0000000000,scatter
22700,2,3.2331768536,0.0000000000,1.7881076560,0.0789345296,scatter
22700,3,1.7881076560,0.0789345296,2.7362424723,-1.4161754660,scatter
22700,4,2.7362424723,-1.4161754660,0.0000000000,-1.3835917885,exit_left
22800,1,0.0000000000,0.0000000000,1.7687779421,0.0000000000,scatter
22800,2,1.7687779421,0.0000000000,1.6957878092,0.4260285599,scatter
22800,3,1.6957878092,0.4260285599,0.7545730068,0.5164037625,scatter
22800,4,0.7545730068,0.5164037625,4.5000000000,3.0176810459,exit_right
22900,1,0.0000000000,0.0000000000,3.5150867927,0.0000000000,absorb
23000,1,0.0000000000,0.0000000000,4.5000000000,0.0000000000,exit_right
23100,1,0.0000000000,0.0000000000,0.1074946938,0.0000000000,scatter
23100,2,0.1074946938,0.0000000000,0.0000000000,-0.0866911610,exit_left
23200,1,0.0000000000,0.0000000000,0.7089400813,0.0000000000,absorb
23300,1,0.0000000000,0.0000000000,2.9306111496,0.0000000000,scatter
23300,2,2.9306111496,0.0000000000,1.7452955407,3.2347452931,scatter
23300,3,1.7452955407,3.2347452931,3.8959216151,7.8986634061,scatter
23300,4,3.8959216151,7.8986634061,3.9948465696,7.2555251801,scatter
23300,5,3.9948465696,7.2555251801,2.0826329650,11.8312224749,scatter
23300,6,2.0826329650,11.8312224749,1.7047214605,11.0360742375,scatter
23300,7,1.7047214605,11.0360742375,1.0034073786,10.4957627142,absorb
23400,1,0.0000000000,0.0000000000,1.4114770600,0.0000000000,absorb
23500,1,0.0000000000,0.0000000000,0.3241077134,0.0000000000,absorb
23600,1,0.0000000000,0.0000000000,4.1499906461,0.0000000000,scatter
23600,2,4.1499906461,0.0000000000,4.3171992613,0.0012938352,scatter
23600,3,4.3171992613,0.0012938352,1.0310046344,3.2734350052,scatter
23600,4,1.0310046344,3.2734350052,0.7116346457,2.7476417628,scatter
23600,5,0.7116346457,2.7476417628,0.0000000000,2.9292944064,exit_left
23700,1,0.0000000000,0.0000000000,0.2427972330,0.0000000000,scatter
23700,2,0.2427972330,0.0000000000,1.3760542217,0.5186764555,scatter
23700,3,1.3760542217,0.5186764555,1.3631904789,0.4299308674,scatter
23700,4,1.3631904789,0.4299308674,1.3516862576,0.2382884887,scatter
23700,5,1.3516862576,0.2382884887,0.8807282287,-0.3257153550,absorb
23800,1,0.0000000000,0.0000000000,0.7403265749,0.0000000000,scatter
23800,2,0.7403265749,0.0000000000,0.3596821974,-0.1359833350,scatter
23800,3,0.3596821974,-0.1359833350,1.1916147071,1.8335517714,scatter
23800,4,1.1916147071,1.8335517714,1.2755612853,3.8477364329,scatter
23800,5,1.2755612853,3.8477364329,2.7677841611,3.0650157926,scatter
23800,6,2.7677841611,3.0650157926,2.8174714576,2.9057312836,scatter
23800,7,2.8174714576,2.9057312836,1.0396593347,3.0236787260,scatter
23800,8,1.0396593347,3.0236787260,0.3038218341,3.0779813172,scatter
23800,9,0.3038218341,3.0779813172,0.2667972217,3.0788426595,scatter
23800,10,0.2667972217,3.0788426595,2.6787203542,3.3093728438,scatter
23800,11,2.6787203542,3.3093728438,2.6534774548,3.3148057764,scatter
23800,12,2.6534774548,3.3148057764,1.6468935725,4.0143364474,scatter
23800,13,1.6468935725,4.0143364474,1.3253667884,3.4674089533,scatter
23800,14,1.3253667884,3.4674089533,1.3807346533,3.4837902656,scatter
23800,15,1.3807346533,3.4837902656,1.1955507382,3.6073624439,scatter
23800,16,1.1955507382,3.6073624439,1.9021667611,3.8062733176,scatter
23800,17,1.9021667611,3.8062733176,0.0000000000,4.7178980483,exit_left
23900,1,0.0000000000,0.0000000000,1.0266305135,0.0000000000,scatter
23900,2,1.0266305135,0.0000000000,2.1861873416,-0.1639380057,scatter
23900,3,2.1861873416,-0.1639380057,3.2173771725,-0.2498944267,absorb
24000,1,0.0000000000,0.0000000000,0.1428610806,0.0000000000,scatter
24000,2,0.1428610806,0.0000000000,0.5991692415,0.2540575638,absorb
24100,1,0.0000000000,0.0000000000,1.6571870184,0.0000000000,absorb
24200,1,0.0000000000,0.0000000000,4.2738382928,0.0000000000,scatter
24200,2,4.2738382928,0.0000000000,3.8579754815,-0.2177790864,scatter
24200,3,3.8579754815,-0.2177790864,1.4447735836,-2.0746646872,scatter
24200,4,1.4447735836,-2.0746646872,0.0000000000,-4.1651274014,exit_left
24300,1,0.0000000000,0.0000000000,1.8319831929,0.0000000000,absorb
24400,1,0.0000000000,0.0000000000,2.8251579043,0.0000000000,scatter
24400,2,2.8251579043,0.0000000000,3.5946564334,-1.4554532587,scatter
24400,3,3.5946564334,-1.4554532587,4.5000000000,-0.7499709054,exit_right
24500,1,0.0000000000,0.0000000000,1.4240982841,0.0000000000,scatter
24500,2,1.4240982841,0.0000000000,0.0798175762,-0.5491062933,scatter
24500,3,0.0798175762,-0.5491062933,0.0197569981,-0.5638761127,scatter
24500,4,0.0197569981,-0.5638761127,0.0000000000,-0.6022979616,exit_left
24600,1,0.0000000000,0.0000000000,3.0671647512,0.0000000000,scatter
24600,2,3.0671647512,0.0000000000,4.5000000000,-1.6161021685,exit_right
24700,1,0.0000000000,0.0000000000,1.3014707865,0.0000000000,absorb
24800,1,0.0000000000,0.0000000000,4.5000000000,0.0000000000,exit_right
24900,1,0.0000000000,0.0000000000,0.5541427020,0.0000000000,scatter
24900,2,0.5541427020,0.0000000000,0.0000000000,0.2636440393,exit_left
25000,1,0.0000000000,0.0000000000,1.1119076038,0.0000000000,absorb
25100,1,0.0000000000,0.0000000000,1.4138552252,0.0000000000,scatter
25100,2,1.4138552252,0.0000000000,2.9379890183,-0.2192556593,scatter
25100,3,2.9379890183,-0.2192556593,0.5587190909,1.2230864052,absorb
25200,1,0.0000000000,0.0000000000,0.9417586672,0.0000000000,scatter
25200,2,0.9417586672,0.0000000000,1.9593856514,-0.1543807212,scatter
25200,3,1.9593856514,-0.1543807212,1.7473578484,0.2539650550,absorb
25300,1,0.0000000000,0.0000000000,4.5000000000,0.0000000000,exit_right
25400,1,0.0000000000,0.0000000000,3.2777671432,0.0000000000,scatter
25400,2,3.2777671432,0.0000000000,2.7645838275,0.2407360980,scatter
25400,3,2.7645838275,0.2407360980,4.4619393331,2.5856806930,scatter
25400,4,4.4619393331,2.5856806930,4.0258329412,0.1285978511,scatter
25400,5,4.0258329412,0.1285978511,4.1264211460,0.0397291729,scatter
25400,6,4.1264211460,0.0397291729,2.9879192752,2.2519210074,scatter
25400,7,2.9879192752,2.2519210074,0.0000000000,3.2986077550,exit_left
25500,1,0.0000000000,0.0000000000,0.6389311187,0.0000000000,scatter
25500,2,0.6389311187,0.0000000000,0.6634617478,0.1092086699,absorb
25600,1,0.0000000000,0.0000000000,1.2363928960,0.0000000000,scatter
25600,2,1.2363928960,0.0000000000,1.9049200139,-0.8511769908,scatter
25600,3,1.9049200139,-0.8511769908,4.5000000000,-1.0572865966,exit_right
25700,1,0.0000000000,0.0000000000,2.1218513562,0.0000000000,scatter
25700,2,2.1218513562,0.0000000000,1.6787239467,1.7222951942,scatter
25700,3,1.6787239467,1.7222951942,1.7974850062,0.6893192020,scatter
25700,4,1.7974850062,0.6893192020,4.5000000000,-0.2278597004,exit_right
25800,1,0.0000000000,0.0000000000,0.6532516167,0.0000000000,scatter
25800,2,0.6532516167,0.0000000000,0.0000000000,-0.3193318809,exit_left
25900,1,0.0000000000,0.0000000000,2.4341774131,0.0000000000,scatter
25900,2,2.4341774131,0.0000000000,0.9034121277,-0.2970936414,scatter
25900,3,0.9034121277,-0.2970936414,0.3011359286,-1.2814761756,scatter
25900,4,0.3011359286,-1.2814761756,0.0000000000,-1.6724164478,exit_left
26000,1,0.0000000000,0.0000000000,4.5000000000,0.0000000000,exit_right
26100,1,0.0000000000,0.0000000000,1.4956977039,0.0000000000,scatter
26100,2,1.4956977039,0.0000000000,3.3206886122,-1.3822594092,scatter
26100,3,3.3206886122,-1.3822594092,3.4605468035,-1.6066059406,scatter
26100,4,3.4605468035,-1.6066059406,4.5000000000,-2.1281623385,exit_right
26200,1,0.0000000000,0.0000000000,0.8320952137,0.0000000000,scatter
26200,2,0.8320952137,0.0000000000,0.5223561020,0.1498014162,scatter
26200,3,0.5223561020,0.1498014162,1.4541492531,2.4803307333,absorb
26300,1,0.0000000000,0.0000000000,4.5000000000,0.0000000000,exit_right
26400,1,0.0000000000,0.0000000000,0.8682361577,0.0000000000,absorb
26500,1,0.0000000000,0.0000000000,0.9836214304,0.0000000000,scatter
26500,2,0.9836214304,0.0000000000,1.4330697799,0.9371190667,absorb
26600,1,0.0000000000,0.0000000000,4.5000000000,0.0000000000,exit_right
26700,1,0.0000000000,0.0000000000,1.7035239113,0.0000000000,scatter
26700,2,1.7035239113,0.0000000000,2.0270332411,0.6342345851,scatter
26700,3,2.0270332411,0.6342345851,4.5000000000,-6.2760056794,exit_right
26800,1,0.0000000000,0.0000000000,1.4865317186,0.0000000000,absorb
26900,1,0.0000000000,0.0000000000,0.5682873544,0.0000000000,scatter
26900,2,0.5682873544,0.0000000000,4.5000000000,0.6423752820,exit_right
27000,1,0.0000000000,0.0000000000,0.0659649854,0.0000000000,absorb
27100,1,0.0000000000,0.0000000000,1.6678620515,0.0000000000,absorb
27200,1,0.0000000000,0.0000000000,0.5895184445,0.0000000000,scatter
27200,2,0.5895184445,0.0000000000,0.0000000000,-0.3179973685,exit_left
27300,1,0.0000000000,0.0000000000,1.3992773247,0.0000000000,scatter
27300,2,1.3992773247,0.0000000000,2.4081923322,-0.1770713327,scatter
27300,3,2.4081923322,-0.1770713327,2.2150693207,1.1364388451,absorb
27400,1,0.0000000000,0.0000000000,0.7080376186,0.0000000000,scatter
27400,2,0.7080376186,0.0000000000,1.9974820041,5.2371732129,scatter
27400,3,1.9974820041,5.2371732129,2.1324450659,5.2023736423,absorb
27500,1,0.0000000000,0.0000000000,4.2285761212,0.0000000000,scatter
27500,2,4.2285761212,0.0000000000,4.1916498123,0.1402297465,scatter
27500,3,4.1916498123,0.1402297465,4.5000000000,0.4665779220,exit_right
27600,1,0.0000000000,0.0000000000,0.9435538631,0.0000000000,scatter
27600,2,0.9435538631,0.0000000000,0.2679754897,-0.8184022048,scatter
27600,3,0.2679754897,-0.8184022048,0.7604098497,-0.6367825408,scatter
27600,4,0.7604098497,-0.6367825408,0.1112936825,-1.4220060295,scatter
27600,5,0.1112936825,-1.4220060295,0.0000000000,-1.5178821344,exit_left
27700,1,0.0000000000,0.0000000000,0.7457844368,0.0000000000,absorb
27800,1,0.0000000000,0.0000000000,0.7501442786,0.0000000000,absorb
27900,1,0.0000000000,0.0000000000,1.8831301336,0.0000000000,scatter
27900,2,1.8831301336,0.0000000000,2.9230824831,-0.3569366388,absorb
28000,1,0.0000000000,0.0000000000,0.8617197430,0.0000000000,scatter
28000,2,0.8617197430,0.0000000000,0.0515303764,0.8082797025,scatter
28000,3,0.0515303764,0.8082797025,2.0087848468,-0.0552182380,scatter
28000,4,2.0087848468,-0.0552182380,0.4876905050,0.1033850005,scatter
28000,5,0.4876905050,0.1033850005,0.0000000000,0.6315764098,exit_left
28100,1,0.0000000000,0.0000000000,1.6118593152,0.0000000000,absorb
28200,1,0.0000000000,0.0000000000,1.3290478371,0.0000000000,scatter
28200,2,1.3290478371,0.0000000000,0.0000000000,0.5667988459,exit_left
28300,1,0.0000000000,0.0000000000,1.9119858986,0.0000000000,scatter
28300,2,1.9119858986,0.0000000000,0.0000000000,-0.2906892638,exit_left
28400,1,0.0000000000,0.0000000000,4.2563964097,0.0000000000,absorb
28500,1,0.0000000000,0.0000000000,2.0758632477,0.0000000000,absorb
28600,1,0.0000000000,0.0000000000,1.0058536356,0.0000000000,scatter
28600,2,1.0058536356,0.0000000000,1.0572887148,-0.1292172641,scatter
28600,3,1.0572887148,-0.1292172641,3.5479674618,-1.5166614508,scatter
28600,4,3.5479674618,-1.5166614508,4.5000000000,-2.3507250854,exit_right
28700,1,0.0000000000,0.0000000000,0.4873694076,0.0000000000,scatter
28700,2,0.4873694076,0.0000000000,2.2494846742,-2.8264823895,scatter
28700,3,2.2494846742,-2.8264823895,2.2033180064,-1.8313759656,scatter
28700,4,2.2033180064,-1.8313759656,2.8006484695,-1.6284741875,scatter
28700,5,2.8006484695,-1.6284741875,2.9479307310,-2.1638810656,scatter
28700,6,2.9479307310,-2.1638810656,3.2782664807,-3.0748625835,scatter
28700,7,3.2782664807,-3.0748625835,3.3314035800,-7.6112593802,scatter
28700,8,3.3314035800,-7.6112593802,4.1459608698,-7.7080130978,scatter
28700,9,4.1459608698,-7.7080130978,4.5000000000,-7.7333394818,exit_right
28800,1,0.0000000000,0.0000000000,0.9945050544,0.0000000000,scatter
28800,2,0.9945050544,0.0000000000,0.6289376560,0.4852313798,scatter
28800,3,0.6289376560,0.4852313798,0.9559820545,1.0766791213,absorb
28900,1,0.0000000000,0.0000000000,1.6408418515,0.0000000000,scatter
28900,2,1.6408418515,0.0000000000,0.7521597000,-0.8579923953,scatter
28900,3,0.7521597000,-0.8579923953,0.0000000000,7.0764159148,exit_left
29000,1,0.0000000000,0.0000000000,3.4715383840,0.0000000000,scatter
29000,2,3.4715383840,0.0000000000,2.5678099156,-1.6067508071,absorb
29100,1,0.0000000000,0.0000000000,1.5883315481,0.0000000000,scatter
29100,2,1.5883315481,0.0000000000,1.9474494808,0.0102150020,absorb
29200,1,0.0000000000,0.0000000000,2.6946331918,0.0000000000,absorb
29300,1,0.0000000000,0.0000000000,0.3443828178,0.0000000000,scatter
29300,2,0.3443828178,0.0000000000,3.8160990198,-3.4213895903,scatter
29300,3,3.8160990198,-3.4213895903,3.6657098969,-1.6213441393,scatter
29300,4,3.6657098969,-1.6213441393,1.5556705571,-0.5544443863,scatter
29300,5,1.5556705571,-0.5544443863,4.5000000000,1.3658878738,exit_right
29400,1,0.0000000000,0.0000000000,1.5784240660,0.0000000000,scatter
29400,2,1.5784240660,0.0000000000,2.5448299976,0.6681036573,absorb
29500,1,0.0000000000,0.0000000000,4.4892064868,0.0000000000,scatter
29500,2,4.4892064868,0.0000000000,0.0189669155,-0.9338762449,scatter
29500,3,0.0189669155,-0.9338762449,1.6318296074,1.2487089014,scatter
29500,4,1.6318296074,1.2487089014,1.1742956981,4.4253086016,scatter
29500,5,1.1742956981,4.4253086016,1.1200444775,4.2301974019,scatter
29500,6,1.1200444775,4.2301974019,1.2326344148,3.1772813764,scatter
29500,7,1.2326344148,3.1772813764,0.2361769319,4.6342585201,absorb
29600,1,0.0000000000,0.0000000000,1.3859698700,0.0000000000,scatter
29600,2,1.3859698700,0.0000000000,0.5804828805,-0.7056533607,scatter
29600,3,0.5804828805,-0.7056533607,0.0000000000,-0.7899202152,exit_left
29700,1,0.0000000000,0.0000000000,1.8917721539,0.0000000000,absorb
29800,1,0.0000000000,0.0000000000,4.5000000000,0.0000000000,exit_right
29900,1,0.0000000000,0.0000000000,1.6065774380,0.0000000000,absorb
30000,1,0.0000000000,0.0000000000,0.3197573757,0.0000000000,scatter
30000,2,0.3197573757,0.0000000000,0.0000000000,0.1076726929,exit_left
30100,1,0.0000000000,0.0000000000,0.0515939700,0.0000000000,scatter
30100,2,0.0515939700,0.0000000000,1.0099649536,-0.4423103276,scatter
30100,3,1.0099649536,-0.4423103276,2.2285240179,-1.0130251762,scatter
30100,4,2.2285240179,-1.0130251762,1.0726284692,-2.4444432836,scatter
30100,5,1.0726284692,-2.4444432836,1.4462832132,-2.4417800469,absorb
30200,1,0.0000000000,0.0000000000,0.8878165330,0.0000000000,scatter
30200,2,0.8878165330,0.0000000000,0.0000000000,4.4086590796,exit_left
30300,1,0.0000000000,0.0000000000,0.6949252097,0.0000000000,scatter
30300,2,0.6949252097,0.0000000000,1.7132775498,5.0852385976,scatter
30300,3,1.7132775498,5.0852385976,1.5846372366,2.7101937108,scatter
30300,4,1.5846372366,2.7101937108,0.0000000000,-1.5076239637,exit_left
30400,1,0.0000000000,0.0000000000,4.0457376039,0.0000000000,scatter
30400,2,4.0457376039,0.0000000000,4.5000000000,0.7786005422,exit_right
30500,1,0.0000000000,0.0000000000,4.5000000000,0.0000000000,exit_right
30600,1,0.0000000000,0.0000000000,1.9401822264,0.0000000000,scatter
30600,2,1.9401822264,0.0000000000,2.2205239005,-0.2870505134,scatter
30600,3,2.2205239005,-0.2870505134,0.0000000000,-0.8491766901,exit_left
30700,1,0.0000000000,0.0000000000,4.5000000000,0.0000000000,exit_right
30800,1,0.0000000000,0.0000000000,1.1262495918,0.0000000000,scatter
30800,2,1.1262495918,0.0000000000,1.2051474715,-0.3155055108,absorb
30900,1,0.0000000000,0.0000000000,2.2693349755,0.0000000000,scatter
30900,2,2.2693349755,0.0000000000,0.0000000000,-6.0773517618,exit_left
31000,1,0.0000000000,0.0000000000,0.0070548716,0.0000000000,scatter
31000,2,0.0070548716,0.0000000000,0.2911074734,-0.4107923946,absorb
31100,1,0.0000000000,0.0000000000,1.7554822338,0.0000000000,scatter
31100,2,1.7554822338,0.0000000000,0.4813043837,0.4841452954,scatter
31100,3,0.4813043837,0.4841452954,1.3150957524,-0.6793236561,scatter
31100,4,1.3150957524,-0.6793236561,2.2519463156,0.6160083607,scatter
31100,5,2.2519463156,0.6160083607,2.2290508472,0.7289213832,scatter
31100,6,2.2290508472,0.7289213832,2.7295679407,0.3230124820,scatter
31100,7,2.7295679407,0.3230124820,3.3985172604,0.3652226427,scatter
31100,8,3.3985172604,0.3652226427,4.5000000000,-0.3834771668,exit_right
31200,1,0.0000000000,0.0000000000,2.7039103367,0.0000000000,scatter
31200,2,2.7039103367,0.0000000000,1.0796981609,1.6322800710,scatter
31200,3,1.0796981609,1.6322800710,1.4073093075,2.0890560687,scatter
31200,4,1.4073093075,2.0890560687,1.7465556566,3.0990197395,scatter
31200,5,1.7465556566,3.0990197395,1.5870116858,3.0576098248,scatter
31200,6,1.5870116858,3.0576098248,1.4919210257,2.7617815456,scatter
31200,7,1.4919210257,2.7617815456,1.4874868848,2.7707275546,scatter
31200,8,1.4874868848,2.7707275546,2.6224999348,2.0865354866,absorb
31300,1,0.0000000000,0.0000000000,0.0785118973,0.0000000000,absorb
31400,1,0.0000000000,0.0000000000,1.0375671877,0.0000000000,scatter
31400,2,1.0375671877,0.0000000000,3.3770932926,-1.1821936396,scatter
31400,3,3.3770932926,-1.1821936396,3.5386857700,-1.3028197579,scatter
31400,4,3.5386857700,-1.3028197579,3.1622332914,-1.9052356623,scatter
31400,5,3.1622332914,-1.9052356623,3.1508757132,-1.9579130402,scatter
31400,6,3.1508757132,-1.9579130402,4.5000000000,-1.8692558781,exit_right
31500,1,0.0000000000,0.0000000000,0.3416745374,0.0000000000,scatter
31500,2,0.3416745374,0.0000000000,0.0000000000,0.2323085438,exit_left
31600,1,0.0000000000,0.0000000000,1.8872963720,0.0000000000,absorb
31700,1,0.0000000000,0.0000000000,0.6441522170,0.0000000000,scatter
31700,2,0.6441522170,0.0000000000,0.0000000000,-0.1834959169,exit_left
31800,1,0.0000000000,0.0000000000,1.9504218109,0.0000000000,absorb
31900,1,0.0000000000,0.0000000000,0.8749079556,0.0000000000,scatter
31900,2,0.8749079556,0.0000000000,0.3690571036,-3.9121090577,scatter
31900,3,0.3690571036,-3.9121090577,0.5697716478,-3.6130352784,scatter
31900,4,0.5697716478,-3.6130352784,0.0000000000,-3.3340503449,exit_left
32000,1,0.0000000000,0.0000000000,2.8326594970,0.0000000000,absorb
32100,1,0.0000000000,0.0000000000,0.4202780434,0.0000000000,scatter
32100,2,0.4202780434,0.0000000000,0.7681412238,-0.2373214741,absorb
32200,1,0.0000000000,0.0000000000,4.5000000000,0.0000000000,exit_right
32300,1,0.0000000000,0.0000000000,0.2111177201,0.0000000000,scatter
32300,2,0.2111177201,0.0000000000,2.3322253021,3.0794019413,scatter
32300,3,2.3322253021,3.0794019413,2.7867266646,3.7297323375,scatter
32300,4,2.7867266646,3.7297323375,4.0907112859,2.0895084998,scatter
32300,5,4.0907112859,2.0895084998,4.1618378146,1.9548672786,scatter
32300,6,4.1618378146,1.9548672786,4.5000000000,1.8477189307,exit_right
32400,1,0.0000000000,0.0000000000,0.6472154930,0.0000000000,scatter
32400,2,0.6472154930,0.0000000000,0.1103544084,0.2538641254,scatter
32400,3,0.1103544084,0.2538641254,1.4311479638,-1.0825082177,scatter
32400,4,1.4311479638,-1.0825082177,1.0701588955,-0.9840059506,scatter
32400,5,1.0701588955,-0.9840059506,4.5000000000,1.1903254510,exit_right
32500,1,0.0000000000,0.0000000000,0.1582508913,0.0000000000,scatter
32500,2,0.1582508913,0.0000000000,0.0000000000,2.9206724861,exit_left
32600,1,0.0000000000,0.0000000000,1.6660464990,0.0000000000,scatter
32600,2,1.6660464990,0.0000000000,0.0000000000,-2.8194685148,exit_left
32700,1,0.0000000000,0.0000000000,3.6785863734,0.0000000000,scatter
32700,2,3.6785863734,0.0000000000,4.5000000000,1.7994150587,exit_right
32800,1,0.0000000000,0.0000000000,0.0973267915,0.0000000000,scatter
32800,2,0.0973267915,0.0000000000,0.0000000000,-0.0600758290,exit_left
32900,1,0.0000000000,0.0000000000,2.4470813479,0.0000000000,scatter
32900,2,2.4470813479,0.0000000000,3.1033467317,-1.1996444346,scatter
32900,3,3.1033467317,-1.1996444346,0.0000000000,-3.3465059019,exit_left
33000,1,0.0000000000,0.0000000000,0.9034193339,0.0000000000,scatter
33000,2,0.9034193339,0.0000000000,0.0000000000,-0.7812701607,exit_left
33100,1,0.0000000000,0.0000000000,1.0893897115,0.0000000000,absorb
33200,1,0.0000000000,0.0000000000,3.2404312731,0.0000000000,scatter
33200,2,3.2404312731,0.0000000000,0.9326971068,-4.2091453900,scatter
33200,3,0.9326971068,-4.2091453900,2.2771242051,-4.7301705508,scatter
33200,4,2.2771242051,-4.7301705508,3.0520071317,-3.7355416446,scatter
33200,5,3.0520071317,-3.7355416446,4.5000000000,-3.7852705443,exit_right
33300,1,0.0000000000,0.0000000000,4.2811588921,0.0000000000,scatter
33300,2,4.2811588921,0.0000000000,2.7099616983,-0.8046870209,absorb
33400,1,0.0000000000,0.0000000000,0.8379152821,0.0000000000,scatter
33400,2,0.8379152821,0.0000000000,2.2721796622,0.1753147659,scatter
33400,3,2.2721796622,0.1753147659,1.9703633414,0.4385053486,scatter
33400,4,1.9703633414,0.4385053486,0.0108993600,-0.9529280607,absorb
33500,1,0.0000000000,0.0000000000,0.8772276866,0.0000000000,scatter
33500,2,0.8772276866,0.0000000000,0.0000000000,-0.0431133396,exit_left
33600,1,0.0000000000,0.0000000000,3.0915887832,0.0000000000,scatter
33600,2,3.0915887832,0.0000000000,3.4649266348,-0.8270850250,scatter
33600,3,3.4649266348,-0.8270850250,3.4973533124,-0.7668060216,scatter
33600,4,3.4973533124,-0.7668060216,3.3981165080,-0.4712191472,scatter
33600,5,3.3981165080,-0.4712191472,4.5000000000,-1.1112918357,exit_right
33700,1,0.0000000000,0.0000000000,3.3044399492,0.0000000000,absorb
33800,1,0.0000000000,0.0000000000,1.8402714659,0.0000000000,scatter
33800,2,1.8402714659,0.0000000000,2.1933862409,-1.4182644749,scatter
33800,3,2.1933862409,-1.4182644749,2.6473854890,0.6979412751,scatter
33800,4,2.6473854890,0.6979412751,2.7671668261,5.2411843433,absorb
33900,1,0.0000000000,0.0000000000,4.5000000000,0.0000000000,exit_right
34000,1,0.0000000000,0.0000000000,4.1101953643,0.0000000000,scatter
34000,2,4.1101953643,0.0000000000,3.8226653200,-1.1943137900,absorb
34100,1,0.0000000000,0.0000000000,1.3717557760,0.0000000000,scatter
34100,2,1.3717557760,0.0000000000,0.0000000000,0.8907210383,exit_left
34200,1,0.0000000000,0.0000000000,2.1718205934,0.0000000000,scatter
34200,2,2.1718205934,0.0000000000,3.2125434109,-2.0844322128,scatter
34200,3,3.2125434109,-2.0844322128,3.2545163753,-2.2252567887,scatter
34200,4,3.2545163753,-2.2252567887,2.7558191038,-3.7354900603,scatter
34200,5,2.7558191038,-3.7354900603,2.5580439718,-3.4953472810,scatter
34200,6,2.5580439718,-3.4953472810,2.1901216925,-3.9153286149,scatter
34200,7,2.1901216925,-3.9153286149,2.2039592521,-5.4720263345,absorb
34300,1,0.0000000000,0.0000000000,0.0594336609,0.0000000000,absorb
34400,1,0.0000000000,0.0000000000,4.1720947208,0.0000000000,scatter
34400,2,4.1720947208,0.0000000000,3.4256046333,-0.6365611784,absorb
34500,1,0.0000000000,0.0000000000,2.0211912295,0.0000000000,scatter
34500,2,2.0211912295,0.0000000000,2.9623310038,-0.6678986994,scatter
34500,3,2.9623310038,-0.6678986994,2.7617368282,1.2789182060,scatter
34500,4,2.7617368282,1.2789182060,2.3150461469,5.7334215147,absorb
34600,1,0.0000000000,0.0000000000,0.7750706644,0.0000000000,scatter
34600,2,0.7750706644,0.0000000000,0.2359786654,0.3195482227,scatter
34600,3,0.2359786654,0.3195482227,0.6277658900,0.5954968024,absorb
34700,1,0.0000000000,0.0000000000,1.3105759277,0.0000000000,scatter
34700,2,1.3105759277,0.0000000000,1.0502345293,1.9107209352,scatter
34700,3,1.0502345293,1.9107209352,0.9937797023,2.1821325663,scatter
34700,4,0.9937797023,2.1821325663,0.9029429303,2.7350786838,scatter
34700,5,0.9029429303,2.7350786838,0.0000000000,3.6505279254,exit_left
34800,1,0.0000000000,0.0000000000,1.2323194820,0.0000000000,absorb
34900,1,0.0000000000,0.0000000000,0.0635118508,0.0000000000,scatter
34900,2,0.0635118508,0.0000000000,0.0427491986,-0.0083200170,scatter
34900,3,0.0427491986,-0.0083200170,0.1853193144,2.5305974508,scatter
34900,4,0.1853193144,2.5305974508,0.0137114617,1.9958020850,scatter
34900,5,0.0137114617,1.9958020850,0.6576821525,0.3257101682,scatter
34900,6,0.6576821525,0.3257101682,0.6491504227,0.3048995971,absorb
35000,1,0.0000000000,0.0000000000,3.1344591996,0.0000000000,absorb
35100,1,0.0000000000,0.0000000000,0.3697483206,0.0000000000,scatter
35100,2,0.3697483206,0.0000000000,0.0000000000,-0.4785736402,exit_left
35200,1,0.0000000000,0.0000000000,4.2083979769,0.0000000000,scatter
35200,2,4.2083979769,0.0000000000,2.7263737904,-0.2717791581,scatter
35200,3,2.7263737904,-0.2717791581,2.7382025603,-0.3156560887,scatter
35200,4,2.7382025603,-0.3156560887,2.7613365032,-1.4212928041,scatter
35200,5,2.7613365032,-1.4212928041,1.4788285134,0.2031119719,absorb
35300,1,0.0000000000,0.0000000000,0.2726899240,0.0000000000,scatter
35300,2,0.2726899240,0.0000000000,2.0086018668,-3.4545954529,absorb
35400,1,0.0000000000,0.0000000000,3.1574409792,0.0000000000,absorb
35500,1,0.0000000000,0.0000000000,2.0063952270,0.0000000000,scatter
35500,2,2.0063952270,0.0000000000,2.9617545843,0.1637840549,scatter
35500,3,2.9617545843,0.1637840549,3.2349428471,0.2929671513,scatter
35500,4,3.2349428471,0.2929671513,4.5000000000,0.3353402329,exit_right
35600,1,0.0000000000,0.0000000000,0.9541443727,0.0000000000,scatter
35600,2,0.9541443727,0.0000000000,0.0000000000,-0.1838100434,exit_left
35700,1,0.0000000000,0.0000000000,1.1965482937,0.0000000000,absorb
35800,1,0.0000000000,0.0000000000,0.8316051613,0.0000000000,scatter
35800,2,0.8316051613,0.0000000000,0.0000000000,0.2605388792,exit_left
35900,1,0.0000000000,0.0000000000,0.2797110504,0.0000000000,scatter
35900,2,0.2797110504,0.0000000000,2.9307295488,1.6210581645,scatter
35900,3,2.9307295488,1.6210581645,0.0000000000,2.2979068290,exit_left
36000,1,0.0000000000,0.0000000000,0.7360073352,0.0000000000,scatter
36000,2,0.7360073352,0.0000000000,0.8777855965,0.7352510811,absorb
36100,1,0.0000000000,0.0000000000,2.8696340937,0.0000000000,scatter
36100,2,2.8696340937,0.0000000000,2.4038997588,-1.1600496354,scatter
36100,3,2.4038997588,-1.1600496354,2.3296506947,-1.1677468507,scatter
36100,4,2.3296506947,-1.1677468507,2.2063055129,-1.2335416983,absorb
36200,1,0.0000000000,0.0000000000,1.5095272728,0.0000000000,scatter
36200,2,1.5095272728,0.0000000000,1.9437833598,0.1709022777,scatter
36200,3,1.9437833598,0.1709022777,0.0000000000,-1.3368670808,exit_left
36300,1,0.0000000000,0.0000000000,1.9161031935,0.0000000000,absorb
36400,1,0.0000000000,0.0000000000,1.4740900036,0.0000000000,scatter
36400,2,1.4740900036,0.0000000000,0.6756811261,1.1319806830,scatter
36400,3,0.6756811261,1.1319806830,0.0000000000,2.0216848658,exit_left
36500,1,0.0000000000,0.0000000000,1.5344506269,0.0000000000,absorb
36600,1,0.0000000000,0.0000000000,0.8550910254,0.0000000000,scatter
36600,2,0.8550910254,0.0000000000,0.7826098592,-7.5512666266,scatter
36600,3,0.7826098592,-7.5512666266,1.4484004342,-7.1401012242,absorb
36700,1,0.0000000000,0.0000000000,3.6094591144,0.0000000000,scatter
36700,2,3.6094591144,0.0000000000,1.1988832676,0.3024257914,scatter
36700,3,1.1988832676,0.3024257914,1.4147519128,2.4921453629,scatter
36700,4,1.4147519128,2.4921453629,0.0000000000,1.8608019065,exit_left
36800,1,0.0000000000,0.0000000000,1.5780610123,0.0000000000,scatter
36800,2,1.5780610123,0.0000000000,0.3764513433,0.9790242759,scatter
36800,3,0.3764513433,0.9790242759,2.5600089201,0.0444881961,scatter
36800,4,2.5600089201,0.0444881961,4.5000000000,0.4366920083,exit_right
36900,1,0.0000000000,0.0000000000,4.5000000000,0.0000000000,exit_right
37000,1,0.0000000000,0.0000000000,0.8807009497,0.0000000000,absorb
37100,1,0.0000000000,0.0000000000,1.7590164331,0.0000000000,scatter
37100,2,1.7590164331,0.0000000000,2.6185040873,0.0650349313,scatter
37100,3,2.6185040873,0.0650349313,3.3483047044,0.2938792428,scatter
37100,4,3.3483047044,0.2938792428,3.0031528431,-2.2166339601,scatter
37100,5,3.0031528431,-2.2166339601,1.8153807334,0.4548795319,scatter
37100,6,1.8153807334,0.4548795319,0.8964774370,-0.2655810959,scatter
37100,7,0.8964774370,-0.2655810959,0.7682447819,-0.1603814754,absorb
37200,1,0.0000000000,0.0000000000,0.2132106625,0.0000000000,scatter
37200,2,0.2132106625,0.0000000000,0.0000000000,0.0825536135,exit_left
37300,1,0.0000000000,0.0000000000,0.4144336753,0.0000000000,scatter
37300,2,0.4144336753,0.0000000000,0.3032574988,0.2702251023,scatter
37300,3,0.3032574988,0.2702251023,1.2049862481,-0.5249530158,scatter
37300,4,1.2049862481,-0.5249530158,1.2667102564,0.7650611322,scatter
37300,5,1.2667102564,0.7650611322,1.1224996345,1.0313019448,absorb
37400,1,0.0000000000,0.0000000000,1.9661039093,0.0000000000,absorb
37500,1,0.0000000000,0.0000000000,4.5000000000,0.0000000000,exit_right
37600,1,0.0000000000,0.0000000000,2.2331652808,0.0000000000,scatter
37600,2,2.2331652808,0.0000000000,1.9651736096,-0.1504100825,scatter
37600,3,1.9651736096,-0.1504100825,2.0835449928,-0.2965308408,absorb
37700,1,0.0000000000,0.0000000000,1.2388679806,0.0000000000,scatter
37700,2,1.2388679806,0.0000000000,1.0362346395,0.2934525637,scatter
37700,3,1.0362346395,0.2934525637,0.0000000000,0.7050847650,exit_left
37800,1,0.0000000000,0.0000000000,1.0553865224,0.0000000000,scatter
37800,2,1.0553865224,0.0000000000,3.8964846568,0.3830515584,scatter
37800,3,3.8964846568,0.3830515584,3.7502397698,0.3172400242,absorb
37900,1,0.0000000000,0.0000000000,1.6806419572,0.0000000000,scatter
37900,2,1.6806419572,0.0000000000,1.6514665170,0.3121245866,absorb
38000,1,0.0000000000,0.0000000000,1.1601485597,0.0000000000,scatter
38000,2,1.1601485597,0.0000000000,0.3818943433,-0.1606959178,scatter
38000,3,0.3818943433,-0.1606959178,0.1240604294,1.1874578613,scatter
38000,4,0.1240604294,1.1874578613,0.0000000000,1.4277836738,exit_left
38100,1,0.0000000000,0.0000000000,1.0039072462,0.0000000000,scatter
38100,2,1.0039072462,0.0000000000,1.0797478282,-0.0889554150,scatter
38100,3,1.0797478282,-0.0889554150,2.9598592954,0.0494181308,scatter
38100,4,2.9598592954,0.0494181308,4.5000000000,2.0028866324,exit_right
38200,1,0.0000000000,0.0000000000,1.9946398799,0.0000000000,scatter
38200,2,1.9946398799,0.0000000000,3.2059420041,0.9239190617,scatter
38200,3,3.2059420041,0.9239190617,1.3615125940,-0.4452438110,scatter
38200,4,1.3615125940,-0.4452438110,1.4639228614,-0.4786110092,scatter
38200,5,1.4639228614,-0.4786110092,0.4228034308,-0.6477630078,scatter
38200,6,0.4228034308,-0.6477630078,1.2085546456,-0.2308550511,absorb
38300,1,0.0000000000,0.0000000000,1.3940422248,0.0000000000,scatter
38300,2,1.3940422248,0.0000000000,1.8626621922,-1.0844159113,scatter
38300,3,1.8626621922,-1.0844159113,2.2630302487,-1.0585350559,absorb
38400,1,0.0000000000,0.0000000000,0.5045454113,0.0000000000,scatter
38400,2,0.5045454113,0.0000000000,0.8113767130,-6.1964807574,scatter
38400,3,0.8113767130,-6.1964807574,0.0000000000,-4.6552673340,exit_left
38500,1,0.0000000000,0.0000000000,4.5000000000,0.0000000000,exit_right
38600,1,0.0000000000,0.0000000000,3.0857040384,0.0000000000,scatter
38600,2,3.0857040384,0.0000000000,4.5000000000,-0.9787120429,exit_right
38700,1,0.0000000000,0.0000000000,3.1565566345,0.0000000000,scatter
38700,2,3.1565566345,0.0000000000,3.7831798795,-1.2484527668,scatter
38700,3,3.7831798795,-1.2484527668,4.5000000000,-1.7455647854,exit_right
38800,1,0.0000000000,0.0000000000,2.7404719623,0.0000000000,scatter
38800,2,2.7404719623,0.0000000000,2.6979048148,0.0529500968,absorb
38900,1,0.0000000000,0.0000000000,0.3602105609,0.0000000000,scatter
38900,2,0.3602105609,0.0000000000,0.5772958295,0.8125245335,scatter
38900,3,0.5772958295,0.8125245335,3.4480160679,-1.5495288223,scatter
38900,4,3.4480160679,-1.5495288223,4.5000000000,-2.0621677603,exit_right
39000,1,0.0000000000,0.0000000000,0.4575432679,0.0000000000,scatter
39000,2,0.4575432679,0.0000000000,1.1792572287,-0.0784457464,absorb
39100,1,0.0000000000,0.0000000000,2.8748458005,0.0000000000,scatter
39100,2,2.8748458005,0.0000000000,0.0000000000,-0.5118065782,exit_left
39200,1,0.0000000000,0.0000000000,4.3690946956,0.0000000000,scatter
39200,2,4.3690946956,0.0000000000,4.2768100835,0.3102774775,scatter
39200,3,4.2768100835,0.3102774775,3.8675279567,0.4052210334,scatter
39200,4,3.8675279567,0.4052210334,2.9152519290,1.2147063210,scatter
39200,5,2.9152519290,1.2147063210,1.6187264307,2.5306169620,absorb
39300,1,0.0000000000,0.0000000000,1.2368020219,0.0000000000,scatter
39300,2,1.2368020219,0.0000000000,1.4742012661,0.2636872187,scatter
39300,3,1.4742012661,0.2636872187,3.7864686191,-2.1509756610,scatter
39300,4,3.7864686191,-2.1509756610,3.9219386390,-2.8243341258,scatter
39300,5,3.9219386390,-2.8243341258,1.1484038744,-4.9337308918,scatter
39300,6,1.1484038744,-4.9337308918,3.0567239548,-5.7888219618,scatter
39300,7,3.0567239548,-5.7888219618,3.1367492624,-5.7856670224,scatter
39300,8,3.1367492624,-5.7856670224,3.0253739274,-5.2909106689,scatter
39300,9,3.0253739274,-5.2909106689,2.7635935610,-4.2010548129,scatter
39300,10,2.7635935610,-4.2010548129,4.5000000000,-4.1217608913,exit_right
39400,1,0.0000000000,0.0000000000,2.0837109270,0.0000000000,scatter
39400,2,2.0837109270,0.0000000000,3.3672874818,-0.9516166753,scatter
39400,3,3.3672874818,-0.9516166753,3.9342448292,-0.6300441354,scatter
39400,4,3.9342448292,-0.6300441354,4.5000000000,1.2242594974,exit_right
39500,1,0.0000000000,0.0000000000,3.5366290961,0.0000000000,scatter
39500,2,3.5366290961,0.0000000000,2.4646397884,-0.9297877837,scatter
39500,3,2.4646397884,-0.9297877837,1.6004900505,-0.9094533708,absorb
39600,1,0.0000000000,0.0000000000,1.5223302263,0.0000000000,scatter
39600,2,1.5223302263,0.0000000000,1.4846847256,-0.0735063831,scatter
39600,3,1.4846847256,-0.0735063831,2.7958332575,0.3091471498,scatter
39600,4,2.7958332575,0.3091471498,4.4603170559,-2.3139971149,scatter
39600,5,4.4603170559,-2.3139971149,3.8272521617,-1.2556895816,scatter
39600,6,3.8272521617,-1.2556895816,4.1845734338,-1.4908840428,absorb
39700,1,0.0000000000,0.0000000000,0.5582315641,0.0000000000,scatter
39700,2,0.5582315641,0.0000000000,2.1696442527,1.8115654556,scatter
39700,3,2.1696442527,1.8115654556,3.3510067175,1.7293234273,scatter
39700,4,3.3510067175,1.7293234273,4.0995582180,-0.0274663629,absorb
39800,1,0.0000000000,0.0000000000,2.8910140486,0.0000000000,scatter
39800,2,2.8910140486,0.0000000000,3.0834218239,9.9115734489,scatter
39800,3,3.0834218239,9.9115734489,3.1006578151,9.8396620221,scatter
39800,4,3.1006578151,9.8396620221,1.5183343766,8.8988698901,absorb
39900,1,0.0000000000,0.0000000000,2.5040607607,0.0000000000,absorb
40000,1,0.0000000000,0.0000000000,4.5000000000,0.0000000000,exit_right
40100,1,0.0000000000,0.0000000000,0.7856341322,0.0000000000,scatter
40100,2,0.7856341322,0.0000000000,0.7978992213,-0.0197169939,scatter
40100,3,0.7978992213,-0.0197169939,0.5244256305,-0.3487037271,scatter
40100,4,0.5244256305,-0.3487037271,0.3942493831,0.9580453464,scatter
40100,5,0.3942493831,0.9580453464,0.4450042733,0.6895423353,scatter
40100,6,0.4450042733,0.6895423353,0.0000000000,0.6110077617,exit_left
40200,1,0.0000000000,0.0000000000,0.3551128643,0.0000000000,scatter
40200,2,0.3551128643,0.0000000000,3.3739055326,-1.1499888666,scatter
40200,3,3.3739055326,-1.1499888666,3.1345728513,-1.3378291957,absorb
40300,1,0.0000000000,0.0000000000,0.6404749156,0.0000000000,scatter
40300,2,0.6404749156,0.0000000000,0.3539507724,-0.1477495562,scatter
40300,3,0.3539507724,-0.1477495562,0.0000000000,-0.4628689192,exit_left
40400,1,0.0000000000,0.0000000000,0.1671118566,0.0000000000,scatter
40400,2,0.1671118566,0.0000000000,0.1715068883,0.2813373641,absorb
40500,1,0.0000000000,0.0000000000,0.1679022330,0.0000000000,scatter
40500,2,0.1679022330,0.0000000000,0.0000000000,-0.2115054895,exit_left
40600,1,0.0000000000,0.0000000000,1.5759046972,0.0000000000,scatter
40600,2,1.5759046972,0.0000000000,2.2507390439,-0.0600679626,scatter
40600,3,2.2507390439,-0.0600679626,2.8782632881,-0.6210487374,scatter
40600,4,2.8782632881,-0.6210487374,2.7585176281,-2.0832812916,scatter
40600,5,2.7585176281,-2.0832812916,0.8350855232,-2.5859306637,scatter
40600,6,0.8350855232,-2.5859306637,0.4971811107,-1.3473167294,scatter
40600,7,0.4971811107,-1.3473167294,1.1118860654,-1.7643577871,scatter
40600,8,1.1118860654,-1.7643577871,4.5000000000,-1.1918560006,exit_right
40700,1,0.0000000000,0.0000000000,0.2154580215,0.0000000000,scatter
40700,2,0.2154580215,0.0000000000,0.9999511488,0.2939046618,scatter
40700,3,0.9999511488,0.2939046618,4.4218796279,-0.0320353602,scatter
40700,4,4.4218796279,-0.0320353602,4.5000000000,0.0706345327,exit_right
40800,1,0.0000000000,0.0000000000,0.4682406169,0.0000000000,absorb
40900,1,0.0000000000,0.0000000000,4.5000000000,0.0000000000,exit_right
41000,1,0.0000000000,0.0000000000,1.5328638886,0.0000000000,scatter
41000,2,1.5328638886,0.0000000000,1.2518155308,-0.2075310157,scatter
41000,3,1.2518155308,-0.2075310157,2.4429952301,4.9040894740,scatter
41000,4,2.4429952301,4.9040894740,4.5000000000,5.7384000423,exit_right
41100,1,0.0000000000,0.0000000000,1.7620638995,0.0000000000,scatter
41100,2,1.7620638995,0.0000000000,0.0659767162,-0.1436073526,scatter
41100,3,0.0659767162,-0.1436073526,0.0000000000,0.0597629278,exit_left
41200,1,0.0000000000,0.0000000000,2.8455861149,0.0000000000,scatter
41200,2,2.8455861149,0.0000000000,2.6588369778,0.6650022192,scatter
41200,3,2.6588369778,0.6650022192,1.4272400162,-0.5698149638,scatter
41200,4,1.4272400162,-0.5698149638,1.1110604761,-0.5300850156,scatter
41200,5,1.1110604761,-0.5300850156,1.2254488154,-0.0727239547,scatter
41200,6,1.2254488154,-0.0727239547,0.7246202904,2.6415633605,scatter
41200,7,0.7246202904,2.6415633605,1.9174073470,2.5017989229,absorb
41300,1,0.0000000000,0.0000000000,4.5000000000,0.0000000000,exit_right
41400,1,0.0000000000,0.0000000000,0.0494572744,0.0000000000,absorb
41500,1,0.0000000000,0.0000000000,0.6015299305,0.0000000000,scatter
41500,2,0.6015299305,0.0000000000,0.3320299897,-0.3722614715,scatter
41500,3,0.3320299897,-0.3722614715,0.2905681170,-0.3746327784,scatter
41500,4,0.2905681170,-0.3746327784,0.0000000000,-0.9122668707,exit_left
41600,1,0.0000000000,0.0000000000,1.2497906878,0.0000000000,scatter
41600,2,1.2497906878,0.0000000000,4.5000000000,1.6095624898,exit_right
41700,1,0.0000000000,0.0000000000,1.5286820668,0.0000000000,scatter
41700,2,1.5286820668,0.0000000000,0.2410184902,2.2038261513,scatter
41700,3,0.2410184902,2.2038261513,0.0000000000,2.1606150562,exit_left
41800,1,0.0000000000,0.0000000000,0.1923702933,0.0000000000,absorb
41900,1,0.0000000000,0.0000000000,0.1118428234,0.0000000000,scatter
41900,2,0.1118428234,0.0000000000,0.1583939590,-0.0246611758,scatter
41900,3,0.1583939590,-0.0246611758,0.0000000000,-0.1739999829,exit_left
42000,1,0.0000000000,0.0000000000,2.0173221201,0.0000000000,scatter
42000,2,2.0173221201,0.0000000000,0.0000000000,-0.5967468893,exit_left
42100,1,0.0000000000,0.0000000000,0.2509738453,0.0000000000,absorb
42200,1,0.0000000000,0.0000000000,0.0569608897,0.0000000000,absorb
42300,1,0.0000000000,0.0000000000,1.3953645998,0.0000000000,scatter
42300,2,1.3953645998,0.0000000000,0.1909543176,-5.2448650659,scatter
42300,3,0.1909543176,-5.2448650659,0.0000000000,-5.4602227467,exit_left
42400,1,0.0000000000,0.0000000000,4.5000000000,0.0000000000,exit_right
42500,1,0.0000000000,0.0000000000,3.4524093840,0.0000000000,scatter
42500,2,3.4524093840,0.0000000000,4.5000000000,-0.0988131617,exit_right
42600,1,0.0000000000,0.0000000000,4.5000000000,0.0000000000,exit_right
42700,1,0.0000000000,0.0000000000,1.0889520551,0.0000000000,absorb
42800,1,0.0000000000,0.0000000000,1.0199297897,0.0000000000,scatter
42800,2,1.0199297897,0.0000000000,0.0000000000,-0.7128754014,exit_left
42900,1,0.0000000000,0.0000000000,3.5000252590,0.0000000000,scatter
42900,2,3.5000252590,0.0000000000,0.0000000000,-3.4447157643,exit_left
43000,1,0.0000000000,0.0000000000,4.5000000000,0.0000000000,exit_right
43100,1,0.0000000000,0.0000000000,2.0045986670,0.0000000000,scatter
43100,2,2.0045986670,0.0000000000,2.4671643393,0.4390305942,scatter
43100,3,2.4671643393,0.4390305942,1.5902502059,-0.1432907152,absorb
43200,1,0.0000000000,0.0000000000,0.3327150785,0.0000000000,scatter
43200,2,0.3327150785,0.0000000000,0.0000000000,0.0000479142,exit_left
43300,1,0.0000000000,0.0000000000,2.1097406477,0.0000000000,scatter
43300,2,2.1097406477,0.0000000000,1.9574266474,-0.1613226233,scatter
43300,3,1.9574266474,-0.1613226233,3.7908698021,1.1891496784,scatter
43300,4,3.7908698021,1.1891496784,3.5870155369,0.6668880417,scatter
43300,5,3.5870155369,0.6668880417,4.5000000000,2.9904318270,exit_right
43400,1,0.0000000000,0.0000000000,3.2105182702,0.0000000000,scatter
43400,2,3.2105182702,0.0000000000,3.5666554527,-0.5413372832,scatter
43400,3,3.5666554527,-0.5413372832,4.5000000000,-1.0991507680,exit_right
43500,1,0.0000000000,0.0000000000,0.0731237091,0.0000000000,scatter
43500,2,0.0731237091,0.0000000000,0.0000000000,0.1663491929,exit_left
43600,1,0.0000000000,0.0000000000,3.2011823652,0.0000000000,scatter
43600,2,3.2011823652,0.0000000000,2.8367780143,-0.7664465563,scatter
43600,3,2.8367780143,-0.7664465563,3.3675208636,-0.6406569331,scatter
43600,4,3.3675208636,-0.6406569331,3.3972056745,-1.0417825372,absorb
43700,1,0.0000000000,0.0000000000,1.3344101478,0.0000000000,absorb
43800,1,0.0000000000,0.0000000000,0.0268985139,0.0000000000,scatter
43800,2,0.0268985139,0.0000000000,1.4849515311,1.0520812985,scatter
43800,3,1.4849515311,1.0520812985,2.7975736020,1.3263580064,scatter
43800,4,2.7975736020,1.3263580064,2.8148194989,1.4842533433,scatter
43800,5,2.8148194989,1.4842533433,3.8107812696,3.3440210546,scatter
43800,6,3.8107812696,3.3440210546,2.6697302937,1.7318346523,scatter
43800,7,2.6697302937,1.7318346523,1.8796486227,0.5053465654,scatter
43800,8,1.8796486227,0.5053465654,0.2343550089,3.4531800185,scatter
43800,9,0.2343550089,3.4531800185,1.0439290089,9.4486241776,scatter
43800,10,1.0439290089,9.4486241776,1.0337808758,10.7531342519,scatter
43800,11,1.0337808758,10.7531342519,1.8452194636,11.0606316599,scatter
43800,12,1.8452194636,11.0606316599,2.0399700208,10.5120647996,scatter
43800,13,2.0399700208,10.5120647996,1.7570005948,10.9197443207,scatter
43800,14,1.7570005948,10.9197443207,2.2901290186,19.5976993673,scatter
43800,15,2.2901290186,19.5976993673,0.0000000000,17.6706076977,exit_left
43900,1,0.0000000000,0.0000000000,3.6791442671,0.0000000000,scatter
43900,2,3.6791442671,0.0000000000,4.5000000000,-1.2206810105,exit_right
44000,1,0.0000000000,0.0000000000,2.8469844500,0.0000000000,scatter
44000,2,2.8469844500,0.0000000000,1.9837216417,1.2682139920,scatter
44000,3,1.9837216417,1.2682139920,2.6978295197,1.0162792841,scatter
44000,4,2.6978295197,1.0162792841,2.8030216808,0.9681185320,scatter
44000,5,2.8030216808,0.9681185320,2.4977036866,1.0188084727,scatter
44000,6,2.4977036866,1.0188084727,0.0000000000,-1.2948895075,exit_left
44100,1,0.0000000000,0.0000000000,4.5000000000,0.0000000000,exit_right
44200,1,0.0000000000,0.0000000000,3.1470037544,0.0000000000,scatter
44200,2,3.1470037544,0.0000000000,4.5000000000,1.1593213878,exit_right
44300,1,0.0000000000,0.0000000000,2.6785151076,0.0000000000,scatter
44300,2,2.6785151076,0.0000000000,0.0000000000,-2.6190002873,exit_left
44400,1,0.0000000000,0.0000000000,0.9890558307,0.0000000000,scatter
44400,2,0.9890558307,0.0000000000,2.7156307120,-1.2727781081,scatter
44400,3,2.7156307120,-1.2727781081,3.1089699767,-0.9422822669,scatter
44400,4,3.1089699767,-0.9422822669,3.0504137814,-0.9615752953,absorb
44500,1,0.0000000000,0.0000000000,0.2898095834,0.0000000000,absorb
44600,1,0.0000000000,0.0000000000,1.3712435556,0.0000000000,scatter
44600,2,1.3712435556,0.0000000000,1.2212335970,-0.5197333583,scatter
44600,3,1.2212335970,-0.5197333583,2.2372410325,-0.9978760466,scatter
44600,4,2.2372410325,-0.9978760466,2.3877764795,-2.2067065331,scatter
44600,5,2.3877764795,-2.2067065331,0.0000000000,-1.4200950088,exit_left
44700,1,0.0000000000,0.0000000000,4.5000000000,0.0000000000,exit_right
44800,1,0.0000000000,0.0000000000,1.3481268922,0.0000000000,scatter
44800,2,1.3481268922,0.0000000000,4.5000000000,0.6748164887,exit_right
44900,1,0.0000000000,0.0000000000,0.1851627241,0.0000000000,scatter
44900,2,0.1851627241,0.0000000000,0.0000000000,0.1804598321,exit_left
45000,1,0.0000000000,0.0000000000,0.6137356230,0.0000000000,scatter
45000,2,0.6137356230,0.0000000000,3.0227728822,0.4848590070,scatter
45000,3,3.0227728822,0.4848590070,2.1011979066,-0.0687410045,scatter
45000,4,2.1011979066,-0.0687410045,1.1797092214,0.4486524761,scatter
45000,5,1.1797092214,0.4486524761,0.1989197884,0.3197724239,absorb
45100,1,0.0000000000,0.0000000000,1.9019719415,0.0000000000,absorb
45200,1,0.0000000000,0.0000000000,0.8251419037,0.0000000000,scatter
45200,2,0.8251419037,0.0000000000,1.5330067720,-0.1612616820,scatter
45200,3,1.5330067720,-0.1612616820,0.7104178950,-0.8250010340,scatter
45200,4,0.7104178950,-0.8250010340,0.0000000000,-0.5777161725,exit_left
45300,1,0.0000000000,0.0000000000,1.0877951573,0.0000000000,scatter
45300,2,1.0877951573,0.0000000000,4.3314091866,0.9787444844,scatter
45300,3,4.3314091866,0.9787444844,4.2621042294,0.9988893461,absorb
45400,1,0.0000000000,0.0000000000,1.1757649294,0.0000000000,scatter
45400,2,1.1757649294,0.0000000000,4.5000000000,-1.1734442137,exit_right
45500,1,0.0000000000,0.0000000000,2.1963936498,0.0000000000,scatter
45500,2,2.1963936498,0.0000000000,4.5000000000,-0.2599468811,exit_right
45600,1,0.0000000000,0.0000000000,2.3540397857,0.0000000000,scatter
45600,2,2.3540397857,0.0000000000,2.4292181391,0.0500727003,scatter
45600,3,2.4292181391,0.0500727003,1.5370647840,-5.1397948073,scatter
45600,4,1.5370647840,-5.1397948073,0.9295271680,-4.9563470521,absorb
45700,1,0.0000000000,0.0000000000,0.7820737189,0.0000000000,scatter
45700,2,0.7820737189,0.0000000000,0.0000000000,1.4858672356,exit_left
45800,1,0.0000000000,0.0000000000,4.5000000000,0.0000000000,exit_right
45900,1,0.0000000000,0.0000000000,3.9622640115,0.0000000000,scatter
45900,2,3.9622640115,0.0000000000,4.5000000000,0.2082723134,exit_right
46000,1,0.0000000000,0.0000000000,3.8648611198,0.0000000000,scatter
46000,2,3.8648611198,0.0000000000,3.8751822162,-0.0096326748,scatter
46000,3,3.8751822162,-0.0096326748,4.0018725010,0.4112427168,scatter
46000,4,4.0018725010,0.4112427168,3.9982806106,0.4024308030,scatter
46000,5,3.9982806106,0.4024308030,4.0892920930,4.4832570377,scatter
46000,6,4.0892920930,4.4832570377,1.7398123859,4.5016346111,scatter
46000,7,1.7398123859,4.5016346111,2.8684236359,4.6963433072,scatter
46000,8,2.8684236359,4.6963433072,2.2134375189,3.0664540737,scatter
46000,9,2.2134375189,3.0664540737,1.1393353459,3.8157025828,absorb
46100,1,0.0000000000,0.0000000000,0.4905571486,0.0000000000,scatter
46100,2,0.4905571486,0.0000000000,2.0267088210,1.2147127342,scatter
46100,3,2.0267088210,1.2147127342,3.0005866112,0.7878648595,absorb
46200,1,0.0000000000,0.0000000000,1.7973228448,0.0000000000,scatter
46200,2,1.7973228448,0.0000000000,1.5659677589,0.3553022338,scatter
46200,3,1.5659677589,0.3553022338,2.0579292443,0.4477081099,scatter
46200,4,2.0579292443,0.4477081099,1.6368256889,0.2192804937,scatter
46200,5,1.6368256889,0.2192804937,1.6242274262,0.1467757881,absorb
46300,1,0.0000000000,0.0000000000,2.3407656986,0.0000000000,scatter
46300,2,2.3407656986,0.0000000000,1.8365879390,-0.1995371793,scatter
46300,3,1.8365879390,-0.1995371793,0.0000000000,-0.6924399781,exit_left
46400,1,0.0000000000,0.0000000000,1.5423538914,0.0000000000,scatter
46400,2,1.5423538914,0.0000000000,0.7996168542,0.9519892339,scatter
46400,3,0.7996168542,0.9519892339,0.0000000000,3.3762424979,exit_left
46500,1,0.0000000000,0.0000000000,0.7760891017,0.0000000000,scatter
46500,2,0.7760891017,0.0000000000,2.0778016514,-0.0330096494,scatter
46500,3,2.0778016514,-0.0330096494,0.4106153033,-2.6643109503,scatter
46500,4,0.4106153033,-2.6643109503,0.0884968327,-1.4675986718,absorb
46600,1,0.0000000000,0.0000000000,0.0516001302,0.0000000000,scatter
46600,2,0.0516001302,0.0000000000,0.5123231930,1.0377249340,scatter
46600,3,0.5123231930,1.0377249340,0.0000000000,1.4687935755,exit_left
46700,1,0.0000000000,0.0000000000,0.0843821320,0.0000000000,scatter
46700,2,0.0843821320,0.0000000000,0.3793037372,1.1241850100,scatter
46700,3,0.3793037372,1.1241850100,0.0000000000,0.5171314924,exit_left
46800,1,0.0000000000,0.0000000000,3.8985474537,0.0000000000,absorb
46900,1,0.0000000000,0.0000000000,2.7186607523,0.0000000000,absorb
47000,1,0.0000000000,0.0000000000,1.0108979554,0.0000000000,scatter
47000,2,1.0108979554,0.0000000000,1.0770046695,0.2121659214,scatter
47000,3,1.0770046695,0.2121659214,4.5000000000,5.4518519885,exit_right
47100,1,0.0000000000,0.0000000000,1.9557516353,0.0000000000,scatter
47100,2,1.9557516353,0.0000000000,4.5000000000,4.1580162227,exit_right
47200,1,0.0000000000,0.0000000000,2.2749047698,0.0000000000,scatter
47200,2,2.2749047698,0.0000000000,3.2263113503,1.5923451587,scatter
47200,3,3.2263113503,1.5923451587,4.5000000000,1.8204559430,exit_right
47300,1,0.0000000000,0.0000000000,1.5340991699,0.0000000000,absorb
47400,1,0.0000000000,0.0000000000,0.1634331973,0.0000000000,scatter
47400,2,0.1634331973,0.0000000000,0.2111540142,-0.1037455090,scatter
47400,3,0.2111540142,-0.1037455090,0.1926952023,1.0200157968,scatter
47400,4,0.1926952023,1.0200157968,0.3434820971,2.7731028828,scatter
47400,5,0.3434820971,2.7731028828,0.3893438406,2.7205668853,scatter
47400,6,0.3893438406,2.7205668853,2.1646804669,3.1374508118,absorb
47500,1,0.0000000000,0.0000000000,0.3189801405,0.0000000000,scatter
47500,2,0.3189801405,0.0000000000,4.5000000000,2.5203956862,exit_right
47600,1,0.0000000000,0.0000000000,1.7167496877,0.0000000000,scatter
47600,2,1.7167496877,0.0000000000,3.0855977637,-0.1080315137,scatter
47600,3,3.0855977637,-0.1080315137,2.9874618040,-0.1110181930,scatter
47600,4,2.9874618040,-0.1110181930,2.8172474596,-0.3099624187,scatter
47600,5,2.8172474596,-0.3099624187,2.7826141527,-0.2504360755,scatter
47600,6,2.7826141527,-0.2504360755,4.1799966835,0.1551601350,scatter
47600,7,4.1799966835,0.1551601350,4.1677565581,-1.6062990124,absorb
47700,1,0.0000000000,0.0000000000,1.8155297791,0.0000000000,scatter
47700,2,1.8155297791,0.0000000000,0.2783567040,-0.4187775303,scatter
47700,3,0.2783567040,-0.4187775303,0.0000000000,-0.3728481104,exit_left
47800,1,0.0000000000,0.0000000000,4.1232311190,0.0000000000,absorb
47900,1,0.0000000000,0.0000000000,0.5598980037,0.0000000000,scatter
47900,2,0.5598980037,0.0000000000,0.0000000000,-0.3489199906,exit_left
48000,1,0.0000000000,0.0000000000,0.7695083337,0.0000000000,scatter
48000,2,0.7695083337,0.0000000000,0.0855071678,1.0133762898,absorb
48100,1,0.0000000000,0.0000000000,1.2364063618,0.0000000000,absorb
48200,1,0.0000000000,0.0000000000,1.7533910441,0.0000000000,scatter
48200,2,1.7533910441,0.0000000000,3.4987277976,-2.6256566971,absorb
48300,1,0.0000000000,0.0000000000,1.5071217259,0.0000000000,scatter
48300,2,1.5071217259,0.0000000000,0.2451700337,0.5220561901,scatter
48300,3,0.2451700337,0.5220561901,0.1791860619,0.5739886616,absorb
48400,1,0.0000000000,0.0000000000,0.3564997127,0.0000000000,scatter
48400,2,0.3564997127,0.0000000000,0.0000000000,-0.1239207808,exit_left
48500,1,0.0000000000,0.0000000000,0.9711118721,0.0000000000,scatter
48500,2,0.9711118721,0.0000000000,0.0000000000,-2.4173322454,exit_left
48600,1,0.0000000000,0.0000000000,1.7575030070,0.0000000000,scatter
48600,2,1.7575030070,0.0000000000,4.5000000000,1.3074254389,exit_right
48700,1,0.0000000000,0.0000000000,4.5000000000,0.0000000000,exit_right
48800,1,0.0000000000,0.0000000000,1.3436816547,0.0000000000,scatter
48800,2,1.3436816547,0.0000000000,1.0438125352,0.4111607722,absorb
48900,1,0.0000000000,0.0000000000,1.3679991069,0.0000000000,scatter
48900,2,1.3679991069,0.0000000000,2.3291023372,-0.2259706890,scatter
48900,3,2.3291023372,-0.2259706890,1.3396702446,2.3490467464,scatter
48900,4,1.3396702446,2.3490467464,1.4947802771,2.6699042666,scatter
48900,5,1.4947802771,2.6699042666,0.7526066280,2.5491439251,scatter
48900,6,0.7526066280,2.5491439251,0.8500279259,2.6904476491,scatter
48900,7,0.8500279259,2.6904476491,3.2310648971,1.9984068321,absorb
49000,1,0.0000000000,0.0000000000,0.0480657884,0.0000000000,scatter
49000,2,0.0480657884,0.0000000000,1.6535542497,2.6181106563,absorb
49100,1,0.0000000000,0.0000000000,1.7862383144,0.0000000000,scatter
49100,2,1.7862383144,0.0000000000,0.0000000000,1.8999544875,exit_left
49200,1,0.0000000000,0.0000000000,4.5000000000,0.0000000000,exit_right
49300,1,0.0000000000,0.0000000000,2.9586583708,0.0000000000,absorb
49400,1,0.0000000000,0.0000000000,1.0328966499,0.0000000000,absorb
49500,1,0.0000000000,0.0000000000,0.5102177664,0.0000000000,scatter
49500,2,0.5102177664,0.0000000000,2.9458567728,2.0303317988,scatter
49500,3,2.9458567728,2.0303317988,2.6780360625,1.2169886764,scatter
49500,4,2.6780360625,1.2169886764,1.7215392992,1.1402021655,scatter
49500,5,1.7215392992,1.1402021655,3.5567219939,2.8369343870,scatter
49500,6,3.5567219939,2.8369343870,4.5000000000,2.9883052160,exit_right
49600,1,0.0000000000,0.0000000000,1.2522283796,0.0000000000,scatter
49600,2,1.2522283796,0.0000000000,0.0000000000,-1.1246800815,exit_left
49700,1,0.0000000000,0.0000000000,0.6915992926,0.0000000000,absorb
49800,1,0.0000000000,0.0000000000,0.4756261572,0.0000000000,scatter
49800,2,0.4756261572,0.0000000000,0.0000000000,0.0072582232,exit_left
49900,1,0.0000000000,0.0000000000,2.0521696542,0.0000000000,scatter
49900,2,2.0521696542,0.0000000000,3.2590264369,-1.1934453796,scatter
49900,3,3.2590264369,-1.1934453796,3.5472896514,-0.9022463824,scatter
49900,4,3.5472896514,-0.9022463824,3.2610214507,-3.0600490081,scatter
49900,5,3.2610214507,-3.0600490081,0.9643860023,-3.3355328722,absorb
50000,1,0.0000000000,0.0000000000,2.2675938396,0.0000000000,scatter
50000,2,2.2675938396,0.0000000000,3.8778186210,-1.5690560509,scatter
50000,3,3.8778186210,-1.5690560509,4.5000000000,-1.5296612010,exit_right
50100,1,0.0000000000,0.0000000000,0.7393147619,0.0000000000,scatter
50100,2,0.7393147619,0.0000000000,0.6427714970,-0.4626060916,absorb
50200,1,0.0000000000,0.0000000000,4.5000000000,0.0000000000,exit_right
50300,1,0.0000000000,0.0000000000,1.9219544518,0.0000000000,scatter
50300,2,1.9219544518,0.0000000000,1.7095052189,0.0945804469,scatter
50300,3,1.7095052189,0.0945804469,2.1709480660,0.1035959719,scatter
50300,4,2.1709480660,0.1035959719,2.2637765256,-1.7892019832,scatter
50300,5,2.2637765256,-1.7892019832,2.2743872046,-1.7846114984,absorb
50400,1,0.0000000000,0.0000000000,0.1032163596,0.0000000000,absorb
50500,1,0.0000000000,0.0000000000,0.2507717623,0.0000000000,scatter
50500,2,0.2507717623,0.0000000000,0.0000000000,0.0680782735,exit_left
50600,1,0.0000000000,0.0000000000,2.6600928710,0.0000000000,scatter
50600,2,2.6600928710,0.0000000000,3.0040548477,0.0149832501,scatter
50600,3,3.0040548477,0.0149832501,4.5000000000,1.5808183095,exit_right
50700,1,0.0000000000,0.0000000000,3.4118605345,0.0000000000,scatter
50700,2,3.4118605345,0.0000000000,2.4495656736,0.8629929881,absorb
50800,1,0.0000000000,0.0000000000,4.5000000000,0.0000000000,exit_right
50900,1,0.0000000000,0.0000000000,4.4661542459,0.0000000000,scatter
50900,2,4.4661542459,0.0000000000,3.6043167238,-0.4629612303,scatter
50900,3,3.6043167238,-0.4629612303,3.4526270346,-0.6238372937,scatter
50900,4,3.4526270346,-0.6238372937,1.2405802637,-0.4903250209,scatter
50900,5,1.2405802637,-0.4903250209,0.0000000000,0.3699756012,exit_left
51000,1,0.0000000000,0.0000000000,1.9490592465,0.0000000000,scatter
51000,2,1.9490592465,0.0000000000,1.9138050315,-0.0232645240,scatter
51000,3,1.9138050315,-0.0232645240,1.9679175533,-0.0385563341,scatter
51000,4,1.9679175533,-0.0385563341,1.2293901218,-0.5689367823,scatter
51000,5,1.2293901218,-0.5689367823,1.8718591004,1.8372109425,scatter
51000,6,1.8718591004,1.8372109425,1.3200622648,-3.5204767695,scatter
51000,7,1.3200622648,-3.5204767695,2.6571296070,-3.5126656982,absorb
51100,1,0.0000000000,0.0000000000,4.5000000000,0.0000000000,exit_right
51200,1,0.0000000000,0.0000000000,4.5000000000,0.0000000000,exit_right
51300,1,0.0000000000,0.0000000000,2.0846859372,0.0000000000,absorb
51400,1,0.0000000000,0.0000000000,1.7736764178,0.0000000000,scatter
51400,2,1.7736764178,0.0000000000,1.7638944244,-0.0250174683,scatter
51400,3,1.7638944244,-0.0250174683,1.7784886453,-0.0423757737,scatter
51400,4,1.7784886453,-0.0423757737,0.1079119816,0.0662425093,scatter
51400,5,0.1079119816,0.0662425093,0.5082090523,-1.0587709641,scatter
51400,6,0.5082090523,-1.0587709641,0.0000000000,-0.7932714810,exit_left
51500,1,0.0000000000,0.0000000000,1.7233434953,0.0000000000,scatter
51500,2,1.7233434953,0.0000000000,0.0000000000,1.7764682930,exit_left
51600,1,0.0000000000,0.0000000000,1.2351004095,0.0000000000,scatter
51600,2,1.2351004095,0.0000000000,1.2194615047,-0.0202877307,scatter
51600,3,1.2194615047,-0.0202877307,1.4371412104,0.0348983441,scatter
51600,4,1.4371412104,0.0348983441,1.4450601507,0.0673551417,scatter
51600,5,1.4450601507,0.0673551417,2.1756275126,-0.3354661355,scatter
51600,6,2.1756275126,-0.3354661355,2.5848445430,-1.5428567202,scatter
51600,7,2.5848445430,-1.5428567202,2.6651851630,-1.2576513403,scatter
51600,8,2.6651851630,-1.2576513403,2.6562897091,0.1076079717,scatter
51600,9,2.6562897091,0.1076079717,2.8534434053,0.5186989683,scatter
51600,10,2.8534434053,0.5186989683,4.5000000000,-0.1327519329,exit_right
51700,1,0.0000000000,0.0000000000,4.5000000000,0.0000000000,exit_right
51800,1,0.0000000000,0.0000000000,1.0678635380,0.0000000000,scatter
51800,2,1.0678635380,0.0000000000,0.0000000000,1.5175784830,exit_left
51900,1,0.0000000000,0.0000000000,0.6192101788,0.0000000000,scatter
51900,2,0.6192101788,0.0000000000,0.0000000000,-0.0763084695,exit_left
52000,1,0.0000000000,0.0000000000,0.1292230929,0.0000000000,absorb
52100,1,0.0000000000,0.0000000000,0.7844340482,0.0000000000,absorb
52200,1,0.0000000000,0.0000000000,1.7495107967,0.0000000000,scatter
52200,2,1.7495107967,0.0000000000,2.9397567920,-2.7335886263,scatter
52200,3,2.9397567920,-2.7335886263,2.9463352593,-2.7245713742,scatter
52200,4,2.9463352593,-2.7245713742,3.0662829148,-1.5815570961,scatter
52200,5,3.0662829148,-1.5815570961,1.8465008062,-2.0053151078,scatter
52200,6,1.8465008062,-2.0053151078,2.8972942364,-5.3373401166,scatter
52200,7,2.8972942364,-5.3373401166,4.5000000000,-3.4693941055,exit_right
52300,1,0.0000000000,0.0000000000,1.3337516415,0.0000000000,scatter
52300,2,1.3337516415,0.0000000000,1.5141962436,-0.1579372882,scatter
52300,3,1.5141962436,-0.1579372882,1.2442180881,-0.4075707108,scatter
52300,4,1.2442180881,-0.4075707108,1.9025774538,-2.2879524057,scatter
52300,5,1.9025774538,-2.2879524057,0.5765063263,-0.9755637603,scatter
52300,6,0.5765063263,-0.9755637603,3.1678459425,4.0237889925,absorb
52400,1,0.0000000000,0.0000000000,1.5341490777,0.0000000000,scatter
52400,2,1.5341490777,0.0000000000,1.4294865453,-0.4484765628,scatter
52400,3,1.4294865453,-0.4484765628,1.2647627259,0.2189443606,absorb
52500,1,0.0000000000,0.0000000000,1.1282940420,0.0000000000,absorb
52600,1,0.0000000000,0.0000000000,3.6421943763,0.0000000000,absorb
52700,1,0.0000000000,0.0000000000,4.5000000000,0.0000000000,exit_right
52800,1,0.0000000000,0.0000000000,0.1180521745,0.0000000000,scatter
52800,2,0.1180521745,0.0000000000,0.5482566650,3.7004303203,absorb
52900,1,0.0000000000,0.0000000000,0.6905883957,0.0000000000,scatter
52900,2,0.6905883957,0.0000000000,0.5824703747,-0.4008421671,scatter
52900,3,0.5824703747,-0.4008421671,1.7381047185,2.0071474606,scatter
52900,4,1.7381047185,2.0071474606,1.6014712989,3.1534188510,scatter
52900,5,1.6014712989,3.1534188510,1.9465119210,6.1579195311,scatter
52900,6,1.9465119210,6.1579195311,1.9100665789,6.1910135851,absorb
53000,1,0.0000000000,0.0000000000,4.5000000000,0.0000000000,exit_right
53100,1,0.0000000000,0.0000000000,0.9786224803,0.0000000000,scatter
53100,2,0.9786224803,0.0000000000,2.1662433702,-1.2760555307,scatter
53100,3,2.1662433702,-1.2760555307,1.2734706914,-5.2609704006,scatter
53100,4,1.2734706914,-5.2609704006,1.9216567635,-5.3780930306,scatter
53100,5,1.9216567635,-5.3780930306,3.8493980128,-2.5854517685,scatter
53100,6,3.8493980128,-2.5854517685,3.8767582685,-2.6216477619,scatter
53100,7,3.8767582685,-2.6216477619,2.8856294327,-3.6678289287,scatter
53100,8,2.8856294327,-3.6678289287,3.4741566603,-4.6811433051,scatter
53100,9,3.4741566603,-4.6811433051,0.0000000000,-7.4621721770,exit_left
53200,1,0.0000000000,0.0000000000,0.2994531565,0.0000000000,scatter
53200,2,0.2994531565,0.0000000000,0.0000000000,0.0080260165,exit_left
53300,1,0.0000000000,0.0000000000,4.5000000000,0.0000000000,exit_right
53400,1,0.0000000000,0.0000000000,0.7197857077,0.0000000000,scatter
53400,2,0.7197857077,0.0000000000,0.6591804862,-0.1051730325,scatter
53400,3,0.6591804862,-0.1051730325,0.6803648898,-0.5998547934,scatter
53400,4,0.6803648898,-0.5998547934,0.3106071670,0.4886228777,absorb
53500,1,0.0000000000,0.0000000000,4.5000000000,0.0000000000,exit_right
53600,1,0.0000000000,0.0000000000,1.0377026246,0.0000000000,scatter
53600,2,1.0377026246,0.0000000000,0.8098147362,0.3202204828,scatter
53600,3,0.8098147362,0.3202204828,0.0000000000,-3.3471765727,exit_left
53700,1,0.0000000000,0.0000000000,4.4185488678,0.0000000000,scatter
53700,2,4.4185488678,0.0000000000,4.0289365711,0.3707410453,scatter
53700,3,4.0289365711,0.3707410453,4.5000000000,0.4343568807,exit_right
53800,1,0.0000000000,0.0000000000,0.1628294392,0.0000000000,scatter
53800,2,0.1628294392,0.0000000000,0.0972237797,0.0862191154,scatter
53800,3,0.0972237797,0.0862191154,0.0000000000,0.2224167223,exit_left
53900,1,0.0000000000,0.0000000000,0.7603198510,0.0000000000,scatter
53900,2,0.7603198510,0.0000000000,0.6196729857,-0.0118550319,scatter
53900,3,0.6196729857,-0.0118550319,1.3792094777,0.2468181610,scatter
53900,4,1.3792094777,0.2468181610,4.5000000000,0.5018192668,exit_right
54000,1,0.0000000000,0.0000000000,1.4786924714,0.0000000000,scatter
54000,2,1.4786924714,0.0000000000,1.3682490151,1.2258007265,scatter
54000,3,1.3682490151,1.2258007265,0.8457715132,0.3260916032,absorb
54100,1,0.0000000000,0.0000000000,0.1027558767,0.0000000000,scatter
54100,2,0.1027558767,0.0000000000,0.0000000000,0.0125545842,exit_left
54200,1,0.0000000000,0.0000000000,3.6886266054,0.0000000000,absorb
54300,1,0.0000000000,0.0000000000,0.4704073778,0.0000000000,scatter
54300,2,0.4704073778,0.0000000000,0.4633489058,0.0027053026,scatter
54300,3,0.4633489058,0.0027053026,0.0000000000,1.2862610910,exit_left
54400,1,0.0000000000,0.0000000000,0.7717526168,0.0000000000,scatter
54400,2,0.7717526168,0.0000000000,1.5167582815,0.2195311786,scatter
54400,3,1.5167582815,0.2195311786,2.2920219041,-0.5354571341,scatter
54400,4,2.2920219041,-0.5354571341,2.9244795716,-2.8439922543,scatter
54400,5,2.9244795716,-2.8439922543,3.3587391361,-1.7438812894,scatter
54400,6,3.3587391361,-1.7438812894,1.8443192883,-0.5709362578,scatter
54400,7,1.8443192883,-0.5709362578,2.8300946431,-0.4301970752,scatter
54400,8,2.8300946431,-0.4301970752,4.5000000000,1.0565094233,exit_right
54500,1,0.0000000000,0.0000000000,2.7865620770,0.0000000000,scatter
54500,2,2.7865620770,0.0000000000,1.5394755083,1.6208619560,scatter
54500,3,1.5394755083,1.6208619560,1.4044604650,1.2289910843,scatter
54500,4,1.4044604650,1.2289910843,0.0000000000,0.9897618547,exit_left
54600,1,0.0000000000,0.0000000000,0.0677785308,0.0000000000,scatter
54600,2,0.0677785308,0.0000000000,0.0000000000,-0.0001752529,exit_left
54700,1,0.0000000000,0.0000000000,1.5287834818,0.0000000000,scatter
54700,2,1.5287834818,0.0000000000,1.6993426408,0.4726785915,scatter
54700,3,1.6993426408,0.4726785915,4.5000000000,-0.3828192570,exit_right
54800,1,0.0000000000,0.0000000000,0.6149123668,0.0000000000,scatter
54800,2,0.6149123668,0.0000000000,0.1767572699,-0.5826075039,scatter
54800,3,0.1767572699,-0.5826075039,0.0000000000,-0.4405333659,exit_left
54900,1,0.0000000000,0.0000000000,0.3918636092,0.0000000000,scatter
54900,2,0.3918636092,0.0000000000,0.0556520429,3.2695424055,scatter
54900,3,0.0556520429,3.2695424055,0.2778299750,3.0024467333,scatter
54900,4,0.2778299750,3.0024467333,0.8327588339,3.4362919839,scatter
54900,5,0.8327588339,3.4362919839,0.1984498492,-0.0371246145,absorb
55000,1,0.0000000000,0.0000000000,0.2610252302,0.0000000000,absorb
55100,1,0.0000000000,0.0000000000,4.5000000000,0.0000000000,exit_right
55200,1,0.0000000000,0.0000000000,1.2132779861,0.0000000000,scatter
55200,2,1.2132779861,0.0000000000,0.1132702650,0.8707113588,absorb
55300,1,0.0000000000,0.0000000000,2.3742907468,0.0000000000,scatter
55300,2,2.3742907468,0.0000000000,2.0288061508,0.3459651518,scatter
55300,3,2.0288061508,0.3459651518,0.9976269222,0.4885351117,scatter
55300,4,0.9976269222,0.4885351117,0.0000000000,0.1631469562,exit_left
55400,1,0.0000000000,0.0000000000,1.1411991311,0.0000000000,absorb
55500,1,0.0000000000,0.0000000000,0.6443623750,0.0000000000,scatter
55500,2,0.6443623750,0.0000000000,0.6883742787,0.6134089124,scatter
55500,3,0.6883742787,0.6134089124,1.7028322382,2.2631094032,absorb
55600,1,0.0000000000,0.0000000000,2.8811975890,0.0000000000,scatter
55600,2,2.8811975890,0.0000000000,0.0000000000,-0.8996123142,exit_left
55700,1,0.0000000000,0.0000000000,3.3133132859,0.0000000000,scatter
55700,2,3.3133132859,0.0000000000,3.1656153398,0.1490255963,absorb
55800,1,0.0000000000,0.0000000000,0.8433669871,0.0000000000,scatter
55800,2,0.8433669871,0.0000000000,3.2498818365,-0.5525327753,scatter
55800,3,3.2498818365,-0.5525327753,2.1616686864,-3.9835675885,scatter
55800,4,2.1616686864,-3.9835675885,2.1102543175,-4.0955039519,scatter
55800,5,2.1102543175,-4.0955039519,2.3463800681,-5.3197976265,absorb
55900,1,0.0000000000,0.0000000000,0.9623066174,0.0000000000,scatter
55900,2,0.9623066174,0.0000000000,2.0426531560,0.3576134788,scatter
55900,3,2.0426531560,0.3576134788,1.9822588536,0.5264220129,absorb
56000,1,0.0000000000,0.0000000000,2.7782118354,0.0000000000,scatter
56000,2,2.7782118354,0.0000000000,2.8122038060,0.2248584917,absorb
56100,1,0.0000000000,0.0000000000,3.5016171694,0.0000000000,absorb
56200,1,0.0000000000,0.0000000000,1.1428838577,0.0000000000,absorb
56300,1,0.0000000000,0.0000000000,1.3556389044,0.0000000000,scatter
56300,2,1.3556389044,0.0000000000,0.0000000000,0.4539822158,exit_left
56400,1,0.0000000000,0.0000000000,4.5000000000,0.0000000000,exit_right
56500,1,0.0000000000,0.0000000000,1.3530276038,0.0000000000,scatter
56500,2,1.3530276038,0.0000000000,4.5000000000,-0.3938771046,exit_right
56600,1,0.0000000000,0.0000000000,1.4446421049,0.0000000000,scatter
56600,2,1.4446421049,0.0000000000,1.2520533599,-0.8676435049,scatter
56600,3,1.2520533599,-0.8676435049,0.7268987039,-0.8520509426,scatter
56600,4,0.7268987039,-0.8520509426,1.4199009558,-1.9826886356,absorb
56700,1,0.0000000000,0.0000000000,2.7502318741,0.0000000000,scatter
56700,2,2.7502318741,0.0000000000,3.3058063263,-1.1240704391,scatter
56700,3,3.3058063263,-1.1240704391,3.9473526763,-1.1889463513,scatter
56700,4,3.9473526763,-1.1889463513,3.2240028291,-1.9557165176,scatter
56700,5,3.2240028291,-1.9557165176,2.2798755326,-3.1827799727,absorb
56800,1,0.0000000000,0.0000000000,0.4033389443,0.0000000000,scatter
56800,2,0.4033389443,0.0000000000,4.5000000000,-0.4858863494,exit_right
56900,1,0.0000000000,0.0000000000,0.5623510155,0.0000000000,scatter
56900,2,0.5623510155,0.0000000000,0.6219675003,-0.2364562947,scatter
56900,3,0.6219675003,-0.2364562947,1.7285214529,-1.2459681417,scatter
56900,4,1.7285214529,-1.2459681417,0.0000000000,-1.6563392579,exit_left
57000,1,0.0000000000,0.0000000000,0.2898477268,0.0000000000,scatter
57000,2,0.2898477268,0.0000000000,0.8921408362,-1.0515905672,scatter
57000,3,0.8921408362,-1.0515905672,0.3169490927,-0.1449727008,scatter
57000,4,0.3169490927,-0.1449727008,0.5288029559,-0.2969646916,absorb
57100,1,0.0000000000,0.0000000000,1.9294118695,0.0000000000,scatter
57100,2,1.9294118695,0.0000000000,4.5000000000,3.5707466686,exit_right
57200,1,0.0000000000,0.0000000000,0.4223089851,0.0000000000,absorb
57300,1,0.0000000000,0.0000000000,2.4809585756,0.0000000000,absorb
57400,1,0.0000000000,0.0000000000,0.6134130149,0.0000000000,scatter
57400,2,0.6134130149,0.0000000000,0.0000000000,-0.3639597633,exit_left
57500,1,0.0000000000,0.0000000000,0.3476050109,0.0000000000,scatter
57500,2,0.3476050109,0.0000000000,0.0000000000,-0.3420474741,exit_left
57600,1,0.0000000000,0.0000000000,2.1410408100,0.0000000000,scatter
57600,2,2.1410408100,0.0000000000,1.9346535137,-0.0206426903,scatter
57600,3,1.9346535137,-0.0206426903,2.8004475080,-0.5835845632,scatter
57600,4,2.8004475080,-0.5835845632,2.8711563027,-0.0373007340,scatter
57600,5,2.8711563027,-0.0373007340,1.9148540469,1.0543639227,absorb
57700,1,0.0000000000,0.0000000000,3.3285690762,0.0000000000,scatter
57700,2,3.3285690762,0.0000000000,4.5000000000,1.2604724786,exit_right
57800,1,0.0000000000,0.0000000000,3.9428852940,0.0000000000,scatter
57800,2,3.9428852940,0.0000000000,2.3292961601,1.7681160937,scatter
57800,3,2.3292961601,1.7681160937,2.4549235415,1.9593822873,scatter
57800,4,2.4549235415,1.9593822873,0.6742677122,3.0078393052,scatter
57800,5,0.6742677122,3.0078393052,0.0000000000,1.7547493619,exit_left
57900,1,0.0000000000,0.0000000000,1.0208943959,0.0000000000,scatter
57900,2,1.0208943959,0.0000000000,0.0000000000,1.5352547280,exit_left
58000,1,0.0000000000,0.0000000000,0.6327834707,0.0000000000,scatter
58000,2,0.6327834707,0.0000000000,1.3048367489,1.1886519741,scatter
58000,3,1.3048367489,1.1886519741,0.0000000000,1.3112489834,exit_left
58100,1,0.0000000000,0.0000000000,1.4384216091,0.0000000000,scatter
58100,2,1.4384216091,0.0000000000,1.8461867022,0.9571299195,absorb
58200,1,0.0000000000,0.0000000000,4.5000000000,0.0000000000,exit_right
58300,1,0.0000000000,0.0000000000,2.5058524336,0.0000000000,scatter
58300,2,2.5058524336,0.0000000000,2.9496198114,-0.4846013136,scatter
58300,3,2.9496198114,-0.4846013136,1.3928970914,4.5406395793,scatter
58300,4,1.3928970914,4.5406395793,0.0000000000,4.4898794345,exit_left
58400,1,0.0000000000,0.0000000000,0.0605755857,0.0000000000,scatter
58400,2,0.0605755857,0.0000000000,1.5979333059,-3.5544097850,scatter
58400,3,1.5979333059,-3.5544097850,3.0790829477,-4.5787392667,scatter
58400,4,3.0790829477,-4.5787392667,1.0077236456,-5.9293065814,scatter
58400,5,1.0077236456,-5.9293065814,2.5579306450,-5.7247864980,absorb
58500,1,0.0000000000,0.0000000000,0.8785392366,0.0000000000,absorb
58600,1,0.0000000000,0.0000000000,4.5000000000,0.0000000000,exit_right
58700,1,0.0000000000,0.0000000000,0.9648447203,0.0000000000,scatter
58700,2,0.9648447203,0.0000000000,2.1648176586,-0.6054549220,scatter
58700,3,2.1648176586,-0.6054549220,1.3618097288,-0.5045546974,absorb
58800,1,0.0000000000,0.0000000000,0.4149032647,0.0000000000,scatter
58800,2,0.4149032647,0.0000000000,0.4619163573,0.0184292640,absorb
58900,1,0.0000000000,0.0000000000,0.8819005806,0.0000000000,absorb
59000,1,0.0000000000,0.0000000000,3.5120269075,0.0000000000,scatter
59000,2,3.5120269075,0.0000000000,3.3589705826,1.1809078892,absorb
59100,1,0.0000000000,0.0000000000,2.3155637729,0.0000000000,scatter
59100,2,2.3155637729,0.0000000000,3.3634575583,-3.1914977845,absorb
59200,1,0.0000000000,0.0000000000,3.5487025328,0.0000000000,scatter
59200,2,3.5487025328,0.0000000000,2.4602288804,-2.9722429261,scatter
59200,3,2.4602288804,-2.9722429261,2.4096149323,-2.0394205487,scatter
59200,4,2.4096149323,-2.0394205487,2.6909853121,-1.8697667721,scatter
59200,5,2.6909853121,-1.8697667721,4.3427855075,-1.8504612447,scatter
59200,6,4.3427855075,-1.8504612447,1.5232555203,-0.5963465388,scatter
59200,7,1.5232555203,-0.5963465388,0.8911600172,-3.2499029691,scatter
59200,8,0.8911600172,-3.2499029691,0.0000000000,-3.3742894936,exit_left
59300,1,0.0000000000,0.0000000000,0.3494956130,0.0000000000,scatter
59300,2,0.3494956130,0.0000000000,0.5636089904,-0.6334903745,absorb
59400,1,0.0000000000,0.0000000000,1.0026976818,0.0000000000,scatter
59400,2,1.0026976818,0.0000000000,4.5000000000,0.5982804694,exit_right
59500,1,0.0000000000,0.0000000000,2.4189674743,0.0000000000,absorb
59600,1,0.0000000000,0.0000000000,0.5464796645,0.0000000000,absorb
59700,1,0.0000000000,0.0000000000,0.4851497209,0.0000000000,scatter
59700,2,0.4851497209,0.0000000000,0.4425319333,-0.1017461211,scatter
59700,3,0.4425319333,-0.1017461211,0.4617058521,-0.3159116755,scatter
59700,4,0.4617058521,-0.3159116755,4.2976680249,-0.1284139525,scatter
59700,5,4.2976680249,-0.1284139525,4.1852807247,0.5322795116,absorb
59800,1,0.0000000000,0.0000000000,3.5351379340,0.0000000000,scatter
59800,2,3.5351379340,0.0000000000,2.7233180333,0.5530370841,absorb
59900,1,0.0000000000,0.0000000000,1.9679950548,0.0000000000,scatter
59900,2,1.9679950548,0.0000000000,2.3800898978,-0.0466271582,scatter
59900,3,2.3800898978,-0.0466271582,0.0000000000,-2.0996114353,exit_left
60000,1,0.0000000000,0.0000000000,2.7711632488,0.0000000000,scatter
60000,2,2.7711632488,0.0000000000,2.6199622194,-1.5385473788,absorb
60100,1,0.0000000000,0.0000000000,0.4661482356,0.0000000000,scatter
60100,2,0.4661482356,0.0000000000,1.6371605921,-4.0840039572,scatter
60100,3,1.6371605921,-4.0840039572,2.7492492764,-2.1695732471,scatter
60100,4,2.7492492764,-2.1695732471,3.0403006633,-1.4667125191,scatter
60100,5,3.0403006633,-1.4667125191,2.5681821966,-0.3949142508,scatter
60100,6,2.5681821966,-0.3949142508,2.1936644115,-0.6330317758,scatter
60100,7,2.1936644115,-0.6330317758,4.5000000000,-1.1723882555,exit_right
60200,1,0.0000000000,0.0000000000,1.3854000556,0.0000000000,scatter
60200,2,1.3854000556,0.0000000000,0.0000000000,0.1294418236,exit_left
60300,1,0.0000000000,0.0000000000,0.5985825484,0.0000000000,absorb
60400,1,0.0000000000,0.0000000000,0.3595495799,0.0000000000,scatter
60400,2,0.3595495799,0.0000000000,0.6258190077,0.0743531518,scatter
60400,3,0.6258190077,0.0743531518,0.8986683815,0.0696287370,scatter
60400,4,0.8986683815,0.0696287370,1.2147849327,-0.4065642167,scatter
60400,5,1.2147849327,-0.4065642167,4.5000000000,2.3501537311,exit_right
60500,1,0.0000000000,0.0000000000,4.5000000000,0.0000000000,exit_right
60600,1,0.0000000000,0.0000000000,3.9574954522,0.0000000000,scatter
60600,2,3.9574954522,0.0000000000,4.5000000000,0.1251621356,exit_right
60700,1,0.0000000000,0.0000000000,0.4665377949,0.0000000000,scatter
60700,2,0.4665377949,0.0000000000,0.0643910443,-0.3282240915,scatter
60700,3,0.0643910443,-0.3282240915,0.4873186392,2.0247462020,scatter
60700,4,0.4873186392,2.0247462020,3.4158346212,1.6327852160,scatter
60700,5,3.4158346212,1.6327852160,4.5000000000,2.2792360628,exit_right
60800,1,0.0000000000,0.0000000000,0.7685358317,0.0000000000,scatter
60800,2,0.7685358317,0.0000000000,0.4810895507,1.5126072858,scatter
60800,3,0.4810895507,1.5126072858,0.3572336552,2.4076041776,scatter
60800,4,0.3572336552,2.4076041776,0.1483364590,2.6738180980,scatter
60800,5,0.1483364590,2.6738180980,0.0000000000,2.9100575105,exit_left
60900,1,0.0000000000,0.0000000000,0.7391475484,0.0000000000,scatter
60900,2,0.7391475484,0.0000000000,0.0000000000,2.6519050655,exit_left
61000,1,0.0000000000,0.0000000000,0.2471985305,0.0000000000,scatter
61000,2,0.2471985305,0.0000000000,0.2847908484,0.9673329902,scatter
61000,3,0.2847908484,0.9673329902,0.0153812248,0.6874255597,scatter
61000,4,0.0153812248,0.6874255597,0.0000000000,0.6627395425,exit_left
61100,1,0.0000000000,0.0000000000,1.1529482878,0.0000000000,scatter
61100,2,1.1529482878,0.0000000000,2.8789384539,-0.0456539636,scatter
61100,3,2.8789384539,-0.0456539636,2.7603348408,-0.6248281071,absorb
61200,1,0.0000000000,0.0000000000,1.7860252515,0.0000000000,scatter
61200,2,1.7860252515,0.0000000000,1.8098158648,0.7590254268,scatter
61200,3,1.8098158648,0.7590254268,2.7373360309,1.9929876613,scatter
61200,4,2.7373360309,1.9929876613,3.7697550566,2.0595958011,absorb
61300,1,0.0000000000,0.0000000000,4.5000000000,0.0000000000,exit_right
61400,1,0.0000000000,0.0000000000,0.7959893945,0.0000000000,scatter
61400,2,0.7959893945,0.0000000000,0.0000000000,2.0403146737,exit_left
61500,1,0.0000000000,0.0000000000,0.1176484353,0.0000000000,scatter
61500,2,0.1176484353,0.0000000000,0.0913504643,-0.6195840842,scatter
61500,3,0.0913504643,-0.6195840842,0.2731311362,2.4604882906,scatter
61500,4,0.2731311362,2.4604882906,0.0000000000,2.4280640389,exit_left
61600,1,0.0000000000,0.0000000000,1.0881573025,0.0000000000,scatter
61600,2,1.0881573025,0.0000000000,0.4158807481,-1.3468519879,scatter
61600,3,0.4158807481,-1.3468519879,1.3680202596,-1.0939361502,scatter
61600,4,1.3680202596,-1.0939361502,1.4282110357,-1.1253873205,scatter
61600,5,1.4282110357,-1.1253873205,0.0000000000,-0.3843256519,exit_left
61700,1,0.0000000000,0.0000000000,4.5000000000,0.0000000000,exit_right
61800,1,0.0000000000,0.0000000000,4.5000000000,0.0000000000,exit_right
61900,1,0.0000000000,0.0000000000,0.2654271726,0.0000000000,scatter
61900,2,0.2654271726,0.0000000000,3.1189802037,-1.8843304413,absorb
62000,1,0.0000000000,0.0000000000,1.4475058709,0.0000000000,scatter
62000,2,1.4475058709,0.0000000000,0.8920832171,-0.1336367873,scatter
62000,3,0.8920832171,-0.1336367873,1.3490131354,5.0263885871,scatter
62000,4,1.3490131354,5.0263885871,1.5903755222,4.1485880066,absorb
62100,1,0.0000000000,0.0000000000,0.2499014578,0.0000000000,scatter
62100,2,0.2499014578,0.0000000000,4.5000000000,3.2623397479,exit_right
62200,1,0.0000000000,0.0000000000,2.7691151840,0.0000000000,scatter
62200,2,2.7691151840,0.0000000000,3.2178360084,0.8039036917,scatter
62200,3,3.2178360084,0.8039036917,3.9105208472,-1.2616615756,absorb
62300,1,0.0000000000,0.0000000000,1.6094379322,0.0000000000,scatter
62300,2,1.6094379322,0.0000000000,1.3913085043,0.4845348026,scatter
62300,3,1.3913085043,0.4845348026,1.1862304840,0.3172066835,scatter
62300,4,1.1862304840,0.3172066835,1.7173787937,0.2302012174,scatter
62300,5,1.7173787937,0.2302012174,4.0863058974,0.5812387818,absorb
62400,1,0.0000000000,0.0000000000,0.3682541927,0.0000000000,scatter
62400,2,0.3682541927,0.0000000000,0.3342071609,-0.0936264481,scatter
62400,3,0.3342071609,-0.0936264481,0.6886447313,1.0346646856,scatter
62400,4,0.6886447313,1.0346646856,0.1379031916,1.2766843395,scatter
62400,5,0.1379031916,1.2766843395,0.0000000000,1.1967289613,exit_left
62500,1,0.0000000000,0.0000000000,4.5000000000,0.0000000000,exit_right
62600,1,0.0000000000,0.0000000000,0.0765787597,0.0000000000,scatter
62600,2,0.0765787597,0.0000000000,0.6692201085,-0.1341757145,scatter
62600,3,0.6692201085,-0.1341757145,0.0000000000,0.1485411481,exit_left
62700,1,0.0000000000,0.0000000000,4.5000000000,0.0000000000,exit_right
62800,1,0.0000000000,0.0000000000,4.5000000000,0.0000000000,exit_right
62900,1,0.0000000000,0.0000000000,3.2154640266,0.0000000000,scatter
62900,2,3.2154640266,0.0000000000,1.3540073280,0.2707373461,scatter
62900,3,1.3540073280,0.2707373461,0.9073026263,0.3520013860,scatter
62900,4,0.9073026263,0.3520013860,0.8973749476,0.3476498014,scatter
62900,5,0.8973749476,0.3476498014,1.9025309918,0.9405539802,scatter
62900,6,1.9025309918,0.9405539802,1.8244476527,0.7926913031,scatter
62900,7,1.8244476527,0.7926913031,1.2548679727,0.8030867194,scatter
62900,8,1.2548679727,0.8030867194,1.2237853984,0.8602330288,absorb
63000,1,0.0000000000,0.0000000000,4.5000000000,0.0000000000,exit_right
63100,1,0.0000000000,0.0000000000,1.7406099138,0.0000000000,scatter
63100,2,1.7406099138,0.0000000000,3.1652341036,0.2755600348,scatter
63100,3,3.1652341036,0.2755600348,1.7467929825,0.5319527046,scatter
63100,4,1.7467929825,0.5319527046,1.0833924839,5.6413344896,scatter
63100,5,1.0833924839,5.6413344896,0.9631894339,5.2466199278,scatter
63100,6,0.9631894339,5.2466199278,4.5000000000,8.4119326562,exit_right
63200,1,0.0000000000,0.0000000000,0.8267564207,0.0000000000,absorb
63300,1,0.0000000000,0.0000000000,4.5000000000,0.0000000000,exit_right
63400,1,0.0000000000,0.0000000000,0.5767534329,0.0000000000,scatter
63400,2,0.5767534329,0.0000000000,0.0000000000,0.2751617985,exit_left
63500,1,0.0000000000,0.0000000000,3.5936797356,0.0000000000,scatter
63500,2,3.5936797356,0.0000000000,3.6671147978,2.3550718056,scatter
63500,3,3.6671147978,2.3550718056,4.5000000000,1.3916580992,exit_right
63600,1,0.0000000000,0.0000000000,0.2138614952,0.0000000000,scatter
63600,2,0.2138614952,0.0000000000,0.0000000000,-0.4802841957,exit_left
63700,1,0.0000000000,0.0000000000,0.9915708849,0.0000000000,scatter
63700,2,0.9915708849,0.0000000000,1.8899404955,-0.1422681952,scatter
63700,3,1.8899404955,-0.1422681952,1.9102403533,-3.2240685193,scatter
63700,4,1.9102403533,-3.2240685193,0.9908308974,-6.4538846507,absorb
63800,1,0.0000000000,0.0000000000,0.7267403369,0.0000000000,scatter
63800,2,0.7267403369,0.0000000000,0.5786368071,-0.0743123816,absorb
63900,1,0.0000000000,0.0000000000,1.2116206756,0.0000000000,scatter
63900,2,1.2116206756,0.0000000000,4.5000000000,-0.6483683035,exit_right
64000,1,0.0000000000,0.0000000000,0.0114875829,0.0000000000,scatter
64000,2,0.0114875829,0.0000000000,0.0131272433,-0.0027115950,scatter
64000,3,0.0131272433,-0.0027115950,0.0000000000,0.0032142645,exit_left
64100,1,0.0000000000,0.0000000000,2.9768012000,0.0000000000,scatter
64100,2,2.9768012000,0.0000000000,3.8601592644,0.0948458723,scatter
64100,3,3.8601592644,0.0948458723,3.1599711870,0.3966233035,absorb
64200,1,0.0000000000,0.0000000000,0.2754801110,0.0000000000,scatter
64200,2,0.2754801110,0.0000000000,0.1699937073,-0.2925872993,absorb
64300,1,0.0000000000,0.0000000000,0.6235732161,0.0000000000,scatter
64300,2,0.6235732161,0.0000000000,2.0944529857,0.1502717146,scatter
64300,3,2.0944529857,0.1502717146,0.0000000000,-1.6446563754,exit_left
64400,1,0.0000000000,0.0000000000,4.4223283984,0.0000000000,scatter
64400,2,4.4223283984,0.0000000000,4.4625161248,0.1067699192,scatter
64400,3,4.4625161248,0.1067699192,4.5000000000,0.1047667416,exit_right
64500,1,0.0000000000,0.0000000000,3.9441552658,0.0000000000,absorb
64600,1,0.0000000000,0.0000000000,0.6514310519,0.0000000000,scatter
64600,2,0.6514310519,0.0000000000,0.3556664739,0.1385587486,scatter
64600,3,0.3556664739,0.1385587486,0.0000000000,1.1488506845,exit_left
64700,1,0.0000000000,0.0000000000,3.1868739516,0.0000000000,scatter
64700,2,3.1868739516,0.0000000000,4.5000000000,-0.4023023268,exit_right
64800,1,0.0000000000,0.0000000000,2.1328306250,0.0000000000,scatter
64800,2,2.1328306250,0.0000000000,4.2795458050,-3.5463142483,scatter
64800,3,4.2795458050,-3.5463142483,4.5000000000,-3.6397212567,exit_right
64900,1,0.0000000000,0.0000000000,0.2647834129,0.0000000000,absorb
65000,1,0.0000000000,0.0000000000,2.3341805538,0.0000000000,scatter
65000,2,2.3341805538,0.0000000000,2.9318711211,0.0607840312,absorb
65100,1,0.0000000000,0.0000000000,1.5927314845,0.0000000000,scatter
65100,2,1.5927314845,0.0000000000,2.3933907581,0.0582524491,scatter
65100,3,2.3933907581,0.0582524491,0.0000000000,2.5870831885,exit_left
65200,1,0.0000000000,0.0000000000,1.0864323351,0.0000000000,scatter
65200,2,1.0864323351,0.0000000000,0.0000000000,-0.3543472233,exit_left
65300,1,0.0000000000,0.0000000000,4.5000000000,0.0000000000,exit_right
65400,1,0.0000000000,0.0000000000,0.4259478978,0.0000000000,scatter
65400,2,0.4259478978,0.0000000000,0.0000000000,-0.2112620897,exit_left
65500,1,0.0000000000,0.0000000000,2.3565204701,0.0000000000,scatter
65500,2,2.3565204701,0.0000000000,0.9171141462,-0.3103806513,absorb
65600,1,0.0000000000,0.0000000000,4.5000000000,0.0000000000,exit_right
65700,1,0.0000000000,0.0000000000,0.7960331168,0.0000000000,scatter
65700,2,0.7960331168,0.0000000000,0.0000000000,-0.2160019218,exit_left
65800,1,0.0000000000,0.0000000000,0.4507750618,0.0000000000,scatter
65800,2,0.4507750618,0.0000000000,0.0000000000,0.2065546433,exit_left
65900,1,0.0000000000,0.0000000000,1.6007782749,0.0000000000,scatter
65900,2,1.6007782749,0.0000000000,2.9728855541,0.7512640778,absorb
66000,1,0.0000000000,0.0000000000,1.8663180930,0.0000000000,scatter
66000,2,1.8663180930,0.0000000000,1.2090604817,0.5559917584,scatter
66000,3,1.2090604817,0.5559917584,1.7289875378,0.3521358956,scatter
66000,4,1.7289875378,0.3521358956,2.4997363439,-1.4323964435,scatter
66000,5,2.4997363439,-1.4323964435,2.7270759141,-1.9067737179,scatter
66000,6,2.7270759141,-1.9067737179,3.2515860757,-2.4597305726,absorb
66100,1,0.0000000000,0.0000000000,2.3030241513,0.0000000000,scatter
66100,2,2.3030241513,0.0000000000,1.4006112459,0.7631869672,scatter
66100,3,1.4006112459,0.7631869672,1.2885600905,0.5050340104,scatter
66100,4,1.2885600905,0.5050340104,2.0678140837,0.1618954817,scatter
66100,5,2.0678140837,0.1618954817,1.6242807991,0.0082144298,scatter
66100,6,1.6242807991,0.0082144298,1.5246826121,1.5441771987,scatter
66100,7,1.5246826121,1.5441771987,3.5029585141,1.4373260484,scatter
66100,8,3.5029585141,1.4373260484,0.0000000000,7.0168246812,exit_left
66200,1,0.0000000000,0.0000000000,4.5000000000,0.0000000000,exit_right
66300,1,0.0000000000,0.0000000000,0.6215475950,0.0000000000,scatter
66300,2,0.6215475950,0.0000000000,2.9369808235,3.5811565734,scatter
66300,3,2.9369808235,3.5811565734,4.5000000000,2.2061580846,exit_right
66400,1,0.0000000000,0.0000000000,1.3407476903,0.0000000000,scatter
66400,2,1.3407476903,0.0000000000,0.0000000000,-1.2534085931,exit_left
66500,1,0.0000000000,0.0000000000,4.5000000000,0.0000000000,exit_right
66600,1,0.0000000000,0.0000000000,0.3139846352,0.0000000000,absorb
66700,1,0.0000000000,0.0000000000,0.3732025434,0.0000000000,scatter
66700,2,0.3732025434,0.0000000000,0.4457630400,0.0474993652,absorb
66800,1,0.0000000000,0.0000000000,1.5917569252,0.0000000000,absorb
66900,1,0.0000000000,0.0000000000,0.9936644765,0.0000000000,scatter
66900,2,0.9936644765,0.0000000000,0.8149781193,-0.1216572624,scatter
66900,3,0.8149781193,-0.1216572624,1.6300919283,0.8628185471,scatter
66900,4,1.6300919283,0.8628185471,2.7167454686,2.0558440539,scatter
66900,5,2.7167454686,2.0558440539,4.3349943209,1.2560625719,scatter
66900,6,4.3349943209,1.2560625719,2.5616234274,2.1773387054,scatter
66900,7,2.5616234274,2.1773387054,2.9461804168,2.1668225686,scatter
66900,8,2.9461804168,2.1668225686,2.9942980801,2.6641871109,scatter
66900,9,2.9942980801,2.6641871109,2.5706356021,1.6072832254,scatter
66900,10,2.5706356021,1.6072832254,2.6530746245,1.4966933014,absorb
67000,1,0.0000000000,0.0000000000,1.3473189030,0.0000000000,scatter
67000,2,1.3473189030,0.0000000000,1.5222132470,0.2751357353,scatter
67000,3,1.5222132470,0.2751357353,1.5520293705,-2.6724197221,scatter
67000,4,1.5520293705,-2.6724197221,0.1637057411,-4.1334794259,absorb
67100,1,0.0000000000,0.0000000000,1.0833535563,0.0000000000,scatter
67100,2,1.0833535563,0.0000000000,0.0000000000,-1.2456778120,exit_left
67200,1,0.0000000000,0.0000000000,1.4676014067,0.0000000000,absorb
67300,1,0.0000000000,0.0000000000,1.1696559227,0.0000000000,scatter
67300,2,1.1696559227,0.0000000000,0.0000000000,0.9140807674,exit_left
67400,1,0.0000000000,0.0000000000,1.8693535158,0.0000000000,scatter
67400,2,1.8693535158,0.0000000000,4.5000000000,-1.0092470525,exit_right
67500,1,0.0000000000,0.0000000000,2.6374210338,0.0000000000,scatter
67500,2,2.6374210338,0.0000000000,2.8227260275,-1.8736431857,scatter
67500,3,2.8227260275,-1.8736431857,2.4907424202,-2.5558771532,absorb
67600,1,0.0000000000,0.0000000000,2.1523192109,0.0000000000,scatter
67600,2,2.1523192109,0.0000000000,2.8097505433,0.3847700359,absorb
67700,1,0.0000000000,0.0000000000,1.2009731722,0.0000000000,scatter
67700,2,1.2009731722,0.0000000000,1.4438509735,-0.8308654162,scatter
67700,3,1.4438509735,-0.8308654162,1.1242601408,1.8474684721,absorb
67800,1,0.0000000000,0.0000000000,1.8325183122,0.0000000000,scatter
67800,2,1.8325183122,0.0000000000,1.9156974733,-0.3377503477,scatter
67800,3,1.9156974733,-0.3377503477,0.2526296361,0.0393273188,scatter
67800,4,0.2526296361,0.0393273188,0.3007161232,-0.3866192322,scatter
67800,5,0.3007161232,-0.3866192322,0.2982018768,-0.3841148860,scatter
67800,6,0.2982018768,-0.3841148860,0.0000000000,-0.9522133959,exit_left
67900,1,0.0000000000,0.0000000000,0.4180739608,0.0000000000,scatter
67900,2,0.4180739608,0.0000000000,0.4212695751,-1.0911526658,scatter
67900,3,0.4212695751,-1.0911526658,0.0000000000,-1.0733484110,exit_left
68000,1,0.0000000000,0.0000000000,4.4797925585,0.0000000000,scatter
68000,2,4.4797925585,0.0000000000,4.4365008458,0.4532069656,scatter
68000,3,4.4365008458,0.4532069656,1.6989682973,1.0980285189,scatter
68000,4,1.6989682973,1.0980285189,2.4635411673,1.6768836289,scatter
68000,5,2.4635411673,1.6768836289,2.9150146134,0.7094534384,scatter
68000,6,2.9150146134,0.7094534384,3.2752712449,0.7052299784,scatter
68000,7,3.2752712449,0.7052299784,4.0894786211,1.7286848854,scatter
68000,8,4.0894786211,1.7286848854,4.5000000000,1.9250071940,exit_right
68100,1,0.0000000000,0.0000000000,4.1189594449,0.0000000000,scatter
68100,2,4.1189594449,0.0000000000,3.8192144617,0.2695425006,scatter
68100,3,3.8192144617,0.2695425006,4.2480531422,2.5855468264,absorb
68200,1,0.0000000000,0.0000000000,2.0972556037,0.0000000000,scatter
68200,2,2.0972556037,0.0000000000,0.5089610757,-0.2518267630,scatter
68200,3,0.5089610757,-0.2518267630,0.3982281894,-0.4295604354,scatter
68200,4,0.3982281894,-0.4295604354,0.5812247739,0.2536611199,absorb
68300,1,0.0000000000,0.0000000000,1.1481136901,0.0000000000,scatter
68300,2,1.1481136901,0.0000000000,4.5000000000,-0.2213264546,exit_right
68400,1,0.0000000000,0.0000000000,4.0595308824,0.0000000000,scatter
68400,2,4.0595308824,0.0000000000,4.5000000000,0.1824618968,exit_right
68500,1,0.0000000000,0.0000000000,1.0830291248,0.0000000000,scatter
68500,2,1.0830291248,0.0000000000,0.4684448261,1.1735650281,scatter
68500,3,0.4684448261,1.1735650281,0.0000000000,0.9876143814,exit_left
68600,1,0.0000000000,0.0000000000,0.4622637610,0.0000000000,scatter
68600,2,0.4622637610,0.0000000000,1.2831251047,0.8525964190,absorb
68700,1,0.0000000000,0.0000000000,3.3361125490,0.0000000000,absorb
68800,1,0.0000000000,0.0000000000,4.5000000000,0.0000000000,exit_right
68900,1,0.0000000000,0.0000000000,2.6607992571,0.0000000000,scatter
68900,2,2.6607992571,0.0000000000,2.7795394325,-0.0970691893,scatter
68900,3,2.7795394325,-0.0970691893,3.1849478587,0.1373937962,scatter
68900,4,3.1849478587,0.1373937962,4.5000000000,1.9569433758,exit_right
69000,1,0.0000000000,0.0000000000,3.2993353159,0.0000000000,scatter
69000,2,3.2993353159,0.0000000000,3.4084249301,-0.5661118929,scatter
69000,3,3.4084249301,-0.5661118929,2.0470156343,0.0743600133,scatter
69000,4,2.0470156343,0.0743600133,1.4744616514,0.9267898108,absorb
69100,1,0.0000000000,0.0000000000,0.4455221958,0.0000000000,absorb
69200,1,0.0000000000,0.0000000000,1.2564870135,0.0000000000,scatter
69200,2,1.2564870135,0.0000000000,0.0000000000,0.9128899267,exit_left
69300,1,0.0000000000,0.0000000000,1.3750888969,0.0000000000,scatter
69300,2,1.3750888969,0.0000000000,4.5000000000,-0.6149454284,exit_right
69400,1,0.0000000000,0.0000000000,0.2526326792,0.0000000000,scatter
69400,2,0.2526326792,0.0000000000,2.7227482925,4.0387036718,scatter
69400,3,2.7227482925,4.0387036718,0.0000000000,3.8197892043,exit_left
69500,1,0.0000000000,0.0000000000,1.0509390110,0.0000000000,scatter
69500,2,1.0509390110,0.0000000000,0.9831622749,0.6340034720,scatter
69500,3,0.9831622749,0.6340034720,0.0000000000,1.0641679095,exit_left
69600,1,0.0000000000,0.0000000000,1.7728196324,0.0000000000,absorb
69700,1,0.0000000000,0.0000000000,0.4236696073,0.0000000000,scatter
69700,2,0.4236696073,0.0000000000,0.0000000000,0.9353275030,exit_left
69800,1,0.0000000000,0.0000000000,0.8587413326,0.0000000000,scatter
69800,2,0.8587413326,0.0000000000,0.0000000000,-2.7665878316,exit_left
69900,1,0.0000000000,0.0000000000,0.0162571560,0.0000000000,absorb
70000,1,0.0000000000,0.0000000000,0.0813082057,0.0000000000,scatter
70000,2,0.0813082057,0.0000000000,1.7002624755,-2.1345647300,absorb
70100,1,0.0000000000,0.0000000000,0.4308466302,0.0000000000,scatter
70100,2,0.4308466302,0.0000000000,0.0000000000,0.5076818834,exit_left
70200,1,0.0000000000,0.0000000000,0.4498989348,0.0000000000,scatter
70200,2,0.4498989348,0.0000000000,0.0185348075,-0.6421419629,scatter
70200,3,0.0185348075,-0.6421419629,0.0000000000,-0.6421686710,exit_left
70300,1,0.0000000000,0.0000000000,1.0168675579,0.0000000000,scatter
70300,2,1.0168675579,0.0000000000,1.0180194183,0.0008362908,scatter
70300,3,1.0180194183,0.0008362908,1.8661456096,-3.5018638002,scatter
70300,4,1.8661456096,-3.5018638002,2.2395841855,0.2572768935,scatter
70300,5,2.2395841855,0.2572768935,2.3943805991,-0.9534146946,scatter
70300,6,2.3943805991,-0.9534146946,3.5393170592,1.9624445243,absorb
70400,1,0.0000000000,0.0000000000,2.7482543326,0.0000000000,absorb
70500,1,0.0000000000,0.0000000000,4.5000000000,0.0000000000,exit_right
70600,1,0.0000000000,0.0000000000,1.1614770572,0.0000000000,absorb
70700,1,0.0000000000,0.0000000000,0.4991905713,0.0000000000,scatter
70700,2,0.4991905713,0.0000000000,0.4311715831,-1.7037702960,scatter
70700,3,0.4311715831,-1.7037702960,0.2778678435,-1.6364843419,scatter
70700,4,0.2778678435,-1.6364843419,1.1088525250,-2.1977261335,scatter
70700,5,1.1088525250,-2.1977261335,1.9007638315,-5.0230127339,scatter
70700,6,1.9007638315,-5.0230127339,2.1618932139,-5.5237860046,scatter
70700,7,2.1618932139,-5.5237860046,2.0700473741,-5.6469878770,scatter
70700,8,2.0700473741,-5.6469878770,2.7066889555,-5.5490443304,scatter
70700,9,2.7066889555,-5.5490443304,3.5248222793,-1.7769958059,scatter
70700,10,3.5248222793,-1.7769958059,4.0482663645,-2.2256560423,scatter
70700,11,4.0482663645,-2.2256560423,1.7560799371,-0.3649421337,scatter
70700,12,1.7560799371,-0.3649421337,1.7202268788,-0.3213128563,absorb
70800,1,0.0000000000,0.0000000000,0.4942002657,0.0000000000,scatter
70800,2,0.4942002657,0.0000000000,0.0000000000,0.2152197882,exit_left
70900,1,0.0000000000,0.0000000000,1.9430490057,0.0000000000,scatter
70900,2,1.9430490057,0.0000000000,1.5845215063,-0.0340967942,absorb
71000,1,0.0000000000,0.0000000000,1.4332247138,0.0000000000,absorb
71100,1,0.0000000000,0.0000000000,0.4234940262,0.0000000000,scatter
71100,2,0.4234940262,0.0000000000,0.0000000000,0.0148785616,exit_left
71200,1,0.0000000000,0.0000000000,0.2721862529,0.0000000000,absorb
71300,1,0.0000000000,0.0000000000,4.5000000000,0.0000000000,exit_right
71400,1,0.0000000000,0.0000000000,1.8419210942,0.0000000000,scatter
71400,2,1.8419210942,0.0000000000,1.9240552298,0.0838847276,scatter
71400,3,1.9240552298,0.0838847276,0.0000000000,-0.0403399589,exit_left
71500,1,0.0000000000,0.0000000000,3.9523327183,0.0000000000,scatter
71500,2,3.9523327183,0.0000000000,2.7348431229,1.4048816821,absorb
71600,1,0.0000000000,0.0000000000,1.4383108904,0.0000000000,scatter
71600,2,1.4383108904,0.0000000000,0.0000000000,0.1386272499,exit_left
71700,1,0.0000000000,0.0000000000,1.4510888696,0.0000000000,scatter
71700,2,1.4510888696,0.0000000000,1.5194972270,-0.4546200599,scatter
71700,3,1.5194972270,-0.4546200599,1.1321678224,-0.4608782367,absorb
71800,1,0.0000000000,0.0000000000,0.7917626420,0.0000000000,scatter
71800,2,0.7917626420,0.0000000000,1.9753394605,3.8412358519,scatter
71800,3,1.9753394605,3.8412358519,0.0000000000,2.3093579975,exit_left
71900,1,0.0000000000,0.0000000000,0.2992769639,0.0000000000,absorb
72000,1,0.0000000000,0.0000000000,0.6060878231,0.0000000000,scatter
72000,2,0.6060878231,0.0000000000,2.9745447415,3.9305460297,scatter
72000,3,2.9745447415,3.9305460297,1.8399525622,3.3303179032,absorb
72100,1,0.0000000000,0.0000000000,2.6728112882,0.0000000000,scatter
72100,2,2.6728112882,0.0000000000,2.9120371686,0.6564855162,scatter
72100,3,2.9120371686,0.6564855162,2.8886586931,0.4943110156,absorb
72200,1,0.0000000000,0.0000000000,4.2292571285,0.0000000000,absorb
72300,1,0.0000000000,0.0000000000,2.9058838207,0.0000000000,absorb
72400,1,0.0000000000,0.0000000000,3.4231308438,0.0000000000,scatter
72400,2,3.4231308438,0.0000000000,4.5000000000,-0.4907180909,exit_right
72500,1,0.0000000000,0.0000000000,1.0965403076,0.0000000000,scatter
72500,2,1.0965403076,0.0000000000,1.6513843718,1.2014306669,scatter
72500,3,1.6513843718,1.2014306669,0.0000000000,1.1480964290,exit_left
72600,1,0.0000000000,0.0000000000,4.0338982540,0.0000000000,scatter
72600,2,4.0338982540,0.0000000000,4.5000000000,0.3190976688,exit_right
72700,1,0.0000000000,0.0000000000,0.9527798844,0.0000000000,scatter
72700,2,0.9527798844,0.0000000000,0.7069536190,-2.8748782232,scatter
72700,3,0.7069536190,-2.8748782232,0.0000000000,-3.2417845996,exit_left
72800,1,0.0000000000,0.0000000000,0.5512083640,0.0000000000,scatter
72800,2,0.5512083640,0.0000000000,2.5118022431,-4.7542174757,scatter
72800,3,2.5118022431,-4.7542174757,4.5000000000,-4.4434686025,exit_right
72900,1,0.0000000000,0.0000000000,0.6206133945,0.0000000000,scatter
72900,2,0.6206133945,0.0000000000,0.0000000000,0.0275912224,exit_left
73000,1,0.0000000000,0.0000000000,1.9899565241,0.0000000000,scatter
73000,2,1.9899565241,0.0000000000,4.5000000000,1.5517867959,exit_right
73100,1,0.0000000000,0.0000000000,0.5994668417,0.0000000000,scatter
73100,2,0.5994668417,0.0000000000,0.5971953812,-0.0647711390,scatter
73100,3,0.5971953812,-0.0647711390,0.0000000000,0.0627606250,exit_left
73200,1,0.0000000000,0.0000000000,2.4289167906,0.0000000000,scatter
73200,2,2.4289167906,0.0000000000,0.0000000000,-1.5689270613,exit_left
73300,1,0.0000000000,0.0000000000,1.1952907929,0.0000000000,scatter
73300,2,1.1952907929,0.0000000000,0.8669904728,0.0305290614,scatter
73300,3,0.8669904728,0.0305290614,3.5537481585,-3.3109639999,scatter
73300,4,3.5537481585,-3.3109639999,4.1844275285,-2.8634108035,scatter
73300,5,4.1844275285,-2.8634108035,4.1483200008,-2.8431709709,scatter
73300,6,4.1483200008,-2.8431709709,3.2877686079,-1.7597129795,scatter
73300,7,3.2877686079,-1.7597129795,0.1799365533,-3.8762463116,scatter
73300,8,0.1799365533,-3.8762463116,0.0000000000,-3.8774965726,exit_left
73400,1,0.0000000000,0.0000000000,3.2752132915,0.0000000000,scatter
73400,2,3.2752132915,0.0000000000,0.8443735369,4.2030186838,scatter
73400,3,0.8443735369,4.2030186838,2.0614442547,2.8638044302,scatter
73400,4,2.0614442547,2.8638044302,2.1510671765,2.6574574151,scatter
73400,5,2.1510671765,2.6574574151,2.1251625037,2.7077119794,absorb
73500,1,0.0000000000,0.0000000000,0.9358567608,0.0000000000,scatter
73500,2,0.9358567608,0.0000000000,2.6930567545,-0.2569565070,scatter
73500,3,2.6930567545,-0.2569565070,3.3113370184,-0.9124103209,absorb
73600,1,0.0000000000,0.0000000000,4.5000000000,0.0000000000,exit_right
73700,1,0.0000000000,0.0000000000,0.1954187483,0.0000000000,scatter
73700,2,0.1954187483,0.0000000000,1.8726517527,-0.6994385831,absorb
73800,1,0.0000000000,0.0000000000,0.0590387150,0.0000000000,scatter
73800,2,0.0590387150,0.0000000000,0.0000000000,0.1161090984,exit_left
73900,1,0.0000000000,0.0000000000,3.0666920999,0.0000000000,scatter
73900,2,3.0666920999,0.0000000000,3.6022366614,-0.2108215776,absorb
74000,1,0.0000000000,0.0000000000,4.1481926819,0.0000000000,scatter
74000,2,4.1481926819,0.0000000000,4.5000000000,0.1315373476,exit_right
74100,1,0.0000000000,0.0000000000,0.1843295128,0.0000000000,scatter
74100,2,0.1843295128,0.0000000000,0.0000000000,0.1382481236,exit_left
74200,1,0.0000000000,0.0000000000,0.8959606816,0.0000000000,scatter
74200,2,0.8959606816,0.0000000000,0.7444807036,-0.0484418584,scatter
74200,3,0.7444807036,-0.0484418584,4.5000000000,-0.4530276860,exit_right
74300,1,0.0000000000,0.0000000000,3.8312127225,0.0000000000,scatter
74300,2,3.8312127225,0.0000000000,3.7337596154,-0.3371856106,scatter
74300,3,3.7337596154,-0.3371856106,4.1842383468,-2.9745431278,scatter
74300,4,4.1842383468,-2.9745431278,0.0000000000,-9.3591702449,exit_left
74400,1,0.0000000000,0.0000000000,4.5000000000,0.0000000000,exit_right
74500,1,0.0000000000,0.0000000000,0.3671938524,0.0000000000,scatter
74500,2,0.3671938524,0.0000000000,2.1695182902,1.7603833078,absorb
74600,1,0.0000000000,0.0000000000,0.8580789474,0.0000000000,scatter
74600,2,0.8580789474,0.0000000000,0.0000000000,-1.3157821301,exit_left
74700,1,0.0000000000,0.0000000000,4.1787970059,0.0000000000,scatter
74700,2,4.1787970059,0.0000000000,3.8760130062,-0.0081569560,scatter
74700,3,3.8760130062,-0.0081569560,4.5000000000,-0.3814596766,exit_right
74800,1,0.0000000000,0.0000000000,0.0499694863,0.0000000000,scatter
74800,2,0.0499694863,0.0000000000,0.0000000000,0.0696695180,exit_left
74900,1,0.0000000000,0.0000000000,0.8905616474,0.0000000000,scatter
74900,2,0.8905616474,0.0000000000,0.2425150065,-1.3991870493,scatter
74900,3,0.2425150065,-1.3991870493,2.5516028777,2.7910763690,scatter
74900,4,2.5516028777,2.7910763690,2.0803457277,1.3435388152,scatter
74900,5,2.0803457277,1.3435388152,2.2127788083,0.4416147860,scatter
74900,6,2.2127788083,0.4416147860,3.0010576001,1.0613863568,scatter
74900,7,3.0010576001,1.0613863568,2.1295457052,-3.3408832609,absorb
75000,1,0.0000000000,0.0000000000,0.2990678365,0.0000000000,absorb
75100,1,0.0000000000,0.0000000000,0.0028344818,0.0000000000,scatter
75100,2,0.0028344818,0.0000000000,0.0000000000,0.0130049866,exit_left
75200,1,0.0000000000,0.0000000000,1.7200570279,0.0000000000,scatter
75200,2,1.7200570279,0.0000000000,2.3907577844,-0.0081344578,scatter
75200,3,2.3907577844,-0.0081344578,0.3549194880,2.1837494740,scatter
75200,4,0.3549194880,2.1837494740,1.1907983125,2.0267380432,absorb
75300,1,0.0000000000,0.0000000000,4.5000000000,0.0000000000,exit_right
75400,1,0.0000000000,0.0000000000,0.3180141279,0.0000000000,scatter
75400,2,0.3180141279,0.0000000000,2.3427666268,2.3919992297,scatter
75400,3,2.3427666268,2.3919992297,1.2549527217,-0.8429183509,absorb
75500,1,0.0000000000,0.0000000000,0.6789232816,0.0000000000,scatter
75500,2,0.6789232816,0.0000000000,0.0714430899,-3.3745240281,scatter
75500,3,0.0714430899,-3.3745240281,0.0000000000,-3.4630695279,exit_left
75600,1,0.0000000000,0.0000000000,0.7126374274,0.0000000000,absorb
75700,1,0.0000000000,0.0000000000,1.4119225128,0.0000000000,scatter
75700,2,1.4119225128,0.0000000000,4.2743413744,1.5582259963,scatter
75700,3,4.2743413744,1.5582259963,2.9517364241,2.4093505327,scatter
75700,4,2.9517364241,2.4093505327,2.9238333233,2.8084985674,absorb
75800,1,0.0000000000,0.0000000000,1.7131390423,0.0000000000,scatter
75800,2,1.7131390423,0.0000000000,1.6837407148,-0.2479099331,scatter
75800,3,1.6837407148,-0.2479099331,2.1200068874,0.7181666201,absorb
75900,1,0.0000000000,0.0000000000,0.7184664512,0.0000000000,scatter
75900,2,0.7184664512,0.0000000000,1.0557868480,-1.3982229272,scatter
75900,3,1.0557868480,-1.3982229272,0.8509087422,-1.0736817503,scatter
75900,4,0.8509087422,-1.0736817503,0.0000000000,-1.0056016247,exit_left
76000,1,0.0000000000,0.0000000000,2.1672729803,0.0000000000,absorb
76100,1,0.0000000000,0.0000000000,1.7870150875,0.0000000000,scatter
76100,2,1.7870150875,0.0000000000,1.6035552647,-0.5673643321,scatter
76100,3,1.6035552647,-0.5673643321,2.0849510225,-0.1821608725,scatter
76100,4,2.0849510225,-0.1821608725,0.6854103560,1.1379061659,scatter
76100,5,0.6854103560,1.1379061659,0.0000000000,0.0508732214,exit_left
76200,1,0.0000000000,0.0000000000,2.2254042776,0.0000000000,scatter
76200,2,2.2254042776,0.0000000000,2.4286846750,-0.0075921754,scatter
76200,3,2.4286846750,-0.0075921754,2.0642301818,-0.3716215771,scatter
76200,4,2.0642301818,-0.3716215771,2.2569081816,-0.5475490827,absorb
76300,1,0.0000000000,0.0000000000,1.1643466015,0.0000000000,scatter
76300,2,1.1643466015,0.0000000000,0.0430837037,2.4234344783,absorb
76400,1,0.0000000000,0.0000000000,1.7059194716,0.0000000000,absorb
76500,1,0.0000000000,0.0000000000,2.6707382900,0.0000000000,scatter
76500,2,2.6707382900,0.0000000000,2.5477435621,-1.0835989519,scatter
76500,3,2.5477435621,-1.0835989519,2.1173370768,-2.1090530149,absorb
76600,1,0.0000000000,0.0000000000,0.1731772285,0.0000000000,scatter
76600,2,0.1731772285,0.0000000000,0.0000000000,0.4538330660,exit_left
76700,1,0.0000000000,0.0000000000,1.4366503465,0.0000000000,scatter
76700,2,1.4366503465,0.0000000000,1.4354553577,-0.0031728906,scatter
76700,3,1.4354553577,-0.0031728906,1.1943001875,2.6132056604,scatter
76700,4,1.1943001875,2.6132056604,0.0000000000,2.2456943609,exit_left
76800,1,0.0000000000,0.0000000000,0.0959071049,0.0000000000,scatter
76800,2,0.0959071049,0.0000000000,0.0000000000,-0.4242637036,exit_left
76900,1,0.0000000000,0.0000000000,1.5532294257,0.0000000000,scatter
76900,2,1.5532294257,0.0000000000,1.6238528303,0.5219745773,scatter
76900,3,1.6238528303,0.5219745773,4.5000000000,1.6774945054,exit_right
77000,1,0.0000000000,0.0000000000,1.8774181962,0.0000000000,scatter
77000,2,1.8774181962,0.0000000000,0.0000000000,-0.5555318358,exit_left
77100,1,0.0000000000,0.0000000000,1.2712407775,0.0000000000,scatter
77100,2,1.2712407775,0.0000000000,2.0962925541,-4.8531543977,scatter
77100,3,2.0962925541,-4.8531543977,2.2647134274,-5.0284878541,scatter
77100,4,2.2647134274,-5.0284878541,2.6236569465,-5.7394397709,absorb
77200,1,0.0000000000,0.0000000000,2.4387050822,0.0000000000,absorb
77300,1,0.0000000000,0.0000000000,4.4690682804,0.0000000000,scatter
77300,2,4.4690682804,0.0000000000,4.5000000000,-0.1374668888,exit_right
77400,1,0.0000000000,0.0000000000,0.3235688557,0.0000000000,scatter
77400,2,0.3235688557,0.0000000000,0.0000000000,0.8913287373,exit_left
77500,1,0.0000000000,0.0000000000,2.5876785040,0.0000000000,scatter
77500,2,2.5876785040,0.0000000000,2.2799813964,1.2535157673,scatter
77500,3,2.2799813964,1.2535157673,2.1066048917,1.4486976054,absorb
77600,1,0.0000000000,0.0000000000,4.5000000000,0.0000000000,exit_right
77700,1,0.0000000000,0.0000000000,3.0882261916,0.0000000000,absorb
77800,1,0.0000000000,0.0000000000,0.5721483267,0.0000000000,scatter
77800,2,0.5721483267,0.0000000000,0.8183339367,-0.0603131027,scatter
77800,3,0.8183339367,-0.0603131027,0.0000000000,0.2049060842,exit_left
77900,1,0.0000000000,0.0000000000,4.5000000000,0.0000000000,exit_right
78000,1,0.0000000000,0.0000000000,0.4746505213,0.0000000000,scatter
78000,2,0.4746505213,0.0000000000,2.8903607073,-4.9394884700,absorb
78100,1,0.0000000000,0.0000000000,4.5000000000,0.0000000000,exit_right
78200,1,0.0000000000,0.0000000000,4.5000000000,0.0000000000,exit_right
78300,1,0.0000000000,0.0000000000,1.0395343153,0.0000000000,scatter
78300,2,1.0395343153,0.0000000000,0.9213596983,-0.1172676940,scatter
78300,3,0.9213596983,-0.1172676940,0.8095521248,-0.0257033760,absorb
78400,1,0.0000000000,0.0000000000,0.4822228515,0.0000000000,scatter
78400,2,0.4822228515,0.0000000000,0.5522053117,0.0147349405,scatter
78400,3,0.5522053117,0.0147349405,0.8344565056,3.6217329534,scatter
78400,4,0.8344565056,3.6217329534,0.0000000000,3.3734938828,exit_left
78500,1,0.0000000000,0.0000000000,2.1428886988,0.0000000000,scatter
78500,2,2.1428886988,0.0000000000,1.9546638284,1.8519769672,scatter
78500,3,1.9546638284,1.8519769672,0.1116752161,-1.1249742562,absorb
78600,1,0.0000000000,0.0000000000,4.5000000000,0.0000000000,exit_right
78700,1,0.0000000000,0.0000000000,0.6308563074,0.0000000000,absorb
78800,1,0.0000000000,0.0000000000,0.0834936873,0.0000000000,scatter
78800,2,0.0834936873,0.0000000000,0.0000000000,0.0004463354,exit_left
78900,1,0.0000000000,0.0000000000,1.4855861967,0.0000000000,scatter
78900,2,1.4855861967,0.0000000000,1.8222576927,0.4440869015,scatter
78900,3,1.8222576927,0.4440869015,0.0000000000,-0.6577217041,exit_left
79000,1,0.0000000000,0.0000000000,3.0157717389,0.0000000000,scatter
79000,2,3.0157717389,0.0000000000,2.9389754392,0.0813631895,scatter
79000,3,2.9389754392,0.0813631895,2.4910810430,0.3005475681,scatter
79000,4,2.4910810430,0.3005475681,2.5887166257,0.4219510869,absorb
79100,1,0.0000000000,0.0000000000,2.5927909508,0.0000000000,scatter
79100,2,2.5927909508,0.0000000000,0.2165548671,-0.3630378299,scatter
79100,3,0.2165548671,-0.3630378299,0.0000000000,-0.4767922151,exit_left
79200,1,0.0000000000,0.0000000000,3.1801184416,0.0000000000,scatter
79200,2,3.1801184416,0.0000000000,3.3547517223,0.0185841802,scatter
79200,3,3.3547517223,0.0185841802,3.9348897175,0.6417915792,scatter
79200,4,3.9348897175,0.6417915792,2.7782816421,2.1101520839,scatter
79200,5,2.7782816421,2.1101520839,2.7420189912,2.3934386352,scatter
79200,6,2.7420189912,2.3934386352,0.3449838742,3.9852824223,scatter
79200,7,0.3449838742,3.9852824223,0.0000000000,4.4084487544,exit_left
79300,1,0.0000000000,0.0000000000,2.9895364733,0.0000000000,scatter
79300,2,2.9895364733,0.0000000000,3.2847882411,-0.3791104515,scatter
79300,3,3.2847882411,-0.3791104515,2.9814833387,-0.1821206430,scatter
79300,4,2.9814833387,-0.1821206430,2.9911228966,-0.2313782580,scatter
79300,5,2.9911228966,-0.2313782580,3.0145952054,-1.7299241597,scatter
79300,6,3.0145952054,-1.7299241597,2.7088766833,-1.1963751362,absorb
79400,1,0.0000000000,0.0000000000,1.8124197670,0.0000000000,scatter
79400,2,1.8124197670,0.0000000000,2.8856894987,-0.2591791076,scatter
79400,3,2.8856894987,-0.2591791076,2.8247833909,-0.8188975318,scatter
79400,4,2.8247833909,-0.8188975318,3.5291100891,2.1092099438,absorb
79500,1,0.0000000000,0.0000000000,0.0171153202,0.0000000000,scatter
79500,2,0.0171153202,0.0000000000,0.0000000000,0.0269631961,exit_left
79600,1,0.0000000000,0.0000000000,2.0554242798,0.0000000000,scatter
79600,2,2.0554242798,0.0000000000,2.4103419248,-0.0613638838,scatter
79600,3,2.4103419248,-0.0613638838,1.1257436778,1.1174730314,absorb
79700,1,0.0000000000,0.0000000000,4.5000000000,0.0000000000,exit_right
79800,1,0.0000000000,0.0000000000,2.9811602402,0.0000000000,scatter
79800,2,2.9811602402,0.0000000000,2.3385056293,1.5019837509,absorb
79900,1,0.0000000000,0.0000000000,0.5877156843,0.0000000000,scatter
79900,2,0.5877156843,0.0000000000,0.0258641801,1.8766052533,scatter
79900,3,0.0258641801,1.8766052533,0.3384984474,1.8308343192,scatter
79900,4,0.3384984474,1.8308343192,0.0000000000,1.5812333531,exit_left
80000,1,0.0000000000,0.0000000000,1.2989630914,0.0000000000,scatter
80000,2,1.2989630914,0.0000000000,4.5000000000,1.2486717537,exit_right
80100,1,0.0000000000,0.0000000000,0.8819917891,0.0000000000,scatter
80100,2,0.8819917891,0.0000000000,3.4698068751,0.1579749027,scatter
80100,3,3.4698068751,0.1579749027,3.4323064762,3.5528146978,scatter
80100,4,3.4323064762,3.5528146978,3.9062002648,3.2930387523,scatter
80100,5,3.9062002648,3.2930387523,3.9248154904,2.2573229840,scatter
80100,6,3.9248154904,2.2573229840,4.5000000000,1.1301741022,exit_right
80200,1,0.0000000000,0.0000000000,1.0714996148,0.0000000000,scatter
80200,2,1.0714996148,0.0000000000,1.1274727463,-0.0049550600,scatter
80200,3,1.1274727463,-0.0049550600,1.8533962982,-2.9674810342,scatter
80200,4,1.8533962982,-2.9674810342,2.0329073259,-2.8686626320,scatter
80200,5,2.0329073259,-2.8686626320,0.0000000000,-0.3539272042,exit_left
80300,1,0.0000000000,0.0000000000,0.9092897743,0.0000000000,absorb
80400,1,0.0000000000,0.0000000000,1.7275463539,0.0000000000,scatter
80400,2,1.7275463539,0.0000000000,2.8781749909,-0.3069180859,scatter
80400,3,2.8781749909,-0.3069180859,2.7259482283,2.4411937715,scatter
80400,4,2.7259482283,2.4411937715,1.1409970769,-4.6274655497,scatter
80400,5,1.1409970769,-4.6274655497,1.1485973653,-4.5043451136,scatter
80400,6,1.1485973653,-4.5043451136,0.0000000000,-5.3720730785,exit_left
80500,1,0.0000000000,0.0000000000,0.2399668276,0.0000000000,scatter
80500,2,0.2399668276,0.0000000000,1.4629287564,0.6887590739,scatter
80500,3,1.4629287564,0.6887590739,1.2811718865,0.4483755242,scatter
80500,4,1.2811718865,0.4483755242,1.2967213826,-0.0389815294,absorb
80600,1,0.0000000000,0.0000000000,0.7571162209,0.0000000000,scatter
80600,2,0.7571162209,0.0000000000,1.1442591826,-1.2927037677,scatter
80600,3,1.1442591826,-1.2927037677,1.3938973849,-1.1687457568,scatter
80600,4,1.3938973849,-1.1687457568,1.3635773843,-1.0239591788,scatter
80600,5,1.3635773843,-1.0239591788,1.2131540175,-1.4489016113,scatter
80600,6,1.2131540175,-1.4489016113,2.8096903234,-1.3434085518,scatter
80600,7,2.8096903234,-1.3434085518,2.4988648408,0.1701538182,scatter
80600,8,2.4988648408,0.1701538182,2.1044118440,0.0515138098,scatter
80600,9,2.1044118440,0.0515138098,1.9769942539,-0.3363016978,scatter
80600,10,1.9769942539,-0.3363016978,1.9673553600,-0.9472524222,absorb
80700,1,0.0000000000,0.0000000000,0.8634598040,0.0000000000,absorb
80800,1,0.0000000000,0.0000000000,0.5569979044,0.0000000000,absorb
80900,1,0.0000000000,0.0000000000,4.2437563286,0.0000000000,scatter
80900,2,4.2437563286,0.0000000000,4.2929805639,-0.6089337423,scatter
80900,3,4.2929805639,-0.6089337423,4.2077471216,-0.5851932437,scatter
80900,4,4.2077471216,-0.5851932437,4.5000000000,-0.8528748614,exit_right
81000,1,0.0000000000,0.0000000000,1.5723445996,0.0000000000,scatter
81000,2,1.5723445996,0.0000000000,1.3150190350,-0.1318978407,absorb
81100,1,0.0000000000,0.0000000000,1.1829139915,0.0000000000,absorb
81200,1,0.0000000000,0.0000000000,0.7961171226,0.0000000000,scatter
81200,2,0.7961171226,0.0000000000,1.6250942063,1.1598176992,absorb
81300,1,0.0000000000,0.0000000000,1.5726910556,0.0000000000,scatter
81300,2,1.5726910556,0.0000000000,0.0000000000,0.9027847534,exit_left
81400,1,0.0000000000,0.0000000000,4.5000000000,0.0000000000,exit_right
81500,1,0.0000000000,0.0000000000,0.6060816632,0.0000000000,scatter
81500,2,0.6060816632,0.0000000000,2.2451631722,-0.1651322929,scatter
81500,3,2.2451631722,-0.1651322929,2.1235178644,-0.5824801362,absorb
81600,1,0.0000000000,0.0000000000,0.4593660674,0.0000000000,scatter
81600,2,0.4593660674,0.0000000000,0.0000000000,0.5335602934,exit_left
81700,1,0.0000000000,0.0000000000,0.4164517421,0.0000000000,scatter
81700,2,0.4164517421,0.0000000000,0.7406815578,0.0006013950,scatter
81700,3,0.7406815578,0.0006013950,0.0000000000,-0.1143619186,exit_left
81800,1,0.0000000000,0.0000000000,4.5000000000,0.0000000000,exit_right
81900,1,0.0000000000,0.0000000000,4.5000000000,0.0000000000,exit_right
82000,1,0.0000000000,0.0000000000,1.5657058419,0.0000000000,scatter
82000,2,1.5657058419,0.0000000000,2.3956731840,-0.6628378260,scatter
82000,3,2.3956731840,-0.6628378260,2.2477905054,-0.9571239730,absorb
82100,1,0.0000000000,0.0000000000,0.8065676434,0.0000000000,scatter
82100,2,0.8065676434,0.0000000000,0.8993514975,-0.7065229587,absorb
82200,1,0.0000000000,0.0000000000,0.1601857302,0.0000000000,scatter
82200,2,0.1601857302,0.0000000000,0.2737214088,0.0010232394,absorb
82300,1,0.0000000000,0.0000000000,0.0511598204,0.0000000000,scatter
82300,2,0.0511598204,0.0000000000,0.0000000000,-0.0419845789,exit_left
82400,1,0.0000000000,0.0000000000,1.0940741720,0.0000000000,scatter
82400,2,1.0940741720,0.0000000000,1.7838140115,0.5613636727,scatter
82400,3,1.7838140115,0.5613636727,1.8322264755,0.6276945295,scatter
82400,4,1.8322264755,0.6276945295,0.0000000000,-2.0036525357,exit_left
82500,1,0.0000000000,0.0000000000,1.4743985345,0.0000000000,scatter
82500,2,1.4743985345,0.0000000000,1.4228197126,-0.0346834230,scatter
82500,3,1.4228197126,-0.0346834230,0.8638160124,-1.4813397448,absorb
82600,1,0.0000000000,0.0000000000,0.3479669236,0.0000000000,scatter
82600,2,0.3479669236,0.0000000000,0.2187780269,1.7708081611,scatter
82600,3,0.2187780269,1.7708081611,0.4372561240,1.5091526808,absorb
82700,1,0.0000000000,0.0000000000,0.6195669006,0.0000000000,absorb
82800,1,0.0000000000,0.0000000000,0.2035961291,0.0000000000,scatter
82800,2,0.2035961291,0.0000000000,0.0263893465,0.0877848695,scatter
82800,3,0.0263893465,0.0877848695,0.4176069949,-1.0269912431,scatter
82800,4,0.4176069949,-1.0269912431,0.0000000000,-1.4581992009,exit_left
82900,1,0.0000000000,0.0000000000,1.5254564784,0.0000000000,scatter
82900,2,1.5254564784,0.0000000000,3.1562571946,-0.5471126103,scatter
82900,3,3.1562571946,-0.5471126103,3.0509050440,-0.5409537835,scatter
82900,4,3.0509050440,-0.5409537835,1.6180145528,1.1718543787,absorb
83000,1,0.0000000000,0.0000000000,1.8626375377,0.0000000000,scatter
83000,2,1.8626375377,0.0000000000,2.6423246508,-3.3179645638,scatter
83000,3,2.6423246508,-3.3179645638,2.5628176136,-3.6062888685,scatter
83000,4,2.5628176136,-3.6062888685,2.5136870007,-1.9680740914,absorb
83100,1,0.0000000000,0.0000000000,0.8751877723,0.0000000000,scatter
83100,2,0.8751877723,0.0000000000,1.5827839023,-4.3744160832,scatter
83100,3,1.5827839023,-4.3744160832,0.3600867604,-3.6531636769,scatter
83100,4,0.3600867604,-3.6531636769,0.3966004551,-3.8177674547,scatter
83100,5,0.3966004551,-3.8177674547,0.0000000000,-3.9185263832,exit_left
83200,1,0.0000000000,0.0000000000,0.6750734076,0.0000000000,absorb
83300,1,0.0000000000,0.0000000000,0.1309055669,0.0000000000,scatter
83300,2,0.1309055669,0.0000000000,0.1464625293,-0.0057128425,scatter
83300,3,0.1464625293,-0.0057128425,0.6675019891,-0.4923655061,scatter
83300,4,0.6675019891,-0.4923655061,1.4571020494,-1.6448691105,scatter
83300,5,1.4571020494,-1.6448691105,0.0000000000,-2.4682240318,exit_left
83400,1,0.0000000000,0.0000000000,2.5970382447,0.0000000000,scatter
83400,2,2.5970382447,0.0000000000,2.8373491201,-0.0993284597,absorb
83500,1,0.0000000000,0.0000000000,0.5651417793,0.0000000000,absorb
83600,1,0.0000000000,0.0000000000,1.3565054178,0.0000000000,absorb
83700,1,0.0000000000,0.0000000000,2.9036789189,0.0000000000,absorb
83800,1,0.0000000000,0.0000000000,1.2321540593,0.0000000000,scatter
83800,2,1.2321540593,0.0000000000,1.0130283310,-0.1401532491,scatter
83800,3,1.0130283310,-0.1401532491,0.0000000000,-0.7424854897,exit_left
83900,1,0.0000000000,0.0000000000,0.5254027777,0.0000000000,scatter
83900,2,0.5254027777,0.0000000000,1.9345867640,-0.1001034870,scatter
83900,3,1.9345867640,-0.1001034870,3.8130485268,2.7806742311,absorb
84000,1,0.0000000000,0.0000000000,0.2967693294,0.0000000000,scatter
84000,2,0.2967693294,0.0000000000,4.2529979796,2.1969978616,absorb
84100,1,0.0000000000,0.0000000000,0.3928153507,0.0000000000,scatter
84100,2,0.3928153507,0.0000000000,0.0000000000,0.4808488473,exit_left
84200,1,0.0000000000,0.0000000000,2.8344307794,0.0000000000,scatter
84200,2,2.8344307794,0.0000000000,2.7718060984,0.8707208709,scatter
84200,3,2.7718060984,0.8707208709,3.2769949274,2.4258424099,scatter
84200,4,3.2769949274,2.4258424099,1.8832869384,1.3146028023,scatter
84200,5,1.8832869384,1.3146028023,0.0000000000,1.8859554988,exit_left
84300,1,0.0000000000,0.0000000000,2.5305895607,0.0000000000,absorb
84400,1,0.0000000000,0.0000000000,1.1270760375,0.0000000000,absorb
84500,1,0.0000000000,0.0000000000,0.2177820836,0.0000000000,absorb
84600,1,0.0000000000,0.0000000000,4.5000000000,0.0000000000,exit_right
84700,1,0.0000000000,0.0000000000,3.3244942249,0.0000000000,absorb
84800,1,0.0000000000,0.0000000000,0.4854844532,0.0000000000,scatter
84800,2,0.4854844532,0.0000000000,0.9852165344,-0.4032854598,absorb
84900,1,0.0000000000,0.0000000000,0.8696779754,0.0000000000,scatter
84900,2,0.8696779754,0.0000000000,2.4198305857,1.7554933318,scatter
84900,3,2.4198305857,1.7554933318,2.3081818681,2.3966732547,absorb
85000,1,0.0000000000,0.0000000000,0.0265946821,0.0000000000,scatter
85000,2,0.0265946821,0.0000000000,0.9546958477,-0.9338408817,scatter
85000,3,0.9546958477,-0.9338408817,0.0000000000,-1.2598870520,exit_left
85100,1,0.0000000000,0.0000000000,2.7945148359,0.0000000000,scatter
85100,2,2.7945148359,0.0000000000,2.8341358142,1.2758691623,scatter
85100,3,2.8341358142,1.2758691623,4.5000000000,-0.0163257363,exit_right
85200,1,0.0000000000,0.0000000000,1.7577920084,0.0000000000,scatter
85200,2,1.7577920084,0.0000000000,1.0064299190,-1.5923474441,scatter
85200,3,1.0064299190,-1.5923474441,0.5494807385,-2.3659580846,scatter
85200,4,0.5494807385,-2.3659580846,1.1692092312,-0.3769889253,scatter
85200,5,1.1692092312,-0.3769889253,1.6133790904,0.2505287052,scatter
85200,6,1.6133790904,0.2505287052,0.4190323473,-7.1569989719,scatter
85200,7,0.4190323473,-7.1569989719,0.0945096023,-6.9893518419,scatter
85200,8,0.0945096023,-6.9893518419,0.0000000000,-7.0292602028,exit_left
85300,1,0.0000000000,0.0000000000,1.3713772271,0.0000000000,scatter
85300,2,1.3713772271,0.0000000000,0.0000000000,0.2939417486,exit_left
85400,1,0.0000000000,0.0000000000,0.6793672353,0.0000000000,scatter
85400,2,0.6793672353,0.0000000000,2.6835316973,-3.2764694202,scatter
85400,3,2.6835316973,-3.2764694202,2.4214603396,-7.2391188309,scatter
85400,4,2.4214603396,-7.2391188309,3.1614511423,-7.6488723533,scatter
85400,5,3.1614511423,-7.6488723533,3.3807119318,-7.5658554856,absorb
85500,1,0.0000000000,0.0000000000,4.5000000000,0.0000000000,exit_right
85600,1,0.0000000000,0.0000000000,2.9801009913,0.0000000000,scatter
85600,2,2.9801009913,0.0000000000,2.3875854782,1.4966628710,scatter
85600,3,2.3875854782,1.4966628710,4.5000000000,0.7420887158,exit_right
85700,1,0.0000000000,0.0000000000,1.7076561235,0.0000000000,scatter
85700,2,1.7076561235,0.0000000000,2.0124755282,-1.5379953359,absorb
85800,1,0.0000000000,0.0000000000,0.4817667599,0.0000000000,scatter
85800,2,0.4817667599,0.0000000000,0.0000000000,-0.2696678362,exit_left
85900,1,0.0000000000,0.0000000000,2.0899472852,0.0000000000,scatter
85900,2,2.0899472852,0.0000000000,0.0000000000,2.3107330183,exit_left
86000,1,0.0000000000,0.0000000000,1.1913767382,0.0000000000,scatter
86000,2,1.1913767382,0.0000000000,1.1717792038,-0.0550940497,absorb
86100,1,0.0000000000,0.0000000000,1.2622183760,0.0000000000,scatter
86100,2,1.2622183760,0.0000000000,0.0000000000,1.6303085116,exit_left
86200,1,0.0000000000,0.0000000000,0.0771813183,0.0000000000,absorb
86300,1,0.0000000000,0.0000000000,0.6109973994,0.0000000000,absorb
86400,1,0.0000000000,0.0000000000,0.7259426365,0.0000000000,scatter
86400,2,0.7259426365,0.0000000000,0.0000000000,0.2051150609,exit_left
86500,1,0.0000000000,0.0000000000,0.0152990514,0.0000000000,scatter
86500,2,0.0152990514,0.0000000000,0.0000000000,-0.0038338553,exit_left
86600,1,0.0000000000,0.0000000000,2.7515982716,0.0000000000,scatter
86600,2,2.7515982716,0.0000000000,3.1174596255,0.0672457452,scatter
86600,3,3.1174596255,0.0672457452,2.9724511062,-0.0261037257,scatter
86600,4,2.9724511062,-0.0261037257,1.9599924969,2.1311835268,scatter
86600,5,1.9599924969,2.1311835268,3.3103713443,2.8337505567,scatter
86600,6,3.3103713443,2.8337505567,3.1276321668,3.1619775902,scatter
86600,7,3.1276321668,3.1619775902,4.5000000000,2.9437699056,exit_right
86700,1,0.0000000000,0.0000000000,0.4877075482,0.0000000000,absorb
86800,1,0.0000000000,0.0000000000,0.3193286840,0.0000000000,scatter
86800,2,0.3193286840,0.0000000000,2.5775443823,-1.2518815354,scatter
86800,3,2.5775443823,-1.2518815354,1.5409732736,-0.3646815155,absorb
86900,1,0.0000000000,0.0000000000,2.7475287984,0.0000000000,scatter
86900,2,2.7475287984,0.0000000000,4.5000000000,1.1845021929,exit_right
87000,1,0.0000000000,0.0000000000,4.5000000000,0.0000000000,exit_right
87100,1,0.0000000000,0.0000000000,2.1966923293,0.0000000000,scatter
87100,2,2.1966923293,0.0000000000,0.0000000000,-2.8634686558,exit_left
87200,1,0.0000000000,0.0000000000,1.4350024522,0.0000000000,scatter
87200,2,1.4350024522,0.0000000000,1.8407093285,0.0297956961,scatter
87200,3,1.8407093285,0.0297956961,0.0000000000,2.9097805000,exit_left
87300,1,0.0000000000,0.0000000000,0.1347461268,0.0000000000,scatter
87300,2,0.1347461268,0.0000000000,0.6266820962,-1.0866364361,scatter
87300,3,0.6266820962,-1.0866364361,4.5000000000,1.4542410283,exit_right
87400,1,0.0000000000,0.0000000000,0.6261447437,0.0000000000,scatter
87400,2,0.6261447437,0.0000000000,0.4570861714,0.2823906157,scatter
87400,3,0.4570861714,0.2823906157,0.3198970646,0.2177818182,scatter
87400,4,0.3198970646,0.2177818182,2.1836587243,-2.4150317943,scatter
87400,5,2.1836587243,-2.4150317943,0.4683826198,-3.7022789824,scatter
87400,6,0.4683826198,-3.7022789824,0.0000000000,-3.4650836277,exit_left
87500,1,0.0000000000,0.0000000000,1.4720748547,0.0000000000,scatter
87500,2,1.4720748547,0.0000000000,1.7536234283,-5.9017050105,absorb
87600,1,0.0000000000,0.0000000000,4.5000000000,0.0000000000,exit_right
87700,1,0.0000000000,0.0000000000,0.5028054382,0.0000000000,scatter
87700,2,0.5028054382,0.0000000000,1.0223456014,3.4797292783,scatter
87700,3,1.0223456014,3.4797292783,2.4879937687,4.8866621535,scatter
87700,4,2.4879937687,4.8866621535,0.0000000000,10.2638821883,exit_left
87800,1,0.0000000000,0.0000000000,4.5000000000,0.0000000000,exit_right
87900,1,0.0000000000,0.0000000000,1.1640286088,0.0000000000,scatter
87900,2,1.1640286088,0.0000000000,0.0000000000,-1.0933468356,exit_left
88000,1,0.0000000000,0.0000000000,1.9048679162,0.0000000000,scatter
88000,2,1.9048679162,0.0000000000,2.0505301966,0.0045711567,scatter
88000,3,2.0505301966,0.0045711567,4.5000000000,-3.2009686536,exit_right
88100,1,0.0000000000,0.0000000000,0.8122907605,0.0000000000,scatter
88100,2,0.8122907605,0.0000000000,0.5779663050,-0.0779274478,scatter
88100,3,0.5779663050,-0.0779274478,1.9482036360,4.7101615632,scatter
88100,4,1.9482036360,4.7101615632,0.0000000000,4.6818668914,exit_left
88200,1,0.0000000000,0.0000000000,4.5000000000,0.0000000000,exit_right
88300,1,0.0000000000,0.0000000000,3.7672482059,0.0000000000,scatter
88300,2,3.7672482059,0.0000000000,3.5185221621,-1.4824524460,absorb
88400,1,0.0000000000,0.0000000000,0.4577017257,0.0000000000,scatter
88400,2,0.4577017257,0.0000000000,0.2062782228,0.7515971923,scatter
88400,3,0.2062782228,0.7515971923,0.0000000000,0.8444005147,exit_left
88500,1,0.0000000000,0.0000000000,0.0327712175,0.0000000000,scatter
88500,2,0.0327712175,0.0000000000,0.0000000000,0.0088461890,exit_left
88600,1,0.0000000000,0.0000000000,0.6159054172,0.0000000000,scatter
88600,2,0.6159054172,0.0000000000,0.2236389998,0.1570520075,scatter
88600,3,0.2236389998,0.1570520075,0.0000000000,0.2538707559,exit_left
88700,1,0.0000000000,0.0000000000,3.5785298557,0.0000000000,scatter
88700,2,3.5785298557,0.0000000000,3.4784064119,0.1021396990,absorb
88800,1,0.0000000000,0.0000000000,0.6973565270,0.0000000000,scatter
88800,2,0.6973565270,0.0000000000,0.3071051864,-0.1103224932,scatter
88800,3,0.3071051864,-0.1103224932,0.0000000000,-1.8901248868,exit_left
88900,1,0.0000000000,0.0000000000,0.6754835496,0.0000000000,scatter
88900,2,0.6754835496,0.0000000000,1.2103198694,0.2803375483,scatter
88900,3,1.2103198694,0.2803375483,0.0000000000,-0.3701814367,exit_left
89000,1,0.0000000000,0.0000000000,3.0894671046,0.0000000000,scatter
89000,2,3.0894671046,0.0000000000,3.5810518855,0.0412898514,scatter
89000,3,3.5810518855,0.0412898514,4.3216631470,0.2830638037,absorb
89100,1,0.0000000000,0.0000000000,2.0392934373,0.0000000000,absorb
89200,1,0.0000000000,0.0000000000,1.4150953113,0.0000000000,scatter
89200,2,1.4150953113,0.0000000000,0.0000000000,0.3002511976,exit_left
89300,1,0.0000000000,0.0000000000,2.2788641436,0.0000000000,scatter
89300,2,2.2788641436,0.0000000000,0.0000000000,-1.6932427162,exit_left
89400,1,0.0000000000,0.0000000000,3.6277148211,0.0000000000,scatter
89400,2,3.6277148211,0.0000000000,3.9219529588,-0.6006810223,scatter
89400,3,3.9219529588,-0.6006810223,3.7782400735,-0.7586966974,scatter
89400,4,3.7782400735,-0.7586966974,0.0000000000,0.0599693748,exit_left
89500,1,0.0000000000,0.0000000000,4.5000000000,0.0000000000,exit_right
89600,1,0.0000000000,0.0000000000,0.2078207556,0.0000000000,scatter
89600,2,0.2078207556,0.0000000000,0.0000000000,0.3605241517,exit_left
89700,1,0.0000000000,0.0000000000,4.2318263762,0.0000000000,scatter
89700,2,4.2318263762,0.0000000000,1.7720017222,-1.8918233719,absorb
89800,1,0.0000000000,0.0000000000,1.2985582508,0.0000000000,scatter
89800,2,1.2985582508,0.0000000000,1.1832787208,0.3314296684,scatter
89800,3,1.1832787208,0.3314296684,0.0000000000,0.2525537246,exit_left
89900,1,0.0000000000,0.0000000000,0.9034112678,0.0000000000,scatter
89900,2,0.9034112678,0.0000000000,1.9439372380,-0.5853291091,scatter
89900,3,1.9439372380,-0.5853291091,4.5000000000,-0.6431808293,exit_right
90000,1,0.0000000000,0.0000000000,4.5000000000,0.0000000000,exit_right
90100,1,0.0000000000,0.0000000000,4.5000000000,0.0000000000,exit_right
90200,1,0.0000000000,0.0000000000,1.2055717731,0.0000000000,scatter
90200,2,1.2055717731,0.0000000000,1.2225508360,0.0083108463,scatter
90200,3,1.2225508360,0.0083108463,1.0150044884,-0.0517910038,scatter
90200,4,1.0150044884,-0.0517910038,0.9732754593,-0.1437328554,scatter
90200,5,0.9732754593,-0.1437328554,1.0014640713,-0.2926185011,scatter
90200,6,1.0014640713,-0.2926185011,3.0199615336,-1.4361837550,scatter
90200,7,3.0199615336,-1.4361837550,4.2344612952,-1.6333421255,scatter
90200,8,4.2344612952,-1.6333421255,4.5000000000,-1.4129306192,exit_right
90300,1,0.0000000000,0.0000000000,4.5000000000,0.0000000000,exit_right
90400,1,0.0000000000,0.0000000000,2.0289960213,0.0000000000,absorb
90500,1,0.0000000000,0.0000000000,4.5000000000,0.0000000000,exit_right
90600,1,0.0000000000,0.0000000000,1.7200832390,0.0000000000,scatter
90600,2,1.7200832390,0.0000000000,0.8312147765,1.0756594067,scatter
90600,3,0.8312147765,1.0756594067,0.7269526876,1.0509200613,absorb
90700,1,0.0000000000,0.0000000000,1.6326826465,0.0000000000,absorb
90800,1,0.0000000000,0.0000000000,0.6075833207,0.0000000000,scatter
90800,2,0.6075833207,0.0000000000,0.0000000000,0.5974321359,exit_left
90900,1,0.0000000000,0.0000000000,2.3525694121,0.0000000000,absorb
91000,1,0.0000000000,0.0000000000,1.8780166186,0.0000000000,scatter
91000,2,1.8780166186,0.0000000000,1.9150807446,-0.0332943531,absorb
91100,1,0.0000000000,0.0000000000,4.0899360103,0.0000000000,scatter
91100,2,4.0899360103,0.0000000000,3.9246044248,0.6588783187,scatter
91100,3,3.9246044248,0.6588783187,3.9206345459,-0.9809576090,absorb
91200,1,0.0000000000,0.0000000000,1.5550106737,0.0000000000,scatter
91200,2,1.5550106737,0.0000000000,2.6773377695,-3.0024693764,scatter
91200,3,2.6773377695,-3.0024693764,0.8909782231,-3.0229488843,scatter
91200,4,0.8909782231,-3.0229488843,0.8571310066,-2.9526430020,scatter
91200,5,0.8571310066,-2.9526430020,1.1403945513,-3.9957884388,scatter
91200,6,1.1403945513,-3.9957884388,3.3701217743,-3.9535071817,scatter
91200,7,3.3701217743,-3.9535071817,3.0563674337,-3.1187376741,scatter
91200,8,3.0563674337,-3.1187376741,3.3419924070,-11.1121670241,scatter
91200,9,3.3419924070,-11.1121670241,3.1972537846,-10.7083081486,scatter
91200,10,3.1972537846,-10.7083081486,4.5000000000,-10.8527459128,exit_right
91300,1,0.0000000000,0.0000000000,2.0018049401,0.0000000000,scatter
91300,2,2.0018049401,0.0000000000,1.8880127240,0.2230629359,absorb
91400,1,0.0000000000,0.0000000000,1.4203740283,0.0000000000,scatter
91400,2,1.4203740283,0.0000000000,0.0000000000,-0.9041951759,exit_left
91500,1,0.0000000000,0.0000000000,4.5000000000,0.0000000000,exit_right
91600,1,0.0000000000,0.0000000000,1.2085869116,0.0000000000,scatter
91600,2,1.2085869116,0.0000000000,2.0815287539,-3.6543844932,scatter
91600,3,2.0815287539,-3.6543844932,2.4458346547,-4.4466375931,scatter
91600,4,2.4458346547,-4.4466375931,2.6256040679,-7.7437798786,scatter
91600,5,2.6256040679,-7.7437798786,0.6908766759,-7.4447103833,absorb
91700,1,0.0000000000,0.0000000000,3.5619625198,0.0000000000,absorb
91800,1,0.0000000000,0.0000000000,0.0425923080,0.0000000000,scatter
91800,2,0.0425923080,0.0000000000,0.0000000000,-0.0375676786,exit_left
91900,1,0.0000000000,0.0000000000,0.4506210963,0.0000000000,scatter
91900,2,0.4506210963,0.0000000000,0.0000000000,-0.7526950231,exit_left
92000,1,0.0000000000,0.0000000000,1.1819285440,0.0000000000,scatter
92000,2,1.1819285440,0.0000000000,1.1901649180,2.8714281440,absorb
92100,1,0.0000000000,0.0000000000,4.1828548202,0.0000000000,scatter
92100,2,4.1828548202,0.0000000000,3.9209292977,-0.2405688628,absorb
92200,1,0.0000000000,0.0000000000,0.7157697773,0.0000000000,scatter
92200,2,0.7157697773,0.0000000000,2.1551453746,-5.0096085570,absorb
92300,1,0.0000000000,0.0000000000,4.5000000000,0.0000000000,exit_right
92400,1,0.0000000000,0.0000000000,1.4951073017,0.0000000000,scatter
92400,2,1.4951073017,0.0000000000,1.0685933740,0.4357738043,absorb
92500,1,0.0000000000,0.0000000000,4.5000000000,0.0000000000,exit_right
92600,1,0.0000000000,0.0000000000,4.5000000000,0.0000000000,exit_right
92700,1,0.0000000000,0.0000000000,4.5000000000,0.0000000000,exit_right
92800,1,0.0000000000,0.0000000000,2.3307431061,0.0000000000,absorb
92900,1,0.0000000000,0.0000000000,1.1697534696,0.0000000000,scatter
92900,2,1.1697534696,0.0000000000,0.0000000000,0.0219075228,exit_left
93000,1,0.0000000000,0.0000000000,2.4327073183,0.0000000000,scatter
93000,2,2.4327073183,0.0000000000,2.1841315683,0.0812525474,scatter
93000,3,2.1841315683,0.0812525474,2.2312874731,-0.2458632581,absorb
93100,1,0.0000000000,0.0000000000,1.5356760927,0.0000000000,scatter
93100,2,1.5356760927,0.0000000000,1.8617361947,0.8063209109,scatter
93100,3,1.8617361947,0.8063209109,1.3387940327,0.9017044312,scatter
93100,4,1.3387940327,0.9017044312,1.5089868160,2.6688577618,scatter
93100,5,1.5089868160,2.6688577618,0.6021965158,2.3909267426,scatter
93100,6,0.6021965158,2.3909267426,0.0000000000,0.9542068166,exit_left
93200,1,0.0000000000,0.0000000000,4.5000000000,0.0000000000,exit_right
93300,1,0.0000000000,0.0000000000,0.4066828441,0.0000000000,scatter
93300,2,0.4066828441,0.0000000000,3.6254821528,-0.9391768101,scatter
93300,3,3.6254821528,-0.9391768101,1.7232921756,-0.4665582374,absorb
93400,1,0.0000000000,0.0000000000,0.7045599245,0.0000000000,absorb
93500,1,0.0000000000,0.0000000000,0.0305293715,0.0000000000,scatter
93500,2,0.0305293715,0.0000000000,0.0000000000,-0.0164073632,exit_left
93600,1,0.0000000000,0.0000000000,0.4444576188,0.0000000000,scatter
93600,2,0.4444576188,0.0000000000,0.0000000000,-0.8642038456,exit_left
93700,1,0.0000000000,0.0000000000,2.9607889095,0.0000000000,scatter
93700,2,2.9607889095,0.0000000000,2.2473130070,-0.0049277774,scatter
93700,3,2.2473130070,-0.0049277774,0.3983282027,1.5379213787,scatter
93700,4,0.3983282027,1.5379213787,0.2631112704,1.4726265675,scatter
93700,5,0.2631112704,1.4726265675,0.6219852044,0.4405033665,scatter
93700,6,0.6219852044,0.4405033665,1.7131524109,-0.5814993357,absorb
93800,1,0.0000000000,0.0000000000,0.2419619877,0.0000000000,scatter
93800,2,0.2419619877,0.0000000000,0.0000000000,0.3994826880,exit_left
93900,1,0.0000000000,0.0000000000,1.4107043725,0.0000000000,scatter
93900,2,1.4107043725,0.0000000000,2.6298959827,0.7048136513,scatter
93900,3,2.6298959827,0.7048136513,1.5690928348,6.9417477421,scatter
93900,4,1.5690928348,6.9417477421,1.3411732179,7.8667933089,scatter
93900,5,1.3411732179,7.8667933089,0.7039834375,8.1636606633,scatter
93900,6,0.7039834375,8.1636606633,0.1614301404,7.5802750257,scatter
93900,7,0.1614301404,7.5802750257,0.0000000000,7.1330615042,exit_left
94000,1,0.0000000000,0.0000000000,3.5718880492,0.0000000000,scatter
94000,2,3.5718880492,0.0000000000,4.5000000000,0.6310851980,exit_right
94100,1,0.0000000000,0.0000000000,1.4200710427,0.0000000000,scatter
94100,2,1.4200710427,0.0000000000,0.0000000000,-1.0759445562,exit_left
94200,1,0.0000000000,0.0000000000,1.4140154890,0.0000000000,absorb
94300,1,0.0000000000,0.0000000000,2.9367294606,0.0000000000,scatter
94300,2,2.9367294606,0.0000000000,0.0000000000,0.2022820684,exit_left
94400,1,0.0000000000,0.0000000000,2.5839242806,0.0000000000,scatter
94400,2,2.5839242806,0.0000000000,0.5550853025,4.2466898800,scatter
94400,3,0.5550853025,4.2466898800,0.5396751251,4.2928140177,absorb
94500,1,0.0000000000,0.0000000000,1.8834679453,0.0000000000,scatter
94500,2,1.8834679453,0.0000000000,1.4547457280,-2.3058314439,absorb
94600,1,0.0000000000,0.0000000000,1.6734692080,0.0000000000,scatter
94600,2,1.6734692080,0.0000000000,1.6808023163,0.9033258759,scatter
94600,3,1.6808023163,0.9033258759,3.5614336901,2.5607558450,scatter
94600,4,3.5614336901,2.5607558450,3.1119384096,3.1625684099,scatter
94600,5,3.1119384096,3.1625684099,4.5000000000,3.2971551182,exit_right
94700,1,0.0000000000,0.0000000000,1.4575275985,0.0000000000,absorb
94800,1,0.0000000000,0.0000000000,0.0577688844,0.0000000000,scatter
94800,2,0.0577688844,0.0000000000,0.0000000000,-0.0189770103,exit_left
94900,1,0.0000000000,0.0000000000,0.3265293527,0.0000000000,scatter
94900,2,0.3265293527,0.0000000000,0.6254653288,0.7585540824,scatter
94900,3,0.6254653288,0.7585540824,0.3920846949,1.8862366970,scatter
94900,4,0.3920846949,1.8862366970,0.4027484654,1.9049795387,scatter
94900,5,0.4027484654,1.9049795387,1.0041453647,3.8024203994,scatter
94900,6,1.0041453647,3.8024203994,2.4050177244,-1.4655661903,scatter
94900,7,2.4050177244,-1.4655661903,2.3324967116,-2.6343208629,scatter
94900,8,2.3324967116,-2.6343208629,0.8121758915,-2.5622799314,absorb
95000,1,0.0000000000,0.0000000000,0.0092568393,0.0000000000,scatter
95000,2,0.0092568393,0.0000000000,0.4215166804,0.5227210939,scatter
95000,3,0.4215166804,0.5227210939,0.0000000000,1.3738524812,exit_left
95100,1,0.0000000000,0.0000000000,1.9186566452,0.0000000000,scatter
95100,2,1.9186566452,0.0000000000,1.8378643509,0.1114669990,scatter
95100,3,1.8378643509,0.1114669990,1.2593409184,-0.4828831866,scatter
95100,4,1.2593409184,-0.4828831866,0.8742457804,-0.9754216018,scatter
95100,5,0.8742457804,-0.9754216018,0.8906801064,-0.9340617846,absorb
95200,1,0.0000000000,0.0000000000,0.2134711954,0.0000000000,scatter
95200,2,0.2134711954,0.0000000000,0.0000000000,-0.0248574620,exit_left
95300,1,0.0000000000,0.0000000000,0.6812495493,0.0000000000,scatter
95300,2,0.6812495493,0.0000000000,0.4317523874,-1.8016806128,scatter
95300,3,0.4317523874,-1.8016806128,2.8479911097,-2.1985174902,scatter
95300,4,2.8479911097,-2.1985174902,1.7391363098,-3.5672033503,scatter
95300,5,1.7391363098,-3.5672033503,0.9176805702,-5.3579680344,scatter
95300,6,0.9176805702,-5.3579680344,0.0000000000,-5.3772378474,exit_left
95400,1,0.0000000000,0.0000000000,0.9995285396,0.0000000000,scatter
95400,2,0.9995285396,0.0000000000,0.7636979303,0.6155356029,scatter
95400,3,0.7636979303,0.6155356029,0.0000000000,0.3838576337,exit_left
95500,1,0.0000000000,0.0000000000,1.2640843706,0.0000000000,scatter
95500,2,1.2640843706,0.0000000000,0.0000000000,0.1890867902,exit_left
95600,1,0.0000000000,0.0000000000,0.3276700285,0.0000000000,scatter
95600,2,0.3276700285,0.0000000000,1.4672874198,0.7964044201,scatter
95600,3,1.4672874198,0.7964044201,0.1605845622,0.1448202734,absorb
95700,1,0.0000000000,0.0000000000,0.4945677406,0.0000000000,scatter
95700,2,0.4945677406,0.0000000000,0.0000000000,-0.0677653998,exit_left
95800,1,0.0000000000,0.0000000000,0.5246983065,0.0000000000,scatter
95800,2,0.5246983065,0.0000000000,1.3047636398,0.3089716391,absorb
95900,1,0.0000000000,0.0000000000,0.7190889126,0.0000000000,absorb
96000,1,0.0000000000,0.0000000000,0.5660206220,0.0000000000,scatter
96000,2,0.5660206220,0.0000000000,2.7966156147,0.0951808828,scatter
96000,3,2.7966156147,0.0951808828,4.5000000000,-1.0131848850,exit_right
96100,1,0.0000000000,0.0000000000,0.2128460774,0.0000000000,scatter
96100,2,0.2128460774,0.0000000000,2.5037686673,-0.4279535203,scatter
96100,3,2.5037686673,-0.4279535203,4.5000000000,-1.3437892859,exit_right
96200,1,0.0000000000,0.0000000000,2.0462224936,0.0000000000,scatter
96200,2,2.0462224936,0.0000000000,2.3301730705,-0.4390673700,scatter
96200,3,2.3301730705,-0.4390673700,4.2623565006,0.0102890545,scatter
96200,4,4.2623565006,0.0102890545,4.5000000000,-0.0198444519,exit_right
96300,1,0.0000000000,0.0000000000,2.4289435693,0.0000000000,scatter
96300,2,2.4289435693,0.0000000000,2.0191046367,0.2846725337,scatter
96300,3,2.0191046367,0.2846725337,0.5512782980,0.6821256585,scatter
96300,4,0.5512782980,0.6821256585,0.0000000000,0.8451777630,exit_left
96400,1,0.0000000000,0.0000000000,4.5000000000,0.0000000000,exit_right
96500,1,0.0000000000,0.0000000000,1.6882932657,0.0000000000,scatter
96500,2,1.6882932657,0.0000000000,3.3572244038,0.0512976214,absorb
96600,1,0.0000000000,0.0000000000,1.4681388061,0.0000000000,scatter
96600,2,1.4681388061,0.0000000000,1.3750813834,0.1940161569,scatter
96600,3,1.3750813834,0.1940161569,4.5000000000,1.5573499435,exit_right
96700,1,0.0000000000,0.0000000000,2.8658604097,0.0000000000,absorb
96800,1,0.0000000000,0.0000000000,0.7187727283,0.0000000000,scatter
96800,2,0.7187727283,0.0000000000,0.0000000000,0.0337014514,exit_left
96900,1,0.0000000000,0.0000000000,2.8159967985,0.0000000000,scatter
96900,2,2.8159967985,0.0000000000,3.7570957057,0.4758339258,scatter
96900,3,3.7570957057,0.4758339258,3.5116201460,0.3474548578,absorb
97000,1,0.0000000000,0.0000000000,1.1353783581,0.0000000000,scatter
97000,2,1.1353783581,0.0000000000,0.9884597512,1.0865733815,scatter
97000,3,0.9884597512,1.0865733815,0.7875545061,1.0276834636,scatter
97000,4,0.7875545061,1.0276834636,0.1999183353,0.9102429715,scatter
97000,5,0.1999183353,0.9102429715,0.7300537743,-0.7419298274,absorb
97100,1,0.0000000000,0.0000000000,0.7826885945,0.0000000000,scatter
97100,2,0.7826885945,0.0000000000,0.7810066045,0.2379786993,scatter
97100,3,0.7810066045,0.2379786993,4.3764539896,0.0301544202,scatter
97100,4,4.3764539896,0.0301544202,4.5000000000,0.0589105527,exit_right
97200,1,0.0000000000,0.0000000000,4.5000000000,0.0000000000,exit_right
97300,1,0.0000000000,0.0000000000,1.3786645184,0.0000000000,scatter
97300,2,1.3786645184,0.0000000000,0.2292236416,0.7731578812,scatter
97300,3,0.2292236416,0.7731578812,2.4215731184,-0.2720973988,scatter
97300,4,2.4215731184,-0.2720973988,2.4995573104,-0.0241137247,scatter
97300,5,2.4995573104,-0.0241137247,2.9713890939,0.8375945825,scatter
97300,6,2.9713890939,0.8375945825,3.0802182079,0.9542627234,scatter
97300,7,3.0802182079,0.9542627234,2.8592387675,1.3195454428,scatter
97300,8,2.8592387675,1.3195454428,1.2540028490,1.7879394570,scatter
97300,9,1.2540028490,1.7879394570,0.5311538575,3.8050893925,scatter
97300,10,0.5311538575,3.8050893925,1.9318631334,4.3704336068,scatter
97300,11,1.9318631334,4.3704336068,2.8137501277,5.3245634655,scatter
97300,12,2.8137501277,5.3245634655,2.9529161212,5.2700796233,scatter
97300,13,2.9529161212,5.2700796233,2.6761582234,5.1344857233,scatter
97300,14,2.6761582234,5.1344857233,0.0000000000,8.3013514645,exit_left
97400,1,0.0000000000,0.0000000000,1.3661281707,0.0000000000,scatter
97400,2,1.3661281707,0.0000000000,3.6192376501,-1.0653055263,scatter
97400,3,3.6192376501,-1.0653055263,3.6894598552,-1.1199556767,scatter
97400,4,3.6894598552,-1.1199556767,2.2202017064,-2.3403750987,scatter
97400,5,2.2202017064,-2.3403750987,0.9577656472,-3.5987967171,scatter
97400,6,0.9577656472,-3.5987967171,0.0000000000,-2.6584110687,exit_left
97500,1,0.0000000000,0.0000000000,2.9544568756,0.0000000000,scatter
97500,2,2.9544568756,0.0000000000,4.5000000000,-0.2646276101,exit_right
97600,1,0.0000000000,0.0000000000,4.5000000000,0.0000000000,exit_right
97700,1,0.0000000000,0.0000000000,1.4072215873,0.0000000000,absorb
97800,1,0.0000000000,0.0000000000,1.4096759247,0.0000000000,absorb
97900,1,0.0000000000,0.0000000000,2.7647127444,0.0000000000,scatter
97900,2,2.7647127444,0.0000000000,2.3773495801,-0.9571016180,scatter
97900,3,2.3773495801,-0.9571016180,2.5589495698,-0.6639726972,scatter
97900,4,2.5589495698,-0.6639726972,2.4936065533,-0.0612142274,absorb
98000,1,0.0000000000,0.0000000000,0.4129145635,0.0000000000,scatter
98000,2,0.4129145635,0.0000000000,2.4408204638,0.1047735277,scatter
98000,3,2.4408204638,0.1047735277,2.4151303061,0.1469931271,scatter
98000,4,2.4151303061,0.1469931271,2.5515653934,-0.6393211591,scatter
98000,5,2.5515653934,-0.6393211591,2.5056294028,-0.6125853659,scatter
98000,6,2.5056294028,-0.6125853659,0.7353464474,-1.8225787810,scatter
98000,7,0.7353464474,-1.8225787810,0.7475877923,-1.7487747177,scatter
98000,8,0.7475877923,-1.7487747177,0.0000000000,-1.4155064453,exit_left
98100,1,0.0000000000,0.0000000000,1.4655512764,0.0000000000,scatter
98100,2,1.4655512764,0.0000000000,0.9478401298,1.9449563993,scatter
98100,3,0.9478401298,1.9449563993,1.7362690043,2.1837429171,scatter
98100,4,1.7362690043,2.1837429171,1.4243216194,4.5221427369,scatter
98100,5,1.4243216194,4.5221427369,0.0000000000,3.8468856331,exit_left
98200,1,0.0000000000,0.0000000000,0.8774964573,0.0000000000,scatter
98200,2,0.8774964573,0.0000000000,1.1023277588,0.7162744850,scatter
98200,3,1.1023277588,0.7162744850,1.5922534319,-2.5547287196,scatter
98200,4,1.5922534319,-2.5547287196,3.2846209906,-3.0915069400,absorb
98300,1,0.0000000000,0.0000000000,0.0112900687,0.0000000000,absorb
98400,1,0.0000000000,0.0000000000,0.2070437167,0.0000000000,absorb
98500,1,0.0000000000,0.0000000000,0.5399645890,0.0000000000,scatter
98500,2,0.5399645890,0.0000000000,0.0000000000,-0.0982883226,exit_left
98600,1,0.0000000000,0.0000000000,0.3099484021,0.0000000000,scatter
98600,2,0.3099484021,0.0000000000,0.0000000000,0.0198908141,exit_left
98700,1,0.0000000000,0.0000000000,0.0316027846,0.0000000000,absorb
98800,1,0.0000000000,0.0000000000,1.4331279482,0.0000000000,scatter
98800,2,1.4331279482,0.0000000000,1.3865840111,-0.0506897258,scatter
98800,3,1.3865840111,-0.0506897258,0.9434464202,0.0938849309,scatter
98800,4,0.9434464202,0.0938849309,0.0000000000,-0.5113597496,exit_left
98900,1,0.0000000000,0.0000000000,0.0470170866,0.0000000000,scatter
98900,2,0.0470170866,0.0000000000,0.0000000000,0.3473077761,exit_left
99000,1,0.0000000000,0.0000000000,1.4851655395,0.0000000000,absorb
99100,1,0.0000000000,0.0000000000,0.0580149532,0.0000000000,absorb
99200,1,0.0000000000,0.0000000000,1.2040936996,0.0000000000,scatter
99200,2,1.2040936996,0.0000000000,0.2626772427,0.8276279190,absorb
99300,1,0.0000000000,0.0000000000,0.2369759713,0.0000000000,scatter
99300,2,0.2369759713,0.0000000000,0.0000000000,1.7528264565,exit_left
99400,1,0.0000000000,0.0000000000,1.6478067222,0.0000000000,scatter
99400,2,1.6478067222,0.0000000000,1.5494781640,0.3357369997,absorb
99500,1,0.0000000000,0.0000000000,4.3585000001,0.0000000000,scatter
99500,2,4.3585000001,0.0000000000,4.5000000000,-0.4030352545,exit_right
99600,1,0.0000000000,0.0000000000,1.2592347150,0.0000000000,scatter
99600,2,1.2592347150,0.0000000000,1.3019262888,-0.2012911290,absorb
99700,1,0.0000000000,0.0000000000,1.5098060837,0.0000000000,scatter
99700,2,1.5098060837,0.0000000000,1.7951176044,-0.3027803050,scatter
99700,3,1.7951176044,-0.3027803050,0.0000000000,0.2141073954,exit_left
99800,1,0.0000000000,0.0000000000,0.3594970059,0.0000000000,absorb
99900,1,0.0000000000,0.0000000000,1.7733870424,0.0000000000,scatter
99900,2,1.7733870424,0.0000000000,0.6231744166,0.7618838119,scatter
99900,3,0.6231744166,0.7618838119,0.0000000000,0.8057553447,exit_left
100000,1,0.0000000000,0.0000000000,0.7246592140,0.0000000000,absorb
