neutron_id,step,x_start,y_start,x_end,y_end,event
100,1,0.0000000000,0.0000000000,0.8610749682,0.0000000000,scatter
100,2,0.8610749682,0.0000000000,0.4040718022,-0.0075085519,scatter
100,3,0.4040718022,-0.0075085519,0.0000000000,-0.1189372260,exit_left
200,1,0.0000000000,0.0000000000,0.3238639119,0.0000000000,scatter
200,2,0.3238639119,0.0000000000,0.0000000000,-0.1400791078,exit_left
300,1,0.0000000000,0.0000000000,1.5885817748,0.0000000000,absorb
400,1,0.0000000000,0.0000000000,1.6052427333,0.0000000000,scatter
400,2,1.6052427333,0.0000000000,2.8190330185,-1.4111069665,scatter
400,3,2.8190330185,-1.4111069665,3.0000000000,-0.9813752427,exit_right
500,1,0.0000000000,0.0000000000,1.7415929650,0.0000000000,scatter
500,2,1.7415929650,0.0000000000,2.3836291307,0.4028741702,scatter
500,3,2.3836291307,0.4028741702,2.1919830389,0.4804798961,scatter
500,4,2.1919830389,0.4804798961,3.0000000000,0.5987489462,exit_right
600,1,0.0000000000,0.0000000000,1.4261632568,0.0000000000,scatter
600,2,1.4261632568,0.0000000000,0.4483063305,1.6779956205,scatter
600,3,0.4483063305,1.6779956205,1.1459602929,1.5016095735,scatter
600,4,1.1459602929,1.5016095735,0.0000000000,0.7525497038,exit_left
700,1,0.0000000000,0.0000000000,0.0230913745,0.0000000000,scatter
700,2,0.0230913745,0.0000000000,0.0000000000,0.0043548477,exit_left
800,1,0.0000000000,0.0000000000,1.1647276382,0.0000000000,scatter
800,2,1.1647276382,0.0000000000,3.0000000000,-0.6480513055,exit_right
900,1,0.0000000000,0.0000000000,2.7769616743,0.0000000000,scatter
900,2,2.7769616743,0.0000000000,3.0000000000,-1.1882782231,exit_right
1000,1,0.0000000000,0.0000000000,0.8493023114,0.0000000000,scatter
1000,2,0.8493023114,0.0000000000,1.5492169167,0.0431636696,scatter
1000,3,1.5492169167,0.0431636696,2.0330101786,-0.5066161956,scatter
1000,4,2.0330101786,-0.5066161956,1.3848391632,-1.8174388596,scatter
1000,5,1.3848391632,-1.8174388596,1.2432215621,-2.6908197637,scatter
1000,6,1.2432215621,-2.6908197637,1.1302826913,-1.9226797388,scatter
1000,7,1.1302826913,-1.9226797388,1.0902440384,-1.8731661264,absorb
1100,1,0.0000000000,0.0000000000,3.0000000000,0.0000000000,exit_right
1200,1,0.0000000000,0.0000000000,0.7877512657,0.0000000000,scatter
1200,2,0.7877512657,0.0000000000,0.6306503947,0.0002281642,scatter
1200,3,0.6306503947,0.0002281642,0.0000000000,0.0175619072,exit_left
1300,1,0.0000000000,0.0000000000,1.0874874255,0.0000000000,absorb
1400,1,0.0000000000,0.0000000000,3.0000000000,0.0000000000,exit_right
1500,1,0.0000000000,0.0000000000,0.4725093435,0.0000000000,scatter
1500,2,0.4725093435,0.0000000000,0.6208651763,-0.2261192169,absorb
1600,1,0.0000000000,0.0000000000,1.5125370244,0.0000000000,scatter
1600,2,1.5125370244,0.0000000000,1.2244364709,-0.1039794032,scatter
1600,3,1.2244364709,-0.1039794032,1.4561852797,0.0464011803,scatter
1600,4,1.4561852797,0.0464011803,0.7615080239,-0.2282935773,scatter
1600,5,0.7615080239,-0.2282935773,1.5497290680,-0.0603018332,scatter
1600,6,1.5497290680,-0.0603018332,3.0000000000,-1.0060365645,exit_right
1700,1,0.0000000000,0.0000000000,0.7833015497,0.0000000000,absorb
1800,1,0.0000000000,0.0000000000,1.1458762592,0.0000000000,scatter
1800,2,1.1458762592,0.0000000000,0.0000000000,2.2431344288,exit_left
1900,1,0.0000000000,0.0000000000,1.2287377974,0.0000000000,scatter
1900,2,1.2287377974,0.0000000000,1.2334219525,-0.7592313480,scatter
1900,3,1.2334219525,-0.7592313480,0.9056539482,-0.5455573212,scatter
1900,4,0.9056539482,-0.5455573212,2.3611479708,-1.7561188616,scatter
1900,5,2.3611479708,-1.7561188616,1.7314264303,-2.3170408329,scatter
1900,6,1.7314264303,-2.3170408329,3.0000000000,-1.6115847725,exit_right
2000,1,0.0000000000,0.0000000000,1.7270273887,0.0000000000,absorb
2100,1,0.0000000000,0.0000000000,3.0000000000,0.0000000000,exit_right
2200,1,0.0000000000,0.0000000000,2.5917078163,0.0000000000,scatter
2200,2,2.5917078163,0.0000000000,2.3449943883,0.4760259407,scatter
2200,3,2.3449943883,0.4760259407,0.0000000000,-0.6638419826,exit_left
2300,1,0.0000000000,0.0000000000,0.1696178508,0.0000000000,absorb
2400,1,0.0000000000,0.0000000000,3.0000000000,0.0000000000,exit_right
2500,1,0.0000000000,0.0000000000,1.7324480927,0.0000000000,scatter
2500,2,1.7324480927,0.0000000000,0.0000000000,-3.0291962373,exit_left
2600,1,0.0000000000,0.0000000000,1.7602152514,0.0000000000,absorb
2700,1,0.0000000000,0.0000000000,0.1615802418,0.0000000000,scatter
2700,2,0.1615802418,0.0000000000,0.0000000000,0.1075714506,exit_left
2800,1,0.0000000000,0.0000000000,0.7968154397,0.0000000000,scatter
2800,2,0.7968154397,0.0000000000,0.0000000000,-1.4875141347,exit_left
2900,1,0.0000000000,0.0000000000,1.6056430765,0.0000000000,absorb
3000,1,0.0000000000,0.0000000000,0.6091574881,0.0000000000,scatter
3000,2,0.6091574881,0.0000000000,0.0000000000,0.2325100339,exit_left
3100,1,0.0000000000,0.0000000000,0.6142408885,0.0000000000,scatter
3100,2,0.6142408885,0.0000000000,1.0304235819,0.0467487843,scatter
3100,3,1.0304235819,0.0467487843,0.3765840816,0.4082490086,scatter
3100,4,0.3765840816,0.4082490086,0.4335547370,1.1692318506,scatter
3100,5,0.4335547370,1.1692318506,2.0867996351,-0.7600693324,scatter
3100,6,2.0867996351,-0.7600693324,2.1920990114,-1.3635425180,scatter
3100,7,2.1920990114,-1.3635425180,3.0000000000,-0.3744671921,exit_right
3200,1,0.0000000000,0.0000000000,0.6446041885,0.0000000000,scatter
3200,2,0.6446041885,0.0000000000,1.4569753844,-0.1233225926,scatter
3200,3,1.4569753844,-0.1233225926,2.0877487813,0.5132531067,scatter
3200,4,2.0877487813,0.5132531067,3.0000000000,1.4699450997,exit_right
3300,1,0.0000000000,0.0000000000,3.0000000000,0.0000000000,exit_right
3400,1,0.0000000000,0.0000000000,0.0866656912,0.0000000000,scatter
3400,2,0.0866656912,0.0000000000,0.0000000000,-0.0482955886,exit_left
3500,1,0.0000000000,0.0000000000,3.0000000000,0.0000000000,exit_right
3600,1,0.0000000000,0.0000000000,3.0000000000,0.0000000000,exit_right
3700,1,0.0000000000,0.0000000000,0.0483894386,0.0000000000,scatter
3700,2,0.0483894386,0.0000000000,0.0000000000,0.1332181956,exit_left
3800,1,0.0000000000,0.0000000000,1.1045886267,0.0000000000,scatter
3800,2,1.1045886267,0.0000000000,1.0462728455,-0.2832533249,scatter
3800,3,1.0462728455,-0.2832533249,0.0000000000,0.0157757869,exit_left
3900,1,0.0000000000,0.0000000000,1.2791673674,0.0000000000,scatter
3900,2,1.2791673674,0.0000000000,0.7920616112,0.0383581447,scatter
3900,3,0.7920616112,0.0383581447,0.0000000000,0.0126819674,exit_left
4000,1,0.0000000000,0.0000000000,1.0206044616,0.0000000000,scatter
4000,2,1.0206044616,0.0000000000,1.0076185642,0.0601894508,scatter
4000,3,1.0076185642,0.0601894508,0.0000000000,-0.1577402547,exit_left
4100,1,0.0000000000,0.0000000000,0.3265727698,0.0000000000,absorb
4200,1,0.0000000000,0.0000000000,1.4240648649,0.0000000000,scatter
4200,2,1.4240648649,0.0000000000,2.7311423366,0.1540063980,scatter
4200,3,2.7311423366,0.1540063980,2.6686759996,-0.1595916752,scatter
4200,4,2.6686759996,-0.1595916752,2.2737597751,-0.8533289753,scatter
4200,5,2.2737597751,-0.8533289753,2.7325424745,-0.9125235356,scatter
4200,6,2.7325424745,-0.9125235356,2.8721990730,-2.1179559429,scatter
4200,7,2.8721990730,-2.1179559429,0.7752565395,-2.1392271674,scatter
4200,8,0.7752565395,-2.1392271674,1.6532324922,-1.3636929625,absorb
4300,1,0.0000000000,0.0000000000,3.0000000000,0.0000000000,exit_right
4400,1,0.0000000000,0.0000000000,1.2571772088,0.0000000000,scatter
4400,2,1.2571772088,0.0000000000,1.2566010269,0.0494195251,scatter
4400,3,1.2566010269,0.0494195251,3.0000000000,-6.9892695553,exit_right
4500,1,0.0000000000,0.0000000000,0.4013538730,0.0000000000,scatter
4500,2,0.4013538730,0.0000000000,0.2991610419,2.0669915249,scatter
4500,3,0.2991610419,2.0669915249,0.0000000000,1.7486980581,exit_left
4600,1,0.0000000000,0.0000000000,1.3165997098,0.0000000000,scatter
4600,2,1.3165997098,0.0000000000,0.4096772860,-1.0163450821,scatter
4600,3,0.4096772860,-1.0163450821,0.2447325597,-1.4341455929,absorb
4700,1,0.0000000000,0.0000000000,3.0000000000,0.0000000000,exit_right
4800,1,0.0000000000,0.0000000000,0.4991311856,0.0000000000,scatter
4800,2,0.4991311856,0.0000000000,0.2792109391,0.0257675503,absorb
4900,1,0.0000000000,0.0000000000,3.0000000000,0.0000000000,exit_right
5000,1,0.0000000000,0.0000000000,1.4531600496,0.0000000000,scatter
5000,2,1.4531600496,0.0000000000,0.8142569183,-0.7432066588,scatter
5000,3,0.8142569183,-0.7432066588,0.7182625179,-1.2312903464,scatter
5000,4,0.7182625179,-1.2312903464,3.0000000000,-0.5583015861,exit_right
5100,1,0.0000000000,0.0000000000,0.1784416676,0.0000000000,scatter
5100,2,0.1784416676,0.0000000000,0.0000000000,-0.2260218092,exit_left
5200,1,0.0000000000,0.0000000000,1.8197041268,0.0000000000,absorb
5300,1,0.0000000000,0.0000000000,2.6451688159,0.0000000000,scatter
5300,2,2.6451688159,0.0000000000,2.6196513863,-0.0358716147,scatter
5300,3,2.6196513863,-0.0358716147,0.0000000000,-0.1671481517,exit_left
5400,1,0.0000000000,0.0000000000,2.2784530079,0.0000000000,scatter
5400,2,2.2784530079,0.0000000000,1.4503250175,-0.1849859985,scatter
5400,3,1.4503250175,-0.1849859985,3.0000000000,0.5915986169,exit_right
5500,1,0.0000000000,0.0000000000,3.0000000000,0.0000000000,exit_right
5600,1,0.0000000000,0.0000000000,3.0000000000,0.0000000000,exit_right
5700,1,0.0000000000,0.0000000000,3.0000000000,0.0000000000,exit_right
5800,1,0.0000000000,0.0000000000,3.0000000000,0.0000000000,exit_right
5900,1,0.0000000000,0.0000000000,2.9792867090,0.0000000000,scatter
5900,2,2.9792867090,0.0000000000,3.0000000000,0.1805596315,exit_right
6000,1,0.0000000000,0.0000000000,0.9884000818,0.0000000000,scatter
6000,2,0.9884000818,0.0000000000,0.9969053078,0.0340624709,scatter
6000,3,0.9969053078,0.0340624709,3.0000000000,0.6647012381,exit_right
6100,1,0.0000000000,0.0000000000,0.0075673634,0.0000000000,scatter
6100,2,0.0075673634,0.0000000000,0.0000000000,-0.0046807109,exit_left
6200,1,0.0000000000,0.0000000000,1.1291785406,0.0000000000,scatter
6200,2,1.1291785406,0.0000000000,1.7985128447,-1.4504358015,scatter
6200,3,1.7985128447,-1.4504358015,1.6463579863,-1.3549435421,scatter
6200,4,1.6463579863,-1.3549435421,2.1735854965,-1.3121384197,scatter
6200,5,2.1735854965,-1.3121384197,1.3195036254,-1.2223882386,scatter
6200,6,1.3195036254,-1.2223882386,1.0275992241,-3.4583139235,scatter
6200,7,1.0275992241,-3.4583139235,3.0000000000,-2.8044264610,exit_right
6300,1,0.0000000000,0.0000000000,1.9463403819,0.0000000000,absorb
6400,1,0.0000000000,0.0000000000,0.4816598790,0.0000000000,scatter
6400,2,0.4816598790,0.0000000000,0.0000000000,0.0628022710,exit_left
6500,1,0.0000000000,0.0000000000,0.1000293377,0.0000000000,scatter
6500,2,0.1000293377,0.0000000000,0.5962890977,-2.1860581649,absorb
6600,1,0.0000000000,0.0000000000,0.0592322853,0.0000000000,scatter
6600,2,0.0592322853,0.0000000000,0.2255748127,-0.1311341823,scatter
6600,3,0.2255748127,-0.1311341823,0.1997273451,0.4370686280,scatter
6600,4,0.1997273451,0.4370686280,0.0556267107,0.3729184609,scatter
6600,5,0.0556267107,0.3729184609,0.0000000000,0.3355880579,exit_left
6700,1,0.0000000000,0.0000000000,0.5354879117,0.0000000000,scatter
6700,2,0.5354879117,0.0000000000,2.1449014348,-0.4189495854,scatter
6700,3,2.1449014348,-0.4189495854,2.9137416767,-0.7497524058,absorb
6800,1,0.0000000000,0.0000000000,0.2171813619,0.0000000000,scatter
6800,2,0.2171813619,0.0000000000,2.4113233238,-5.6276145297,scatter
6800,3,2.4113233238,-5.6276145297,0.8347675105,-4.9040342328,absorb
6900,1,0.0000000000,0.0000000000,0.2514216384,0.0000000000,scatter
6900,2,0.2514216384,0.0000000000,0.0000000000,0.8779035279,exit_left
7000,1,0.0000000000,0.0000000000,1.0552275281,0.0000000000,scatter
7000,2,1.0552275281,0.0000000000,0.0000000000,-0.2771877983,exit_left
7100,1,0.0000000000,0.0000000000,3.0000000000,0.0000000000,exit_right
7200,1,0.0000000000,0.0000000000,1.4421405755,0.0000000000,scatter
7200,2,1.4421405755,0.0000000000,1.4927688465,-1.4777960566,scatter
7200,3,1.4927688465,-1.4777960566,0.2956799399,-2.6419678720,scatter
7200,4,0.2956799399,-2.6419678720,0.5854547288,-0.8123715372,absorb
7300,1,0.0000000000,0.0000000000,0.4078164051,0.0000000000,scatter
7300,2,0.4078164051,0.0000000000,1.7510049353,1.9175672493,scatter
7300,3,1.7510049353,1.9175672493,0.0691200526,2.5221452902,scatter
7300,4,0.0691200526,2.5221452902,0.4973202352,2.6858865039,absorb
7400,1,0.0000000000,0.0000000000,2.2010326475,0.0000000000,scatter
7400,2,2.2010326475,0.0000000000,0.2891763986,-0.9323813874,scatter
7400,3,0.2891763986,-0.9323813874,0.4883925042,-0.8762010682,scatter
7400,4,0.4883925042,-0.8762010682,0.0086645287,-1.3183212579,scatter
7400,5,0.0086645287,-1.3183212579,0.0000000000,-1.3182586888,exit_left
7500,1,0.0000000000,0.0000000000,3.0000000000,0.0000000000,exit_right
7600,1,0.0000000000,0.0000000000,1.8812847305,0.0000000000,scatter
7600,2,1.8812847305,0.0000000000,1.9054715203,0.0219468137,absorb
7700,1,0.0000000000,0.0000000000,0.0019553965,0.0000000000,scatter
7700,2,0.0019553965,0.0000000000,0.0000000000,0.0006442210,exit_left
7800,1,0.0000000000,0.0000000000,3.0000000000,0.0000000000,exit_right
7900,1,0.0000000000,0.0000000000,1.5858097500,0.0000000000,scatter
7900,2,1.5858097500,0.0000000000,0.7636975644,-0.6690138990,scatter
7900,3,0.7636975644,-0.6690138990,0.1310116288,-0.3585491307,scatter
7900,4,0.1310116288,-0.3585491307,0.0000000000,-0.3176239390,exit_left
8000,1,0.0000000000,0.0000000000,2.4611205516,0.0000000000,absorb
8100,1,0.0000000000,0.0000000000,0.1855589357,0.0000000000,scatter
8100,2,0.1855589357,0.0000000000,0.0000000000,-0.0555451116,exit_left
8200,1,0.0000000000,0.0000000000,0.2348168818,0.0000000000,scatter
8200,2,0.2348168818,0.0000000000,0.4371248615,-1.8208095771,scatter
8200,3,0.4371248615,-1.8208095771,3.0000000000,-2.0409705015,exit_right
8300,1,0.0000000000,0.0000000000,0.4638743615,0.0000000000,absorb
8400,1,0.0000000000,0.0000000000,3.0000000000,0.0000000000,exit_right
8500,1,0.0000000000,0.0000000000,1.1311241709,0.0000000000,scatter
8500,2,1.1311241709,0.0000000000,0.0000000000,-0.3449113866,exit_left
8600,1,0.0000000000,0.0000000000,0.3285854252,0.0000000000,scatter
8600,2,0.3285854252,0.0000000000,2.3098608414,3.6949895823,scatter
8600,3,2.3098608414,3.6949895823,1.6273458443,4.4083306355,scatter
8600,4,1.6273458443,4.4083306355,0.9748844855,7.3985675721,scatter
8600,5,0.9748844855,7.3985675721,1.1782700639,7.2045687790,scatter
8600,6,1.1782700639,7.2045687790,1.0016486409,6.7696530034,scatter
8600,7,1.0016486409,6.7696530034,1.1349557957,6.8260623892,scatter
8600,8,1.1349557957,6.8260623892,0.7686079659,5.0069410057,scatter
8600,9,0.7686079659,5.0069410057,0.0000000000,3.6781812728,exit_left
8700,1,0.0000000000,0.0000000000,3.0000000000,0.0000000000,exit_right
8800,1,0.0000000000,0.0000000000,0.8993905448,0.0000000000,scatter
8800,2,0.8993905448,0.0000000000,0.0000000000,-0.0369152413,exit_left
8900,1,0.0000000000,0.0000000000,1.8386074708,0.0000000000,scatter
8900,2,1.8386074708,0.0000000000,0.0000000000,0.1011655262,exit_left
9000,1,0.0000000000,0.0000000000,1.6667070086,0.0000000000,scatter
9000,2,1.6667070086,0.0000000000,1.1854718344,-2.6815656101,scatter
9000,3,1.1854718344,-2.6815656101,2.9590191919,-2.5364790692,absorb
9100,1,0.0000000000,0.0000000000,1.5026009681,0.0000000000,scatter
9100,2,1.5026009681,0.0000000000,1.2197957949,-3.4951142272,scatter
9100,3,1.2197957949,-3.4951142272,2.7670714677,-2.1669022232,scatter
9100,4,2.7670714677,-2.1669022232,3.0000000000,-2.7045570270,exit_right
9200,1,0.0000000000,0.0000000000,0.7529042189,0.0000000000,scatter
9200,2,0.7529042189,0.0000000000,0.7285070153,0.0587115794,scatter
9200,3,0.7285070153,0.0587115794,1.5076153050,1.0931255310,absorb
9300,1,0.0000000000,0.0000000000,0.2225220059,0.0000000000,scatter
9300,2,0.2225220059,0.0000000000,1.9598928237,0.2968718901,scatter
9300,3,1.9598928237,0.2968718901,1.3713965986,1.7493983911,absorb
9400,1,0.0000000000,0.0000000000,2.8146025760,0.0000000000,scatter
9400,2,2.8146025760,0.0000000000,2.5562354855,0.5710325668,scatter
9400,3,2.5562354855,0.5710325668,0.0000000000,-0.6058874411,exit_left
9500,1,0.0000000000,0.0000000000,3.0000000000,0.0000000000,exit_right
9600,1,0.0000000000,0.0000000000,1.6518301880,0.0000000000,scatter
9600,2,1.6518301880,0.0000000000,1.7154652483,0.1274824720,scatter
9600,3,1.7154652483,0.1274824720,0.0000000000,1.2559950537,exit_left
9700,1,0.0000000000,0.0000000000,0.0400222311,0.0000000000,scatter
9700,2,0.0400222311,0.0000000000,1.0171965687,-0.2665568532,absorb
9800,1,0.0000000000,0.0000000000,1.7621081696,0.0000000000,scatter
9800,2,1.7621081696,0.0000000000,3.0000000000,-1.2511599313,exit_right
9900,1,0.0000000000,0.0000000000,1.3990198577,0.0000000000,absorb
10000,1,0.0000000000,0.0000000000,3.0000000000,0.0000000000,exit_right
10100,1,0.0000000000,0.0000000000,1.4371278521,0.0000000000,scatter
10100,2,1.4371278521,0.0000000000,1.5334447945,-0.1603894086,scatter
10100,3,1.5334447945,-0.1603894086,1.9694990893,-3.2961870899,scatter
10100,4,1.9694990893,-3.2961870899,0.0000000000,-1.5771323005,exit_left
10200,1,0.0000000000,0.0000000000,2.0290790237,0.0000000000,scatter
10200,2,2.0290790237,0.0000000000,0.5607691857,-0.1004248394,absorb
10300,1,0.0000000000,0.0000000000,3.0000000000,0.0000000000,exit_right
10400,1,0.0000000000,0.0000000000,1.1344311529,0.0000000000,scatter
10400,2,1.1344311529,0.0000000000,3.0000000000,-2.3625216779,exit_right
10500,1,0.0000000000,0.0000000000,3.0000000000,0.0000000000,exit_right
10600,1,0.0000000000,0.0000000000,3.0000000000,0.0000000000,exit_right
10700,1,0.0000000000,0.0000000000,1.1483541547,0.0000000000,absorb
10800,1,0.0000000000,0.0000000000,0.8402704547,0.0000000000,scatter
10800,2,0.8402704547,0.0000000000,1.7017634527,-1.2121647158,scatter
10800,3,1.7017634527,-1.2121647158,3.0000000000,-1.8707611118,exit_right
10900,1,0.0000000000,0.0000000000,0.9425136614,0.0000000000,scatter
10900,2,0.9425136614,0.0000000000,2.2689947233,-0.8835107488,scatter
10900,3,2.2689947233,-0.8835107488,3.0000000000,-1.1842713642,exit_right
11000,1,0.0000000000,0.0000000000,0.5511413039,0.0000000000,scatter
11000,2,0.5511413039,0.0000000000,3.0000000000,3.4502557678,exit_right
11100,1,0.0000000000,0.0000000000,0.9288330781,0.0000000000,absorb
11200,1,0.0000000000,0.0000000000,3.0000000000,0.0000000000,exit_right
11300,1,0.0000000000,0.0000000000,0.0951484408,0.0000000000,scatter
11300,2,0.0951484408,0.0000000000,0.1067649187,0.0060619124,scatter
11300,3,0.1067649187,0.0060619124,0.0000000000,-0.0018693540,exit_left
11400,1,0.0000000000,0.0000000000,1.1278428597,0.0000000000,scatter
11400,2,1.1278428597,0.0000000000,0.9722254591,1.9560542661,scatter
11400,3,0.9722254591,1.9560542661,1.8726853146,3.0268020957,scatter
11400,4,1.8726853146,3.0268020957,1.8594699065,4.7129310885,scatter
11400,5,1.8594699065,4.7129310885,2.6116121039,3.5403584777,scatter
11400,6,2.6116121039,3.5403584777,2.6510892009,3.3246645339,scatter
11400,7,2.6510892009,3.3246645339,1.8444903605,8.0918642303,scatter
11400,8,1.8444903605,8.0918642303,2.0440612865,8.8480457772,scatter
11400,9,2.0440612865,8.8480457772,3.0000000000,8.2833159219,exit_right
11500,1,0.0000000000,0.0000000000,1.2504788925,0.0000000000,scatter
11500,2,1.2504788925,0.0000000000,0.6395936053,-0.0463328410,scatter
11500,3,0.6395936053,-0.0463328410,1.6530780068,-2.4279822720,absorb
11600,1,0.0000000000,0.0000000000,1.7515231455,0.0000000000,absorb
11700,1,0.0000000000,0.0000000000,3.0000000000,0.0000000000,exit_right
11800,1,0.0000000000,0.0000000000,3.0000000000,0.0000000000,exit_right
11900,1,0.0000000000,0.0000000000,0.5189302081,0.0000000000,scatter
11900,2,0.5189302081,0.0000000000,0.0000000000,-0.9049859442,exit_left
12000,1,0.0000000000,0.0000000000,0.1117988832,0.0000000000,scatter
12000,2,0.1117988832,0.0000000000,0.0000000000,0.0978307766,exit_left
12100,1,0.0000000000,0.0000000000,1.0964162895,0.0000000000,scatter
12100,2,1.0964162895,0.0000000000,0.5916001776,0.3031193147,scatter
12100,3,0.5916001776,0.3031193147,0.0000000000,1.3399111123,exit_left
12200,1,0.0000000000,0.0000000000,1.7538484284,0.0000000000,absorb
12300,1,0.0000000000,0.0000000000,0.3377179083,0.0000000000,scatter
12300,2,0.3377179083,0.0000000000,0.0000000000,-0.2261578140,exit_left
12400,1,0.0000000000,0.0000000000,1.0159616374,0.0000000000,scatter
12400,2,1.0159616374,0.0000000000,0.0000000000,0.0159431182,exit_left
12500,1,0.0000000000,0.0000000000,0.0474285014,0.0000000000,scatter
12500,2,0.0474285014,0.0000000000,0.0000000000,-0.0101125210,exit_left
12600,1,0.0000000000,0.0000000000,0.9735665237,0.0000000000,scatter
12600,2,0.9735665237,0.0000000000,0.0000000000,0.4728297488,exit_left
12700,1,0.0000000000,0.0000000000,0.0819445825,0.0000000000,scatter
12700,2,0.0819445825,0.0000000000,2.0737282890,1.4124501459,scatter
12700,3,2.0737282890,1.4124501459,2.5450096620,3.0371285728,scatter
12700,4,2.5450096620,3.0371285728,2.5844689438,2.9787182381,absorb
12800,1,0.0000000000,0.0000000000,0.9109983296,0.0000000000,scatter
12800,2,0.9109983296,0.0000000000,1.1887694812,-0.9067997111,absorb
12900,1,0.0000000000,0.0000000000,3.0000000000,0.0000000000,exit_right
13000,1,0.0000000000,0.0000000000,0.6857416481,0.0000000000,scatter
13000,2,0.6857416481,0.0000000000,1.3916308972,0.5300700947,scatter
13000,3,1.3916308972,0.5300700947,0.6112607939,2.0107781992,scatter
13000,4,0.6112607939,2.0107781992,1.7685515410,1.4775996446,absorb
13100,1,0.0000000000,0.0000000000,1.6304442260,0.0000000000,scatter
13100,2,1.6304442260,0.0000000000,3.0000000000,-0.9367547773,exit_right
13200,1,0.0000000000,0.0000000000,0.6240506248,0.0000000000,scatter
13200,2,0.6240506248,0.0000000000,3.0000000000,-2.2803261897,exit_right
13300,1,0.0000000000,0.0000000000,1.2080890369,0.0000000000,scatter
13300,2,1.2080890369,0.0000000000,1.2508407895,0.0235419003,scatter
13300,3,1.2508407895,0.0235419003,2.2295909182,0.8429633165,scatter
13300,4,2.2295909182,0.8429633165,2.9951359107,0.6537862222,scatter
13300,5,2.9951359107,0.6537862222,3.0000000000,0.9330085428,exit_right
13400,1,0.0000000000,0.0000000000,0.4255188274,0.0000000000,scatter
13400,2,0.4255188274,0.0000000000,0.1887018351,0.4450247258,scatter
13400,3,0.1887018351,0.4450247258,0.0000000000,0.1749595863,exit_left
13500,1,0.0000000000,0.0000000000,0.0207331186,0.0000000000,scatter
13500,2,0.0207331186,0.0000000000,0.2214915551,2.5085114511,absorb
13600,1,0.0000000000,0.0000000000,2.9452069851,0.0000000000,scatter
13600,2,2.9452069851,0.0000000000,0.7060576716,-4.4454877712,scatter
13600,3,0.7060576716,-4.4454877712,0.6666395655,-4.2577705402,absorb
13700,1,0.0000000000,0.0000000000,3.0000000000,0.0000000000,exit_right
13800,1,0.0000000000,0.0000000000,2.2163131458,0.0000000000,scatter
13800,2,2.2163131458,0.0000000000,0.6539921441,0.8664086134,absorb
13900,1,0.0000000000,0.0000000000,0.9137430278,0.0000000000,scatter
13900,2,0.9137430278,0.0000000000,0.4832519517,2.8696746566,scatter
13900,3,0.4832519517,2.8696746566,0.0000000000,2.8969912499,exit_left
14000,1,0.0000000000,0.0000000000,3.0000000000,0.0000000000,exit_right
14100,1,0.0000000000,0.0000000000,2.0864491377,0.0000000000,absorb
14200,1,0.0000000000,0.0000000000,3.0000000000,0.0000000000,exit_right
14300,1,0.0000000000,0.0000000000,3.0000000000,0.0000000000,exit_right
14400,1,0.0000000000,0.0000000000,2.1437822559,0.0000000000,absorb
14500,1,0.0000000000,0.0000000000,0.4917285919,0.0000000000,scatter
14500,2,0.4917285919,0.0000000000,2.9660460021,0.2701099374,scatter
14500,3,2.9660460021,0.2701099374,2.5378683917,0.2709231739,scatter
14500,4,2.5378683917,0.2709231739,2.1667493169,-0.5753444499,absorb
14600,1,0.0000000000,0.0000000000,0.2562730383,0.0000000000,absorb
14700,1,0.0000000000,0.0000000000,0.2757367046,0.0000000000,absorb
14800,1,0.0000000000,0.0000000000,1.5309697579,0.0000000000,scatter
14800,2,1.5309697579,0.0000000000,0.4081737985,0.2649228146,scatter
14800,3,0.4081737985,0.2649228146,1.4004719665,0.4598929142,absorb
14900,1,0.0000000000,0.0000000000,0.3348879060,0.0000000000,scatter
14900,2,0.3348879060,0.0000000000,0.4681403971,0.3110991663,absorb
15000,1,0.0000000000,0.0000000000,1.0348250234,0.0000000000,scatter
15000,2,1.0348250234,0.0000000000,1.0854202026,0.0877817606,scatter
15000,3,1.0854202026,0.0877817606,1.3156545192,1.5938652862,scatter
15000,4,1.3156545192,1.5938652862,0.0000000000,0.3670282372,exit_left
15100,1,0.0000000000,0.0000000000,1.2930859677,0.0000000000,scatter
15100,2,1.2930859677,0.0000000000,1.2911884041,0.1566130413,scatter
15100,3,1.2911884041,0.1566130413,0.0000000000,1.3861230795,exit_left
15200,1,0.0000000000,0.0000000000,1.3663214729,0.0000000000,absorb
15300,1,0.0000000000,0.0000000000,0.4365485756,0.0000000000,scatter
15300,2,0.4365485756,0.0000000000,1.0561687507,0.4205534960,scatter
15300,3,1.0561687507,0.4205534960,1.4714065257,1.4536767818,absorb
15400,1,0.0000000000,0.0000000000,0.2271019346,0.0000000000,scatter
15400,2,0.2271019346,0.0000000000,0.1517847023,-0.2528408654,scatter
15400,3,0.1517847023,-0.2528408654,0.2298234851,-0.0638360031,scatter
15400,4,0.2298234851,-0.0638360031,0.3164400535,-2.0002311418,absorb
15500,1,0.0000000000,0.0000000000,2.0930044233,0.0000000000,scatter
15500,2,2.0930044233,0.0000000000,0.4288644923,-0.3719888307,scatter
15500,3,0.4288644923,-0.3719888307,0.0000000000,-0.2279596388,exit_left
15600,1,0.0000000000,0.0000000000,1.3657326936,0.0000000000,scatter
15600,2,1.3657326936,0.0000000000,1.7112142331,-0.2225728449,scatter
15600,3,1.7112142331,-0.2225728449,1.5135715368,0.2696825358,scatter
15600,4,1.5135715368,0.2696825358,1.3200329358,0.6072327824,absorb
15700,1,0.0000000000,0.0000000000,2.0886744860,0.0000000000,scatter
15700,2,2.0886744860,0.0000000000,1.8535502024,0.2672345332,scatter
15700,3,1.8535502024,0.2672345332,0.9829570022,-0.6973329447,scatter
15700,4,0.9829570022,-0.6973329447,0.0000000000,-3.7848705942,exit_left
15800,1,0.0000000000,0.0000000000,0.5979383926,0.0000000000,scatter
15800,2,0.5979383926,0.0000000000,2.3548416676,2.6010093952,scatter
15800,3,2.3548416676,2.6010093952,0.9596513983,2.1358384843,scatter
15800,4,0.9596513983,2.1358384843,0.0000000000,3.3638164257,exit_left
15900,1,0.0000000000,0.0000000000,0.9262305657,0.0000000000,scatter
15900,2,0.9262305657,0.0000000000,0.8918927584,0.0116331859,absorb
16000,1,0.0000000000,0.0000000000,0.0562146648,0.0000000000,scatter
16000,2,0.0562146648,0.0000000000,0.0000000000,0.1544215967,exit_left
16100,1,0.0000000000,0.0000000000,3.0000000000,0.0000000000,exit_right
16200,1,0.0000000000,0.0000000000,0.0123850229,0.0000000000,scatter
16200,2,0.0123850229,0.0000000000,0.0000000000,0.0143881064,exit_left
16300,1,0.0000000000,0.0000000000,0.2644115863,0.0000000000,scatter
16300,2,0.2644115863,0.0000000000,1.0453319298,3.2909193862,absorb
16400,1,0.0000000000,0.0000000000,0.9711541892,0.0000000000,absorb
16500,1,0.0000000000,0.0000000000,3.0000000000,0.0000000000,exit_right
16600,1,0.0000000000,0.0000000000,0.3844427329,0.0000000000,scatter
16600,2,0.3844427329,0.0000000000,0.3052313257,-5.5584098279,scatter
16600,3,0.3052313257,-5.5584098279,0.0000000000,-5.5025818205,exit_left
16700,1,0.0000000000,0.0000000000,0.4824778064,0.0000000000,absorb
16800,1,0.0000000000,0.0000000000,1.8028166490,0.0000000000,scatter
16800,2,1.8028166490,0.0000000000,2.7091831857,-1.4860755373,scatter
16800,3,2.7091831857,-1.4860755373,3.0000000000,-0.9066829367,exit_right
16900,1,0.0000000000,0.0000000000,0.1316394516,0.0000000000,scatter
16900,2,0.1316394516,0.0000000000,2.1229563512,-3.4462926160,scatter
16900,3,2.1229563512,-3.4462926160,2.6751732320,-3.8670670836,scatter
16900,4,2.6751732320,-3.8670670836,3.0000000000,-3.5753450068,exit_right
17000,1,0.0000000000,0.0000000000,3.0000000000,0.0000000000,exit_right
17100,1,0.0000000000,0.0000000000,1.1042239181,0.0000000000,scatter
17100,2,1.1042239181,0.0000000000,0.0000000000,-1.6132299376,exit_left
17200,1,0.0000000000,0.0000000000,3.0000000000,0.0000000000,exit_right
17300,1,0.0000000000,0.0000000000,1.9566020847,0.0000000000,scatter
17300,2,1.9566020847,0.0000000000,3.0000000000,0.9213316893,exit_right
17400,1,0.0000000000,0.0000000000,0.0015758811,0.0000000000,absorb
17500,1,0.0000000000,0.0000000000,0.9087558776,0.0000000000,absorb
17600,1,0.0000000000,0.0000000000,1.6694448078,0.0000000000,scatter
17600,2,1.6694448078,0.0000000000,1.9545663955,0.8647888357,scatter
17600,3,1.9545663955,0.8647888357,1.9647836254,0.8131483169,scatter
17600,4,1.9647836254,0.8131483169,1.6165117673,7.0883593926,scatter
17600,5,1.6165117673,7.0883593926,2.8365225994,7.8906407661,scatter
17600,6,2.8365225994,7.8906407661,3.0000000000,7.9399997446,exit_right
17700,1,0.0000000000,0.0000000000,3.0000000000,0.0000000000,exit_right
17800,1,0.0000000000,0.0000000000,1.0641396596,0.0000000000,scatter
17800,2,1.0641396596,0.0000000000,0.0000000000,3.6496859289,exit_left
17900,1,0.0000000000,0.0000000000,0.3908510899,0.0000000000,absorb
18000,1,0.0000000000,0.0000000000,0.8388766812,0.0000000000,scatter
18000,2,0.8388766812,0.0000000000,0.0000000000,0.5579437802,exit_left
18100,1,0.0000000000,0.0000000000,1.2339404110,0.0000000000,absorb
18200,1,0.0000000000,0.0000000000,0.3665409129,0.0000000000,scatter
18200,2,0.3665409129,0.0000000000,1.0541708569,-0.0129147379,scatter
18200,3,1.0541708569,-0.0129147379,0.9790874407,-0.2738028047,scatter
18200,4,0.9790874407,-0.2738028047,3.0000000000,2.2328231611,exit_right
18300,1,0.0000000000,0.0000000000,2.0157825283,0.0000000000,scatter
18300,2,2.0157825283,0.0000000000,3.0000000000,-0.0577738339,exit_right
18400,1,0.0000000000,0.0000000000,0.6052304441,0.0000000000,scatter
18400,2,0.6052304441,0.0000000000,1.2704860780,0.0259882795,scatter
18400,3,1.2704860780,0.0259882795,0.0000000000,1.0566065324,exit_left
18500,1,0.0000000000,0.0000000000,0.6074583494,0.0000000000,absorb
18600,1,0.0000000000,0.0000000000,1.8255085810,0.0000000000,scatter
18600,2,1.8255085810,0.0000000000,3.0000000000,-0.8415684301,exit_right
18700,1,0.0000000000,0.0000000000,1.6744120297,0.0000000000,scatter
18700,2,1.6744120297,0.0000000000,2.8614970007,-0.7278380778,scatter
18700,3,2.8614970007,-0.7278380778,3.0000000000,-0.4157547475,exit_right
18800,1,0.0000000000,0.0000000000,1.1714626012,0.0000000000,scatter
18800,2,1.1714626012,0.0000000000,2.9443709195,-0.7575199065,scatter
18800,3,2.9443709195,-0.7575199065,3.0000000000,-0.7285038873,exit_right
18900,1,0.0000000000,0.0000000000,0.2794117533,0.0000000000,scatter
18900,2,0.2794117533,0.0000000000,0.0000000000,0.1379718660,exit_left
19000,1,0.0000000000,0.0000000000,0.2910602340,0.0000000000,scatter
19000,2,0.2910602340,0.0000000000,0.2304857550,0.0009699980,scatter
19000,3,0.2304857550,0.0009699980,3.0000000000,-0.8199475905,exit_right
19100,1,0.0000000000,0.0000000000,2.1227477178,0.0000000000,scatter
19100,2,2.1227477178,0.0000000000,2.1465367015,-0.0678251261,scatter
19100,3,2.1465367015,-0.0678251261,1.5340490305,0.0608556031,scatter
19100,4,1.5340490305,0.0608556031,0.0000000000,0.2064238104,exit_left
19200,1,0.0000000000,0.0000000000,3.0000000000,0.0000000000,exit_right
19300,1,0.0000000000,0.0000000000,0.9979985150,0.0000000000,absorb
19400,1,0.0000000000,0.0000000000,2.8456860229,0.0000000000,scatter
19400,2,2.8456860229,0.0000000000,2.8965398136,0.0139829490,scatter
19400,3,2.8965398136,0.0139829490,3.0000000000,0.0038836334,exit_right
19500,1,0.0000000000,0.0000000000,0.9667281755,0.0000000000,scatter
19500,2,0.9667281755,0.0000000000,1.5295403905,-0.3416011632,scatter
19500,3,1.5295403905,-0.3416011632,3.0000000000,5.0709038177,exit_right
19600,1,0.0000000000,0.0000000000,2.8705088350,0.0000000000,scatter
19600,2,2.8705088350,0.0000000000,1.9628806764,1.5910370402,absorb
19700,1,0.0000000000,0.0000000000,0.6558535853,0.0000000000,scatter
19700,2,0.6558535853,0.0000000000,0.8267627336,-0.0033934558,scatter
19700,3,0.8267627336,-0.0033934558,2.8453831060,10.2596365614,scatter
19700,4,2.8453831060,10.2596365614,3.0000000000,10.3220849013,exit_right
19800,1,0.0000000000,0.0000000000,0.2297725119,0.0000000000,absorb
19900,1,0.0000000000,0.0000000000,1.0461893786,0.0000000000,scatter
19900,2,1.0461893786,0.0000000000,0.2970877802,-1.9192935470,scatter
19900,3,0.2970877802,-1.9192935470,0.0000000000,-1.8692150709,exit_left
20000,1,0.0000000000,0.0000000000,1.7826826998,0.0000000000,scatter
20000,2,1.7826826998,0.0000000000,2.7783590652,3.2687331667,scatter
20000,3,2.7783590652,3.2687331667,1.7205630025,3.9548559662,scatter
20000,4,1.7205630025,3.9548559662,0.3821124163,7.2489875301,scatter
20000,5,0.3821124163,7.2489875301,1.4283865682,4.9090056100,absorb
20100,1,0.0000000000,0.0000000000,1.1226479187,0.0000000000,scatter
20100,2,1.1226479187,0.0000000000,0.0000000000,-0.1388996695,exit_left
20200,1,0.0000000000,0.0000000000,3.0000000000,0.0000000000,exit_right
20300,1,0.0000000000,0.0000000000,0.6308791834,0.0000000000,scatter
20300,2,0.6308791834,0.0000000000,0.8490978656,-0.9793076269,scatter
20300,3,0.8490978656,-0.9793076269,0.0000000000,-1.4893888955,exit_left
20400,1,0.0000000000,0.0000000000,3.0000000000,0.0000000000,exit_right
20500,1,0.0000000000,0.0000000000,0.9562342351,0.0000000000,scatter
20500,2,0.9562342351,0.0000000000,1.6065226044,0.7603225722,scatter
20500,3,1.6065226044,0.7603225722,1.6174182705,0.8097997351,scatter
20500,4,1.6174182705,0.8097997351,1.9373564855,2.6783960897,scatter
20500,5,1.9373564855,2.6783960897,2.3928497983,3.1755490969,scatter
20500,6,2.3928497983,3.1755490969,0.8943154592,1.3794162170,absorb
20600,1,0.0000000000,0.0000000000,2.1488839657,0.0000000000,scatter
20600,2,2.1488839657,0.0000000000,2.4766549221,-0.0590873830,scatter
20600,3,2.4766549221,-0.0590873830,2.3966557949,-0.0523839872,absorb
20700,1,0.0000000000,0.0000000000,3.0000000000,0.0000000000,exit_right
20800,1,0.0000000000,0.0000000000,0.0019954718,0.0000000000,scatter
20800,2,0.0019954718,0.0000000000,0.0000000000,0.0001085277,exit_left
20900,1,0.0000000000,0.0000000000,0.1975276422,0.0000000000,scatter
20900,2,0.1975276422,0.0000000000,0.0000000000,0.4371686456,exit_left
21000,1,0.0000000000,0.0000000000,1.6145236556,0.0000000000,absorb
21100,1,0.0000000000,0.0000000000,2.3285752432,0.0000000000,scatter
21100,2,2.3285752432,0.0000000000,3.0000000000,-0.6856017384,exit_right
21200,1,0.0000000000,0.0000000000,3.0000000000,0.0000000000,exit_right
21300,1,0.0000000000,0.0000000000,0.8359957562,0.0000000000,absorb
21400,1,0.0000000000,0.0000000000,0.0893230430,0.0000000000,scatter
21400,2,0.0893230430,0.0000000000,0.0000000000,-0.1247430138,exit_left
21500,1,0.0000000000,0.0000000000,2.9472398106,0.0000000000,scatter
21500,2,2.9472398106,0.0000000000,2.2786385890,-3.0326202291,scatter
21500,3,2.2786385890,-3.0326202291,3.0000000000,-3.5627343331,exit_right
21600,1,0.0000000000,0.0000000000,0.7668841404,0.0000000000,scatter
21600,2,0.7668841404,0.0000000000,0.6986216671,-0.0871724014,scatter
21600,3,0.6986216671,-0.0871724014,0.0000000000,-0.3733592429,exit_left
21700,1,0.0000000000,0.0000000000,0.6054114510,0.0000000000,scatter
21700,2,0.6054114510,0.0000000000,0.4762130797,0.2946927315,scatter
21700,3,0.4762130797,0.2946927315,0.8555385831,-0.4346819844,scatter
21700,4,0.8555385831,-0.4346819844,1.5572158428,0.0624676404,scatter
21700,5,1.5572158428,0.0624676404,1.5692610861,0.0375632290,scatter
21700,6,1.5692610861,0.0375632290,1.6218411945,0.7400318421,scatter
21700,7,1.6218411945,0.7400318421,3.0000000000,-0.5818471837,exit_right
21800,1,0.0000000000,0.0000000000,1.9511990996,0.0000000000,scatter
21800,2,1.9511990996,0.0000000000,1.9611881087,-0.0043850349,scatter
21800,3,1.9611881087,-0.0043850349,1.4599650528,-0.0475265865,scatter
21800,4,1.4599650528,-0.0475265865,2.1709742962,1.3469314070,scatter
21800,5,2.1709742962,1.3469314070,2.6422766341,1.1786310170,scatter
21800,6,2.6422766341,1.1786310170,2.8339596698,-0.0840496654,scatter
21800,7,2.8339596698,-0.0840496654,0.4405764606,1.0385527288,scatter
21800,8,0.4405764606,1.0385527288,0.0000000000,0.5566682615,exit_left
21900,1,0.0000000000,0.0000000000,1.1099398533,0.0000000000,absorb
22000,1,0.0000000000,0.0000000000,0.4117273855,0.0000000000,absorb
22100,1,0.0000000000,0.0000000000,0.5518648874,0.0000000000,absorb
22200,1,0.0000000000,0.0000000000,3.0000000000,0.0000000000,exit_right
22300,1,0.0000000000,0.0000000000,3.0000000000,0.0000000000,exit_right
22400,1,0.0000000000,0.0000000000,1.9921587323,0.0000000000,scatter
22400,2,1.9921587323,0.0000000000,0.0000000000,-1.6399556514,exit_left
22500,1,0.0000000000,0.0000000000,3.0000000000,0.0000000000,exit_right
22600,1,0.0000000000,0.0000000000,1.0892182727,0.0000000000,scatter
22600,2,1.0892182727,0.0000000000,2.0336364122,-0.6114191249,scatter
22600,3,2.0336364122,-0.6114191249,0.0000000000,-2.2385033713,exit_left
22700,1,0.0000000000,0.0000000000,0.3660039612,0.0000000000,absorb
22800,1,0.0000000000,0.0000000000,2.2943866604,0.0000000000,scatter
22800,2,2.2943866604,0.0000000000,2.0228409577,-0.9839317092,scatter
22800,3,2.0228409577,-0.9839317092,0.0000000000,1.0721935602,exit_left
22900,1,0.0000000000,0.0000000000,2.4436221371,0.0000000000,scatter
22900,2,2.4436221371,0.0000000000,1.4508829332,1.5657837921,scatter
22900,3,1.4508829332,1.5657837921,0.8945865135,0.2745031614,scatter
22900,4,0.8945865135,0.2745031614,0.9217422896,-0.4278886850,scatter
22900,5,0.9217422896,-0.4278886850,1.2293298012,-0.4959718930,scatter
22900,6,1.2293298012,-0.4959718930,1.2751339635,-0.5374711794,scatter
22900,7,1.2751339635,-0.5374711794,2.0737395922,0.2384310962,scatter
22900,8,2.0737395922,0.2384310962,1.9609851358,0.3781426926,absorb
23000,1,0.0000000000,0.0000000000,0.0893140835,0.0000000000,scatter
23000,2,0.0893140835,0.0000000000,0.0302039722,0.6499230988,scatter
23000,3,0.0302039722,0.6499230988,0.0000000000,0.6651379252,exit_left
23100,1,0.0000000000,0.0000000000,1.7570551870,0.0000000000,scatter
23100,2,1.7570551870,0.0000000000,2.2680861688,-0.5016945609,scatter
23100,3,2.2680861688,-0.5016945609,3.0000000000,-1.2605841975,exit_right
23200,1,0.0000000000,0.0000000000,3.0000000000,0.0000000000,exit_right
23300,1,0.0000000000,0.0000000000,0.2724431863,0.0000000000,scatter
23300,2,0.2724431863,0.0000000000,0.0000000000,-6.1332811564,exit_left
23400,1,0.0000000000,0.0000000000,3.0000000000,0.0000000000,exit_right
23500,1,0.0000000000,0.0000000000,1.6512538448,0.0000000000,scatter
23500,2,1.6512538448,0.0000000000,1.9946581826,1.6894177685,scatter
23500,3,1.9946581826,1.6894177685,2.2458851058,4.5751878782,scatter
23500,4,2.2458851058,4.5751878782,3.0000000000,4.4921574686,exit_right
23600,1,0.0000000000,0.0000000000,0.4242685014,0.0000000000,scatter
23600,2,0.4242685014,0.0000000000,2.2692242379,0.3995855946,scatter
23600,3,2.2692242379,0.3995855946,1.1552084332,-2.4827787722,absorb
23700,1,0.0000000000,0.0000000000,1.0444754500,0.0000000000,scatter
23700,2,1.0444754500,0.0000000000,0.0958685901,-1.9707509299,scatter
23700,3,0.0958685901,-1.9707509299,0.0000000000,-2.0008598411,exit_left
23800,1,0.0000000000,0.0000000000,0.2079160604,0.0000000000,absorb
23900,1,0.0000000000,0.0000000000,0.4778258676,0.0000000000,scatter
23900,2,0.4778258676,0.0000000000,0.0000000000,-0.0792126918,exit_left
24000,1,0.0000000000,0.0000000000,3.0000000000,0.0000000000,exit_right
24100,1,0.0000000000,0.0000000000,0.3217851581,0.0000000000,scatter
24100,2,0.3217851581,0.0000000000,1.1302285834,-1.9831120560,scatter
24100,3,1.1302285834,-1.9831120560,1.9288161524,-1.4988169826,scatter
24100,4,1.9288161524,-1.4988169826,2.9747630276,-1.4203294307,scatter
24100,5,2.9747630276,-1.4203294307,3.0000000000,-1.3632564466,exit_right
24200,1,0.0000000000,0.0000000000,2.2431966756,0.0000000000,absorb
24300,1,0.0000000000,0.0000000000,1.1344374460,0.0000000000,absorb
24400,1,0.0000000000,0.0000000000,2.9262105482,0.0000000000,scatter
24400,2,2.9262105482,0.0000000000,3.0000000000,0.1467716457,exit_right
24500,1,0.0000000000,0.0000000000,1.5896801944,0.0000000000,scatter
24500,2,1.5896801944,0.0000000000,1.8711502053,-1.1763141923,scatter
24500,3,1.8711502053,-1.1763141923,3.0000000000,0.1321798726,exit_right
24600,1,0.0000000000,0.0000000000,2.5613473482,0.0000000000,scatter
24600,2,2.5613473482,0.0000000000,3.0000000000,-0.0832815995,exit_right
24700,1,0.0000000000,0.0000000000,2.4363837426,0.0000000000,scatter
24700,2,2.4363837426,0.0000000000,3.0000000000,0.4060093622,exit_right
24800,1,0.0000000000,0.0000000000,0.5729555292,0.0000000000,scatter
24800,2,0.5729555292,0.0000000000,0.0000000000,-0.7113847715,exit_left
24900,1,0.0000000000,0.0000000000,3.0000000000,0.0000000000,exit_right
25000,1,0.0000000000,0.0000000000,1.0473911823,0.0000000000,scatter
25000,2,1.0473911823,0.0000000000,2.7417734723,0.4600357929,scatter
25000,3,2.7417734723,0.4600357929,0.0000000000,-1.4229339288,exit_left
25100,1,0.0000000000,0.0000000000,1.9201688367,0.0000000000,absorb
25200,1,0.0000000000,0.0000000000,0.0269831166,0.0000000000,scatter
25200,2,0.0269831166,0.0000000000,0.0000000000,-0.0346738620,exit_left
25300,1,0.0000000000,0.0000000000,0.1652762716,0.0000000000,scatter
25300,2,0.1652762716,0.0000000000,0.0000000000,0.0996473803,exit_left
25400,1,0.0000000000,0.0000000000,1.6366907048,0.0000000000,scatter
25400,2,1.6366907048,0.0000000000,2.1191222062,-0.0506154708,scatter
25400,3,2.1191222062,-0.0506154708,3.0000000000,-0.4427078206,exit_right
25500,1,0.0000000000,0.0000000000,0.2552245822,0.0000000000,absorb
25600,1,0.0000000000,0.0000000000,1.8905187763,0.0000000000,scatter
25600,2,1.8905187763,0.0000000000,2.0199941686,-0.5215164502,scatter
25600,3,2.0199941686,-0.5215164502,3.0000000000,-1.3445874020,exit_right
25700,1,0.0000000000,0.0000000000,3.0000000000,0.0000000000,exit_right
25800,1,0.0000000000,0.0000000000,0.3615814174,0.0000000000,scatter
25800,2,0.3615814174,0.0000000000,0.3667196677,0.0005835146,absorb
25900,1,0.0000000000,0.0000000000,3.0000000000,0.0000000000,exit_right
26000,1,0.0000000000,0.0000000000,3.0000000000,0.0000000000,exit_right
26100,1,0.0000000000,0.0000000000,3.0000000000,0.0000000000,exit_right
26200,1,0.0000000000,0.0000000000,3.0000000000,0.0000000000,exit_right
26300,1,0.0000000000,0.0000000000,1.1807001033,0.0000000000,scatter
26300,2,1.1807001033,0.0000000000,1.1399722245,-1.0176668770,scatter
26300,3,1.1399722245,-1.0176668770,0.0000000000,-1.5240324665,exit_left
26400,1,0.0000000000,0.0000000000,1.6726563522,0.0000000000,absorb
26500,1,0.0000000000,0.0000000000,3.0000000000,0.0000000000,exit_right
26600,1,0.0000000000,0.0000000000,1.0539230770,0.0000000000,scatter
26600,2,1.0539230770,0.0000000000,0.7069616665,-0.5622634079,scatter
26600,3,0.7069616665,-0.5622634079,3.0000000000,-0.6208101498,exit_right
26700,1,0.0000000000,0.0000000000,2.2093618903,0.0000000000,scatter
26700,2,2.2093618903,0.0000000000,3.0000000000,-0.3264470324,exit_right
26800,1,0.0000000000,0.0000000000,0.6995289130,0.0000000000,scatter
26800,2,0.6995289130,0.0000000000,1.2447260798,0.5919900785,scatter
26800,3,1.2447260798,0.5919900785,1.8536792407,0.3058126092,absorb
26900,1,0.0000000000,0.0000000000,3.0000000000,0.0000000000,exit_right
27000,1,0.0000000000,0.0000000000,3.0000000000,0.0000000000,exit_right
27100,1,0.0000000000,0.0000000000,0.1654098307,0.0000000000,scatter
27100,2,0.1654098307,0.0000000000,0.0000000000,0.0137542136,exit_left
27200,1,0.0000000000,0.0000000000,3.0000000000,0.0000000000,exit_right
27300,1,0.0000000000,0.0000000000,3.0000000000,0.0000000000,exit_right
27400,1,0.0000000000,0.0000000000,1.7535160895,0.0000000000,scatter
27400,2,1.7535160895,0.0000000000,3.0000000000,1.4392763275,exit_right
27500,1,0.0000000000,0.0000000000,0.4123968144,0.0000000000,scatter
27500,2,0.4123968144,0.0000000000,0.1870296145,0.3148634636,scatter
27500,3,0.1870296145,0.3148634636,0.0000000000,0.0838991212,exit_left
27600,1,0.0000000000,0.0000000000,1.3882911278,0.0000000000,scatter
27600,2,1.3882911278,0.0000000000,3.0000000000,-0.3591582824,exit_right
27700,1,0.0000000000,0.0000000000,3.0000000000,0.0000000000,exit_right
27800,1,0.0000000000,0.0000000000,3.0000000000,0.0000000000,exit_right
27900,1,0.0000000000,0.0000000000,0.3239747343,0.0000000000,scatter
27900,2,0.3239747343,0.0000000000,0.0000000000,0.1980829382,exit_left
28000,1,0.0000000000,0.0000000000,0.2720860719,0.0000000000,scatter
28000,2,0.2720860719,0.0000000000,3.0000000000,1.7355485629,exit_right
28100,1,0.0000000000,0.0000000000,3.0000000000,0.0000000000,exit_right
28200,1,0.0000000000,0.0000000000,3.0000000000,0.0000000000,exit_right
28300,1,0.0000000000,0.0000000000,0.2524394943,0.0000000000,scatter
28300,2,0.2524394943,0.0000000000,0.0000000000,-0.1025629416,exit_left
28400,1,0.0000000000,0.0000000000,1.2252547821,0.0000000000,scatter
28400,2,1.2252547821,0.0000000000,2.7575605213,2.8801543294,scatter
28400,3,2.7575605213,2.8801543294,2.7449600597,2.8977347035,scatter
28400,4,2.7449600597,2.8977347035,0.4723298169,5.3272596262,scatter
28400,5,0.4723298169,5.3272596262,0.5474005917,5.3583111309,scatter
28400,6,0.5474005917,5.3583111309,0.6680365124,5.3576996290,scatter
28400,7,0.6680365124,5.3576996290,2.1143723835,5.2708718040,scatter
28400,8,2.1143723835,5.2708718040,2.4543615346,4.5968374131,scatter
28400,9,2.4543615346,4.5968374131,2.4297072717,2.5774534926,absorb
28500,1,0.0000000000,0.0000000000,1.1766544837,0.0000000000,scatter
28500,2,1.1766544837,0.0000000000,2.2541839190,-0.2622910598,scatter
28500,3,2.2541839190,-0.2622910598,0.8555056562,0.5171096159,absorb
28600,1,0.0000000000,0.0000000000,1.5395057680,0.0000000000,scatter
28600,2,1.5395057680,0.0000000000,3.0000000000,1.8481902817,exit_right
28700,1,0.0000000000,0.0000000000,0.4081988581,0.0000000000,scatter
28700,2,0.4081988581,0.0000000000,0.0207960988,0.2718353128,scatter
28700,3,0.0207960988,0.2718353128,0.0000000000,0.2583382781,exit_left
28800,1,0.0000000000,0.0000000000,1.9032258551,0.0000000000,absorb
28900,1,0.0000000000,0.0000000000,2.8297671023,0.0000000000,scatter
28900,2,2.8297671023,0.0000000000,1.1175206463,1.3044404054,scatter
28900,3,1.1175206463,1.3044404054,2.9087706941,2.7926319440,scatter
28900,4,2.9087706941,2.7926319440,2.7796466101,4.6995099344,scatter
28900,5,2.7796466101,4.6995099344,0.3710942830,4.6333110810,scatter
28900,6,0.3710942830,4.6333110810,0.2831137698,4.7468169926,scatter
28900,7,0.2831137698,4.7468169926,3.0000000000,8.0083203354,exit_right
29000,1,0.0000000000,0.0000000000,0.6953668942,0.0000000000,scatter
29000,2,0.6953668942,0.0000000000,0.1363202815,-0.1943783010,scatter
29000,3,0.1363202815,-0.1943783010,0.0000000000,-0.1431405229,exit_left
29100,1,0.0000000000,0.0000000000,0.5047171775,0.0000000000,scatter
29100,2,0.5047171775,0.0000000000,0.0000000000,0.3452873379,exit_left
29200,1,0.0000000000,0.0000000000,2.5770840050,0.0000000000,absorb
29300,1,0.0000000000,0.0000000000,3.0000000000,0.0000000000,exit_right
29400,1,0.0000000000,0.0000000000,2.5455152282,0.0000000000,scatter
29400,2,2.5455152282,0.0000000000,2.8092414653,2.2481521185,scatter
29400,3,2.8092414653,2.2481521185,2.5693401961,2.3313184059,absorb
29500,1,0.0000000000,0.0000000000,0.4636057485,0.0000000000,scatter
29500,2,0.4636057485,0.0000000000,0.0000000000,2.7584758918,exit_left
29600,1,0.0000000000,0.0000000000,0.4778535692,0.0000000000,scatter
29600,2,0.4778535692,0.0000000000,0.0000000000,-0.3336876324,exit_left
29700,1,0.0000000000,0.0000000000,3.0000000000,0.0000000000,exit_right
29800,1,0.0000000000,0.0000000000,1.0702079843,0.0000000000,scatter
29800,2,1.0702079843,0.0000000000,1.1783455425,0.9628961267,scatter
29800,3,1.1783455425,0.9628961267,1.3616336285,0.9486392224,scatter
29800,4,1.3616336285,0.9486392224,1.4881462539,-1.1666098051,scatter
29800,5,1.4881462539,-1.1666098051,1.5855076974,3.4678236021,scatter
29800,6,1.5855076974,3.4678236021,3.0000000000,3.2737019669,exit_right
29900,1,0.0000000000,0.0000000000,3.0000000000,0.0000000000,exit_right
30000,1,0.0000000000,0.0000000000,0.0674731897,0.0000000000,scatter
30000,2,0.0674731897,0.0000000000,3.0000000000,-3.1471654418,exit_right
30100,1,0.0000000000,0.0000000000,1.4663248117,0.0000000000,scatter
30100,2,1.4663248117,0.0000000000,2.3052714294,-1.7817465902,scatter
30100,3,2.3052714294,-1.7817465902,2.5371312101,-1.1066400391,scatter
30100,4,2.5371312101,-1.1066400391,0.3663484870,1.7429397329,absorb
30200,1,0.0000000000,0.0000000000,0.3019879596,0.0000000000,scatter
30200,2,0.3019879596,0.0000000000,1.2313278800,-1.6732123592,scatter
30200,3,1.2313278800,-1.6732123592,1.2192369622,-1.6772945847,scatter
30200,4,1.2192369622,-1.6772945847,0.0000000000,-3.9130505223,exit_left
30300,1,0.0000000000,0.0000000000,3.0000000000,0.0000000000,exit_right
30400,1,0.0000000000,0.0000000000,3.0000000000,0.0000000000,exit_right
30500,1,0.0000000000,0.0000000000,3.0000000000,0.0000000000,exit_right
30600,1,0.0000000000,0.0000000000,0.1827955560,0.0000000000,absorb
30700,1,0.0000000000,0.0000000000,0.4196102715,0.0000000000,scatter
30700,2,0.4196102715,0.0000000000,0.6172480688,0.5099305380,scatter
30700,3,0.6172480688,0.5099305380,0.5246786329,1.6259993729,scatter
30700,4,0.5246786329,1.6259993729,0.0000000000,1.7834762872,exit_left
30800,1,0.0000000000,0.0000000000,0.8701377460,0.0000000000,scatter
30800,2,0.8701377460,0.0000000000,0.7927654952,-0.0136789564,scatter
30800,3,0.7927654952,-0.0136789564,0.0000000000,0.8461666632,exit_left
30900,1,0.0000000000,0.0000000000,1.8092799711,0.0000000000,scatter
30900,2,1.8092799711,0.0000000000,1.5193509387,0.1678641610,scatter
30900,3,1.5193509387,0.1678641610,2.2548166328,-0.7874892882,absorb
31000,1,0.0000000000,0.0000000000,0.0663472649,0.0000000000,scatter
31000,2,0.0663472649,0.0000000000,0.1798689981,0.0750818025,scatter
31000,3,0.1798689981,0.0750818025,1.3010660502,-0.0979808682,scatter
31000,4,1.3010660502,-0.0979808682,1.8143968151,-2.4476609813,scatter
31000,5,1.8143968151,-2.4476609813,2.4788963476,-3.6395549863,scatter
31000,6,2.4788963476,-3.6395549863,2.5282345692,-5.4533879732,absorb
31100,1,0.0000000000,0.0000000000,3.0000000000,0.0000000000,exit_right
31200,1,0.0000000000,0.0000000000,0.1729830834,0.0000000000,scatter
31200,2,0.1729830834,0.0000000000,0.0000000000,0.1379773497,exit_left
31300,1,0.0000000000,0.0000000000,1.3423163627,0.0000000000,scatter
31300,2,1.3423163627,0.0000000000,1.7183147134,-0.9236388667,absorb
31400,1,0.0000000000,0.0000000000,1.0354689005,0.0000000000,scatter
31400,2,1.0354689005,0.0000000000,0.2407079188,4.8226817709,scatter
31400,3,0.2407079188,4.8226817709,0.7148181779,5.6827429192,absorb
31500,1,0.0000000000,0.0000000000,0.3232150877,0.0000000000,scatter
31500,2,0.3232150877,0.0000000000,0.0000000000,0.5036043192,exit_left
31600,1,0.0000000000,0.0000000000,3.0000000000,0.0000000000,exit_right
31700,1,0.0000000000,0.0000000000,0.4899689743,0.0000000000,scatter
31700,2,0.4899689743,0.0000000000,0.4346817721,-0.9787453116,absorb
31800,1,0.0000000000,0.0000000000,0.8833052528,0.0000000000,scatter
31800,2,0.8833052528,0.0000000000,1.8390012919,-0.7620504962,scatter
31800,3,1.8390012919,-0.7620504962,0.9957941741,0.9773322226,scatter
31800,4,0.9957941741,0.9773322226,3.0000000000,2.4506758902,exit_right
31900,1,0.0000000000,0.0000000000,2.0907566670,0.0000000000,scatter
31900,2,2.0907566670,0.0000000000,0.0000000000,-4.6476034740,exit_left
32000,1,0.0000000000,0.0000000000,3.0000000000,0.0000000000,exit_right
32100,1,0.0000000000,0.0000000000,3.0000000000,0.0000000000,exit_right
32200,1,0.0000000000,0.0000000000,0.5545643650,0.0000000000,scatter
32200,2,0.5545643650,0.0000000000,0.0000000000,-1.4627170470,exit_left
32300,1,0.0000000000,0.0000000000,1.0546625363,0.0000000000,scatter
32300,2,1.0546625363,0.0000000000,1.5968162451,-0.0051535118,scatter
32300,3,1.5968162451,-0.0051535118,1.5464603823,0.1677299888,scatter
32300,4,1.5464603823,0.1677299888,2.3673526547,-1.1778437620,scatter
32300,5,2.3673526547,-1.1778437620,3.0000000000,-1.8832473125,exit_right
32400,1,0.0000000000,0.0000000000,0.2102157132,0.0000000000,absorb
32500,1,0.0000000000,0.0000000000,0.7768666833,0.0000000000,scatter
32500,2,0.7768666833,0.0000000000,1.3780912095,-0.1511413748,scatter
32500,3,1.3780912095,-0.1511413748,3.0000000000,-0.2268670135,exit_right
32600,1,0.0000000000,0.0000000000,0.6286623890,0.0000000000,scatter
32600,2,0.6286623890,0.0000000000,0.7660184385,-1.1620218229,scatter
32600,3,0.7660184385,-1.1620218229,0.2389569740,-3.4635150851,scatter
32600,4,0.2389569740,-3.4635150851,0.5990877696,-4.1152104585,scatter
32600,5,0.5990877696,-4.1152104585,0.6249145369,-4.2783970949,scatter
32600,6,0.6249145369,-4.2783970949,0.3010193376,-3.6759539469,scatter
32600,7,0.3010193376,-3.6759539469,0.4040986450,-3.5666281216,scatter
32600,8,0.4040986450,-3.5666281216,0.0000000000,-3.1526648511,exit_left
32700,1,0.0000000000,0.0000000000,2.1351493430,0.0000000000,scatter
32700,2,2.1351493430,0.0000000000,2.0839379612,0.0567047495,scatter
32700,3,2.0839379612,0.0567047495,0.0000000000,0.9647619123,exit_left
32800,1,0.0000000000,0.0000000000,1.7870388499,0.0000000000,absorb
32900,1,0.0000000000,0.0000000000,0.7977321224,0.0000000000,absorb
33000,1,0.0000000000,0.0000000000,3.0000000000,0.0000000000,exit_right
33100,1,0.0000000000,0.0000000000,0.2614867534,0.0000000000,scatter
33100,2,0.2614867534,0.0000000000,1.2171731733,-4.4625384898,scatter
33100,3,1.2171731733,-4.4625384898,0.2213677561,-3.7661025332,scatter
33100,4,0.2213677561,-3.7661025332,0.0000000000,-3.2785194737,exit_left
33200,1,0.0000000000,0.0000000000,3.0000000000,0.0000000000,exit_right
33300,1,0.0000000000,0.0000000000,3.0000000000,0.0000000000,exit_right
33400,1,0.0000000000,0.0000000000,1.0430469049,0.0000000000,absorb
33500,1,0.0000000000,0.0000000000,2.6514179549,0.0000000000,scatter
33500,2,2.6514179549,0.0000000000,2.3347901353,-0.9630011881,scatter
33500,3,2.3347901353,-0.9630011881,1.6331027498,-0.5888473288,scatter
33500,4,1.6331027498,-0.5888473288,1.7232159755,-0.6767106978,scatter
33500,5,1.7232159755,-0.6767106978,0.7379853971,-0.3628839014,scatter
33500,6,0.7379853971,-0.3628839014,0.7174110977,-0.6705731503,scatter
33500,7,0.7174110977,-0.6705731503,1.7276552000,0.7008140778,scatter
33500,8,1.7276552000,0.7008140778,0.0000000000,0.8199511754,exit_left
33600,1,0.0000000000,0.0000000000,1.6432848269,0.0000000000,scatter
33600,2,1.6432848269,0.0000000000,1.2686284484,-0.3587395432,scatter
33600,3,1.2686284484,-0.3587395432,1.3063192266,-0.2389308584,scatter
33600,4,1.3063192266,-0.2389308584,1.1075920468,0.7343687841,scatter
33600,5,1.1075920468,0.7343687841,1.3806571467,3.7704384761,scatter
33600,6,1.3806571467,3.7704384761,2.1503284488,3.4848276973,scatter
33600,7,2.1503284488,3.4848276973,2.2986063756,3.7827230239,scatter
33600,8,2.2986063756,3.7827230239,2.3723082464,3.7009626218,scatter
33600,9,2.3723082464,3.7009626218,2.5527810377,2.4790910773,absorb
33700,1,0.0000000000,0.0000000000,0.1602018174,0.0000000000,scatter
33700,2,0.1602018174,0.0000000000,0.0000000000,-0.1219740430,exit_left
33800,1,0.0000000000,0.0000000000,1.7614843319,0.0000000000,scatter
33800,2,1.7614843319,0.0000000000,1.9448803799,0.8234565250,scatter
33800,3,1.9448803799,0.8234565250,1.2210908953,0.6714266008,scatter
33800,4,1.2210908953,0.6714266008,1.6890567740,2.7092994458,scatter
33800,5,1.6890567740,2.7092994458,3.0000000000,1.6926936473,exit_right
33900,1,0.0000000000,0.0000000000,0.0223069115,0.0000000000,scatter
33900,2,0.0223069115,0.0000000000,0.0000000000,-0.0059040950,exit_left
34000,1,0.0000000000,0.0000000000,1.7949560401,0.0000000000,scatter
34000,2,1.7949560401,0.0000000000,1.7623689919,-0.0987259959,scatter
34000,3,1.7623689919,-0.0987259959,0.6743775788,-0.3856843003,scatter
34000,4,0.6743775788,-0.3856843003,1.1957030514,-1.2139102808,scatter
34000,5,1.1957030514,-1.2139102808,3.0000000000,-2.3772118042,exit_right
34100,1,0.0000000000,0.0000000000,0.0758114003,0.0000000000,scatter
34100,2,0.0758114003,0.0000000000,0.0000000000,0.1782604722,exit_left
34200,1,0.0000000000,0.0000000000,0.4199433983,0.0000000000,scatter
34200,2,0.4199433983,0.0000000000,0.0000000000,0.5022637833,exit_left
34300,1,0.0000000000,0.0000000000,3.0000000000,0.0000000000,exit_right
34400,1,0.0000000000,0.0000000000,3.0000000000,0.0000000000,exit_right
34500,1,0.0000000000,0.0000000000,0.5592031131,0.0000000000,scatter
34500,2,0.5592031131,0.0000000000,0.0000000000,-0.2102951832,exit_left
34600,1,0.0000000000,0.0000000000,0.1546265841,0.0000000000,scatter
34600,2,0.1546265841,0.0000000000,1.9954737469,0.2902976345,absorb
34700,1,0.0000000000,0.0000000000,0.4246142551,0.0000000000,absorb
34800,1,0.0000000000,0.0000000000,3.0000000000,0.0000000000,exit_right
34900,1,0.0000000000,0.0000000000,1.3608081971,0.0000000000,scatter
34900,2,1.3608081971,0.0000000000,1.6702364328,-0.3956582812,scatter
34900,3,1.6702364328,-0.3956582812,3.0000000000,0.0140216153,exit_right
35000,1,0.0000000000,0.0000000000,0.2159290153,0.0000000000,scatter
35000,2,0.2159290153,0.0000000000,0.0000000000,-0.0255463748,exit_left
35100,1,0.0000000000,0.0000000000,0.7442907559,0.0000000000,scatter
35100,2,0.7442907559,0.0000000000,0.2584902510,-0.5665653068,scatter
35100,3,0.2584902510,-0.5665653068,0.0000000000,-0.3546088257,exit_left
35200,1,0.0000000000,0.0000000000,0.3108684961,0.0000000000,scatter
35200,2,0.3108684961,0.0000000000,0.2568526774,-0.2549778623,scatter
35200,3,0.2568526774,-0.2549778623,0.3379391829,0.0062035805,scatter
35200,4,0.3379391829,0.0062035805,0.2837127287,1.2577703204,scatter
35200,5,0.2837127287,1.2577703204,0.0000000000,1.3788498405,exit_left
35300,1,0.0000000000,0.0000000000,0.9173607848,0.0000000000,scatter
35300,2,0.9173607848,0.0000000000,1.1888613781,-3.2324242759,scatter
35300,3,1.1888613781,-3.2324242759,3.0000000000,-3.6140868068,exit_right
35400,1,0.0000000000,0.0000000000,1.2845598320,0.0000000000,scatter
35400,2,1.2845598320,0.0000000000,0.9978765275,-0.0137503707,scatter
35400,3,0.9978765275,-0.0137503707,3.0000000000,-0.1496253967,exit_right
35500,1,0.0000000000,0.0000000000,3.0000000000,0.0000000000,exit_right
35600,1,0.0000000000,0.0000000000,0.4215705535,0.0000000000,scatter
35600,2,0.4215705535,0.0000000000,1.3075428892,-0.4431175333,scatter
35600,3,1.3075428892,-0.4431175333,0.8590135654,-0.8227510397,scatter
35600,4,0.8590135654,-0.8227510397,0.0000000000,0.4563993952,exit_left
35700,1,0.0000000000,0.0000000000,1.7484332795,0.0000000000,absorb
35800,1,0.0000000000,0.0000000000,3.0000000000,0.0000000000,exit_right
35900,1,0.0000000000,0.0000000000,0.0718316601,0.0000000000,scatter
35900,2,0.0718316601,0.0000000000,0.0000000000,0.0255378453,exit_left
36000,1,0.0000000000,0.0000000000,1.1103915983,0.0000000000,scatter
36000,2,1.1103915983,0.0000000000,2.6701544241,0.2177400411,scatter
36000,3,2.6701544241,0.2177400411,3.0000000000,0.4074571021,exit_right
36100,1,0.0000000000,0.0000000000,1.2980436673,0.0000000000,scatter
36100,2,1.2980436673,0.0000000000,1.2975393785,0.0114994105,absorb
36200,1,0.0000000000,0.0000000000,2.8260837294,0.0000000000,scatter
36200,2,2.8260837294,0.0000000000,2.2934655208,0.0391882541,scatter
36200,3,2.2934655208,0.0391882541,1.3482566633,-0.0735933431,scatter
36200,4,1.3482566633,-0.0735933431,0.0000000000,-0.3743411359,exit_left
36300,1,0.0000000000,0.0000000000,1.9601867533,0.0000000000,scatter
36300,2,1.9601867533,0.0000000000,3.0000000000,-0.0389903917,exit_right
36400,1,0.0000000000,0.0000000000,0.1760741750,0.0000000000,scatter
36400,2,0.1760741750,0.0000000000,0.0000000000,-0.0030709449,exit_left
36500,1,0.0000000000,0.0000000000,0.0779856057,0.0000000000,scatter
36500,2,0.0779856057,0.0000000000,0.7865787856,0.5182870584,scatter
36500,3,0.7865787856,0.5182870584,0.3146136841,0.3719729424,scatter
36500,4,0.3146136841,0.3719729424,1.1164999779,-0.4278313887,scatter
36500,5,1.1164999779,-0.4278313887,2.0457604451,-0.8406330031,scatter
36500,6,2.0457604451,-0.8406330031,1.9672123605,-0.9497127727,scatter
36500,7,1.9672123605,-0.9497127727,3.0000000000,-0.2710893161,exit_right
36600,1,0.0000000000,0.0000000000,1.8328359643,0.0000000000,absorb
36700,1,0.0000000000,0.0000000000,0.2376761996,0.0000000000,scatter
36700,2,0.2376761996,0.0000000000,0.1951597062,0.0100046432,absorb
36800,1,0.0000000000,0.0000000000,1.0574621367,0.0000000000,absorb
36900,1,0.0000000000,0.0000000000,0.9858103913,0.0000000000,scatter
36900,2,0.9858103913,0.0000000000,0.0000000000,-1.8961267602,exit_left
37000,1,0.0000000000,0.0000000000,0.9600869501,0.0000000000,absorb
37100,1,0.0000000000,0.0000000000,0.9502424440,0.0000000000,scatter
37100,2,0.9502424440,0.0000000000,0.1286528806,0.5379851334,scatter
37100,3,0.1286528806,0.5379851334,0.0000000000,0.3719185254,exit_left
37200,1,0.0000000000,0.0000000000,3.0000000000,0.0000000000,exit_right
37300,1,0.0000000000,0.0000000000,1.0469237419,0.0000000000,scatter
37300,2,1.0469237419,0.0000000000,3.0000000000,0.1571987193,exit_right
37400,1,0.0000000000,0.0000000000,1.8482652533,0.0000000000,scatter
37400,2,1.8482652533,0.0000000000,2.9275982824,0.1531920735,absorb
37500,1,0.0000000000,0.0000000000,2.6565070063,0.0000000000,scatter
37500,2,2.6565070063,0.0000000000,2.5517448187,0.0451409911,scatter
37500,3,2.5517448187,0.0451409911,3.0000000000,-0.4381935997,exit_right
37600,1,0.0000000000,0.0000000000,3.0000000000,0.0000000000,exit_right
37700,1,0.0000000000,0.0000000000,0.6888600626,0.0000000000,scatter
37700,2,0.6888600626,0.0000000000,0.0000000000,-1.1694741357,exit_left
37800,1,0.0000000000,0.0000000000,1.6420931957,0.0000000000,absorb
37900,1,0.0000000000,0.0000000000,1.5425874161,0.0000000000,absorb
38000,1,0.0000000000,0.0000000000,1.3651667591,0.0000000000,scatter
38000,2,1.3651667591,0.0000000000,1.8318012134,-0.2980315872,scatter
38000,3,1.8318012134,-0.2980315872,1.9206757179,-0.6310887169,scatter
38000,4,1.9206757179,-0.6310887169,2.8342276378,-1.5811309223,absorb
38100,1,0.0000000000,0.0000000000,1.0170448500,0.0000000000,scatter
38100,2,1.0170448500,0.0000000000,1.6350630162,-1.4583380988,scatter
38100,3,1.6350630162,-1.4583380988,1.5943958292,-1.4245649581,scatter
38100,4,1.5943958292,-1.4245649581,1.0535201680,-2.3242392100,scatter
38100,5,1.0535201680,-2.3242392100,0.0000000000,-2.0568455057,exit_left
38200,1,0.0000000000,0.0000000000,0.4288947146,0.0000000000,scatter
38200,2,0.4288947146,0.0000000000,0.4359333483,-0.0263168869,scatter
38200,3,0.4359333483,-0.0263168869,0.0000000000,0.1790335806,exit_left
38300,1,0.0000000000,0.0000000000,1.9116748336,0.0000000000,scatter
38300,2,1.9116748336,0.0000000000,1.0309602307,-1.3891465932,scatter
38300,3,1.0309602307,-1.3891465932,0.0000000000,-2.8866199505,exit_left
38400,1,0.0000000000,0.0000000000,3.0000000000,0.0000000000,exit_right
38500,1,0.0000000000,0.0000000000,3.0000000000,0.0000000000,exit_right
38600,1,0.0000000000,0.0000000000,2.4936514552,0.0000000000,scatter
38600,2,2.4936514552,0.0000000000,2.5649306895,1.1872699916,absorb
38700,1,0.0000000000,0.0000000000,3.0000000000,0.0000000000,exit_right
38800,1,0.0000000000,0.0000000000,2.0223897485,0.0000000000,scatter
38800,2,2.0223897485,0.0000000000,0.0000000000,-1.3065927743,exit_left
38900,1,0.0000000000,0.0000000000,3.0000000000,0.0000000000,exit_right
39000,1,0.0000000000,0.0000000000,0.4765006538,0.0000000000,scatter
39000,2,0.4765006538,0.0000000000,0.6621685056,0.5259026274,scatter
39000,3,0.6621685056,0.5259026274,1.0447561493,-7.0861430181,scatter
39000,4,1.0447561493,-7.0861430181,1.6069809666,-6.8427352098,absorb
39100,1,0.0000000000,0.0000000000,3.0000000000,0.0000000000,exit_right
39200,1,0.0000000000,0.0000000000,0.7304553802,0.0000000000,scatter
39200,2,0.7304553802,0.0000000000,1.2209519843,0.5657399509,scatter
39200,3,1.2209519843,0.5657399509,2.7279610382,0.4340406044,scatter
39200,4,2.7279610382,0.4340406044,0.0000000000,1.5948228354,exit_left
39300,1,0.0000000000,0.0000000000,1.0416300936,0.0000000000,scatter
39300,2,1.0416300936,0.0000000000,0.0000000000,0.0909812620,exit_left
39400,1,0.0000000000,0.0000000000,0.5193662362,0.0000000000,scatter
39400,2,0.5193662362,0.0000000000,1.7360105926,-0.4269667782,scatter
39400,3,1.7360105926,-0.4269667782,3.0000000000,-2.7247395745,exit_right
39500,1,0.0000000000,0.0000000000,2.6265359616,0.0000000000,absorb
39600,1,0.0000000000,0.0000000000,2.4540125228,0.0000000000,scatter
39600,2,2.4540125228,0.0000000000,3.0000000000,-0.2300516433,exit_right
39700,1,0.0000000000,0.0000000000,0.4065101094,0.0000000000,scatter
39700,2,0.4065101094,0.0000000000,0.7410138766,-0.2243083010,scatter
39700,3,0.7410138766,-0.2243083010,2.6778063917,-1.2043009782,scatter
39700,4,2.6778063917,-1.2043009782,2.8303579023,-1.8670558867,absorb
39800,1,0.0000000000,0.0000000000,3.0000000000,0.0000000000,exit_right
39900,1,0.0000000000,0.0000000000,1.3443979953,0.0000000000,scatter
39900,2,1.3443979953,0.0000000000,0.0061623114,-2.3507316792,scatter
39900,3,0.0061623114,-2.3507316792,0.0000000000,-2.3391558786,exit_left
40000,1,0.0000000000,0.0000000000,0.1085853238,0.0000000000,absorb
40100,1,0.0000000000,0.0000000000,0.8348876136,0.0000000000,scatter
40100,2,0.8348876136,0.0000000000,0.9255564591,-0.2567224825,scatter
40100,3,0.9255564591,-0.2567224825,2.2433822528,-0.9436795536,scatter
40100,4,2.2433822528,-0.9436795536,1.0327842976,-1.6190020796,scatter
40100,5,1.0327842976,-1.6190020796,0.3518522854,-8.9646014976,absorb
40200,1,0.0000000000,0.0000000000,2.0452433200,0.0000000000,scatter
40200,2,2.0452433200,0.0000000000,2.5837807731,-0.7891464998,scatter
40200,3,2.5837807731,-0.7891464998,3.0000000000,-2.3819431599,exit_right
40300,1,0.0000000000,0.0000000000,0.6446434958,0.0000000000,scatter
40300,2,0.6446434958,0.0000000000,1.5623777203,2.3615477005,absorb
40400,1,0.0000000000,0.0000000000,0.7083473325,0.0000000000,scatter
40400,2,0.7083473325,0.0000000000,0.6700738311,1.9761403632,scatter
40400,3,0.6700738311,1.9761403632,0.6570953635,2.0004612679,scatter
40400,4,0.6570953635,2.0004612679,0.8328467737,2.2374306285,scatter
40400,5,0.8328467737,2.2374306285,3.0000000000,4.0268415360,exit_right
40500,1,0.0000000000,0.0000000000,3.0000000000,0.0000000000,exit_right
40600,1,0.0000000000,0.0000000000,3.0000000000,0.0000000000,exit_right
40700,1,0.0000000000,0.0000000000,2.0440980889,0.0000000000,scatter
40700,2,2.0440980889,0.0000000000,3.0000000000,0.5344844678,exit_right
40800,1,0.0000000000,0.0000000000,3.0000000000,0.0000000000,exit_right
40900,1,0.0000000000,0.0000000000,0.4917304569,0.0000000000,scatter
40900,2,0.4917304569,0.0000000000,0.9979360889,-0.9166818028,scatter
40900,3,0.9979360889,-0.9166818028,0.0000000000,-1.0861318392,exit_left
41000,1,0.0000000000,0.0000000000,1.3785199259,0.0000000000,scatter
41000,2,1.3785199259,0.0000000000,3.0000000000,-0.1857444098,exit_right
41100,1,0.0000000000,0.0000000000,1.3249572106,0.0000000000,scatter
41100,2,1.3249572106,0.0000000000,3.0000000000,0.3541933884,exit_right
41200,1,0.0000000000,0.0000000000,3.0000000000,0.0000000000,exit_right
41300,1,0.0000000000,0.0000000000,0.1636371211,0.0000000000,scatter
41300,2,0.1636371211,0.0000000000,3.0000000000,2.2629804267,exit_right
41400,1,0.0000000000,0.0000000000,3.0000000000,0.0000000000,exit_right
41500,1,0.0000000000,0.0000000000,3.0000000000,0.0000000000,exit_right
41600,1,0.0000000000,0.0000000000,1.0594742284,0.0000000000,scatter
41600,2,1.0594742284,0.0000000000,1.4989195042,0.3167064784,scatter
41600,3,1.4989195042,0.3167064784,3.0000000000,-0.0025239557,exit_right
41700,1,0.0000000000,0.0000000000,1.8524613762,0.0000000000,scatter
41700,2,1.8524613762,0.0000000000,1.6172271323,-2.6883341074,scatter
41700,3,1.6172271323,-2.6883341074,0.0000000000,-2.3883489679,exit_left
41800,1,0.0000000000,0.0000000000,0.2681550182,0.0000000000,scatter
41800,2,0.2681550182,0.0000000000,2.9884657128,-1.7567606193,scatter
41800,3,2.9884657128,-1.7567606193,3.0000000000,-1.7640279074,exit_right
41900,1,0.0000000000,0.0000000000,3.0000000000,0.0000000000,exit_right
42000,1,0.0000000000,0.0000000000,3.0000000000,0.0000000000,exit_right
42100,1,0.0000000000,0.0000000000,1.2613516133,0.0000000000,scatter
42100,2,1.2613516133,0.0000000000,1.2167288610,0.2315460600,scatter
42100,3,1.2167288610,0.2315460600,1.4831031554,-2.0752686045,scatter
42100,4,1.4831031554,-2.0752686045,1.4918943743,-2.0836256197,scatter
42100,5,1.4918943743,-2.0836256197,1.3765551813,-2.0217152608,absorb
42200,1,0.0000000000,0.0000000000,3.0000000000,0.0000000000,exit_right
42300,1,0.0000000000,0.0000000000,0.3291720754,0.0000000000,scatter
42300,2,0.3291720754,0.0000000000,0.0000000000,-0.5285327132,exit_left
42400,1,0.0000000000,0.0000000000,3.0000000000,0.0000000000,exit_right
42500,1,0.0000000000,0.0000000000,1.2122678749,0.0000000000,scatter
42500,2,1.2122678749,0.0000000000,1.7650361102,0.2543881140,scatter
42500,3,1.7650361102,0.2543881140,0.0000000000,-1.0456561063,exit_left
42600,1,0.0000000000,0.0000000000,0.9891598236,0.0000000000,scatter
42600,2,0.9891598236,0.0000000000,0.0000000000,-1.3955348650,exit_left
42700,1,0.0000000000,0.0000000000,1.2113587378,0.0000000000,scatter
42700,2,1.2113587378,0.0000000000,1.9818029117,4.8139810403,scatter
42700,3,1.9818029117,4.8139810403,1.2775918124,4.5692718670,scatter
42700,4,1.2775918124,4.5692718670,0.0000000000,2.8754110203,exit_left
42800,1,0.0000000000,0.0000000000,2.8126983394,0.0000000000,scatter
42800,2,2.8126983394,0.0000000000,1.6479891932,-1.5060272253,scatter
42800,3,1.6479891932,-1.5060272253,3.0000000000,-1.2915373092,exit_right
42900,1,0.0000000000,0.0000000000,1.0303045094,0.0000000000,scatter
42900,2,1.0303045094,0.0000000000,1.3192987135,-0.1509634642,absorb
43000,1,0.0000000000,0.0000000000,1.7219053955,0.0000000000,absorb
43100,1,0.0000000000,0.0000000000,2.5492722282,0.0000000000,scatter
43100,2,2.5492722282,0.0000000000,2.5311734878,-0.3646649379,scatter
43100,3,2.5311734878,-0.3646649379,2.2479027838,0.2790891249,scatter
43100,4,2.2479027838,0.2790891249,2.9825060514,-3.4748379213,absorb
43200,1,0.0000000000,0.0000000000,0.3226491582,0.0000000000,scatter
43200,2,0.3226491582,0.0000000000,1.7970908698,-1.9604929213,scatter
43200,3,1.7970908698,-1.9604929213,3.0000000000,-0.1433034040,exit_right
43300,1,0.0000000000,0.0000000000,0.2091254237,0.0000000000,absorb
43400,1,0.0000000000,0.0000000000,3.0000000000,0.0000000000,exit_right
43500,1,0.0000000000,0.0000000000,0.7300604235,0.0000000000,scatter
43500,2,0.7300604235,0.0000000000,0.0000000000,-2.3108805497,exit_left
43600,1,0.0000000000,0.0000000000,0.0994191983,0.0000000000,absorb
43700,1,0.0000000000,0.0000000000,0.2595810932,0.0000000000,scatter
43700,2,0.2595810932,0.0000000000,1.1970742033,1.8863810472,scatter
43700,3,1.1970742033,1.8863810472,3.0000000000,5.0712638014,exit_right
43800,1,0.0000000000,0.0000000000,2.8668772481,0.0000000000,scatter
43800,2,2.8668772481,0.0000000000,2.9722711919,1.0852681614,scatter
43800,3,2.9722711919,1.0852681614,3.0000000000,1.1107887709,exit_right
43900,1,0.0000000000,0.0000000000,2.3146418855,0.0000000000,scatter
43900,2,2.3146418855,0.0000000000,0.0000000000,3.8070584772,exit_left
44000,1,0.0000000000,0.0000000000,1.2428375715,0.0000000000,scatter
44000,2,1.2428375715,0.0000000000,0.0000000000,0.2174222256,exit_left
44100,1,0.0000000000,0.0000000000,3.0000000000,0.0000000000,exit_right
44200,1,0.0000000000,0.0000000000,3.0000000000,0.0000000000,exit_right
44300,1,0.0000000000,0.0000000000,1.9131281849,0.0000000000,scatter
44300,2,1.9131281849,0.0000000000,0.3765439526,-1.0777943026,scatter
44300,3,0.3765439526,-1.0777943026,0.7137631654,2.3589171167,scatter
44300,4,0.7137631654,2.3589171167,0.7366956315,2.3170017985,absorb
44400,1,0.0000000000,0.0000000000,2.5879640862,0.0000000000,scatter
44400,2,2.5879640862,0.0000000000,2.9283190645,1.7072179022,scatter
44400,3,2.9283190645,1.7072179022,1.8477173322,-1.2037953063,scatter
44400,4,1.8477173322,-1.2037953063,2.4771833172,-0.9365683534,scatter
44400,5,2.4771833172,-0.9365683534,0.9433569373,-1.7001842576,scatter
44400,6,0.9433569373,-1.7001842576,0.3280391332,-3.3410213537,scatter
44400,7,0.3280391332,-3.3410213537,0.0000000000,-3.5141426437,exit_left
44500,1,0.0000000000,0.0000000000,0.3511165717,0.0000000000,scatter
44500,2,0.3511165717,0.0000000000,0.6532823138,-0.3719953327,scatter
44500,3,0.6532823138,-0.3719953327,3.0000000000,-0.4998307206,exit_right
44600,1,0.0000000000,0.0000000000,0.1564948844,0.0000000000,scatter
44600,2,0.1564948844,0.0000000000,3.0000000000,0.6217234885,exit_right
44700,1,0.0000000000,0.0000000000,0.3970759792,0.0000000000,absorb
44800,1,0.0000000000,0.0000000000,0.8529434542,0.0000000000,scatter
44800,2,0.8529434542,0.0000000000,0.3932447794,0.0988970670,scatter
44800,3,0.3932447794,0.0988970670,2.2494232189,0.5885870739,absorb
44900,1,0.0000000000,0.0000000000,1.6583353157,0.0000000000,scatter
44900,2,1.6583353157,0.0000000000,1.7172117215,0.0297010060,scatter
44900,3,1.7172117215,0.0297010060,1.7129287089,-2.0005240010,absorb
45000,1,0.0000000000,0.0000000000,0.3235878036,0.0000000000,scatter
45000,2,0.3235878036,0.0000000000,0.0000000000,0.2461395244,exit_left
45100,1,0.0000000000,0.0000000000,2.0645533493,0.0000000000,scatter
45100,2,2.0645533493,0.0000000000,3.0000000000,-0.1128641249,exit_right
45200,1,0.0000000000,0.0000000000,3.0000000000,0.0000000000,exit_right
45300,1,0.0000000000,0.0000000000,0.0843313177,0.0000000000,scatter
45300,2,0.0843313177,0.0000000000,0.0278078988,0.0806386399,scatter
45300,3,0.0278078988,0.0806386399,0.2723774594,0.4145551527,scatter
45300,4,0.2723774594,0.4145551527,0.1803750226,0.3064122961,absorb
45400,1,0.0000000000,0.0000000000,2.3576327977,0.0000000000,scatter
45400,2,2.3576327977,0.0000000000,2.6294513006,0.8158643657,scatter
45400,3,2.6294513006,0.8158643657,3.0000000000,1.4329726108,exit_right
45500,1,0.0000000000,0.0000000000,0.5272046861,0.0000000000,scatter
45500,2,0.5272046861,0.0000000000,0.1671089020,2.7697468996,scatter
45500,3,0.1671089020,2.7697468996,0.3633303696,3.1037015043,scatter
45500,4,0.3633303696,3.1037015043,1.6350627822,1.6015888700,scatter
45500,5,1.6350627822,1.6015888700,2.5603296403,6.2491329649,scatter
45500,6,2.5603296403,6.2491329649,2.9506808265,5.6954483147,scatter
45500,7,2.9506808265,5.6954483147,3.0000000000,5.7474583179,exit_right
45600,1,0.0000000000,0.0000000000,2.1806398647,0.0000000000,scatter
45600,2,2.1806398647,0.0000000000,0.0000000000,-0.8067503418,exit_left
45700,1,0.0000000000,0.0000000000,0.1007769300,0.0000000000,scatter
45700,2,0.1007769300,0.0000000000,0.0000000000,0.4936569642,exit_left
45800,1,0.0000000000,0.0000000000,0.5450664820,0.0000000000,scatter
45800,2,0.5450664820,0.0000000000,1.1333679931,-1.8549904619,scatter
45800,3,1.1333679931,-1.8549904619,0.6549565580,-7.3674456204,scatter
45800,4,0.6549565580,-7.3674456204,0.2871113613,-10.7548257031,absorb
45900,1,0.0000000000,0.0000000000,2.2577014276,0.0000000000,scatter
45900,2,2.2577014276,0.0000000000,3.0000000000,-0.4368153682,exit_right
46000,1,0.0000000000,0.0000000000,0.9084789834,0.0000000000,scatter
46000,2,0.9084789834,0.0000000000,0.0000000000,3.4578728718,exit_left
46100,1,0.0000000000,0.0000000000,2.1912410675,0.0000000000,scatter
46100,2,2.1912410675,0.0000000000,1.9266877487,-1.3843108844,scatter
46100,3,1.9266877487,-1.3843108844,3.0000000000,-3.6626792821,exit_right
46200,1,0.0000000000,0.0000000000,0.5208116273,0.0000000000,scatter
46200,2,0.5208116273,0.0000000000,0.4616425199,-0.0323863098,scatter
46200,3,0.4616425199,-0.0323863098,0.0000000000,-0.7443460187,exit_left
46300,1,0.0000000000,0.0000000000,0.3228598216,0.0000000000,scatter
46300,2,0.3228598216,0.0000000000,0.3530757949,-0.3319800964,scatter
46300,3,0.3530757949,-0.3319800964,1.6186373773,2.0371183322,scatter
46300,4,1.6186373773,2.0371183322,0.0000000000,-0.8956590114,exit_left
46400,1,0.0000000000,0.0000000000,0.4034393674,0.0000000000,scatter
46400,2,0.4034393674,0.0000000000,0.0000000000,-0.1280953202,exit_left
46500,1,0.0000000000,0.0000000000,0.4462204646,0.0000000000,scatter
46500,2,0.4462204646,0.0000000000,3.0000000000,0.0007835750,exit_right
46600,1,0.0000000000,0.0000000000,2.3332034541,0.0000000000,scatter
46600,2,2.3332034541,0.0000000000,2.4157377855,-0.6510104368,scatter
46600,3,2.4157377855,-0.6510104368,2.8273551021,0.8556883458,scatter
46600,4,2.8273551021,0.8556883458,2.9930527586,1.2642044668,scatter
46600,5,2.9930527586,1.2642044668,2.6990769134,2.4318582213,scatter
46600,6,2.6990769134,2.4318582213,0.0000000000,1.7822466892,exit_left
46700,1,0.0000000000,0.0000000000,2.8977361065,0.0000000000,absorb
46800,1,0.0000000000,0.0000000000,0.2014185995,0.0000000000,scatter
46800,2,0.2014185995,0.0000000000,0.4292981910,0.2368722557,scatter
46800,3,0.4292981910,0.2368722557,0.0000000000,-0.4465194109,exit_left
46900,1,0.0000000000,0.0000000000,0.3649617984,0.0000000000,scatter
46900,2,0.3649617984,0.0000000000,0.0000000000,1.0097856458,exit_left
47000,1,0.0000000000,0.0000000000,0.2864243455,0.0000000000,scatter
47000,2,0.2864243455,0.0000000000,0.8672180504,0.2841292591,absorb
47100,1,0.0000000000,0.0000000000,3.0000000000,0.0000000000,exit_right
47200,1,0.0000000000,0.0000000000,3.0000000000,0.0000000000,exit_right
47300,1,0.0000000000,0.0000000000,3.0000000000,0.0000000000,exit_right
47400,1,0.0000000000,0.0000000000,0.5541266583,0.0000000000,scatter
47400,2,0.5541266583,0.0000000000,0.9283743181,0.1502087655,scatter
47400,3,0.9283743181,0.1502087655,0.0000000000,2.5612801922,exit_left
47500,1,0.0000000000,0.0000000000,0.0696532232,0.0000000000,scatter
47500,2,0.0696532232,0.0000000000,0.6699832571,7.7928431796,absorb
47600,1,0.0000000000,0.0000000000,0.8966013985,0.0000000000,scatter
47600,2,0.8966013985,0.0000000000,0.7423706859,-0.2487739249,scatter
47600,3,0.7423706859,-0.2487739249,0.8120088874,-0.2762450442,scatter
47600,4,0.8120088874,-0.2762450442,1.0000419790,-0.5997187339,scatter
47600,5,1.0000419790,-0.5997187339,0.1087319478,-0.7376908760,scatter
47600,6,0.1087319478,-0.7376908760,3.0000000000,-1.9893000820,exit_right
47700,1,0.0000000000,0.0000000000,3.0000000000,0.0000000000,exit_right
47800,1,0.0000000000,0.0000000000,0.6631762085,0.0000000000,scatter
47800,2,0.6631762085,0.0000000000,0.3932824632,0.6494184027,scatter
47800,3,0.3932824632,0.6494184027,0.2196099390,1.2541788377,scatter
47800,4,0.2196099390,1.2541788377,3.0000000000,1.5024944981,exit_right
47900,1,0.0000000000,0.0000000000,0.6770698079,0.0000000000,scatter
47900,2,0.6770698079,0.0000000000,3.0000000000,1.4180797664,exit_right
48000,1,0.0000000000,0.0000000000,3.0000000000,0.0000000000,exit_right
48100,1,0.0000000000,0.0000000000,0.1535354231,0.0000000000,scatter
48100,2,0.1535354231,0.0000000000,0.0000000000,-0.3757724183,exit_left
48200,1,0.0000000000,0.0000000000,1.6711628084,0.0000000000,scatter
48200,2,1.6711628084,0.0000000000,3.0000000000,-0.0556566902,exit_right
48300,1,0.0000000000,0.0000000000,1.3784690751,0.0000000000,scatter
48300,2,1.3784690751,0.0000000000,1.5350658767,-1.3740433269,scatter
48300,3,1.5350658767,-1.3740433269,0.1180701540,-1.0114900144,scatter
48300,4,0.1180701540,-1.0114900144,0.0000000000,-1.1314722700,exit_left
48400,1,0.0000000000,0.0000000000,3.0000000000,0.0000000000,exit_right
48500,1,0.0000000000,0.0000000000,2.4529107345,0.0000000000,scatter
48500,2,2.4529107345,0.0000000000,3.0000000000,-0.9624762518,exit_right
48600,1,0.0000000000,0.0000000000,0.1825712696,0.0000000000,scatter
48600,2,0.1825712696,0.0000000000,2.2452777930,-4.2417568719,scatter
48600,3,2.2452777930,-4.2417568719,1.5799840482,-3.9653344160,scatter
48600,4,1.5799840482,-3.9653344160,0.7364954184,-5.7235167483,scatter
48600,5,0.7364954184,-5.7235167483,0.4096146260,-5.5798370832,scatter
48600,6,0.4096146260,-5.5798370832,2.3304725839,-5.4576002056,scatter
48600,7,2.3304725839,-5.4576002056,2.3177413966,-5.4584441895,absorb
48700,1,0.0000000000,0.0000000000,2.1905844261,0.0000000000,scatter
48700,2,2.1905844261,0.0000000000,2.0848503869,0.4361847078,scatter
48700,3,2.0848503869,0.4361847078,0.6558809637,2.9420685664,scatter
48700,4,0.6558809637,2.9420685664,3.0000000000,1.7758278676,exit_right
48800,1,0.0000000000,0.0000000000,0.6618199633,0.0000000000,scatter
48800,2,0.6618199633,0.0000000000,0.1023752856,-1.6462495691,scatter
48800,3,0.1023752856,-1.6462495691,0.0000000000,-1.5915986362,exit_left
48900,1,0.0000000000,0.0000000000,0.0570927041,0.0000000000,scatter
48900,2,0.0570927041,0.0000000000,0.0000000000,0.0916809532,exit_left
49000,1,0.0000000000,0.0000000000,1.2950049014,0.0000000000,scatter
49000,2,1.2950049014,0.0000000000,1.3365942736,-0.5467828680,scatter
49000,3,1.3365942736,-0.5467828680,0.1635564967,-0.9614305924,scatter
49000,4,0.1635564967,-0.9614305924,1.8192041243,-0.7934075243,scatter
49000,5,1.8192041243,-0.7934075243,2.1619307616,0.1669376386,scatter
49000,6,2.1619307616,0.1669376386,2.1505719089,0.1476404461,absorb
49100,1,0.0000000000,0.0000000000,0.8403264490,0.0000000000,scatter
49100,2,0.8403264490,0.0000000000,0.0000000000,0.2507439791,exit_left
49200,1,0.0000000000,0.0000000000,3.0000000000,0.0000000000,exit_right
49300,1,0.0000000000,0.0000000000,0.5568722045,0.0000000000,scatter
49300,2,0.5568722045,0.0000000000,3.0000000000,0.4424009856,exit_right
49400,1,0.0000000000,0.0000000000,0.5756275713,0.0000000000,scatter
49400,2,0.5756275713,0.0000000000,0.4259988803,0.2101817759,scatter
49400,3,0.4259988803,0.2101817759,0.0000000000,0.3825683344,exit_left
49500,1,0.0000000000,0.0000000000,3.0000000000,0.0000000000,exit_right
49600,1,0.0000000000,0.0000000000,2.6877686147,0.0000000000,scatter
49600,2,2.6877686147,0.0000000000,0.0000000000,-1.3925632264,exit_left
49700,1,0.0000000000,0.0000000000,3.0000000000,0.0000000000,exit_right
49800,1,0.0000000000,0.0000000000,2.1771242800,0.0000000000,scatter
49800,2,2.1771242800,0.0000000000,0.9398971936,1.4505868480,scatter
49800,3,0.9398971936,1.4505868480,1.1870210764,1.2494928095,scatter
49800,4,1.1870210764,1.2494928095,1.1784679499,1.5592393325,absorb
49900,1,0.0000000000,0.0000000000,1.3318267808,0.0000000000,scatter
49900,2,1.3318267808,0.0000000000,0.0000000000,0.6499096450,exit_left
50000,1,0.0000000000,0.0000000000,3.0000000000,0.0000000000,exit_right
50100,1,0.0000000000,0.0000000000,2.0915655629,0.0000000000,absorb
50200,1,0.0000000000,0.0000000000,0.2231509817,0.0000000000,scatter
50200,2,0.2231509817,0.0000000000,0.9573326428,0.3553240039,scatter
50200,3,0.9573326428,0.3553240039,3.0000000000,1.3072584637,exit_right
50300,1,0.0000000000,0.0000000000,0.3807677513,0.0000000000,scatter
50300,2,0.3807677513,0.0000000000,2.3135704604,2.9996454548,scatter
50300,3,2.3135704604,2.9996454548,3.0000000000,3.8146142387,exit_right
50400,1,0.0000000000,0.0000000000,3.0000000000,0.0000000000,exit_right
50500,1,0.0000000000,0.0000000000,3.0000000000,0.0000000000,exit_right
50600,1,0.0000000000,0.0000000000,3.0000000000,0.0000000000,exit_right
50700,1,0.0000000000,0.0000000000,1.3230467053,0.0000000000,scatter
50700,2,1.3230467053,0.0000000000,0.9109937930,0.3280632414,scatter
50700,3,0.9109937930,0.3280632414,3.0000000000,-2.7632861966,exit_right
50800,1,0.0000000000,0.0000000000,3.0000000000,0.0000000000,exit_right
50900,1,0.0000000000,0.0000000000,3.0000000000,0.0000000000,exit_right
51000,1,0.0000000000,0.0000000000,0.2661587180,0.0000000000,absorb
51100,1,0.0000000000,0.0000000000,2.1061575658,0.0000000000,scatter
51100,2,2.1061575658,0.0000000000,0.0000000000,1.1690825814,exit_left
51200,1,0.0000000000,0.0000000000,2.3471382960,0.0000000000,scatter
51200,2,2.3471382960,0.0000000000,0.2720227888,-4.0120461781,scatter
51200,3,0.2720227888,-4.0120461781,0.0000000000,-3.3232853241,exit_left
51300,1,0.0000000000,0.0000000000,2.2482489640,0.0000000000,scatter
51300,2,2.2482489640,0.0000000000,2.3897355360,-0.4595311250,scatter
51300,3,2.3897355360,-0.4595311250,2.3217615076,-2.8113490795,scatter
51300,4,2.3217615076,-2.8113490795,3.0000000000,-2.9778390335,exit_right
51400,1,0.0000000000,0.0000000000,1.2847103139,0.0000000000,absorb
51500,1,0.0000000000,0.0000000000,3.0000000000,0.0000000000,exit_right
51600,1,0.0000000000,0.0000000000,2.4719985759,0.0000000000,scatter
51600,2,2.4719985759,0.0000000000,3.0000000000,0.9972889835,exit_right
51700,1,0.0000000000,0.0000000000,0.6017349321,0.0000000000,absorb
51800,1,0.0000000000,0.0000000000,0.5568408595,0.0000000000,scatter
51800,2,0.5568408595,0.0000000000,0.0000000000,-0.6800008107,exit_left
51900,1,0.0000000000,0.0000000000,0.1951844579,0.0000000000,scatter
51900,2,0.1951844579,0.0000000000,0.1192886754,4.3085214013,scatter
51900,3,0.1192886754,4.3085214013,0.4649801890,4.4295534511,scatter
51900,4,0.4649801890,4.4295534511,1.0207684530,4.4950516754,absorb
52000,1,0.0000000000,0.0000000000,3.0000000000,0.0000000000,exit_right
52100,1,0.0000000000,0.0000000000,3.0000000000,0.0000000000,exit_right
52200,1,0.0000000000,0.0000000000,1.0438265578,0.0000000000,absorb
52300,1,0.0000000000,0.0000000000,3.0000000000,0.0000000000,exit_right
52400,1,0.0000000000,0.0000000000,0.3775839893,0.0000000000,scatter
52400,2,0.3775839893,0.0000000000,0.0000000000,-0.2375848508,exit_left
52500,1,0.0000000000,0.0000000000,3.0000000000,0.0000000000,exit_right
52600,1,0.0000000000,0.0000000000,1.3631139064,0.0000000000,scatter
52600,2,1.3631139064,0.0000000000,0.7306446098,0.1026005180,absorb
52700,1,0.0000000000,0.0000000000,0.7664682018,0.0000000000,absorb
52800,1,0.0000000000,0.0000000000,0.5211643481,0.0000000000,scatter
52800,2,0.5211643481,0.0000000000,0.9583825115,0.4542813332,scatter
52800,3,0.9583825115,0.4542813332,0.2990611164,0.1894462552,scatter
52800,4,0.2990611164,0.1894462552,1.5707010243,-0.8990203828,scatter
52800,5,1.5707010243,-0.8990203828,0.0000000000,-1.8350057989,exit_left
52900,1,0.0000000000,0.0000000000,0.2158779990,0.0000000000,scatter
52900,2,0.2158779990,0.0000000000,0.0684654862,-1.7360801374,scatter
52900,3,0.0684654862,-1.7360801374,0.0000000000,-1.9065208449,exit_left
53000,1,0.0000000000,0.0000000000,3.0000000000,0.0000000000,exit_right
53100,1,0.0000000000,0.0000000000,1.3024953087,0.0000000000,scatter
53100,2,1.3024953087,0.0000000000,1.7898371792,-0.6561675321,scatter
53100,3,1.7898371792,-0.6561675321,1.9495638199,-1.6020356352,scatter
53100,4,1.9495638199,-1.6020356352,2.4719045310,-1.7871770422,absorb
53200,1,0.0000000000,0.0000000000,1.7098644081,0.0000000000,scatter
53200,2,1.7098644081,0.0000000000,1.5924508533,-0.1781619398,scatter
53200,3,1.5924508533,-0.1781619398,2.8671484366,-0.1195184625,scatter
53200,4,2.8671484366,-0.1195184625,2.9504367087,0.1981162084,scatter
53200,5,2.9504367087,0.1981162084,3.0000000000,0.1615406505,exit_right
53300,1,0.0000000000,0.0000000000,0.6803354272,0.0000000000,scatter
53300,2,0.6803354272,0.0000000000,0.5040278929,0.1425745233,absorb
53400,1,0.0000000000,0.0000000000,0.5775161856,0.0000000000,scatter
53400,2,0.5775161856,0.0000000000,0.0000000000,-0.0821208202,exit_left
53500,1,0.0000000000,0.0000000000,1.3104647121,0.0000000000,scatter
53500,2,1.3104647121,0.0000000000,2.5955950272,-0.9347701004,scatter
53500,3,2.5955950272,-0.9347701004,2.9098925492,-1.4284118944,scatter
53500,4,2.9098925492,-1.4284118944,3.0000000000,-1.3982461758,exit_right
53600,1,0.0000000000,0.0000000000,0.2710053980,0.0000000000,scatter
53600,2,0.2710053980,0.0000000000,0.0000000000,0.0994123768,exit_left
53700,1,0.0000000000,0.0000000000,0.0663364688,0.0000000000,scatter
53700,2,0.0663364688,0.0000000000,0.0000000000,-0.1786812888,exit_left
53800,1,0.0000000000,0.0000000000,3.0000000000,0.0000000000,exit_right
53900,1,0.0000000000,0.0000000000,0.8489303170,0.0000000000,scatter
53900,2,0.8489303170,0.0000000000,0.8601834276,-0.0015091447,scatter
53900,3,0.8601834276,-0.0015091447,0.0000000000,0.4403418670,exit_left
54000,1,0.0000000000,0.0000000000,3.0000000000,0.0000000000,exit_right
54100,1,0.0000000000,0.0000000000,0.8531389120,0.0000000000,scatter
54100,2,0.8531389120,0.0000000000,0.1302876246,0.4894853263,absorb
54200,1,0.0000000000,0.0000000000,0.5122611621,0.0000000000,scatter
54200,2,0.5122611621,0.0000000000,1.3048084817,0.8699003822,absorb
54300,1,0.0000000000,0.0000000000,2.8838917536,0.0000000000,scatter
54300,2,2.8838917536,0.0000000000,3.0000000000,0.1348263834,exit_right
54400,1,0.0000000000,0.0000000000,3.0000000000,0.0000000000,exit_right
54500,1,0.0000000000,0.0000000000,0.7436643319,0.0000000000,scatter
54500,2,0.7436643319,0.0000000000,2.0775567073,-3.9823283310,absorb
54600,1,0.0000000000,0.0000000000,1.3097983478,0.0000000000,absorb
54700,1,0.0000000000,0.0000000000,2.0486905071,0.0000000000,scatter
54700,2,2.0486905071,0.0000000000,2.7387304262,-6.3050677822,scatter
54700,3,2.7387304262,-6.3050677822,0.0000000000,-4.7615281565,exit_left
54800,1,0.0000000000,0.0000000000,0.2986867971,0.0000000000,scatter
54800,2,0.2986867971,0.0000000000,0.0000000000,-1.0039960645,exit_left
54900,1,0.0000000000,0.0000000000,0.4638906157,0.0000000000,scatter
54900,2,0.4638906157,0.0000000000,0.0514819053,0.8048628876,absorb
55000,1,0.0000000000,0.0000000000,1.3134019590,0.0000000000,scatter
55000,2,1.3134019590,0.0000000000,0.0000000000,-1.6466762036,exit_left
55100,1,0.0000000000,0.0000000000,3.0000000000,0.0000000000,exit_right
55200,1,0.0000000000,0.0000000000,1.1959781597,0.0000000000,scatter
55200,2,1.1959781597,0.0000000000,0.3241430261,1.5469818823,absorb
55300,1,0.0000000000,0.0000000000,0.2261549765,0.0000000000,scatter
55300,2,0.2261549765,0.0000000000,0.0000000000,-0.1162221498,exit_left
55400,1,0.0000000000,0.0000000000,1.2495340970,0.0000000000,absorb
55500,1,0.0000000000,0.0000000000,3.0000000000,0.0000000000,exit_right
55600,1,0.0000000000,0.0000000000,2.6995685851,0.0000000000,scatter
55600,2,2.6995685851,0.0000000000,3.0000000000,0.0679108210,exit_right
55700,1,0.0000000000,0.0000000000,3.0000000000,0.0000000000,exit_right
55800,1,0.0000000000,0.0000000000,1.7030228754,0.0000000000,scatter
55800,2,1.7030228754,0.0000000000,1.3531920749,0.0242424865,scatter
55800,3,1.3531920749,0.0242424865,1.8756858761,0.6868885731,absorb
55900,1,0.0000000000,0.0000000000,0.8093197280,0.0000000000,scatter
55900,2,0.8093197280,0.0000000000,0.4985862350,1.0383055236,scatter
55900,3,0.4985862350,1.0383055236,0.0000000000,1.3543117127,exit_left
56000,1,0.0000000000,0.0000000000,0.4204489329,0.0000000000,scatter
56000,2,0.4204489329,0.0000000000,0.0000000000,-2.2423294832,exit_left
56100,1,0.0000000000,0.0000000000,2.1824166561,0.0000000000,scatter
56100,2,2.1824166561,0.0000000000,2.4804060832,2.3015408629,scatter
56100,3,2.4804060832,2.3015408629,3.0000000000,3.6713648516,exit_right
56200,1,0.0000000000,0.0000000000,3.0000000000,0.0000000000,exit_right
56300,1,0.0000000000,0.0000000000,3.0000000000,0.0000000000,exit_right
56400,1,0.0000000000,0.0000000000,0.6755757780,0.0000000000,scatter
56400,2,0.6755757780,0.0000000000,0.0000000000,-0.6469789381,exit_left
56500,1,0.0000000000,0.0000000000,3.0000000000,0.0000000000,exit_right
56600,1,0.0000000000,0.0000000000,3.0000000000,0.0000000000,exit_right
56700,1,0.0000000000,0.0000000000,1.5754868637,0.0000000000,scatter
56700,2,1.5754868637,0.0000000000,1.6464407483,-0.1305411917,absorb
56800,1,0.0000000000,0.0000000000,2.3387165210,0.0000000000,scatter
56800,2,2.3387165210,0.0000000000,2.2983998437,-0.3756236204,scatter
56800,3,2.2983998437,-0.3756236204,1.0817891991,-1.4877875086,scatter
56800,4,1.0817891991,-1.4877875086,0.0000000000,-2.1708837455,exit_left
56900,1,0.0000000000,0.0000000000,3.0000000000,0.0000000000,exit_right
57000,1,0.0000000000,0.0000000000,3.0000000000,0.0000000000,exit_right
57100,1,0.0000000000,0.0000000000,2.9945233882,0.0000000000,scatter
57100,2,2.9945233882,0.0000000000,3.0000000000,-0.0167890408,exit_right
57200,1,0.0000000000,0.0000000000,0.1883937287,0.0000000000,scatter
57200,2,0.1883937287,0.0000000000,1.7855662434,2.3376507909,scatter
57200,3,1.7855662434,2.3376507909,0.4627601314,2.9314133842,scatter
57200,4,0.4627601314,2.9314133842,0.7197579439,3.1506253030,scatter
57200,5,0.7197579439,3.1506253030,0.3862860844,3.0728468919,scatter
57200,6,0.3862860844,3.0728468919,3.0000000000,-2.5231672103,exit_right
57300,1,0.0000000000,0.0000000000,3.0000000000,0.0000000000,exit_right
57400,1,0.0000000000,0.0000000000,3.0000000000,0.0000000000,exit_right
57500,1,0.0000000000,0.0000000000,3.0000000000,0.0000000000,exit_right
57600,1,0.0000000000,0.0000000000,3.0000000000,0.0000000000,exit_right
57700,1,0.0000000000,0.0000000000,1.8667038327,0.0000000000,scatter
57700,2,1.8667038327,0.0000000000,2.5120975377,-1.1050245918,scatter
57700,3,2.5120975377,-1.1050245918,2.3094440546,-0.6737885083,absorb
57800,1,0.0000000000,0.0000000000,2.3192159910,0.0000000000,absorb
57900,1,0.0000000000,0.0000000000,0.5678419123,0.0000000000,scatter
57900,2,0.5678419123,0.0000000000,0.1892870475,0.4776947701,scatter
57900,3,0.1892870475,0.4776947701,0.0000000000,1.5877296888,exit_left
58000,1,0.0000000000,0.0000000000,1.5973313895,0.0000000000,absorb
58100,1,0.0000000000,0.0000000000,3.0000000000,0.0000000000,exit_right
58200,1,0.0000000000,0.0000000000,0.6809253973,0.0000000000,scatter
58200,2,0.6809253973,0.0000000000,3.0000000000,-5.0207920984,exit_right
58300,1,0.0000000000,0.0000000000,0.8341384329,0.0000000000,scatter
58300,2,0.8341384329,0.0000000000,1.4081953155,-3.7379115675,scatter
58300,3,1.4081953155,-3.7379115675,1.8775170150,-3.9807014334,absorb
58400,1,0.0000000000,0.0000000000,1.4652839339,0.0000000000,scatter
58400,2,1.4652839339,0.0000000000,1.4749145114,-0.0758125515,scatter
58400,3,1.4749145114,-0.0758125515,1.6105781359,0.4379337021,scatter
58400,4,1.6105781359,0.4379337021,2.8247053335,-0.7143070672,scatter
58400,5,2.8247053335,-0.7143070672,3.0000000000,-1.1178177430,exit_right
58500,1,0.0000000000,0.0000000000,3.0000000000,0.0000000000,exit_right
58600,1,0.0000000000,0.0000000000,0.1988172190,0.0000000000,scatter
58600,2,0.1988172190,0.0000000000,0.3070136642,0.0504879896,absorb
58700,1,0.0000000000,0.0000000000,3.0000000000,0.0000000000,exit_right
58800,1,0.0000000000,0.0000000000,0.6169867824,0.0000000000,scatter
58800,2,0.6169867824,0.0000000000,0.6243248551,-0.8265461218,scatter
58800,3,0.6243248551,-0.8265461218,0.0000000000,-3.0781707194,exit_left
58900,1,0.0000000000,0.0000000000,3.0000000000,0.0000000000,exit_right
59000,1,0.0000000000,0.0000000000,3.0000000000,0.0000000000,exit_right
59100,1,0.0000000000,0.0000000000,0.1560461234,0.0000000000,scatter
59100,2,0.1560461234,0.0000000000,0.1354094649,-0.0104102144,scatter
59100,3,0.1354094649,-0.0104102144,0.4787719803,-0.2132619560,scatter
59100,4,0.4787719803,-0.2132619560,0.0000000000,-0.3081651872,exit_left
59200,1,0.0000000000,0.0000000000,3.0000000000,0.0000000000,exit_right
59300,1,0.0000000000,0.0000000000,1.9035337800,0.0000000000,absorb
59400,1,0.0000000000,0.0000000000,0.1651522356,0.0000000000,scatter
59400,2,0.1651522356,0.0000000000,0.0000000000,-0.0041588511,exit_left
59500,1,0.0000000000,0.0000000000,3.0000000000,0.0000000000,exit_right
59600,1,0.0000000000,0.0000000000,0.3621214322,0.0000000000,scatter
59600,2,0.3621214322,0.0000000000,1.0904537813,1.2189061050,absorb
59700,1,0.0000000000,0.0000000000,1.6823412273,0.0000000000,scatter
59700,2,1.6823412273,0.0000000000,1.6669529765,-1.4930644182,scatter
59700,3,1.6669529765,-1.4930644182,1.6576538332,-1.4297986121,scatter
59700,4,1.6576538332,-1.4297986121,1.6398533672,-1.5339105488,absorb
59800,1,0.0000000000,0.0000000000,1.2218183370,0.0000000000,scatter
59800,2,1.2218183370,0.0000000000,0.0000000000,0.7492610997,exit_left
59900,1,0.0000000000,0.0000000000,3.0000000000,0.0000000000,exit_right
60000,1,0.0000000000,0.0000000000,1.3792534685,0.0000000000,scatter
60000,2,1.3792534685,0.0000000000,1.4516879267,0.0073520140,scatter
60000,3,1.4516879267,0.0073520140,0.6292052754,0.1166355392,scatter
60000,4,0.6292052754,0.1166355392,2.5070234814,1.2033630510,absorb
60100,1,0.0000000000,0.0000000000,2.9415269022,0.0000000000,scatter
60100,2,2.9415269022,0.0000000000,3.0000000000,0.0537403815,exit_right
60200,1,0.0000000000,0.0000000000,0.9052848622,0.0000000000,scatter
60200,2,0.9052848622,0.0000000000,0.7152082047,-0.0423358172,scatter
60200,3,0.7152082047,-0.0423358172,0.0268696881,-0.1983725534,absorb
60300,1,0.0000000000,0.0000000000,2.2459916602,0.0000000000,absorb
60400,1,0.0000000000,0.0000000000,1.8970184469,0.0000000000,scatter
60400,2,1.8970184469,0.0000000000,0.2541172270,0.2678886123,scatter
60400,3,0.2541172270,0.2678886123,0.0000000000,0.2155873556,exit_left
60500,1,0.0000000000,0.0000000000,0.3205244652,0.0000000000,absorb
60600,1,0.0000000000,0.0000000000,1.8047110190,0.0000000000,scatter
60600,2,1.8047110190,0.0000000000,2.0655824574,-0.1241121784,scatter
60600,3,2.0655824574,-0.1241121784,3.0000000000,-1.1514092537,exit_right
60700,1,0.0000000000,0.0000000000,0.7852213568,0.0000000000,scatter
60700,2,0.7852213568,0.0000000000,0.4438823594,-1.4885407616,absorb
60800,1,0.0000000000,0.0000000000,1.1567963028,0.0000000000,scatter
60800,2,1.1567963028,0.0000000000,0.8374259402,0.8413219588,scatter
60800,3,0.8374259402,0.8413219588,0.6283473813,0.5929072420,scatter
60800,4,0.6283473813,0.5929072420,0.6667610066,0.6468147077,scatter
60800,5,0.6667610066,0.6468147077,3.0000000000,0.9420980249,exit_right
60900,1,0.0000000000,0.0000000000,0.4530905645,0.0000000000,scatter
60900,2,0.4530905645,0.0000000000,0.0000000000,-0.6254862790,exit_left
61000,1,0.0000000000,0.0000000000,1.5022812759,0.0000000000,absorb
61100,1,0.0000000000,0.0000000000,3.0000000000,0.0000000000,exit_right
61200,1,0.0000000000,0.0000000000,1.8316206214,0.0000000000,scatter
61200,2,1.8316206214,0.0000000000,1.3437943214,-1.1214018488,scatter
61200,3,1.3437943214,-1.1214018488,3.0000000000,0.8726489769,exit_right
61300,1,0.0000000000,0.0000000000,3.0000000000,0.0000000000,exit_right
61400,1,0.0000000000,0.0000000000,1.3542770277,0.0000000000,scatter
61400,2,1.3542770277,0.0000000000,0.1912368151,-1.1656732859,scatter
61400,3,0.1912368151,-1.1656732859,0.0000000000,-1.6393194085,exit_left
61500,1,0.0000000000,0.0000000000,3.0000000000,0.0000000000,exit_right
61600,1,0.0000000000,0.0000000000,1.8836467180,0.0000000000,scatter
61600,2,1.8836467180,0.0000000000,2.5679240294,-1.1229667539,scatter
61600,3,2.5679240294,-1.1229667539,2.0597555065,-2.5100565579,absorb
61700,1,0.0000000000,0.0000000000,0.0367060393,0.0000000000,scatter
61700,2,0.0367060393,0.0000000000,0.0000000000,0.2855060195,exit_left
61800,1,0.0000000000,0.0000000000,0.7122875385,0.0000000000,scatter
61800,2,0.7122875385,0.0000000000,0.5175077052,-0.4347711652,scatter
61800,3,0.5175077052,-0.4347711652,0.7570655988,-0.0248555281,scatter
61800,4,0.7570655988,-0.0248555281,0.0000000000,1.8777827492,exit_left
61900,1,0.0000000000,0.0000000000,0.0069172825,0.0000000000,scatter
61900,2,0.0069172825,0.0000000000,0.1180088947,-0.3573711460,scatter
61900,3,0.1180088947,-0.3573711460,0.0000000000,-0.2626031827,exit_left
62000,1,0.0000000000,0.0000000000,3.0000000000,0.0000000000,exit_right
62100,1,0.0000000000,0.0000000000,2.2218318048,0.0000000000,scatter
62100,2,2.2218318048,0.0000000000,1.6635740817,1.5033168945,scatter
62100,3,1.6635740817,1.5033168945,2.3098499644,1.7605819340,scatter
62100,4,2.3098499644,1.7605819340,3.0000000000,2.2161715693,exit_right
62200,1,0.0000000000,0.0000000000,3.0000000000,0.0000000000,exit_right
62300,1,0.0000000000,0.0000000000,0.0161773331,0.0000000000,scatter
62300,2,0.0161773331,0.0000000000,0.5637359841,0.0851253577,scatter
62300,3,0.5637359841,0.0851253577,1.0050456068,0.6054408946,scatter
62300,4,1.0050456068,0.6054408946,1.2253613616,0.3150576694,scatter
62300,5,1.2253613616,0.3150576694,0.3795655476,0.2930620405,scatter
62300,6,0.3795655476,0.2930620405,0.6013254730,1.8410710648,scatter
62300,7,0.6013254730,1.8410710648,0.5694682655,2.0348014216,absorb
62400,1,0.0000000000,0.0000000000,2.7118200035,0.0000000000,scatter
62400,2,2.7118200035,0.0000000000,0.0000000000,0.9144399507,exit_left
62500,1,0.0000000000,0.0000000000,3.0000000000,0.0000000000,exit_right
62600,1,0.0000000000,0.0000000000,3.0000000000,0.0000000000,exit_right
62700,1,0.0000000000,0.0000000000,0.7526629932,0.0000000000,scatter
62700,2,0.7526629932,0.0000000000,0.0000000000,0.4637889331,exit_left
62800,1,0.0000000000,0.0000000000,0.0228633855,0.0000000000,scatter
62800,2,0.0228633855,0.0000000000,0.9023723761,0.2833567600,absorb
62900,1,0.0000000000,0.0000000000,0.0833989156,0.0000000000,absorb
63000,1,0.0000000000,0.0000000000,0.4023360112,0.0000000000,scatter
63000,2,0.4023360112,0.0000000000,0.8614298772,0.0282394588,scatter
63000,3,0.8614298772,0.0282394588,0.9568884864,0.1178757934,scatter
63000,4,0.9568884864,0.1178757934,2.8329908813,-1.8162600291,scatter
63000,5,2.8329908813,-1.8162600291,3.0000000000,-2.4640345665,exit_right
63100,1,0.0000000000,0.0000000000,0.4852468516,0.0000000000,scatter
63100,2,0.4852468516,0.0000000000,0.3291255368,1.7496909628,scatter
63100,3,0.3291255368,1.7496909628,0.2238241108,2.0158058433,absorb
63200,1,0.0000000000,0.0000000000,1.5303283590,0.0000000000,absorb
63300,1,0.0000000000,0.0000000000,0.1906821873,0.0000000000,scatter
63300,2,0.1906821873,0.0000000000,0.7011401832,1.8455353438,absorb
63400,1,0.0000000000,0.0000000000,0.6891624145,0.0000000000,scatter
63400,2,0.6891624145,0.0000000000,3.0000000000,-2.4200108732,exit_right
63500,1,0.0000000000,0.0000000000,1.5201822032,0.0000000000,scatter
63500,2,1.5201822032,0.0000000000,3.0000000000,-2.9328311441,exit_right
63600,1,0.0000000000,0.0000000000,3.0000000000,0.0000000000,exit_right
63700,1,0.0000000000,0.0000000000,1.8235584294,0.0000000000,absorb
63800,1,0.0000000000,0.0000000000,2.0060132207,0.0000000000,scatter
63800,2,2.0060132207,0.0000000000,2.5229042470,-2.6840178819,scatter
63800,3,2.5229042470,-2.6840178819,3.0000000000,-1.7615717870,exit_right
63900,1,0.0000000000,0.0000000000,1.8805205696,0.0000000000,scatter
63900,2,1.8805205696,0.0000000000,0.0000000000,-0.3976778685,exit_left
64000,1,0.0000000000,0.0000000000,2.9120269651,0.0000000000,scatter
64000,2,2.9120269651,0.0000000000,3.0000000000,0.0106993930,exit_right
64100,1,0.0000000000,0.0000000000,1.4156034267,0.0000000000,scatter
64100,2,1.4156034267,0.0000000000,0.8487883423,-0.2173606978,scatter
64100,3,0.8487883423,-0.2173606978,0.8566861622,2.7299386209,absorb
64200,1,0.0000000000,0.0000000000,1.7801689990,0.0000000000,scatter
64200,2,1.7801689990,0.0000000000,0.1762840390,2.2233456465,scatter
64200,3,0.1762840390,2.2233456465,1.2602838852,3.9933187238,scatter
64200,4,1.2602838852,3.9933187238,1.9390951322,4.4043047968,absorb
64300,1,0.0000000000,0.0000000000,3.0000000000,0.0000000000,exit_right
64400,1,0.0000000000,0.0000000000,3.0000000000,0.0000000000,exit_right
64500,1,0.0000000000,0.0000000000,1.1170868654,0.0000000000,scatter
64500,2,1.1170868654,0.0000000000,1.2038363830,-4.7616170646,scatter
64500,3,1.2038363830,-4.7616170646,2.8381999456,-6.0145543678,scatter
64500,4,2.8381999456,-6.0145543678,0.9697207885,-5.5604769892,scatter
64500,5,0.9697207885,-5.5604769892,0.4700581905,-5.6607681221,scatter
64500,6,0.4700581905,-5.6607681221,0.6227345111,-6.5279878650,scatter
64500,7,0.6227345111,-6.5279878650,0.2659620626,-6.2279921874,scatter
64500,8,0.2659620626,-6.2279921874,3.0000000000,-8.4364324474,exit_right
64600,1,0.0000000000,0.0000000000,0.2739305439,0.0000000000,absorb
64700,1,0.0000000000,0.0000000000,1.4453977806,0.0000000000,scatter
64700,2,1.4453977806,0.0000000000,0.0000000000,-1.1907829079,exit_left
64800,1,0.0000000000,0.0000000000,0.3740493543,0.0000000000,scatter
64800,2,0.3740493543,0.0000000000,2.2643755291,0.9024396931,absorb
64900,1,0.0000000000,0.0000000000,0.2752889068,0.0000000000,scatter
64900,2,0.2752889068,0.0000000000,0.8010376259,0.0662523333,scatter
64900,3,0.8010376259,0.0662523333,0.6403631545,0.4237105482,scatter
64900,4,0.6403631545,0.4237105482,1.2180177082,0.3662806420,scatter
64900,5,1.2180177082,0.3662806420,0.0000000000,0.9198651395,exit_left
65000,1,0.0000000000,0.0000000000,2.2843614975,0.0000000000,scatter
65000,2,2.2843614975,0.0000000000,3.0000000000,-0.4287603707,exit_right
65100,1,0.0000000000,0.0000000000,0.7803306985,0.0000000000,scatter
65100,2,0.7803306985,0.0000000000,0.4542494137,0.1560429224,scatter
65100,3,0.4542494137,0.1560429224,1.9440960311,2.1119398442,scatter
65100,4,1.9440960311,2.1119398442,2.2896017232,1.6237724226,scatter
65100,5,2.2896017232,1.6237724226,2.5394644228,0.9940307187,absorb
65200,1,0.0000000000,0.0000000000,1.3854478507,0.0000000000,scatter
65200,2,1.3854478507,0.0000000000,1.6949210745,1.0351839688,scatter
65200,3,1.6949210745,1.0351839688,1.7481406629,0.6766813506,scatter
65200,4,1.7481406629,0.6766813506,0.6203636393,0.0187076108,scatter
65200,5,0.6203636393,0.0187076108,2.8887930728,-1.4095947787,scatter
65200,6,2.8887930728,-1.4095947787,1.4554190858,-0.2382084896,scatter
65200,7,1.4554190858,-0.2382084896,2.4028196479,3.1853102418,scatter
65200,8,2.4028196479,3.1853102418,0.5487098378,2.3908728733,scatter
65200,9,0.5487098378,2.3908728733,1.3793900592,-3.8681541712,scatter
65200,10,1.3793900592,-3.8681541712,0.4903844523,-4.5915239163,scatter
65200,11,0.4903844523,-4.5915239163,0.1696509330,-3.8699452286,scatter
65200,12,0.1696509330,-3.8699452286,0.4199805715,-3.9445510838,scatter
65200,13,0.4199805715,-3.9445510838,0.0000000000,-3.5372400095,exit_left
65300,1,0.0000000000,0.0000000000,3.0000000000,0.0000000000,exit_right
65400,1,0.0000000000,0.0000000000,1.9644728758,0.0000000000,scatter
65400,2,1.9644728758,0.0000000000,0.0000000000,1.6923241199,exit_left
65500,1,0.0000000000,0.0000000000,0.6556775312,0.0000000000,scatter
65500,2,0.6556775312,0.0000000000,1.2785817189,-0.6214027296,absorb
65600,1,0.0000000000,0.0000000000,0.7655957390,0.0000000000,scatter
65600,2,0.7655957390,0.0000000000,1.3871712438,-1.0891220986,scatter
65600,3,1.3871712438,-1.0891220986,0.0000000000,-1.5679225087,exit_left
65700,1,0.0000000000,0.0000000000,2.3806103789,0.0000000000,scatter
65700,2,2.3806103789,0.0000000000,2.1090405238,-0.5940135041,scatter
65700,3,2.1090405238,-0.5940135041,0.7996559362,-0.1285314876,scatter
65700,4,0.7996559362,-0.1285314876,2.1424010149,-2.4848649714,scatter
65700,5,2.1424010149,-2.4848649714,1.1446847952,-1.6024845839,scatter
65700,6,1.1446847952,-1.6024845839,1.3092280541,-1.6342300666,scatter
65700,7,1.3092280541,-1.6342300666,0.1291484098,-1.9988237826,scatter
65700,8,0.1291484098,-1.9988237826,0.5247756198,-2.2106736501,absorb
65800,1,0.0000000000,0.0000000000,0.1414572389,0.0000000000,scatter
65800,2,0.1414572389,0.0000000000,0.5208664675,0.1195539154,absorb
65900,1,0.0000000000,0.0000000000,2.5262560862,0.0000000000,scatter
65900,2,2.5262560862,0.0000000000,2.3961735448,0.1225569262,scatter
65900,3,2.3961735448,0.1225569262,0.0000000000,-0.5203341386,exit_left
66000,1,0.0000000000,0.0000000000,0.5525793126,0.0000000000,scatter
66000,2,0.5525793126,0.0000000000,0.0000000000,0.6917769612,exit_left
66100,1,0.0000000000,0.0000000000,1.8300730444,0.0000000000,scatter
66100,2,1.8300730444,0.0000000000,0.9423675337,-0.0630140074,absorb
66200,1,0.0000000000,0.0000000000,3.0000000000,0.0000000000,exit_right
66300,1,0.0000000000,0.0000000000,3.0000000000,0.0000000000,exit_right
66400,1,0.0000000000,0.0000000000,1.6823189144,0.0000000000,scatter
66400,2,1.6823189144,0.0000000000,1.7082225978,0.0028164811,absorb
66500,1,0.0000000000,0.0000000000,1.4211214981,0.0000000000,scatter
66500,2,1.4211214981,0.0000000000,3.0000000000,-0.2317041113,exit_right
66600,1,0.0000000000,0.0000000000,3.0000000000,0.0000000000,exit_right
66700,1,0.0000000000,0.0000000000,0.8310466735,0.0000000000,scatter
66700,2,0.8310466735,0.0000000000,0.6172661445,0.3171499063,scatter
66700,3,0.6172661445,0.3171499063,0.1460819863,-1.0682131150,scatter
66700,4,0.1460819863,-1.0682131150,0.0000000000,-1.0909207491,exit_left
66800,1,0.0000000000,0.0000000000,0.2368614180,0.0000000000,absorb
66900,1,0.0000000000,0.0000000000,3.0000000000,0.0000000000,exit_right
67000,1,0.0000000000,0.0000000000,0.0132146168,0.0000000000,scatter
67000,2,0.0132146168,0.0000000000,1.4247610381,0.9721820843,scatter
67000,3,1.4247610381,0.9721820843,3.0000000000,2.5722521229,exit_right
67100,1,0.0000000000,0.0000000000,3.0000000000,0.0000000000,exit_right
67200,1,0.0000000000,0.0000000000,1.0490834318,0.0000000000,scatter
67200,2,1.0490834318,0.0000000000,0.4501264786,-0.0687985997,scatter
67200,3,0.4501264786,-0.0687985997,0.5063929997,1.1535935575,scatter
67200,4,0.5063929997,1.1535935575,0.9534094319,3.3679573587,absorb
67300,1,0.0000000000,0.0000000000,3.0000000000,0.0000000000,exit_right
67400,1,0.0000000000,0.0000000000,0.4863291349,0.0000000000,scatter
67400,2,0.4863291349,0.0000000000,0.4343143586,-0.0038448531,scatter
67400,3,0.4343143586,-0.0038448531,0.1732918861,-0.4913819005,scatter
67400,4,0.1732918861,-0.4913819005,0.0000000000,-0.2837593770,exit_left
67500,1,0.0000000000,0.0000000000,2.7630677297,0.0000000000,scatter
67500,2,2.7630677297,0.0000000000,1.8195453235,-0.3434948129,scatter
67500,3,1.8195453235,-0.3434948129,2.3930469094,0.6050551782,scatter
67500,4,2.3930469094,0.6050551782,3.0000000000,0.5396522196,exit_right
67600,1,0.0000000000,0.0000000000,3.0000000000,0.0000000000,exit_right
67700,1,0.0000000000,0.0000000000,0.5761276659,0.0000000000,scatter
67700,2,0.5761276659,0.0000000000,1.2820231683,-3.2159877164,scatter
67700,3,1.2820231683,-3.2159877164,0.0000000000,-3.9700392148,exit_left
67800,1,0.0000000000,0.0000000000,0.4591181868,0.0000000000,absorb
67900,1,0.0000000000,0.0000000000,2.7989958907,0.0000000000,absorb
68000,1,0.0000000000,0.0000000000,1.1028385417,0.0000000000,scatter
68000,2,1.1028385417,0.0000000000,1.0452655970,0.2158161967,scatter
68000,3,1.0452655970,0.2158161967,1.0620665545,-0.0486406783,scatter
68000,4,1.0620665545,-0.0486406783,3.0000000000,-0.1255898743,exit_right
68100,1,0.0000000000,0.0000000000,3.0000000000,0.0000000000,exit_right
68200,1,0.0000000000,0.0000000000,3.0000000000,0.0000000000,exit_right
68300,1,0.0000000000,0.0000000000,1.3688212124,0.0000000000,scatter
68300,2,1.3688212124,0.0000000000,0.0760804030,-0.2251761442,absorb
68400,1,0.0000000000,0.0000000000,0.4310774664,0.0000000000,absorb
68500,1,0.0000000000,0.0000000000,1.2398473956,0.0000000000,scatter
68500,2,1.2398473956,0.0000000000,0.7820298721,-0.3541577003,scatter
68500,3,0.7820298721,-0.3541577003,0.4423860436,0.2794319653,scatter
68500,4,0.4423860436,0.2794319653,0.6280386315,0.9500888139,scatter
68500,5,0.6280386315,0.9500888139,0.7769014694,0.8256899289,scatter
68500,6,0.7769014694,0.8256899289,2.9518154061,-1.7540671773,scatter
68500,7,2.9518154061,-1.7540671773,3.0000000000,-1.7658526876,exit_right
68600,1,0.0000000000,0.0000000000,3.0000000000,0.0000000000,exit_right
68700,1,0.0000000000,0.0000000000,3.0000000000,0.0000000000,exit_right
68800,1,0.0000000000,0.0000000000,3.0000000000,0.0000000000,exit_right
68900,1,0.0000000000,0.0000000000,1.7292722906,0.0000000000,scatter
68900,2,1.7292722906,0.0000000000,1.2164586282,0.0849422397,absorb
69000,1,0.0000000000,0.0000000000,0.4303709048,0.0000000000,scatter
69000,2,0.4303709048,0.0000000000,0.3592353099,-0.0691488190,scatter
69000,3,0.3592353099,-0.0691488190,0.2871784625,-0.5485805392,scatter
69000,4,0.2871784625,-0.5485805392,0.0000000000,-0.4065126357,exit_left
69100,1,0.0000000000,0.0000000000,0.0613050804,0.0000000000,scatter
69100,2,0.0613050804,0.0000000000,0.6992790187,0.0578811811,scatter
69100,3,0.6992790187,0.0578811811,3.0000000000,-1.8548351437,exit_right
69200,1,0.0000000000,0.0000000000,1.1810082870,0.0000000000,scatter
69200,2,1.1810082870,0.0000000000,1.8005241794,0.7367331877,scatter
69200,3,1.8005241794,0.7367331877,1.9063572702,0.7829994393,absorb
69300,1,0.0000000000,0.0000000000,1.4637713702,0.0000000000,scatter
69300,2,1.4637713702,0.0000000000,3.0000000000,-0.7062462749,exit_right
69400,1,0.0000000000,0.0000000000,1.9637211598,0.0000000000,absorb
69500,1,0.0000000000,0.0000000000,0.5271592053,0.0000000000,scatter
69500,2,0.5271592053,0.0000000000,0.1951239554,3.0832249064,absorb
69600,1,0.0000000000,0.0000000000,0.4546669352,0.0000000000,scatter
69600,2,0.4546669352,0.0000000000,0.2869785895,0.0287702490,scatter
69600,3,0.2869785895,0.0287702490,0.7470057145,-0.9670857927,scatter
69600,4,0.7470057145,-0.9670857927,0.7771299279,-0.9996811990,scatter
69600,5,0.7771299279,-0.9996811990,2.0350370291,-2.3247776562,scatter
69600,6,2.0350370291,-2.3247776562,3.0000000000,-3.3581918213,exit_right
69700,1,0.0000000000,0.0000000000,0.6453144449,0.0000000000,absorb
69800,1,0.0000000000,0.0000000000,0.4779899928,0.0000000000,scatter
69800,2,0.4779899928,0.0000000000,0.4712749470,0.0011297426,scatter
69800,3,0.4712749470,0.0011297426,0.0000000000,-0.2579874307,exit_left
69900,1,0.0000000000,0.0000000000,0.5605542308,0.0000000000,absorb
70000,1,0.0000000000,0.0000000000,0.3904888637,0.0000000000,scatter
70000,2,0.3904888637,0.0000000000,0.7983855902,-3.1033925563,scatter
70000,3,0.7983855902,-3.1033925563,0.0000000000,-5.8452047115,exit_left
70100,1,0.0000000000,0.0000000000,1.2306217068,0.0000000000,scatter
70100,2,1.2306217068,0.0000000000,0.9744765448,0.0723922975,absorb
70200,1,0.0000000000,0.0000000000,1.3966942607,0.0000000000,scatter
70200,2,1.3966942607,0.0000000000,0.0000000000,-0.6397597334,exit_left
70300,1,0.0000000000,0.0000000000,3.0000000000,0.0000000000,exit_right
70400,1,0.0000000000,0.0000000000,1.1911386360,0.0000000000,absorb
70500,1,0.0000000000,0.0000000000,3.0000000000,0.0000000000,exit_right
70600,1,0.0000000000,0.0000000000,0.1020899189,0.0000000000,absorb
70700,1,0.0000000000,0.0000000000,3.0000000000,0.0000000000,exit_right
70800,1,0.0000000000,0.0000000000,0.7993446634,0.0000000000,scatter
70800,2,0.7993446634,0.0000000000,0.7071655439,-5.1665405171,absorb
70900,1,0.0000000000,0.0000000000,3.0000000000,0.0000000000,exit_right
71000,1,0.0000000000,0.0000000000,0.1037646544,0.0000000000,scatter
71000,2,0.1037646544,0.0000000000,0.0000000000,-0.0201234521,exit_left
71100,1,0.0000000000,0.0000000000,0.0417132452,0.0000000000,scatter
71100,2,0.0417132452,0.0000000000,1.7558994860,0.2063698267,scatter
71100,3,1.7558994860,0.2063698267,2.0430807356,0.2866423564,scatter
71100,4,2.0430807356,0.2866423564,1.3997279514,-0.6657844748,scatter
71100,5,1.3997279514,-0.6657844748,0.0000000000,-0.4638949580,exit_left
71200,1,0.0000000000,0.0000000000,0.4150693448,0.0000000000,scatter
71200,2,0.4150693448,0.0000000000,0.3266407245,-0.7262485749,scatter
71200,3,0.3266407245,-0.7262485749,0.0000000000,-0.5917654004,exit_left
71300,1,0.0000000000,0.0000000000,0.0934820269,0.0000000000,scatter
71300,2,0.0934820269,0.0000000000,0.0000000000,-0.0322112251,exit_left
71400,1,0.0000000000,0.0000000000,2.2837389594,0.0000000000,absorb
71500,1,0.0000000000,0.0000000000,1.2608428219,0.0000000000,scatter
71500,2,1.2608428219,0.0000000000,1.2279997834,0.0117393834,absorb
71600,1,0.0000000000,0.0000000000,3.0000000000,0.0000000000,exit_right
71700,1,0.0000000000,0.0000000000,0.6668337061,0.0000000000,scatter
71700,2,0.6668337061,0.0000000000,0.2753423676,0.1603449317,absorb
71800,1,0.0000000000,0.0000000000,3.0000000000,0.0000000000,exit_right
71900,1,0.0000000000,0.0000000000,1.1245902624,0.0000000000,scatter
71900,2,1.1245902624,0.0000000000,1.4843285262,0.1766299973,scatter
71900,3,1.4843285262,0.1766299973,1.5197293500,-0.8086724573,scatter
71900,4,1.5197293500,-0.8086724573,0.0000000000,0.7113715759,exit_left
72000,1,0.0000000000,0.0000000000,0.7483887052,0.0000000000,absorb
72100,1,0.0000000000,0.0000000000,1.5121918250,0.0000000000,scatter
72100,2,1.5121918250,0.0000000000,1.7280402227,-0.1202420662,scatter
72100,3,1.7280402227,-0.1202420662,0.5860538473,1.1009961602,scatter
72100,4,0.5860538473,1.1009961602,1.0910011410,1.2890121214,scatter
72100,5,1.0910011410,1.2890121214,1.8426939961,1.4287241857,scatter
72100,6,1.8426939961,1.4287241857,2.4015825551,0.1204860880,scatter
72100,7,2.4015825551,0.1204860880,3.0000000000,-0.1406047562,exit_right
72200,1,0.0000000000,0.0000000000,3.0000000000,0.0000000000,exit_right
72300,1,0.0000000000,0.0000000000,2.2858517142,0.0000000000,scatter
72300,2,2.2858517142,0.0000000000,3.0000000000,-0.8235359191,exit_right
72400,1,0.0000000000,0.0000000000,1.1916336805,0.0000000000,absorb
72500,1,0.0000000000,0.0000000000,1.0352190089,0.0000000000,scatter
72500,2,1.0352190089,0.0000000000,1.4127687587,-1.2101130802,absorb
72600,1,0.0000000000,0.0000000000,1.2119337536,0.0000000000,scatter
72600,2,1.2119337536,0.0000000000,0.0000000000,0.1361492929,exit_left
72700,1,0.0000000000,0.0000000000,0.0100592506,0.0000000000,absorb
72800,1,0.0000000000,0.0000000000,3.0000000000,0.0000000000,exit_right
72900,1,0.0000000000,0.0000000000,3.0000000000,0.0000000000,exit_right
73000,1,0.0000000000,0.0000000000,0.0209040475,0.0000000000,scatter
73000,2,0.0209040475,0.0000000000,0.3603177667,-0.8878429496,scatter
73000,3,0.3603177667,-0.8878429496,0.0000000000,-0.8237291274,exit_left
73100,1,0.0000000000,0.0000000000,2.4024753036,0.0000000000,scatter
73100,2,2.4024753036,0.0000000000,0.0000000000,0.4345504768,exit_left
73200,1,0.0000000000,0.0000000000,1.2362714459,0.0000000000,scatter
73200,2,1.2362714459,0.0000000000,0.7367746655,-0.0110919057,scatter
73200,3,0.7367746655,-0.0110919057,0.6493852568,0.0457010079,scatter
73200,4,0.6493852568,0.0457010079,2.0113871347,1.3122459204,scatter
73200,5,2.0113871347,1.3122459204,2.3678586110,1.4295885838,absorb
73300,1,0.0000000000,0.0000000000,2.2499724923,0.0000000000,scatter
73300,2,2.2499724923,0.0000000000,2.5893416703,-0.3879775997,absorb
73400,1,0.0000000000,0.0000000000,3.0000000000,0.0000000000,exit_right
73500,1,0.0000000000,0.0000000000,0.4651307396,0.0000000000,absorb
73600,1,0.0000000000,0.0000000000,1.9817960229,0.0000000000,scatter
73600,2,1.9817960229,0.0000000000,2.3397807866,1.0768548879,scatter
73600,3,2.3397807866,1.0768548879,2.9270328503,-1.6416845185,scatter
73600,4,2.9270328503,-1.6416845185,2.4861602552,-2.5221624451,absorb
73700,1,0.0000000000,0.0000000000,0.1474166403,0.0000000000,scatter
73700,2,0.1474166403,0.0000000000,0.0000000000,0.1008312171,exit_left
73800,1,0.0000000000,0.0000000000,2.3297129772,0.0000000000,scatter
73800,2,2.3297129772,0.0000000000,2.0707646605,0.0250323435,absorb
73900,1,0.0000000000,0.0000000000,3.0000000000,0.0000000000,exit_right
74000,1,0.0000000000,0.0000000000,0.1221924809,0.0000000000,scatter
74000,2,0.1221924809,0.0000000000,1.5358414277,0.5500973336,scatter
74000,3,1.5358414277,0.5500973336,0.0000000000,0.7105501722,exit_left
74100,1,0.0000000000,0.0000000000,2.1028038226,0.0000000000,scatter
74100,2,2.1028038226,0.0000000000,3.0000000000,-0.5754838754,exit_right
74200,1,0.0000000000,0.0000000000,0.9029207761,0.0000000000,scatter
74200,2,0.9029207761,0.0000000000,3.0000000000,0.6080792398,exit_right
74300,1,0.0000000000,0.0000000000,1.4591229199,0.0000000000,scatter
74300,2,1.4591229199,0.0000000000,3.0000000000,0.5422129276,exit_right
74400,1,0.0000000000,0.0000000000,2.4067388496,0.0000000000,scatter
74400,2,2.4067388496,0.0000000000,0.4889242990,-0.2797122415,absorb
74500,1,0.0000000000,0.0000000000,3.0000000000,0.0000000000,exit_right
74600,1,0.0000000000,0.0000000000,3.0000000000,0.0000000000,exit_right
74700,1,0.0000000000,0.0000000000,0.1618814713,0.0000000000,scatter
74700,2,0.1618814713,0.0000000000,1.3100485805,-0.0825439419,scatter
74700,3,1.3100485805,-0.0825439419,1.3377959374,-0.8554036781,scatter
74700,4,1.3377959374,-0.8554036781,2.4058911561,-0.3348783545,absorb
74800,1,0.0000000000,0.0000000000,0.0002194121,0.0000000000,scatter
74800,2,0.0002194121,0.0000000000,0.0000000000,-0.0025808171,exit_left
74900,1,0.0000000000,0.0000000000,1.0173495002,0.0000000000,scatter
74900,2,1.0173495002,0.0000000000,1.1200181504,-1.2359615365,absorb
75000,1,0.0000000000,0.0000000000,2.5694535851,0.0000000000,scatter
75000,2,2.5694535851,0.0000000000,3.0000000000,-0.5050578885,exit_right
75100,1,0.0000000000,0.0000000000,2.3100747203,0.0000000000,scatter
75100,2,2.3100747203,0.0000000000,2.6394399195,2.9072262713,scatter
75100,3,2.6394399195,2.9072262713,2.3745493633,6.4410114275,scatter
75100,4,2.3745493633,6.4410114275,3.0000000000,5.9073736543,exit_right
75200,1,0.0000000000,0.0000000000,0.8931136996,0.0000000000,scatter
75200,2,0.8931136996,0.0000000000,0.7377606187,0.1272829471,scatter
75200,3,0.7377606187,0.1272829471,1.5496034846,5.2688891612,scatter
75200,4,1.5496034846,5.2688891612,1.8734884219,5.7031233129,scatter
75200,5,1.8734884219,5.7031233129,1.8863782402,5.6701785722,scatter
75200,6,1.8863782402,5.6701785722,1.3856605560,3.1770137595,scatter
75200,7,1.3856605560,3.1770137595,0.1908250895,3.7585241392,scatter
75200,8,0.1908250895,3.7585241392,0.1835415191,7.8937941783,absorb
75300,1,0.0000000000,0.0000000000,3.0000000000,0.0000000000,exit_right
75400,1,0.0000000000,0.0000000000,2.1593087138,0.0000000000,scatter
75400,2,2.1593087138,0.0000000000,2.0067017929,-2.0586307805,scatter
75400,3,2.0067017929,-2.0586307805,1.8685396897,-2.0153938083,scatter
75400,4,1.8685396897,-2.0153938083,3.0000000000,-2.8050115856,exit_right
75500,1,0.0000000000,0.0000000000,3.0000000000,0.0000000000,exit_right
75600,1,0.0000000000,0.0000000000,3.0000000000,0.0000000000,exit_right
75700,1,0.0000000000,0.0000000000,2.1170879929,0.0000000000,absorb
75800,1,0.0000000000,0.0000000000,0.2063186353,0.0000000000,scatter
75800,2,0.2063186353,0.0000000000,0.0000000000,-0.1482495887,exit_left
75900,1,0.0000000000,0.0000000000,0.1740566764,0.0000000000,absorb
76000,1,0.0000000000,0.0000000000,3.0000000000,0.0000000000,exit_right
76100,1,0.0000000000,0.0000000000,1.4041126682,0.0000000000,scatter
76100,2,1.4041126682,0.0000000000,1.4781443106,0.0259774819,scatter
76100,3,1.4781443106,0.0259774819,0.9714070465,0.4012667170,scatter
76100,4,0.9714070465,0.4012667170,2.6012054767,3.3934298791,scatter
76100,5,2.6012054767,3.3934298791,0.8876952888,5.2692423984,scatter
76100,6,0.8876952888,5.2692423984,0.7826604245,7.5162012650,scatter
76100,7,0.7826604245,7.5162012650,0.9693377857,10.8820925244,scatter
76100,8,0.9693377857,10.8820925244,0.0000000000,11.4199221733,exit_left
76200,1,0.0000000000,0.0000000000,1.8330212062,0.0000000000,scatter
76200,2,1.8330212062,0.0000000000,2.0014632621,0.0766998879,scatter
76200,3,2.0014632621,0.0766998879,1.7173550208,-2.0536563670,scatter
76200,4,1.7173550208,-2.0536563670,0.6913563720,-0.7620948427,scatter
76200,5,0.6913563720,-0.7620948427,2.2814282815,0.3319592806,scatter
76200,6,2.2814282815,0.3319592806,3.0000000000,0.5269565383,exit_right
76300,1,0.0000000000,0.0000000000,1.3382581888,0.0000000000,scatter
76300,2,1.3382581888,0.0000000000,1.2587043781,-0.2552010016,scatter
76300,3,1.2587043781,-0.2552010016,2.8089852830,0.8743875058,absorb
76400,1,0.0000000000,0.0000000000,0.6538837578,0.0000000000,scatter
76400,2,0.6538837578,0.0000000000,0.3370430885,0.8191897749,absorb
76500,1,0.0000000000,0.0000000000,2.0520725973,0.0000000000,scatter
76500,2,2.0520725973,0.0000000000,1.0933633280,1.1264776118,absorb
76600,1,0.0000000000,0.0000000000,3.0000000000,0.0000000000,exit_right
76700,1,0.0000000000,0.0000000000,0.8312873266,0.0000000000,scatter
76700,2,0.8312873266,0.0000000000,0.0000000000,0.0270199710,exit_left
76800,1,0.0000000000,0.0000000000,0.2449871868,0.0000000000,scatter
76800,2,0.2449871868,0.0000000000,0.3574341308,0.0883327167,scatter
76800,3,0.3574341308,0.0883327167,0.0000000000,0.6434836398,exit_left
76900,1,0.0000000000,0.0000000000,1.6674128382,0.0000000000,scatter
76900,2,1.6674128382,0.0000000000,2.3300261182,0.4360256493,scatter
76900,3,2.3300261182,0.4360256493,2.6340260803,0.5094085130,scatter
76900,4,2.6340260803,0.5094085130,3.0000000000,-0.4192502077,exit_right
77000,1,0.0000000000,0.0000000000,0.9995670794,0.0000000000,absorb
77100,1,0.0000000000,0.0000000000,1.0410113616,0.0000000000,absorb
77200,1,0.0000000000,0.0000000000,1.3879372442,0.0000000000,scatter
77200,2,1.3879372442,0.0000000000,2.2723864025,0.4412558258,scatter
77200,3,2.2723864025,0.4412558258,3.0000000000,0.8325243299,exit_right
77300,1,0.0000000000,0.0000000000,0.4140651965,0.0000000000,scatter
77300,2,0.4140651965,0.0000000000,0.3262000590,0.2358023421,scatter
77300,3,0.3262000590,0.2358023421,0.0000000000,0.3447183855,exit_left
77400,1,0.0000000000,0.0000000000,0.5765495420,0.0000000000,scatter
77400,2,0.5765495420,0.0000000000,0.0000000000,-0.3001369059,exit_left
77500,1,0.0000000000,0.0000000000,2.4965339251,0.0000000000,scatter
77500,2,2.4965339251,0.0000000000,1.0454050004,-1.9008310574,scatter
77500,3,1.0454050004,-1.9008310574,1.1508044881,-1.6114518336,scatter
77500,4,1.1508044881,-1.6114518336,0.2004205390,-3.1828609977,scatter
77500,5,0.2004205390,-3.1828609977,0.0000000000,-2.8731865259,exit_left
77600,1,0.0000000000,0.0000000000,2.9501492645,0.0000000000,scatter
77600,2,2.9501492645,0.0000000000,2.4901600240,0.5266960495,scatter
77600,3,2.4901600240,0.5266960495,0.0000000000,3.3258504118,exit_left
77700,1,0.0000000000,0.0000000000,0.2678152396,0.0000000000,scatter
77700,2,0.2678152396,0.0000000000,0.5614173157,0.3393257145,scatter
77700,3,0.5614173157,0.3393257145,0.0000000000,0.9970979419,exit_left
77800,1,0.0000000000,0.0000000000,3.0000000000,0.0000000000,exit_right
77900,1,0.0000000000,0.0000000000,0.7268668056,0.0000000000,scatter
77900,2,0.7268668056,0.0000000000,0.2787489132,0.4822277634,scatter
77900,3,0.2787489132,0.4822277634,0.3808525922,-0.3126424135,absorb
78000,1,0.0000000000,0.0000000000,3.0000000000,0.0000000000,exit_right
78100,1,0.0000000000,0.0000000000,0.8429647030,0.0000000000,scatter
78100,2,0.8429647030,0.0000000000,1.6084383793,1.8993887988,absorb
78200,1,0.0000000000,0.0000000000,2.3832010500,0.0000000000,scatter
78200,2,2.3832010500,0.0000000000,3.0000000000,-1.3966682387,exit_right
78300,1,0.0000000000,0.0000000000,0.3854938501,0.0000000000,scatter
78300,2,0.3854938501,0.0000000000,1.0454989290,0.0876645964,absorb
78400,1,0.0000000000,0.0000000000,1.0992853078,0.0000000000,scatter
78400,2,1.0992853078,0.0000000000,2.0141492354,0.9221656266,absorb
78500,1,0.0000000000,0.0000000000,3.0000000000,0.0000000000,exit_right
78600,1,0.0000000000,0.0000000000,1.0618351290,0.0000000000,scatter
78600,2,1.0618351290,0.0000000000,0.7890788109,-0.0390928150,absorb
78700,1,0.0000000000,0.0000000000,2.9904310937,0.0000000000,scatter
78700,2,2.9904310937,0.0000000000,3.0000000000,0.0278843508,exit_right
78800,1,0.0000000000,0.0000000000,1.6447173109,0.0000000000,scatter
78800,2,1.6447173109,0.0000000000,0.5162612696,0.3492201831,scatter
78800,3,0.5162612696,0.3492201831,0.4305605650,0.1257421185,scatter
78800,4,0.4305605650,0.1257421185,2.5719856481,1.9808365636,scatter
78800,5,2.5719856481,1.9808365636,2.7027178445,1.8975168909,scatter
78800,6,2.7027178445,1.8975168909,1.1142012505,2.4452489409,scatter
78800,7,1.1142012505,2.4452489409,0.0000000000,3.3196218678,exit_left
78900,1,0.0000000000,0.0000000000,0.0947708226,0.0000000000,scatter
78900,2,0.0947708226,0.0000000000,0.0000000000,0.3349846673,exit_left
79000,1,0.0000000000,0.0000000000,1.3732173284,0.0000000000,absorb
79100,1,0.0000000000,0.0000000000,0.5087322581,0.0000000000,absorb
79200,1,0.0000000000,0.0000000000,0.7642115964,0.0000000000,absorb
79300,1,0.0000000000,0.0000000000,1.8309298707,0.0000000000,scatter
79300,2,1.8309298707,0.0000000000,1.2874989006,-1.7716636129,scatter
79300,3,1.2874989006,-1.7716636129,0.0000000000,0.6603797616,exit_left
79400,1,0.0000000000,0.0000000000,1.0353527396,0.0000000000,scatter
79400,2,1.0353527396,0.0000000000,0.5097885366,-0.0406069162,scatter
79400,3,0.5097885366,-0.0406069162,0.3971620317,-0.4148075158,scatter
79400,4,0.3971620317,-0.4148075158,0.0000000000,-1.1363347358,exit_left
79500,1,0.0000000000,0.0000000000,0.8503298003,0.0000000000,scatter
79500,2,0.8503298003,0.0000000000,1.0918582906,-0.1826223787,scatter
79500,3,1.0918582906,-0.1826223787,0.4331399087,-0.8813450125,scatter
79500,4,0.4331399087,-0.8813450125,0.4284758962,0.3993885600,scatter
79500,5,0.4284758962,0.3993885600,0.0000000000,-0.7199227826,exit_left
79600,1,0.0000000000,0.0000000000,2.0368376947,0.0000000000,scatter
79600,2,2.0368376947,0.0000000000,2.1669080443,-0.1068495731,scatter
79600,3,2.1669080443,-0.1068495731,2.4029862806,-1.3187223714,absorb
79700,1,0.0000000000,0.0000000000,1.8335542972,0.0000000000,scatter
79700,2,1.8335542972,0.0000000000,2.0122190371,0.4648920229,scatter
79700,3,2.0122190371,0.4648920229,3.0000000000,0.4326092403,exit_right
79800,1,0.0000000000,0.0000000000,0.7448938809,0.0000000000,scatter
79800,2,0.7448938809,0.0000000000,0.0000000000,-0.4678173279,exit_left
79900,1,0.0000000000,0.0000000000,2.1700076480,0.0000000000,scatter
79900,2,2.1700076480,0.0000000000,0.0000000000,-0.4001665252,exit_left
80000,1,0.0000000000,0.0000000000,0.1026136567,0.0000000000,scatter
80000,2,0.1026136567,0.0000000000,0.0000000000,-0.0025198389,exit_left
80100,1,0.0000000000,0.0000000000,1.2266364485,0.0000000000,scatter
80100,2,1.2266364485,0.0000000000,0.9902920650,1.8094979907,scatter
80100,3,0.9902920650,1.8094979907,1.9912448497,2.2692763851,scatter
80100,4,1.9912448497,2.2692763851,3.0000000000,2.0041881597,exit_right
80200,1,0.0000000000,0.0000000000,2.5450399468,0.0000000000,scatter
80200,2,2.5450399468,0.0000000000,3.0000000000,-0.4438266976,exit_right
80300,1,0.0000000000,0.0000000000,1.0827685116,0.0000000000,scatter
80300,2,1.0827685116,0.0000000000,2.7169150078,-1.2871630449,scatter
80300,3,2.7169150078,-1.2871630449,2.2447245579,-1.4286512596,scatter
80300,4,2.2447245579,-1.4286512596,2.3021251027,-1.7717379637,scatter
80300,5,2.3021251027,-1.7717379637,2.5561987330,-1.9549152714,absorb
80400,1,0.0000000000,0.0000000000,2.6038591451,0.0000000000,scatter
80400,2,2.6038591451,0.0000000000,0.6030425753,0.3786666103,absorb
80500,1,0.0000000000,0.0000000000,2.2887296940,0.0000000000,scatter
80500,2,2.2887296940,0.0000000000,0.0000000000,2.5802310843,exit_left
80600,1,0.0000000000,0.0000000000,3.0000000000,0.0000000000,exit_right
80700,1,0.0000000000,0.0000000000,3.0000000000,0.0000000000,exit_right
80800,1,0.0000000000,0.0000000000,1.0756284706,0.0000000000,absorb
80900,1,0.0000000000,0.0000000000,1.0639756128,0.0000000000,scatter
80900,2,1.0639756128,0.0000000000,1.1201465820,0.0232745428,scatter
80900,3,1.1201465820,0.0232745428,0.0000000000,1.0734878095,exit_left
81000,1,0.0000000000,0.0000000000,2.5158911543,0.0000000000,scatter
81000,2,2.5158911543,0.0000000000,1.7921959807,-0.2122877674,scatter
81000,3,1.7921959807,-0.2122877674,3.0000000000,-0.4777320879,exit_right
81100,1,0.0000000000,0.0000000000,0.4243966364,0.0000000000,scatter
81100,2,0.4243966364,0.0000000000,2.3858767224,-3.4634092885,scatter
81100,3,2.3858767224,-3.4634092885,2.1581161000,-7.2644045570,scatter
81100,4,2.1581161000,-7.2644045570,1.0561847920,-4.7635715909,scatter
81100,5,1.0561847920,-4.7635715909,3.0000000000,-5.3320563077,exit_right
81200,1,0.0000000000,0.0000000000,0.9799170359,0.0000000000,scatter
81200,2,0.9799170359,0.0000000000,0.0000000000,0.5256589806,exit_left
81300,1,0.0000000000,0.0000000000,1.7770011784,0.0000000000,scatter
81300,2,1.7770011784,0.0000000000,1.4093032806,0.3424570391,absorb
81400,1,0.0000000000,0.0000000000,0.2308604639,0.0000000000,scatter
81400,2,0.2308604639,0.0000000000,2.1410760792,-0.2965777200,scatter
81400,3,2.1410760792,-0.2965777200,2.2374472252,-0.4195145071,scatter
81400,4,2.2374472252,-0.4195145071,2.2822556774,3.1268631529,scatter
81400,5,2.2822556774,3.1268631529,3.0000000000,2.8036100775,exit_right
81500,1,0.0000000000,0.0000000000,1.7930400797,0.0000000000,scatter
81500,2,1.7930400797,0.0000000000,0.7926876688,-0.3286161068,scatter
81500,3,0.7926876688,-0.3286161068,0.7404044852,-0.3525687555,scatter
81500,4,0.7404044852,-0.3525687555,0.8758142883,-0.4207620722,scatter
81500,5,0.8758142883,-0.4207620722,0.0000000000,-0.3879122390,exit_left
81600,1,0.0000000000,0.0000000000,0.5194083873,0.0000000000,scatter
81600,2,0.5194083873,0.0000000000,1.6600604995,0.7535887138,scatter
81600,3,1.6600604995,0.7535887138,1.6849225542,-1.2345125231,absorb
81700,1,0.0000000000,0.0000000000,1.0440355192,0.0000000000,scatter
81700,2,1.0440355192,0.0000000000,1.9704966977,-1.2257737072,scatter
81700,3,1.9704966977,-1.2257737072,2.5213923161,-1.7059953606,scatter
81700,4,2.5213923161,-1.7059953606,1.9911128875,-1.1589241620,scatter
81700,5,1.9911128875,-1.1589241620,2.0621630760,-1.2839427575,scatter
81700,6,2.0621630760,-1.2839427575,0.5981143489,-0.8827450595,scatter
81700,7,0.5981143489,-0.8827450595,0.5231427010,-1.0539135747,absorb
81800,1,0.0000000000,0.0000000000,3.0000000000,0.0000000000,exit_right
81900,1,0.0000000000,0.0000000000,0.9599197889,0.0000000000,scatter
81900,2,0.9599197889,0.0000000000,1.1452403506,0.0881033193,scatter
81900,3,1.1452403506,0.0881033193,0.0000000000,0.1665927557,exit_left
82000,1,0.0000000000,0.0000000000,0.2001218347,0.0000000000,scatter
82000,2,0.2001218347,0.0000000000,0.0000000000,-0.3452427519,exit_left
82100,1,0.0000000000,0.0000000000,0.0545330508,0.0000000000,scatter
82100,2,0.0545330508,0.0000000000,0.0000000000,0.0674875219,exit_left
82200,1,0.0000000000,0.0000000000,1.2390560157,0.0000000000,scatter
82200,2,1.2390560157,0.0000000000,1.2352716800,0.0019797752,scatter
82200,3,1.2352716800,0.0019797752,1.2513656625,-0.0184749111,scatter
82200,4,1.2513656625,-0.0184749111,0.0000000000,-0.7288959171,exit_left
82300,1,0.0000000000,0.0000000000,3.0000000000,0.0000000000,exit_right
82400,1,0.0000000000,0.0000000000,3.0000000000,0.0000000000,exit_right
82500,1,0.0000000000,0.0000000000,3.0000000000,0.0000000000,exit_right
82600,1,0.0000000000,0.0000000000,0.3995872905,0.0000000000,scatter
82600,2,0.3995872905,0.0000000000,1.3448913945,1.2716609970,absorb
82700,1,0.0000000000,0.0000000000,0.5501821220,0.0000000000,scatter
82700,2,0.5501821220,0.0000000000,0.6671634378,-0.0885281332,scatter
82700,3,0.6671634378,-0.0885281332,0.6077084668,0.0560187884,scatter
82700,4,0.6077084668,0.0560187884,0.1304505157,-3.2829178377,scatter
82700,5,0.1304505157,-3.2829178377,0.0000000000,-3.6364611220,exit_left
82800,1,0.0000000000,0.0000000000,3.0000000000,0.0000000000,exit_right
82900,1,0.0000000000,0.0000000000,1.6371803751,0.0000000000,scatter
82900,2,1.6371803751,0.0000000000,2.0060948732,-5.8463567846,scatter
82900,3,2.0060948732,-5.8463567846,2.2785768979,-0.7090122377,scatter
82900,4,2.2785768979,-0.7090122377,2.7892034860,1.0381576947,scatter
82900,5,2.7892034860,1.0381576947,2.7673104639,-0.3550408496,scatter
82900,6,2.7673104639,-0.3550408496,3.0000000000,-0.1855537363,exit_right
83000,1,0.0000000000,0.0000000000,3.0000000000,0.0000000000,exit_right
83100,1,0.0000000000,0.0000000000,2.5946903801,0.0000000000,absorb
83200,1,0.0000000000,0.0000000000,1.1662762725,0.0000000000,scatter
83200,2,1.1662762725,0.0000000000,0.8702845576,-2.8062434936,scatter
83200,3,0.8702845576,-2.8062434936,0.0000000000,-5.6982490416,exit_left
83300,1,0.0000000000,0.0000000000,0.8996470193,0.0000000000,scatter
83300,2,0.8996470193,0.0000000000,0.0000000000,0.9144269297,exit_left
83400,1,0.0000000000,0.0000000000,0.2803752011,0.0000000000,scatter
83400,2,0.2803752011,0.0000000000,0.3213206171,-0.0155762671,absorb
83500,1,0.0000000000,0.0000000000,3.0000000000,0.0000000000,exit_right
83600,1,0.0000000000,0.0000000000,0.2064236131,0.0000000000,scatter
83600,2,0.2064236131,0.0000000000,0.0000000000,0.0223350270,exit_left
83700,1,0.0000000000,0.0000000000,1.8530324389,0.0000000000,scatter
83700,2,1.8530324389,0.0000000000,1.1177240058,3.6908500153,scatter
83700,3,1.1177240058,3.6908500153,1.1859229261,4.3615244765,scatter
83700,4,1.1859229261,4.3615244765,3.0000000000,3.9879288312,exit_right
83800,1,0.0000000000,0.0000000000,0.3702496475,0.0000000000,scatter
83800,2,0.3702496475,0.0000000000,0.0000000000,0.7147802159,exit_left
83900,1,0.0000000000,0.0000000000,3.0000000000,0.0000000000,exit_right
84000,1,0.0000000000,0.0000000000,0.2492688099,0.0000000000,scatter
84000,2,0.2492688099,0.0000000000,3.0000000000,-0.1292806045,exit_right
84100,1,0.0000000000,0.0000000000,0.7491381842,0.0000000000,scatter
84100,2,0.7491381842,0.0000000000,1.5943695915,-7.8703597726,scatter
84100,3,1.5943695915,-7.8703597726,3.0000000000,-5.9070436659,exit_right
84200,1,0.0000000000,0.0000000000,0.2487832900,0.0000000000,scatter
84200,2,0.2487832900,0.0000000000,0.1136687842,-0.0879456641,absorb
84300,1,0.0000000000,0.0000000000,2.8176650941,0.0000000000,absorb
84400,1,0.0000000000,0.0000000000,2.0847651795,0.0000000000,scatter
84400,2,2.0847651795,0.0000000000,1.7140615211,2.7026516651,scatter
84400,3,1.7140615211,2.7026516651,1.1228929888,2.3696093309,scatter
84400,4,1.1228929888,2.3696093309,3.0000000000,5.9545788066,exit_right
84500,1,0.0000000000,0.0000000000,0.7629488711,0.0000000000,scatter
84500,2,0.7629488711,0.0000000000,0.9150008763,-0.2348480775,scatter
84500,3,0.9150008763,-0.2348480775,3.0000000000,-3.0528415441,exit_right
84600,1,0.0000000000,0.0000000000,0.4134534518,0.0000000000,scatter
84600,2,0.4134534518,0.0000000000,1.3695362565,-0.0673027234,absorb
84700,1,0.0000000000,0.0000000000,0.5351908773,0.0000000000,scatter
84700,2,0.5351908773,0.0000000000,1.4235755309,1.0812439249,scatter
84700,3,1.4235755309,1.0812439249,1.7222853848,0.1843736756,scatter
84700,4,1.7222853848,0.1843736756,3.0000000000,0.5039361437,exit_right
84800,1,0.0000000000,0.0000000000,2.8591594776,0.0000000000,scatter
84800,2,2.8591594776,0.0000000000,2.5074693423,0.6281739601,scatter
84800,3,2.5074693423,0.6281739601,2.0834014072,1.4838847860,absorb
84900,1,0.0000000000,0.0000000000,1.8169048303,0.0000000000,absorb
85000,1,0.0000000000,0.0000000000,0.3086944658,0.0000000000,scatter
85000,2,0.3086944658,0.0000000000,0.0000000000,-0.0989546042,exit_left
85100,1,0.0000000000,0.0000000000,1.7864673539,0.0000000000,scatter
85100,2,1.7864673539,0.0000000000,1.5847641533,-0.2942699237,scatter
85100,3,1.5847641533,-0.2942699237,3.0000000000,-0.3390796188,exit_right
85200,1,0.0000000000,0.0000000000,0.1282843454,0.0000000000,scatter
85200,2,0.1282843454,0.0000000000,0.7544428969,1.6614505119,scatter
85200,3,0.7544428969,1.6614505119,2.2818407739,-0.1640665190,scatter
85200,4,2.2818407739,-0.1640665190,2.9202602447,2.0932218062,scatter
85200,5,2.9202602447,2.0932218062,2.9329027785,2.3417625378,scatter
85200,6,2.9329027785,2.3417625378,3.0000000000,2.3853683915,exit_right
85300,1,0.0000000000,0.0000000000,0.3706157477,0.0000000000,scatter
85300,2,0.3706157477,0.0000000000,0.1413509818,-3.4481421217,scatter
85300,3,0.1413509818,-3.4481421217,0.0000000000,-3.5763491933,exit_left
85400,1,0.0000000000,0.0000000000,0.3556768836,0.0000000000,scatter
85400,2,0.3556768836,0.0000000000,0.3644898578,0.0251838019,scatter
85400,3,0.3644898578,0.0251838019,0.5260004134,-0.1852142857,scatter
85400,4,0.5260004134,-0.1852142857,0.0000000000,-0.1912346736,exit_left
85500,1,0.0000000000,0.0000000000,0.5441877231,0.0000000000,scatter
85500,2,0.5441877231,0.0000000000,0.3870175668,0.2583623443,scatter
85500,3,0.3870175668,0.2583623443,0.0000000000,0.4301602590,exit_left
85600,1,0.0000000000,0.0000000000,1.2577556933,0.0000000000,scatter
85600,2,1.2577556933,0.0000000000,1.1700086847,-0.1721456721,scatter
85600,3,1.1700086847,-0.1721456721,1.5269695359,-0.6385647279,scatter
85600,4,1.5269695359,-0.6385647279,2.4669190450,-0.7354849939,scatter
85600,5,2.4669190450,-0.7354849939,1.4221797729,-1.0097604775,absorb
85700,1,0.0000000000,0.0000000000,0.3321739212,0.0000000000,absorb
85800,1,0.0000000000,0.0000000000,0.0918519385,0.0000000000,scatter
85800,2,0.0918519385,0.0000000000,0.0000000000,0.2210366598,exit_left
85900,1,0.0000000000,0.0000000000,0.9385350115,0.0000000000,absorb
86000,1,0.0000000000,0.0000000000,1.0528973611,0.0000000000,scatter
86000,2,1.0528973611,0.0000000000,1.3599385636,-2.3641062592,scatter
86000,3,1.3599385636,-2.3641062592,1.3779902046,-2.3141762393,scatter
86000,4,1.3779902046,-2.3141762393,1.6762930636,-2.6474000437,scatter
86000,5,1.6762930636,-2.6474000437,2.0170245674,-2.7686412989,absorb
86100,1,0.0000000000,0.0000000000,0.2845950168,0.0000000000,scatter
86100,2,0.2845950168,0.0000000000,0.0000000000,-0.2690924773,exit_left
86200,1,0.0000000000,0.0000000000,1.4867075926,0.0000000000,scatter
86200,2,1.4867075926,0.0000000000,0.0000000000,-0.1743099463,exit_left
86300,1,0.0000000000,0.0000000000,2.5211289499,0.0000000000,scatter
86300,2,2.5211289499,0.0000000000,1.8590278845,0.0549254920,scatter
86300,3,1.8590278845,0.0549254920,2.8316149904,1.4945742553,scatter
86300,4,2.8316149904,1.4945742553,3.0000000000,1.2086695873,exit_right
86400,1,0.0000000000,0.0000000000,0.1022856840,0.0000000000,scatter
86400,2,0.1022856840,0.0000000000,0.0000000000,-0.0154797022,exit_left
86500,1,0.0000000000,0.0000000000,0.8806652224,0.0000000000,scatter
86500,2,0.8806652224,0.0000000000,3.0000000000,1.8783754963,exit_right
86600,1,0.0000000000,0.0000000000,0.5676854844,0.0000000000,scatter
86600,2,0.5676854844,0.0000000000,3.0000000000,0.7252364708,exit_right
86700,1,0.0000000000,0.0000000000,2.3956143486,0.0000000000,scatter
86700,2,2.3956143486,0.0000000000,2.4082765054,-0.0956314540,scatter
86700,3,2.4082765054,-0.0956314540,1.6015979105,-6.4470796899,scatter
86700,4,1.6015979105,-6.4470796899,3.0000000000,-10.3199689275,exit_right
86800,1,0.0000000000,0.0000000000,3.0000000000,0.0000000000,exit_right
86900,1,0.0000000000,0.0000000000,2.4634818159,0.0000000000,scatter
86900,2,2.4634818159,0.0000000000,2.7104086806,1.7026834941,scatter
86900,3,2.7104086806,1.7026834941,3.0000000000,1.8081158266,exit_right
87000,1,0.0000000000,0.0000000000,3.0000000000,0.0000000000,exit_right
87100,1,0.0000000000,0.0000000000,2.4486438649,0.0000000000,absorb
87200,1,0.0000000000,0.0000000000,2.7616808386,0.0000000000,absorb
87300,1,0.0000000000,0.0000000000,1.3108568816,0.0000000000,scatter
87300,2,1.3108568816,0.0000000000,1.9536069576,-0.3979315542,scatter
87300,3,1.9536069576,-0.3979315542,2.7281157982,-0.4926020979,absorb
87400,1,0.0000000000,0.0000000000,0.0524507454,0.0000000000,scatter
87400,2,0.0524507454,0.0000000000,0.0000000000,0.0356844085,exit_left
87500,1,0.0000000000,0.0000000000,2.6449644145,0.0000000000,absorb
87600,1,0.0000000000,0.0000000000,0.9075283161,0.0000000000,scatter
87600,2,0.9075283161,0.0000000000,0.0000000000,-0.0115335471,exit_left
87700,1,0.0000000000,0.0000000000,0.1671266946,0.0000000000,absorb
87800,1,0.0000000000,0.0000000000,0.1443513312,0.0000000000,scatter
87800,2,0.1443513312,0.0000000000,0.0000000000,0.2253976365,exit_left
87900,1,0.0000000000,0.0000000000,1.3327449915,0.0000000000,scatter
87900,2,1.3327449915,0.0000000000,0.0000000000,-0.3069431132,exit_left
88000,1,0.0000000000,0.0000000000,0.5913188570,0.0000000000,scatter
88000,2,0.5913188570,0.0000000000,0.5182174094,0.1579233924,scatter
88000,3,0.5182174094,0.1579233924,0.0000000000,0.4015301557,exit_left
88100,1,0.0000000000,0.0000000000,3.0000000000,0.0000000000,exit_right
88200,1,0.0000000000,0.0000000000,3.0000000000,0.0000000000,exit_right
88300,1,0.0000000000,0.0000000000,0.0303197437,0.0000000000,absorb
88400,1,0.0000000000,0.0000000000,1.3222174614,0.0000000000,scatter
88400,2,1.3222174614,0.0000000000,0.1494719520,2.1833482910,scatter
88400,3,0.1494719520,2.1833482910,0.0000000000,1.9350657833,exit_left
88500,1,0.0000000000,0.0000000000,3.0000000000,0.0000000000,exit_right
88600,1,0.0000000000,0.0000000000,0.0161547174,0.0000000000,scatter
88600,2,0.0161547174,0.0000000000,0.0000000000,-0.0165220228,exit_left
88700,1,0.0000000000,0.0000000000,0.7912666519,0.0000000000,scatter
88700,2,0.7912666519,0.0000000000,1.7946314294,-4.0973467850,scatter
88700,3,1.7946314294,-4.0973467850,1.8794119931,-3.8190118359,scatter
88700,4,1.8794119931,-3.8190118359,2.0232132084,-3.8411899956,scatter
88700,5,2.0232132084,-3.8411899956,1.8609425149,-2.2059787957,scatter
88700,6,1.8609425149,-2.2059787957,0.7804334255,-2.7528589986,scatter
88700,7,0.7804334255,-2.7528589986,0.4144795457,0.6122104483,scatter
88700,8,0.4144795457,0.6122104483,0.0000000000,1.8083419190,exit_left
88800,1,0.0000000000,0.0000000000,0.7925097099,0.0000000000,scatter
88800,2,0.7925097099,0.0000000000,0.0000000000,0.3943156952,exit_left
88900,1,0.0000000000,0.0000000000,1.2774669233,0.0000000000,scatter
88900,2,1.2774669233,0.0000000000,2.3004114835,-0.0967464121,scatter
88900,3,2.3004114835,-0.0967464121,2.2497187013,-0.1191600085,scatter
88900,4,2.2497187013,-0.1191600085,3.0000000000,-1.5836054979,exit_right
89000,1,0.0000000000,0.0000000000,1.1549442985,0.0000000000,scatter
89000,2,1.1549442985,0.0000000000,3.0000000000,0.5790202988,exit_right
89100,1,0.0000000000,0.0000000000,0.3290021203,0.0000000000,scatter
89100,2,0.3290021203,0.0000000000,0.5508019739,0.2074613865,scatter
89100,3,0.5508019739,0.2074613865,0.0000000000,-0.2725884823,exit_left
89200,1,0.0000000000,0.0000000000,2.3911618627,0.0000000000,scatter
89200,2,2.3911618627,0.0000000000,1.8640160812,0.2743716156,absorb
89300,1,0.0000000000,0.0000000000,1.8572895728,0.0000000000,scatter
89300,2,1.8572895728,0.0000000000,1.8059853497,0.0878541838,scatter
89300,3,1.8059853497,0.0878541838,1.9874263167,-0.0905846465,scatter
89300,4,1.9874263167,-0.0905846465,1.9834664906,-1.4792173575,scatter
89300,5,1.9834664906,-1.4792173575,2.4381721984,-0.9300551576,scatter
89300,6,2.4381721984,-0.9300551576,2.3412077397,-1.2012565987,scatter
89300,7,2.3412077397,-1.2012565987,2.2347901124,-1.6053735752,absorb
89400,1,0.0000000000,0.0000000000,0.3964988784,0.0000000000,scatter
89400,2,0.3964988784,0.0000000000,0.1141850096,-1.1353972439,scatter
89400,3,0.1141850096,-1.1353972439,0.0927349860,-1.1624027901,scatter
89400,4,0.0927349860,-1.1624027901,0.0000000000,-1.0479645803,exit_left
89500,1,0.0000000000,0.0000000000,0.9796794201,0.0000000000,absorb
89600,1,0.0000000000,0.0000000000,0.0670528660,0.0000000000,absorb
89700,1,0.0000000000,0.0000000000,1.2941736730,0.0000000000,scatter
89700,2,1.2941736730,0.0000000000,0.2379272118,-0.0435432453,scatter
89700,3,0.2379272118,-0.0435432453,0.5977701800,-0.0167492368,scatter
89700,4,0.5977701800,-0.0167492368,0.0000000000,-0.3404454393,exit_left
89800,1,0.0000000000,0.0000000000,0.9374384675,0.0000000000,absorb
89900,1,0.0000000000,0.0000000000,1.6783274075,0.0000000000,scatter
89900,2,1.6783274075,0.0000000000,1.9939794471,0.4146061753,scatter
89900,3,1.9939794471,0.4146061753,1.7808370815,1.8055461574,scatter
89900,4,1.7808370815,1.8055461574,0.0851565382,2.6844507164,absorb
90000,1,0.0000000000,0.0000000000,1.4791951308,0.0000000000,scatter
90000,2,1.4791951308,0.0000000000,1.6351038099,0.4858076823,absorb
90100,1,0.0000000000,0.0000000000,0.0955211971,0.0000000000,scatter
90100,2,0.0955211971,0.0000000000,2.3388102915,-0.3297811979,absorb
90200,1,0.0000000000,0.0000000000,0.5156040456,0.0000000000,scatter
90200,2,0.5156040456,0.0000000000,0.0000000000,0.2165565976,exit_left
90300,1,0.0000000000,0.0000000000,2.1560569146,0.0000000000,scatter
90300,2,2.1560569146,0.0000000000,3.0000000000,0.2729357983,exit_right
90400,1,0.0000000000,0.0000000000,0.3131896735,0.0000000000,scatter
90400,2,0.3131896735,0.0000000000,0.9770555718,0.0294920114,scatter
90400,3,0.9770555718,0.0294920114,1.2290237605,0.0812855690,scatter
90400,4,1.2290237605,0.0812855690,0.0000000000,0.4501612914,exit_left
90500,1,0.0000000000,0.0000000000,0.3418425199,0.0000000000,absorb
90600,1,0.0000000000,0.0000000000,1.8611613489,0.0000000000,absorb
90700,1,0.0000000000,0.0000000000,1.8206442580,0.0000000000,scatter
90700,2,1.8206442580,0.0000000000,1.8336366419,0.0306735062,absorb
90800,1,0.0000000000,0.0000000000,3.0000000000,0.0000000000,exit_right
90900,1,0.0000000000,0.0000000000,0.8258025346,0.0000000000,scatter
90900,2,0.8258025346,0.0000000000,2.8828282839,0.0120536332,scatter
90900,3,2.8828282839,0.0120536332,3.0000000000,0.1109684473,exit_right
91000,1,0.0000000000,0.0000000000,3.0000000000,0.0000000000,exit_right
91100,1,0.0000000000,0.0000000000,1.1327710729,0.0000000000,scatter
91100,2,1.1327710729,0.0000000000,1.1321129657,-0.0068608042,scatter
91100,3,1.1321129657,-0.0068608042,2.1481863553,0.3061555870,scatter
91100,4,2.1481863553,0.3061555870,2.5897676470,0.0919929817,scatter
91100,5,2.5897676470,0.0919929817,2.9113189706,0.7599380360,scatter
91100,6,2.9113189706,0.7599380360,3.0000000000,2.0352391006,exit_right
91200,1,0.0000000000,0.0000000000,3.0000000000,0.0000000000,exit_right
91300,1,0.0000000000,0.0000000000,1.4619703378,0.0000000000,scatter
91300,2,1.4619703378,0.0000000000,1.2163320919,3.3681818766,scatter
91300,3,1.2163320919,3.3681818766,1.0549088995,3.5425720039,scatter
91300,4,1.0549088995,3.5425720039,0.0000000000,5.4021937441,exit_left
91400,1,0.0000000000,0.0000000000,3.0000000000,0.0000000000,exit_right
91500,1,0.0000000000,0.0000000000,0.7127217929,0.0000000000,scatter
91500,2,0.7127217929,0.0000000000,0.3756565790,-0.1200115568,scatter
91500,3,0.3756565790,-0.1200115568,0.0000000000,-0.2481551010,exit_left
91600,1,0.0000000000,0.0000000000,0.6358596407,0.0000000000,scatter
91600,2,0.6358596407,0.0000000000,1.1552687663,0.3134109308,scatter
91600,3,1.1552687663,0.3134109308,0.0000000000,0.6443658974,exit_left
91700,1,0.0000000000,0.0000000000,1.4880207317,0.0000000000,scatter
91700,2,1.4880207317,0.0000000000,0.0000000000,-0.4809422259,exit_left
91800,1,0.0000000000,0.0000000000,1.0997355110,0.0000000000,scatter
91800,2,1.0997355110,0.0000000000,2.0703798821,-1.2166841274,absorb
91900,1,0.0000000000,0.0000000000,1.2309087218,0.0000000000,scatter
91900,2,1.2309087218,0.0000000000,0.7539448763,4.9516909969,scatter
91900,3,0.7539448763,4.9516909969,0.7929070316,5.0172674490,absorb
92000,1,0.0000000000,0.0000000000,3.0000000000,0.0000000000,exit_right
92100,1,0.0000000000,0.0000000000,3.0000000000,0.0000000000,exit_right
92200,1,0.0000000000,0.0000000000,0.7440840648,0.0000000000,scatter
92200,2,0.7440840648,0.0000000000,3.0000000000,-1.7286257789,exit_right
92300,1,0.0000000000,0.0000000000,0.3240340836,0.0000000000,absorb
92400,1,0.0000000000,0.0000000000,2.6757965318,0.0000000000,scatter
92400,2,2.6757965318,0.0000000000,3.0000000000,-0.4839571726,exit_right
92500,1,0.0000000000,0.0000000000,3.0000000000,0.0000000000,exit_right
92600,1,0.0000000000,0.0000000000,3.0000000000,0.0000000000,exit_right
92700,1,0.0000000000,0.0000000000,3.0000000000,0.0000000000,exit_right
92800,1,0.0000000000,0.0000000000,0.7016627547,0.0000000000,absorb
92900,1,0.0000000000,0.0000000000,0.1371406779,0.0000000000,scatter
92900,2,0.1371406779,0.0000000000,2.7347405860,2.6626710514,scatter
92900,3,2.7347405860,2.6626710514,1.9582868679,1.7972091510,scatter
92900,4,1.9582868679,1.7972091510,1.9910297786,1.9123550419,scatter
92900,5,1.9910297786,1.9123550419,2.3555010602,2.2514900626,scatter
92900,6,2.3555010602,2.2514900626,2.2532221980,2.9556086772,scatter
92900,7,2.2532221980,2.9556086772,2.8556357635,3.9774459291,scatter
92900,8,2.8556357635,3.9774459291,3.0000000000,4.4487028335,exit_right
93000,1,0.0000000000,0.0000000000,1.8145435163,0.0000000000,absorb
93100,1,0.0000000000,0.0000000000,0.0199738752,0.0000000000,absorb
93200,1,0.0000000000,0.0000000000,2.4217278139,0.0000000000,scatter
93200,2,2.4217278139,0.0000000000,0.7081697731,-1.7075259806,scatter
93200,3,0.7081697731,-1.7075259806,1.5687795718,-0.4116461686,scatter
93200,4,1.5687795718,-0.4116461686,1.6757040135,-0.3004162696,absorb
93300,1,0.0000000000,0.0000000000,0.3719024820,0.0000000000,scatter
93300,2,0.3719024820,0.0000000000,3.0000000000,-3.7615702607,exit_right
93400,1,0.0000000000,0.0000000000,1.2284599464,0.0000000000,scatter
93400,2,1.2284599464,0.0000000000,1.0061691973,-2.1228404007,scatter
93400,3,1.0061691973,-2.1228404007,0.0000000000,-1.5965441916,exit_left
93500,1,0.0000000000,0.0000000000,3.0000000000,0.0000000000,exit_right
93600,1,0.0000000000,0.0000000000,1.2576083628,0.0000000000,scatter
93600,2,1.2576083628,0.0000000000,1.2140079042,0.0244111244,scatter
93600,3,1.2140079042,0.0244111244,1.3282900690,0.1645598614,scatter
93600,4,1.3282900690,0.1645598614,0.5289515858,-2.0439476236,scatter
93600,5,0.5289515858,-2.0439476236,0.5330159281,-2.5630304835,scatter
93600,6,0.5330159281,-2.5630304835,0.0000000000,-2.0144334857,exit_left
93700,1,0.0000000000,0.0000000000,3.0000000000,0.0000000000,exit_right
93800,1,0.0000000000,0.0000000000,3.0000000000,0.0000000000,exit_right
93900,1,0.0000000000,0.0000000000,0.3713667298,0.0000000000,scatter
93900,2,0.3713667298,0.0000000000,0.6906123858,-0.7563873367,absorb
94000,1,0.0000000000,0.0000000000,0.0928076476,0.0000000000,absorb
94100,1,0.0000000000,0.0000000000,0.2493406822,0.0000000000,scatter
94100,2,0.2493406822,0.0000000000,0.0000000000,-0.0400167252,exit_left
94200,1,0.0000000000,0.0000000000,0.2217056571,0.0000000000,scatter
94200,2,0.2217056571,0.0000000000,0.5614370929,0.7101594520,scatter
94200,3,0.5614370929,0.7101594520,0.0000000000,1.1575919961,exit_left
94300,1,0.0000000000,0.0000000000,0.2876841258,0.0000000000,scatter
94300,2,0.2876841258,0.0000000000,0.0416266008,-0.7051433350,scatter
94300,3,0.0416266008,-0.7051433350,1.3490035099,-0.6037154160,scatter
94300,4,1.3490035099,-0.6037154160,1.3435105965,-0.6026137768,scatter
94300,5,1.3435105965,-0.6026137768,0.4441778050,-1.1266642862,absorb
94400,1,0.0000000000,0.0000000000,0.7509663641,0.0000000000,absorb
94500,1,0.0000000000,0.0000000000,1.5282054685,0.0000000000,scatter
94500,2,1.5282054685,0.0000000000,0.0000000000,0.6754429387,exit_left
94600,1,0.0000000000,0.0000000000,1.2322641068,0.0000000000,scatter
94600,2,1.2322641068,0.0000000000,1.0169295642,1.3968966632,scatter
94600,3,1.0169295642,1.3968966632,0.9555804626,1.2993393783,scatter
94600,4,0.9555804626,1.2993393783,1.0586322687,1.4628297833,scatter
94600,5,1.0586322687,1.4628297833,0.0000000000,2.6524920933,exit_left
94700,1,0.0000000000,0.0000000000,1.0618506034,0.0000000000,scatter
94700,2,1.0618506034,0.0000000000,3.0000000000,2.9898626056,exit_right
94800,1,0.0000000000,0.0000000000,0.9429371210,0.0000000000,absorb
94900,1,0.0000000000,0.0000000000,2.1543350638,0.0000000000,scatter
94900,2,2.1543350638,0.0000000000,0.0000000000,-0.0053692423,exit_left
95000,1,0.0000000000,0.0000000000,0.2671935174,0.0000000000,absorb
95100,1,0.0000000000,0.0000000000,0.3413238412,0.0000000000,scatter
95100,2,0.3413238412,0.0000000000,0.0000000000,-1.9574659876,exit_left
95200,1,0.0000000000,0.0000000000,2.7587866650,0.0000000000,scatter
95200,2,2.7587866650,0.0000000000,2.1271214704,-0.1055646978,scatter
95200,3,2.1271214704,-0.1055646978,1.8812816005,-0.7210070061,absorb
95300,1,0.0000000000,0.0000000000,1.9186732810,0.0000000000,absorb
95400,1,0.0000000000,0.0000000000,0.2970841038,0.0000000000,scatter
95400,2,0.2970841038,0.0000000000,3.0000000000,-4.0608379388,exit_right
95500,1,0.0000000000,0.0000000000,3.0000000000,0.0000000000,exit_right
95600,1,0.0000000000,0.0000000000,0.4174271048,0.0000000000,scatter
95600,2,0.4174271048,0.0000000000,0.1970596868,-0.2499735147,scatter
95600,3,0.1970596868,-0.2499735147,0.7384947867,-0.2642629225,absorb
95700,1,0.0000000000,0.0000000000,0.8922313533,0.0000000000,absorb
95800,1,0.0000000000,0.0000000000,3.0000000000,0.0000000000,exit_right
95900,1,0.0000000000,0.0000000000,0.1639245235,0.0000000000,scatter
95900,2,0.1639245235,0.0000000000,1.4756361319,0.5240481033,scatter
95900,3,1.4756361319,0.5240481033,1.3448778807,0.7950294089,absorb
96000,1,0.0000000000,0.0000000000,3.0000000000,0.0000000000,exit_right
96100,1,0.0000000000,0.0000000000,2.4134432403,0.0000000000,scatter
96100,2,2.4134432403,0.0000000000,1.9545606097,-0.3435440742,absorb
96200,1,0.0000000000,0.0000000000,0.6830871703,0.0000000000,scatter
96200,2,0.6830871703,0.0000000000,0.2087684900,-5.3235925091,scatter
96200,3,0.2087684900,-5.3235925091,0.0000000000,-5.5545373642,exit_left
96300,1,0.0000000000,0.0000000000,1.1306456300,0.0000000000,scatter
96300,2,1.1306456300,0.0000000000,2.4619340770,0.5775770443,scatter
96300,3,2.4619340770,0.5775770443,0.5116573307,0.4929208201,scatter
96300,4,0.5116573307,0.4929208201,1.2268223726,2.0973641130,scatter
96300,5,1.2268223726,2.0973641130,3.0000000000,-0.5824242966,exit_right
96400,1,0.0000000000,0.0000000000,1.3128754395,0.0000000000,scatter
96400,2,1.3128754395,0.0000000000,0.0000000000,-0.4937123348,exit_left
96500,1,0.0000000000,0.0000000000,0.5145605617,0.0000000000,absorb
96600,1,0.0000000000,0.0000000000,0.2373994907,0.0000000000,scatter
96600,2,0.2373994907,0.0000000000,1.2744580231,-3.8624396132,scatter
96600,3,1.2744580231,-3.8624396132,1.4792254085,-3.2245670303,scatter
96600,4,1.4792254085,-3.2245670303,3.0000000000,-2.7877251325,exit_right
96700,1,0.0000000000,0.0000000000,1.5674692736,0.0000000000,scatter
96700,2,1.5674692736,0.0000000000,0.0000000000,-0.3513290436,exit_left
96800,1,0.0000000000,0.0000000000,3.0000000000,0.0000000000,exit_right
96900,1,0.0000000000,0.0000000000,0.7205632914,0.0000000000,scatter
96900,2,0.7205632914,0.0000000000,2.2180080152,0.2026950365,scatter
96900,3,2.2180080152,0.2026950365,1.8796175993,-0.5380434626,scatter
96900,4,1.8796175993,-0.5380434626,1.6651988510,0.3768392593,scatter
96900,5,1.6651988510,0.3768392593,1.5637223378,0.4486437488,absorb
97000,1,0.0000000000,0.0000000000,0.0352480839,0.0000000000,scatter
97000,2,0.0352480839,0.0000000000,0.0000000000,0.0268816917,exit_left
97100,1,0.0000000000,0.0000000000,0.9389028331,0.0000000000,scatter
97100,2,0.9389028331,0.0000000000,2.4636288621,-0.8973150652,scatter
97100,3,2.4636288621,-0.8973150652,1.8253574979,-4.4899761618,scatter
97100,4,1.8253574979,-4.4899761618,2.7178585516,-4.4190827301,scatter
97100,5,2.7178585516,-4.4190827301,2.7982841415,-4.3902969732,scatter
97100,6,2.7982841415,-4.3902969732,2.6381638163,-4.3238742921,absorb
97200,1,0.0000000000,0.0000000000,1.3821056216,0.0000000000,scatter
97200,2,1.3821056216,0.0000000000,1.3119899916,-0.0037792100,scatter
97200,3,1.3119899916,-0.0037792100,1.4415087618,0.0987113268,scatter
97200,4,1.4415087618,0.0987113268,0.0000000000,1.8953236991,exit_left
97300,1,0.0000000000,0.0000000000,1.9494354784,0.0000000000,scatter
97300,2,1.9494354784,0.0000000000,1.7273384778,0.8028730834,scatter
97300,3,1.7273384778,0.8028730834,2.3663340948,0.4540239496,scatter
97300,4,2.3663340948,0.4540239496,2.0964921768,-1.6825901727,absorb
97400,1,0.0000000000,0.0000000000,3.0000000000,0.0000000000,exit_right
97500,1,0.0000000000,0.0000000000,0.1073319160,0.0000000000,scatter
97500,2,0.1073319160,0.0000000000,0.0000000000,-0.0063926240,exit_left
97600,1,0.0000000000,0.0000000000,0.7031015354,0.0000000000,absorb
97700,1,0.0000000000,0.0000000000,3.0000000000,0.0000000000,exit_right
97800,1,0.0000000000,0.0000000000,3.0000000000,0.0000000000,exit_right
97900,1,0.0000000000,0.0000000000,3.0000000000,0.0000000000,exit_right
98000,1,0.0000000000,0.0000000000,2.5984218721,0.0000000000,scatter
98000,2,2.5984218721,0.0000000000,2.4497944732,0.1266204676,scatter
98000,3,2.4497944732,0.1266204676,3.0000000000,-1.2578025793,exit_right
98100,1,0.0000000000,0.0000000000,1.5592012286,0.0000000000,absorb
98200,1,0.0000000000,0.0000000000,0.7622329249,0.0000000000,scatter
98200,2,0.7622329249,0.0000000000,0.0000000000,0.1053997718,exit_left
98300,1,0.0000000000,0.0000000000,0.0834515812,0.0000000000,scatter
98300,2,0.0834515812,0.0000000000,0.0000000000,-0.1486178882,exit_left
98400,1,0.0000000000,0.0000000000,0.2024374176,0.0000000000,scatter
98400,2,0.2024374176,0.0000000000,0.6370354064,-1.2642515542,scatter
98400,3,0.6370354064,-1.2642515542,0.8221798620,-1.0884652467,scatter
98400,4,0.8221798620,-1.0884652467,0.4585806043,-3.6944336803,scatter
98400,5,0.4585806043,-3.6944336803,0.0804314547,-4.3089972899,scatter
98400,6,0.0804314547,-4.3089972899,0.0000000000,-4.3776528646,exit_left
98500,1,0.0000000000,0.0000000000,1.1720270617,0.0000000000,scatter
98500,2,1.1720270617,0.0000000000,0.0000000000,-2.0278772529,exit_left
98600,1,0.0000000000,0.0000000000,3.0000000000,0.0000000000,exit_right
98700,1,0.0000000000,0.0000000000,1.8556244055,0.0000000000,scatter
98700,2,1.8556244055,0.0000000000,3.0000000000,1.7230841465,exit_right
98800,1,0.0000000000,0.0000000000,0.0466306324,0.0000000000,scatter
98800,2,0.0466306324,0.0000000000,0.0000000000,0.0798382696,exit_left
98900,1,0.0000000000,0.0000000000,0.5398076304,0.0000000000,scatter
98900,2,0.5398076304,0.0000000000,0.8650214989,-0.3527908612,scatter
98900,3,0.8650214989,-0.3527908612,1.9627970755,-0.3635738325,scatter
98900,4,1.9627970755,-0.3635738325,0.0000000000,0.0589718146,exit_left
99000,1,0.0000000000,0.0000000000,1.2668131975,0.0000000000,scatter
99000,2,1.2668131975,0.0000000000,1.4019065347,2.0732077471,scatter
99000,3,1.4019065347,2.0732077471,1.3646989459,1.7715996567,scatter
99000,4,1.3646989459,1.7715996567,0.8151785738,0.8458187018,scatter
99000,5,0.8151785738,0.8458187018,0.0000000000,-0.0754647305,exit_left
99100,1,0.0000000000,0.0000000000,2.3906823229,0.0000000000,scatter
99100,2,2.3906823229,0.0000000000,3.0000000000,-0.2928037898,exit_right
99200,1,0.0000000000,0.0000000000,2.9437847291,0.0000000000,scatter
99200,2,2.9437847291,0.0000000000,3.0000000000,-0.0612553421,exit_right
99300,1,0.0000000000,0.0000000000,0.8452258271,0.0000000000,scatter
99300,2,0.8452258271,0.0000000000,0.0000000000,0.1727741436,exit_left
99400,1,0.0000000000,0.0000000000,0.3997797420,0.0000000000,scatter
99400,2,0.3997797420,0.0000000000,3.0000000000,0.2041934087,exit_right
99500,1,0.0000000000,0.0000000000,3.0000000000,0.0000000000,exit_right
99600,1,0.0000000000,0.0000000000,3.0000000000,0.0000000000,exit_right
99700,1,0.0000000000,0.0000000000,0.7434288453,0.0000000000,scatter
99700,2,0.7434288453,0.0000000000,1.0054934863,-0.4925689117,scatter
99700,3,1.0054934863,-0.4925689117,3.0000000000,0.9556347851,exit_right
99800,1,0.0000000000,0.0000000000,0.1593337747,0.0000000000,scatter
99800,2,0.1593337747,0.0000000000,0.7816833166,5.0893840606,scatter
99800,3,0.7816833166,5.0893840606,1.3252422632,4.5886108287,absorb
99900,1,0.0000000000,0.0000000000,0.4375271542,0.0000000000,scatter
99900,2,0.4375271542,0.0000000000,0.0000000000,0.7313020409,exit_left
100000,1,0.0000000000,0.0000000000,1.3498908861,0.0000000000,scatter
100000,2,1.3498908861,0.0000000000,1.3904266105,-0.3441238820,scatter
100000,3,1.3904266105,-0.3441238820,0.0000000000,-1.3031586736,exit_left
