neutron_id,step,x_start,y_start,x_end,y_end,event
100,1,0.0000000000,0.0000000000,0.0447467801,0.0000000000,scatter
100,2,0.0447467801,0.0000000000,0.7188831177,-0.9230374924,scatter
100,3,0.7188831177,-0.9230374924,0.6642734857,-0.7148881550,scatter
100,4,0.6642734857,-0.7148881550,0.0000000000,-0.5896761195,exit_left
200,1,0.0000000000,0.0000000000,1.5380883069,0.0000000000,scatter
200,2,1.5380883069,0.0000000000,1.5281939168,0.0023536254,absorb
300,1,0.0000000000,0.0000000000,0.5883248882,0.0000000000,scatter
300,2,0.5883248882,0.0000000000,1.5919787538,-1.3063231662,scatter
300,3,1.5919787538,-1.3063231662,1.4293862432,-1.3579911446,scatter
300,4,1.4293862432,-1.3579911446,1.1011026438,1.8294243098,scatter
300,5,1.1011026438,1.8294243098,1.2805043720,1.6761056295,scatter
300,6,1.2805043720,1.6761056295,1.8742224779,1.2682559316,scatter
300,7,1.8742224779,1.2682559316,1.0939376029,-1.0337849850,absorb
400,1,0.0000000000,0.0000000000,0.8229837653,0.0000000000,scatter
400,2,0.8229837653,0.0000000000,0.9291392105,-1.7254392498,scatter
400,3,0.9291392105,-1.7254392498,1.6496259464,-1.0906606937,scatter
400,4,1.6496259464,-1.0906606937,0.4699110060,0.8929051760,scatter
400,5,0.4699110060,0.8929051760,1.0649138075,1.1085868285,scatter
400,6,1.0649138075,1.1085868285,4.0000000000,2.2897883647,exit_right
500,1,0.0000000000,0.0000000000,0.3561305005,0.0000000000,scatter
500,2,0.3561305005,0.0000000000,0.4592236310,0.7598030238,scatter
500,3,0.4592236310,0.7598030238,3.7157084772,3.5241676736,scatter
500,4,3.7157084772,3.5241676736,4.0000000000,3.8317505563,exit_right
600,1,0.0000000000,0.0000000000,1.2677493178,0.0000000000,scatter
600,2,1.2677493178,0.0000000000,1.3006153749,-0.0072306821,scatter
600,3,1.3006153749,-0.0072306821,0.5278512082,1.6473981022,scatter
600,4,0.5278512082,1.6473981022,0.9733746573,1.4467655454,scatter
600,5,0.9733746573,1.4467655454,0.0000000000,0.6401574538,exit_left
700,1,0.0000000000,0.0000000000,1.8866144020,0.0000000000,scatter
700,2,1.8866144020,0.0000000000,0.2612035921,-2.1823717427,scatter
700,3,0.2612035921,-2.1823717427,1.4657808910,2.3022451526,scatter
700,4,1.4657808910,2.3022451526,1.9745656910,2.2604809180,scatter
700,5,1.9745656910,2.2604809180,4.0000000000,-0.2045051691,exit_right
800,1,0.0000000000,0.0000000000,1.2508354414,0.0000000000,scatter
800,2,1.2508354414,0.0000000000,1.7564139106,-0.9568201275,scatter
800,3,1.7564139106,-0.9568201275,4.0000000000,0.5432206756,exit_right
900,1,0.0000000000,0.0000000000,2.4013804741,0.0000000000,scatter
900,2,2.4013804741,0.0000000000,1.8288918022,-0.0320481772,scatter
900,3,1.8288918022,-0.0320481772,0.6088541530,0.5780854564,absorb
1000,1,0.0000000000,0.0000000000,0.7316007968,0.0000000000,scatter
1000,2,0.7316007968,0.0000000000,0.6556022955,-0.4523642724,scatter
1000,3,0.6556022955,-0.4523642724,0.2510761050,-0.3532806213,scatter
1000,4,0.2510761050,-0.3532806213,0.4309680176,-1.7137316054,scatter
1000,5,0.4309680176,-1.7137316054,0.0000000000,-1.7331259172,exit_left
1100,1,0.0000000000,0.0000000000,2.0027671704,0.0000000000,scatter
1100,2,2.0027671704,0.0000000000,1.8773481078,0.1000740562,scatter
1100,3,1.8773481078,0.1000740562,3.0039501332,-0.0084762656,absorb
1200,1,0.0000000000,0.0000000000,0.8012511116,0.0000000000,scatter
1200,2,0.8012511116,0.0000000000,0.8641578270,-0.0298038374,scatter
1200,3,0.8641578270,-0.0298038374,0.6925141982,-0.4920841868,scatter
1200,4,0.6925141982,-0.4920841868,1.0534892599,-0.8263427631,absorb
1300,1,0.0000000000,0.0000000000,2.9906269175,0.0000000000,scatter
1300,2,2.9906269175,0.0000000000,3.2648811561,4.1460927823,scatter
1300,3,3.2648811561,4.1460927823,3.1553632774,4.1187421257,scatter
1300,4,3.1553632774,4.1187421257,4.0000000000,5.0622533287,exit_right
1400,1,0.0000000000,0.0000000000,4.0000000000,0.0000000000,exit_right
1500,1,0.0000000000,0.0000000000,1.0297628312,0.0000000000,scatter
1500,2,1.0297628312,0.0000000000,2.1752069928,-0.2036883819,absorb
1600,1,0.0000000000,0.0000000000,4.0000000000,0.0000000000,exit_right
1700,1,0.0000000000,0.0000000000,2.2415673326,0.0000000000,absorb
1800,1,0.0000000000,0.0000000000,1.6358096236,0.0000000000,absorb
1900,1,0.0000000000,0.0000000000,4.0000000000,0.0000000000,exit_right
2000,1,0.0000000000,0.0000000000,4.0000000000,0.0000000000,exit_right
2100,1,0.0000000000,0.0000000000,0.4296736916,0.0000000000,absorb
2200,1,0.0000000000,0.0000000000,3.4924848941,0.0000000000,scatter
2200,2,3.4924848941,0.0000000000,3.8145801394,-0.4323673533,absorb
2300,1,0.0000000000,0.0000000000,4.0000000000,0.0000000000,exit_right
2400,1,0.0000000000,0.0000000000,0.4461391703,0.0000000000,scatter
2400,2,0.4461391703,0.0000000000,0.8272471455,0.4223968910,scatter
2400,3,0.8272471455,0.4223968910,0.3294000036,1.1293109217,scatter
2400,4,0.3294000036,1.1293109217,4.0000000000,5.7190449883,exit_right
2500,1,0.0000000000,0.0000000000,4.0000000000,0.0000000000,exit_right
2600,1,0.0000000000,0.0000000000,3.7533652090,0.0000000000,absorb
2700,1,0.0000000000,0.0000000000,2.3228890286,0.0000000000,scatter
2700,2,2.3228890286,0.0000000000,3.0118442373,0.3351281812,scatter
2700,3,3.0118442373,0.3351281812,2.9048000291,-0.0723314529,scatter
2700,4,2.9048000291,-0.0723314529,2.1171881907,0.0792413921,scatter
2700,5,2.1171881907,0.0792413921,2.7065714636,-0.3601501496,absorb
2800,1,0.0000000000,0.0000000000,0.6067266135,0.0000000000,scatter
2800,2,0.6067266135,0.0000000000,0.0000000000,0.4515472455,exit_left
2900,1,0.0000000000,0.0000000000,3.1448040616,0.0000000000,scatter
2900,2,3.1448040616,0.0000000000,1.1110116673,1.4618418644,scatter
2900,3,1.1110116673,1.4618418644,0.0000000000,0.3084700987,exit_left
3000,1,0.0000000000,0.0000000000,0.4366020190,0.0000000000,scatter
3000,2,0.4366020190,0.0000000000,0.0268245334,1.5068330729,scatter
3000,3,0.0268245334,1.5068330729,2.2679558405,-1.2565124079,absorb
3100,1,0.0000000000,0.0000000000,0.1556602310,0.0000000000,scatter
3100,2,0.1556602310,0.0000000000,0.0000000000,-0.0165744982,exit_left
3200,1,0.0000000000,0.0000000000,1.7869089488,0.0000000000,scatter
3200,2,1.7869089488,0.0000000000,2.2548926031,0.0798732648,scatter
3200,3,2.2548926031,0.0798732648,3.0927593814,-0.3524345622,scatter
3200,4,3.0927593814,-0.3524345622,2.8968192390,-0.3293325462,absorb
3300,1,0.0000000000,0.0000000000,1.8652631151,0.0000000000,scatter
3300,2,1.8652631151,0.0000000000,1.4368738936,-0.3197193898,absorb
3400,1,0.0000000000,0.0000000000,2.8459473637,0.0000000000,scatter
3400,2,2.8459473637,0.0000000000,2.7283948864,0.6935345226,scatter
3400,3,2.7283948864,0.6935345226,4.0000000000,-0.2573269226,exit_right
3500,1,0.0000000000,0.0000000000,4.0000000000,0.0000000000,exit_right
3600,1,0.0000000000,0.0000000000,0.2453228468,0.0000000000,scatter
3600,2,0.2453228468,0.0000000000,1.2404667190,-1.9121290489,scatter
3600,3,1.2404667190,-1.9121290489,1.5443233377,-1.5677210631,scatter
3600,4,1.5443233377,-1.5677210631,1.9087174546,-0.7072255678,scatter
3600,5,1.9087174546,-0.7072255678,4.0000000000,-1.7837505289,exit_right
3700,1,0.0000000000,0.0000000000,0.0848369012,0.0000000000,scatter
3700,2,0.0848369012,0.0000000000,3.8552603982,1.5870227633,scatter
3700,3,3.8552603982,1.5870227633,4.0000000000,1.6762552690,exit_right
3800,1,0.0000000000,0.0000000000,4.0000000000,0.0000000000,exit_right
3900,1,0.0000000000,0.0000000000,1.1942689286,0.0000000000,scatter
3900,2,1.1942689286,0.0000000000,0.8608737301,-0.6883300552,scatter
3900,3,0.8608737301,-0.6883300552,3.5535706948,-0.7552219122,scatter
3900,4,3.5535706948,-0.7552219122,4.0000000000,-1.1947582113,exit_right
4000,1,0.0000000000,0.0000000000,0.5798978580,0.0000000000,scatter
4000,2,0.5798978580,0.0000000000,4.0000000000,1.1809170655,exit_right
4100,1,0.0000000000,0.0000000000,2.2320553866,0.0000000000,scatter
4100,2,2.2320553866,0.0000000000,2.6222725440,-1.2151067265,scatter
4100,3,2.6222725440,-1.2151067265,3.9294462485,-0.5824021450,scatter
4100,4,3.9294462485,-0.5824021450,3.9853115002,-0.6086879019,scatter
4100,5,3.9853115002,-0.6086879019,4.0000000000,-0.6472304184,exit_right
4200,1,0.0000000000,0.0000000000,0.8513733783,0.0000000000,scatter
4200,2,0.8513733783,0.0000000000,0.3441439822,0.0971231734,scatter
4200,3,0.3441439822,0.0971231734,0.0000000000,0.3224524902,exit_left
4300,1,0.0000000000,0.0000000000,1.2792345776,0.0000000000,absorb
4400,1,0.0000000000,0.0000000000,2.9779251096,0.0000000000,scatter
4400,2,2.9779251096,0.0000000000,1.8090566712,-3.3053417266,scatter
4400,3,1.8090566712,-3.3053417266,3.3369596789,-3.8293451709,scatter
4400,4,3.3369596789,-3.8293451709,4.0000000000,-4.6472158100,exit_right
4500,1,0.0000000000,0.0000000000,4.0000000000,0.0000000000,exit_right
4600,1,0.0000000000,0.0000000000,3.0064933250,0.0000000000,scatter
4600,2,3.0064933250,0.0000000000,2.0440454330,-0.6648597953,scatter
4600,3,2.0440454330,-0.6648597953,1.9844808970,0.3443706670,scatter
4600,4,1.9844808970,0.3443706670,2.0048326851,0.9909429453,scatter
4600,5,2.0048326851,0.9909429453,4.0000000000,2.8599288651,exit_right
4700,1,0.0000000000,0.0000000000,0.7245657887,0.0000000000,scatter
4700,2,0.7245657887,0.0000000000,0.5001677710,0.7405245262,scatter
4700,3,0.5001677710,0.7405245262,0.0000000000,1.2092171585,exit_left
4800,1,0.0000000000,0.0000000000,3.8048970640,0.0000000000,scatter
4800,2,3.8048970640,0.0000000000,2.8281336978,-2.7308343615,scatter
4800,3,2.8281336978,-2.7308343615,4.0000000000,-2.6323173526,exit_right
4900,1,0.0000000000,0.0000000000,0.8269288366,0.0000000000,absorb
5000,1,0.0000000000,0.0000000000,0.8008666472,0.0000000000,scatter
5000,2,0.8008666472,0.0000000000,0.6148885360,2.8045995835,absorb
5100,1,0.0000000000,0.0000000000,2.8287501330,0.0000000000,scatter
5100,2,2.8287501330,0.0000000000,1.5880828215,-2.9324403828,scatter
5100,3,1.5880828215,-2.9324403828,2.8159380509,-4.4785703968,absorb
5200,1,0.0000000000,0.0000000000,4.0000000000,0.0000000000,exit_right
5300,1,0.0000000000,0.0000000000,2.4113278342,0.0000000000,scatter
5300,2,2.4113278342,0.0000000000,3.5830313938,-0.9489464568,scatter
5300,3,3.5830313938,-0.9489464568,3.2975153566,-2.6397650321,scatter
5300,4,3.2975153566,-2.6397650321,3.0877809369,-2.7269458794,scatter
5300,5,3.0877809369,-2.7269458794,3.6357896253,-2.4867672207,scatter
5300,6,3.6357896253,-2.4867672207,4.0000000000,-2.6032460578,exit_right
5400,1,0.0000000000,0.0000000000,1.0538858416,0.0000000000,scatter
5400,2,1.0538858416,0.0000000000,1.1200696490,-0.2801400421,absorb
5500,1,0.0000000000,0.0000000000,0.4210168853,0.0000000000,absorb
5600,1,0.0000000000,0.0000000000,0.4426291244,0.0000000000,scatter
5600,2,0.4426291244,0.0000000000,0.5167401049,3.5103510460,scatter
5600,3,0.5167401049,3.5103510460,0.0000000000,3.3039774380,exit_left
5700,1,0.0000000000,0.0000000000,0.3534881924,0.0000000000,scatter
5700,2,0.3534881924,0.0000000000,1.5442483744,1.2780604651,scatter
5700,3,1.5442483744,1.2780604651,1.5416639377,2.3979316074,scatter
5700,4,1.5416639377,2.3979316074,1.1191383208,2.2556570421,scatter
5700,5,1.1191383208,2.2556570421,1.5109844267,4.5001019337,absorb
5800,1,0.0000000000,0.0000000000,3.0624688624,0.0000000000,scatter
5800,2,3.0624688624,0.0000000000,0.0000000000,-0.0487160910,exit_left
5900,1,0.0000000000,0.0000000000,1.9403876766,0.0000000000,scatter
5900,2,1.9403876766,0.0000000000,1.8108820877,0.1460479777,scatter
5900,3,1.8108820877,0.1460479777,2.9299126148,0.1123288495,absorb
6000,1,0.0000000000,0.0000000000,4.0000000000,0.0000000000,exit_right
6100,1,0.0000000000,0.0000000000,2.0816148257,0.0000000000,scatter
6100,2,2.0816148257,0.0000000000,0.0000000000,-0.6948487568,exit_left
6200,1,0.0000000000,0.0000000000,0.5144492761,0.0000000000,scatter
6200,2,0.5144492761,0.0000000000,0.0000000000,-0.8974128723,exit_left
6300,1,0.0000000000,0.0000000000,1.2992468323,0.0000000000,absorb
6400,1,0.0000000000,0.0000000000,2.8834312558,0.0000000000,scatter
6400,2,2.8834312558,0.0000000000,2.0077895024,-0.4020064883,scatter
6400,3,2.0077895024,-0.4020064883,0.1902564189,-2.6432910830,scatter
6400,4,0.1902564189,-2.6432910830,0.6606394124,-2.6346589611,scatter
6400,5,0.6606394124,-2.6346589611,0.6721805159,-2.7661419265,scatter
6400,6,0.6721805159,-2.7661419265,1.7440610971,-2.5311441916,scatter
6400,7,1.7440610971,-2.5311441916,0.1291961565,-3.8151718788,scatter
6400,8,0.1291961565,-3.8151718788,0.1309233114,-3.8973987103,scatter
6400,9,0.1309233114,-3.8973987103,0.0000000000,-3.8366310220,exit_left
6500,1,0.0000000000,0.0000000000,0.0713344230,0.0000000000,scatter
6500,2,0.0713344230,0.0000000000,3.0974299347,-2.1797383161,scatter
6500,3,3.0974299347,-2.1797383161,4.0000000000,-0.3580557497,exit_right
6600,1,0.0000000000,0.0000000000,1.6462829269,0.0000000000,absorb
6700,1,0.0000000000,0.0000000000,1.2349680960,0.0000000000,scatter
6700,2,1.2349680960,0.0000000000,0.5678921669,0.7942960291,scatter
6700,3,0.5678921669,0.7942960291,0.0000000000,0.7058452499,exit_left
6800,1,0.0000000000,0.0000000000,4.0000000000,0.0000000000,exit_right
6900,1,0.0000000000,0.0000000000,0.4872994112,0.0000000000,scatter
6900,2,0.4872994112,0.0000000000,0.2899804878,0.1587923626,absorb
7000,1,0.0000000000,0.0000000000,1.3749754524,0.0000000000,scatter
7000,2,1.3749754524,0.0000000000,2.2241708020,1.0186686325,scatter
7000,3,2.2241708020,1.0186686325,4.0000000000,4.2687940912,exit_right
7100,1,0.0000000000,0.0000000000,1.6591675563,0.0000000000,absorb
7200,1,0.0000000000,0.0000000000,0.7870876759,0.0000000000,absorb
7300,1,0.0000000000,0.0000000000,1.4866199455,0.0000000000,scatter
7300,2,1.4866199455,0.0000000000,4.0000000000,-0.1571018413,exit_right
7400,1,0.0000000000,0.0000000000,0.0763337219,0.0000000000,scatter
7400,2,0.0763337219,0.0000000000,0.0328343067,0.0071214467,scatter
7400,3,0.0328343067,0.0071214467,0.0000000000,-0.0344482133,exit_left
7500,1,0.0000000000,0.0000000000,0.2575105046,0.0000000000,scatter
7500,2,0.2575105046,0.0000000000,0.0189228403,0.5073118927,scatter
7500,3,0.0189228403,0.5073118927,1.0969207062,1.8737434116,scatter
7500,4,1.0969207062,1.8737434116,2.2634553083,5.9465719173,absorb
7600,1,0.0000000000,0.0000000000,1.2040175784,0.0000000000,scatter
7600,2,1.2040175784,0.0000000000,0.4924738057,-0.3665349374,absorb
7700,1,0.0000000000,0.0000000000,2.3758881328,0.0000000000,absorb
7800,1,0.0000000000,0.0000000000,1.4258453739,0.0000000000,scatter
7800,2,1.4258453739,0.0000000000,1.1117976887,-1.7520004715,absorb
7900,1,0.0000000000,0.0000000000,3.9914855623,0.0000000000,scatter
7900,2,3.9914855623,0.0000000000,4.0000000000,0.0106182603,exit_right
8000,1,0.0000000000,0.0000000000,0.2632160971,0.0000000000,scatter
8000,2,0.2632160971,0.0000000000,0.1841603344,-0.1304822424,scatter
8000,3,0.1841603344,-0.1304822424,0.2011779541,-0.5034455011,absorb
8100,1,0.0000000000,0.0000000000,1.1111190503,0.0000000000,scatter
8100,2,1.1111190503,0.0000000000,1.1788640975,-0.0966318357,scatter
8100,3,1.1788640975,-0.0966318357,0.0000000000,0.6176870664,exit_left
8200,1,0.0000000000,0.0000000000,0.3444480964,0.0000000000,scatter
8200,2,0.3444480964,0.0000000000,0.6702010871,2.4241750576,scatter
8200,3,0.6702010871,2.4241750576,1.0287938591,2.3005328862,scatter
8200,4,1.0287938591,2.3005328862,0.2644834338,3.5535771148,scatter
8200,5,0.2644834338,3.5535771148,0.0000000000,3.9373927856,exit_left
8300,1,0.0000000000,0.0000000000,0.0909799587,0.0000000000,scatter
8300,2,0.0909799587,0.0000000000,0.0000000000,-0.0706041368,exit_left
8400,1,0.0000000000,0.0000000000,1.8518678705,0.0000000000,scatter
8400,2,1.8518678705,0.0000000000,4.0000000000,0.2196723766,exit_right
8500,1,0.0000000000,0.0000000000,1.1189037560,0.0000000000,scatter
8500,2,1.1189037560,0.0000000000,0.3936017793,-0.6633902049,scatter
8500,3,0.3936017793,-0.6633902049,3.0896903408,-0.9405224949,scatter
8500,4,3.0896903408,-0.9405224949,2.8063671732,0.6964086054,scatter
8500,5,2.8063671732,0.6964086054,2.0738047577,0.0913146118,scatter
8500,6,2.0738047577,0.0913146118,1.4251720831,-0.8576559613,absorb
8600,1,0.0000000000,0.0000000000,0.1885774856,0.0000000000,scatter
8600,2,0.1885774856,0.0000000000,2.5974272395,0.4584996253,scatter
8600,3,2.5974272395,0.4584996253,2.6486070045,-0.0120881743,scatter
8600,4,2.6486070045,-0.0120881743,4.0000000000,-1.2341643786,exit_right
8700,1,0.0000000000,0.0000000000,1.2807919873,0.0000000000,scatter
8700,2,1.2807919873,0.0000000000,4.0000000000,-2.3061428714,exit_right
8800,1,0.0000000000,0.0000000000,0.3664187289,0.0000000000,scatter
8800,2,0.3664187289,0.0000000000,3.2200956876,1.1848427305,absorb
8900,1,0.0000000000,0.0000000000,2.7821800024,0.0000000000,scatter
8900,2,2.7821800024,0.0000000000,3.0713078751,0.1164972693,scatter
8900,3,3.0713078751,0.1164972693,4.0000000000,0.3369935874,exit_right
9000,1,0.0000000000,0.0000000000,0.5607033603,0.0000000000,scatter
9000,2,0.5607033603,0.0000000000,1.1961075768,-0.8705263304,scatter
9000,3,1.1961075768,-0.8705263304,0.7332279625,-1.8657166388,absorb
9100,1,0.0000000000,0.0000000000,2.2878392652,0.0000000000,scatter
9100,2,2.2878392652,0.0000000000,2.2960498013,0.0422163092,scatter
9100,3,2.2960498013,0.0422163092,3.6518698268,0.1687364404,scatter
9100,4,3.6518698268,0.1687364404,4.0000000000,0.0842985103,exit_right
9200,1,0.0000000000,0.0000000000,2.0936333727,0.0000000000,scatter
9200,2,2.0936333727,0.0000000000,0.0000000000,-2.2674976180,exit_left
9300,1,0.0000000000,0.0000000000,0.5464237781,0.0000000000,absorb
9400,1,0.0000000000,0.0000000000,1.1123572614,0.0000000000,scatter
9400,2,1.1123572614,0.0000000000,1.2948044160,0.2199034312,scatter
9400,3,1.2948044160,0.2199034312,0.0000000000,-1.4426260179,exit_left
9500,1,0.0000000000,0.0000000000,2.1462055996,0.0000000000,absorb
9600,1,0.0000000000,0.0000000000,4.0000000000,0.0000000000,exit_right
9700,1,0.0000000000,0.0000000000,0.6962733085,0.0000000000,scatter
9700,2,0.6962733085,0.0000000000,1.0940067227,0.6353470021,scatter
9700,3,1.0940067227,0.6353470021,1.4197687503,0.9226266417,scatter
9700,4,1.4197687503,0.9226266417,2.6599849757,4.7946123528,scatter
9700,5,2.6599849757,4.7946123528,1.4275761147,5.4208080602,scatter
9700,6,1.4275761147,5.4208080602,1.8998987914,5.4292924155,absorb
9800,1,0.0000000000,0.0000000000,0.1036214368,0.0000000000,scatter
9800,2,0.1036214368,0.0000000000,0.0000000000,0.0121839783,exit_left
9900,1,0.0000000000,0.0000000000,3.2840795207,0.0000000000,scatter
9900,2,3.2840795207,0.0000000000,3.2892760223,-0.0727043408,scatter
9900,3,3.2892760223,-0.0727043408,2.7906342939,0.7987815905,scatter
9900,4,2.7906342939,0.7987815905,1.6699964762,2.0843969118,scatter
9900,5,1.6699964762,2.0843969118,4.0000000000,1.1693457847,exit_right
10000,1,0.0000000000,0.0000000000,2.2120862641,0.0000000000,absorb
10100,1,0.0000000000,0.0000000000,0.5177787774,0.0000000000,scatter
10100,2,0.5177787774,0.0000000000,0.0000000000,-0.5513933530,exit_left
10200,1,0.0000000000,0.0000000000,0.3434833782,0.0000000000,scatter
10200,2,0.3434833782,0.0000000000,0.0000000000,-0.0770033662,exit_left
10300,1,0.0000000000,0.0000000000,0.5971449126,0.0000000000,scatter
10300,2,0.5971449126,0.0000000000,0.0000000000,-0.1522852037,exit_left
10400,1,0.0000000000,0.0000000000,1.6756126522,0.0000000000,scatter
10400,2,1.6756126522,0.0000000000,1.7860255748,-0.0703272954,absorb
10500,1,0.0000000000,0.0000000000,2.5381133788,0.0000000000,absorb
10600,1,0.0000000000,0.0000000000,4.0000000000,0.0000000000,exit_right
10700,1,0.0000000000,0.0000000000,3.4986040015,0.0000000000,scatter
10700,2,3.4986040015,0.0000000000,3.5337755017,0.5185131262,scatter
10700,3,3.5337755017,0.5185131262,3.5313625839,0.5219080364,absorb
10800,1,0.0000000000,0.0000000000,0.1301053347,0.0000000000,absorb
10900,1,0.0000000000,0.0000000000,1.6829800266,0.0000000000,scatter
10900,2,1.6829800266,0.0000000000,1.3799949234,0.5983001985,scatter
10900,3,1.3799949234,0.5983001985,1.6485991393,0.6249266727,absorb
11000,1,0.0000000000,0.0000000000,1.7346704527,0.0000000000,absorb
11100,1,0.0000000000,0.0000000000,0.7609753678,0.0000000000,scatter
11100,2,0.7609753678,0.0000000000,0.0000000000,0.3591852547,exit_left
11200,1,0.0000000000,0.0000000000,0.0594284263,0.0000000000,scatter
11200,2,0.0594284263,0.0000000000,0.0000000000,0.0073061311,exit_left
11300,1,0.0000000000,0.0000000000,0.5956144430,0.0000000000,scatter
11300,2,0.5956144430,0.0000000000,0.0000000000,1.9569180931,exit_left
11400,1,0.0000000000,0.0000000000,0.1108955558,0.0000000000,scatter
11400,2,0.1108955558,0.0000000000,0.0000000000,-0.1910961800,exit_left
11500,1,0.0000000000,0.0000000000,0.0234519113,0.0000000000,scatter
11500,2,0.0234519113,0.0000000000,0.0000000000,-0.2279508240,exit_left
11600,1,0.0000000000,0.0000000000,4.0000000000,0.0000000000,exit_right
11700,1,0.0000000000,0.0000000000,1.0932968097,0.0000000000,scatter
11700,2,1.0932968097,0.0000000000,1.3894304940,0.8522044517,scatter
11700,3,1.3894304940,0.8522044517,3.1438727664,0.6273315387,scatter
11700,4,3.1438727664,0.6273315387,2.9404177253,-0.4320168248,scatter
11700,5,2.9404177253,-0.4320168248,0.7442206420,-4.8151037204,scatter
11700,6,0.7442206420,-4.8151037204,0.9638002575,-4.6277008276,scatter
11700,7,0.9638002575,-4.6277008276,1.4544364391,-4.8769817400,scatter
11700,8,1.4544364391,-4.8769817400,1.2005785054,-4.7409469392,scatter
11700,9,1.2005785054,-4.7409469392,1.3444038947,-3.4710547162,scatter
11700,10,1.3444038947,-3.4710547162,4.0000000000,-3.1343292847,exit_right
11800,1,0.0000000000,0.0000000000,2.1125087734,0.0000000000,scatter
11800,2,2.1125087734,0.0000000000,0.0981562885,1.4867091434,absorb
11900,1,0.0000000000,0.0000000000,0.0810586687,0.0000000000,scatter
11900,2,0.0810586687,0.0000000000,0.4560193143,-0.9205949304,scatter
11900,3,0.4560193143,-0.9205949304,1.1644492507,-1.9102337303,scatter
11900,4,1.1644492507,-1.9102337303,0.7300550427,-1.2505516079,scatter
11900,5,0.7300550427,-1.2505516079,0.7871420508,-1.7748298784,scatter
11900,6,0.7871420508,-1.7748298784,0.1913616466,1.2979892672,scatter
11900,7,0.1913616466,1.2979892672,0.0000000000,1.1168714035,exit_left
12000,1,0.0000000000,0.0000000000,0.0931529361,0.0000000000,scatter
12000,2,0.0931529361,0.0000000000,2.8728321553,-2.5316627260,scatter
12000,3,2.8728321553,-2.5316627260,4.0000000000,-2.8522208970,exit_right
12100,1,0.0000000000,0.0000000000,0.9229664705,0.0000000000,scatter
12100,2,0.9229664705,0.0000000000,4.0000000000,-1.9846531334,exit_right
12200,1,0.0000000000,0.0000000000,0.2703302942,0.0000000000,scatter
12200,2,0.2703302942,0.0000000000,0.0000000000,-0.6820187172,exit_left
12300,1,0.0000000000,0.0000000000,3.7627937797,0.0000000000,scatter
12300,2,3.7627937797,0.0000000000,4.0000000000,0.0679244339,exit_right
12400,1,0.0000000000,0.0000000000,0.0102057962,0.0000000000,scatter
12400,2,0.0102057962,0.0000000000,0.0000000000,-0.0104570180,exit_left
12500,1,0.0000000000,0.0000000000,0.3368932182,0.0000000000,scatter
12500,2,0.3368932182,0.0000000000,0.0000000000,-0.2589469673,exit_left
12600,1,0.0000000000,0.0000000000,0.4266460081,0.0000000000,scatter
12600,2,0.4266460081,0.0000000000,0.0000000000,-0.1765618003,exit_left
12700,1,0.0000000000,0.0000000000,2.3974292483,0.0000000000,scatter
12700,2,2.3974292483,0.0000000000,4.0000000000,-0.9218084189,exit_right
12800,1,0.0000000000,0.0000000000,0.2395296090,0.0000000000,absorb
12900,1,0.0000000000,0.0000000000,2.4414241867,0.0000000000,absorb
13000,1,0.0000000000,0.0000000000,2.4918406601,0.0000000000,absorb
13100,1,0.0000000000,0.0000000000,0.2940125550,0.0000000000,scatter
13100,2,0.2940125550,0.0000000000,0.0000000000,0.1164462224,exit_left
13200,1,0.0000000000,0.0000000000,1.0789857317,0.0000000000,scatter
13200,2,1.0789857317,0.0000000000,2.7566123270,0.1997617724,scatter
13200,3,2.7566123270,0.1997617724,2.3057226397,1.6699221687,scatter
13200,4,2.3057226397,1.6699221687,2.3054380679,1.6700850544,scatter
13200,5,2.3054380679,1.6700850544,2.3042389515,1.6694602356,scatter
13200,6,2.3042389515,1.6694602356,0.2700956180,1.0353090070,absorb
13300,1,0.0000000000,0.0000000000,0.5258514951,0.0000000000,scatter
13300,2,0.5258514951,0.0000000000,0.0000000000,-0.2070449514,exit_left
13400,1,0.0000000000,0.0000000000,0.8899543169,0.0000000000,scatter
13400,2,0.8899543169,0.0000000000,1.2402787716,-0.4382777768,scatter
13400,3,1.2402787716,-0.4382777768,1.3447815422,-0.5700240038,scatter
13400,4,1.3447815422,-0.5700240038,1.5945715743,-0.6045427967,scatter
13400,5,1.5945715743,-0.6045427967,4.0000000000,-0.9394390821,exit_right
13500,1,0.0000000000,0.0000000000,4.0000000000,0.0000000000,exit_right
13600,1,0.0000000000,0.0000000000,4.0000000000,0.0000000000,exit_right
13700,1,0.0000000000,0.0000000000,4.0000000000,0.0000000000,exit_right
13800,1,0.0000000000,0.0000000000,0.0380288927,0.0000000000,scatter
13800,2,0.0380288927,0.0000000000,0.0000000000,0.0350942840,exit_left
13900,1,0.0000000000,0.0000000000,0.4636003269,0.0000000000,scatter
13900,2,0.4636003269,0.0000000000,0.0000000000,0.9889350400,exit_left
14000,1,0.0000000000,0.0000000000,0.6167253721,0.0000000000,scatter
14000,2,0.6167253721,0.0000000000,0.0000000000,-0.1423357607,exit_left
14100,1,0.0000000000,0.0000000000,4.0000000000,0.0000000000,exit_right
14200,1,0.0000000000,0.0000000000,0.0942824250,0.0000000000,scatter
14200,2,0.0942824250,0.0000000000,0.5211957031,3.0416088187,scatter
14200,3,0.5211957031,3.0416088187,0.0000000000,2.9280168834,exit_left
14300,1,0.0000000000,0.0000000000,3.9865910631,0.0000000000,scatter
14300,2,3.9865910631,0.0000000000,4.0000000000,0.0040815456,exit_right
14400,1,0.0000000000,0.0000000000,3.5519438972,0.0000000000,scatter
14400,2,3.5519438972,0.0000000000,4.0000000000,-1.6238970885,exit_right
14500,1,0.0000000000,0.0000000000,0.7965437829,0.0000000000,absorb
14600,1,0.0000000000,0.0000000000,0.8556949838,0.0000000000,scatter
14600,2,0.8556949838,0.0000000000,2.0797711360,-4.0338241449,scatter
14600,3,2.0797711360,-4.0338241449,1.8390650452,-3.8905306646,scatter
14600,4,1.8390650452,-3.8905306646,1.9505793366,-2.6645153683,absorb
14700,1,0.0000000000,0.0000000000,3.7729748338,0.0000000000,scatter
14700,2,3.7729748338,0.0000000000,3.5694985362,-0.5162844532,scatter
14700,3,3.5694985362,-0.5162844532,4.0000000000,2.1443113256,exit_right
14800,1,0.0000000000,0.0000000000,4.0000000000,0.0000000000,exit_right
14900,1,0.0000000000,0.0000000000,0.2968384663,0.0000000000,scatter
14900,2,0.2968384663,0.0000000000,0.0000000000,-0.0573006721,exit_left
15000,1,0.0000000000,0.0000000000,0.0653624089,0.0000000000,scatter
15000,2,0.0653624089,0.0000000000,0.0000000000,-0.0510302703,exit_left
15100,1,0.0000000000,0.0000000000,0.9922615677,0.0000000000,scatter
15100,2,0.9922615677,0.0000000000,0.4762468410,0.2998153862,scatter
15100,3,0.4762468410,0.2998153862,1.7604962395,0.0418071345,scatter
15100,4,1.7604962395,0.0418071345,1.5720128778,-0.3128318573,scatter
15100,5,1.5720128778,-0.3128318573,3.3570029209,0.7394749837,scatter
15100,6,3.3570029209,0.7394749837,0.7399575173,4.3310991894,scatter
15100,7,0.7399575173,4.3310991894,0.0000000000,3.4605446356,exit_left
15200,1,0.0000000000,0.0000000000,1.6124130614,0.0000000000,scatter
15200,2,1.6124130614,0.0000000000,0.5119194514,5.9187048545,scatter
15200,3,0.5119194514,5.9187048545,0.2835120795,4.6889719071,scatter
15200,4,0.2835120795,4.6889719071,0.0000000000,5.2329393411,exit_left
15300,1,0.0000000000,0.0000000000,1.2669243054,0.0000000000,scatter
15300,2,1.2669243054,0.0000000000,1.2603708581,1.5490361130,scatter
15300,3,1.2603708581,1.5490361130,0.6709057694,0.0006108177,scatter
15300,4,0.6709057694,0.0006108177,0.0000000000,0.0325692577,exit_left
15400,1,0.0000000000,0.0000000000,2.1587212146,0.0000000000,absorb
15500,1,0.0000000000,0.0000000000,4.0000000000,0.0000000000,exit_right
15600,1,0.0000000000,0.0000000000,0.9678175938,0.0000000000,scatter
15600,2,0.9678175938,0.0000000000,1.0313401670,0.3614863685,scatter
15600,3,1.0313401670,0.3614863685,1.4244722190,4.4446097135,scatter
15600,4,1.4244722190,4.4446097135,0.0000000000,3.8260954479,exit_left
15700,1,0.0000000000,0.0000000000,4.0000000000,0.0000000000,exit_right
15800,1,0.0000000000,0.0000000000,0.8343146524,0.0000000000,scatter
15800,2,0.8343146524,0.0000000000,0.0000000000,-0.8236105250,exit_left
15900,1,0.0000000000,0.0000000000,1.4653592298,0.0000000000,scatter
15900,2,1.4653592298,0.0000000000,0.0000000000,0.0923904255,exit_left
16000,1,0.0000000000,0.0000000000,3.2871869214,0.0000000000,scatter
16000,2,3.2871869214,0.0000000000,2.9311043047,0.5334720046,absorb
16100,1,0.0000000000,0.0000000000,0.9288736506,0.0000000000,scatter
16100,2,0.9288736506,0.0000000000,2.2124286870,0.3549825377,scatter
16100,3,2.2124286870,0.3549825377,1.9450942993,-0.5523261181,scatter
16100,4,1.9450942993,-0.5523261181,3.2441984677,2.4204000221,scatter
16100,5,3.2441984677,2.4204000221,2.3507035197,2.5088051949,scatter
16100,6,2.3507035197,2.5088051949,2.2464512891,2.5744236150,scatter
16100,7,2.2464512891,2.5744236150,2.0484892741,4.1124797225,scatter
16100,8,2.0484892741,4.1124797225,2.8261814340,3.5855925313,scatter
16100,9,2.8261814340,3.5855925313,0.0000000000,-1.0106049840,exit_left
16200,1,0.0000000000,0.0000000000,2.1100723502,0.0000000000,scatter
16200,2,2.1100723502,0.0000000000,2.6923312220,-5.3850077097,scatter
16200,3,2.6923312220,-5.3850077097,0.4761381867,-2.0551650174,scatter
16200,4,0.4761381867,-2.0551650174,1.3829924994,-3.2209125290,scatter
16200,5,1.3829924994,-3.2209125290,0.5969754525,-4.3843612565,scatter
16200,6,0.5969754525,-4.3843612565,0.0000000000,-4.1438510217,exit_left
16300,1,0.0000000000,0.0000000000,0.8371377099,0.0000000000,absorb
16400,1,0.0000000000,0.0000000000,1.2461184719,0.0000000000,absorb
16500,1,0.0000000000,0.0000000000,4.0000000000,0.0000000000,exit_right
16600,1,0.0000000000,0.0000000000,0.8632033250,0.0000000000,scatter
16600,2,0.8632033250,0.0000000000,0.9262049095,0.0054998272,scatter
16600,3,0.9262049095,0.0054998272,0.0000000000,2.6544887180,exit_left
16700,1,0.0000000000,0.0000000000,0.2518702005,0.0000000000,absorb
16800,1,0.0000000000,0.0000000000,3.6628192524,0.0000000000,scatter
16800,2,3.6628192524,0.0000000000,2.0148671424,-5.4789130780,scatter
16800,3,2.0148671424,-5.4789130780,2.3825761052,-5.3656802630,scatter
16800,4,2.3825761052,-5.3656802630,2.1213280853,-4.8265002953,absorb
16900,1,0.0000000000,0.0000000000,0.1512339225,0.0000000000,scatter
16900,2,0.1512339225,0.0000000000,0.1082595618,0.5673408628,scatter
16900,3,0.1082595618,0.5673408628,2.9941096849,4.8845124234,scatter
16900,4,2.9941096849,4.8845124234,3.0575447925,4.8434055191,scatter
16900,5,3.0575447925,4.8434055191,3.1763496267,5.0473193465,scatter
16900,6,3.1763496267,5.0473193465,2.8428760088,5.7562778211,absorb
17000,1,0.0000000000,0.0000000000,0.2063313365,0.0000000000,scatter
17000,2,0.2063313365,0.0000000000,0.5278279946,0.4821566784,scatter
17000,3,0.5278279946,0.4821566784,1.7669179299,-0.1816643431,scatter
17000,4,1.7669179299,-0.1816643431,1.6902011437,-0.6324566916,scatter
17000,5,1.6902011437,-0.6324566916,4.0000000000,0.3778747035,exit_right
17100,1,0.0000000000,0.0000000000,2.9377578761,0.0000000000,scatter
17100,2,2.9377578761,0.0000000000,3.4103634843,0.8143478750,absorb
17200,1,0.0000000000,0.0000000000,1.5054022113,0.0000000000,absorb
17300,1,0.0000000000,0.0000000000,1.4373484252,0.0000000000,scatter
17300,2,1.4373484252,0.0000000000,0.6937229306,1.1395710073,scatter
17300,3,0.6937229306,1.1395710073,1.4646545778,0.9687146606,scatter
17300,4,1.4646545778,0.9687146606,1.7243120202,0.8897519504,absorb
17400,1,0.0000000000,0.0000000000,1.1497245313,0.0000000000,scatter
17400,2,1.1497245313,0.0000000000,1.2131006834,-0.0013116960,scatter
17400,3,1.2131006834,-0.0013116960,1.4889468301,-0.2372738196,scatter
17400,4,1.4889468301,-0.2372738196,0.9999321496,0.3327914588,absorb
17500,1,0.0000000000,0.0000000000,2.6659507525,0.0000000000,scatter
17500,2,2.6659507525,0.0000000000,0.6995488037,-0.2662776262,scatter
17500,3,0.6995488037,-0.2662776262,1.9283284416,0.1554482027,absorb
17600,1,0.0000000000,0.0000000000,0.6141721080,0.0000000000,scatter
17600,2,0.6141721080,0.0000000000,0.6144586100,0.0210834851,scatter
17600,3,0.6144586100,0.0210834851,0.2728030913,0.9648628471,scatter
17600,4,0.2728030913,0.9648628471,0.0000000000,1.5447218403,exit_left
17700,1,0.0000000000,0.0000000000,0.4009582401,0.0000000000,scatter
17700,2,0.4009582401,0.0000000000,1.4314010752,-1.3871917066,scatter
17700,3,1.4314010752,-1.3871917066,2.9174536620,-0.2099476142,scatter
17700,4,2.9174536620,-0.2099476142,4.0000000000,0.5064054917,exit_right
17800,1,0.0000000000,0.0000000000,4.0000000000,0.0000000000,exit_right
17900,1,0.0000000000,0.0000000000,1.0603197160,0.0000000000,scatter
17900,2,1.0603197160,0.0000000000,0.0000000000,2.6302988955,exit_left
18000,1,0.0000000000,0.0000000000,2.2876282839,0.0000000000,scatter
18000,2,2.2876282839,0.0000000000,2.1348212609,-0.4129951344,scatter
18000,3,2.1348212609,-0.4129951344,0.8861412545,0.1349616503,scatter
18000,4,0.8861412545,0.1349616503,0.7671884673,0.5775421651,absorb
18100,1,0.0000000000,0.0000000000,1.0263423479,0.0000000000,absorb
18200,1,0.0000000000,0.0000000000,4.0000000000,0.0000000000,exit_right
18300,1,0.0000000000,0.0000000000,4.0000000000,0.0000000000,exit_right
18400,1,0.0000000000,0.0000000000,1.5751484063,0.0000000000,scatter
18400,2,1.5751484063,0.0000000000,1.6509326196,-0.4701605595,scatter
18400,3,1.6509326196,-0.4701605595,1.4687598144,-0.7554932099,absorb
18500,1,0.0000000000,0.0000000000,1.1372902307,0.0000000000,absorb
18600,1,0.0000000000,0.0000000000,0.7412377010,0.0000000000,scatter
18600,2,0.7412377010,0.0000000000,0.1055086050,-2.1052871190,scatter
18600,3,0.1055086050,-2.1052871190,0.0000000000,-2.1076353000,exit_left
18700,1,0.0000000000,0.0000000000,4.0000000000,0.0000000000,exit_right
18800,1,0.0000000000,0.0000000000,4.0000000000,0.0000000000,exit_right
18900,1,0.0000000000,0.0000000000,1.6751930056,0.0000000000,absorb
19000,1,0.0000000000,0.0000000000,0.3255411562,0.0000000000,scatter
19000,2,0.3255411562,0.0000000000,0.6099342369,-0.2474592145,scatter
19000,3,0.6099342369,-0.2474592145,4.0000000000,-8.2202333144,exit_right
19100,1,0.0000000000,0.0000000000,3.2896581956,0.0000000000,scatter
19100,2,3.2896581956,0.0000000000,2.5635764055,-1.8893459073,scatter
19100,3,2.5635764055,-1.8893459073,2.6610713814,-0.6297845168,scatter
19100,4,2.6610713814,-0.6297845168,2.0202517453,-1.4491613960,scatter
19100,5,2.0202517453,-1.4491613960,3.3784143519,0.3067307777,scatter
19100,6,3.3784143519,0.3067307777,2.7220496971,0.9551953315,scatter
19100,7,2.7220496971,0.9551953315,3.5917009093,-3.1472592753,absorb
19200,1,0.0000000000,0.0000000000,0.5818639100,0.0000000000,scatter
19200,2,0.5818639100,0.0000000000,0.8488298202,0.0909601080,scatter
19200,3,0.8488298202,0.0909601080,0.9377416968,0.5836761497,absorb
19300,1,0.0000000000,0.0000000000,1.1002595839,0.0000000000,scatter
19300,2,1.1002595839,0.0000000000,1.0963148545,-0.0061037720,scatter
19300,3,1.0963148545,-0.0061037720,1.0524981778,0.8932393811,scatter
19300,4,1.0524981778,0.8932393811,2.0172192612,2.6430236572,scatter
19300,5,2.0172192612,2.6430236572,3.6535959293,5.1604587352,scatter
19300,6,3.6535959293,5.1604587352,3.8239304389,6.2634174384,scatter
19300,7,3.8239304389,6.2634174384,4.0000000000,6.6001489484,exit_right
19400,1,0.0000000000,0.0000000000,4.0000000000,0.0000000000,exit_right
19500,1,0.0000000000,0.0000000000,0.4800232962,0.0000000000,scatter
19500,2,0.4800232962,0.0000000000,2.4876087980,4.4347582491,scatter
19500,3,2.4876087980,4.4347582491,1.1256881490,4.7748873797,scatter
19500,4,1.1256881490,4.7748873797,2.1905219461,5.4775772829,absorb
19600,1,0.0000000000,0.0000000000,4.0000000000,0.0000000000,exit_right
19700,1,0.0000000000,0.0000000000,1.5574216778,0.0000000000,absorb
19800,1,0.0000000000,0.0000000000,0.9340735415,0.0000000000,scatter
19800,2,0.9340735415,0.0000000000,0.9735201162,0.1138392452,absorb
19900,1,0.0000000000,0.0000000000,0.0720053617,0.0000000000,absorb
20000,1,0.0000000000,0.0000000000,0.9714283990,0.0000000000,absorb
20100,1,0.0000000000,0.0000000000,0.0933418359,0.0000000000,scatter
20100,2,0.0933418359,0.0000000000,0.0000000000,0.0791990003,exit_left
20200,1,0.0000000000,0.0000000000,0.2660430969,0.0000000000,scatter
20200,2,0.2660430969,0.0000000000,1.3022125867,0.8333808272,scatter
20200,3,1.3022125867,0.8333808272,0.1194442443,1.0187809449,scatter
20200,4,0.1194442443,1.0187809449,0.0000000000,1.1116129232,exit_left
20300,1,0.0000000000,0.0000000000,1.9554353131,0.0000000000,scatter
20300,2,1.9554353131,0.0000000000,0.7771577844,-1.5812178498,scatter
20300,3,0.7771577844,-1.5812178498,0.7209861914,-1.7828898682,scatter
20300,4,0.7209861914,-1.7828898682,3.5917542341,2.4908303281,scatter
20300,5,3.5917542341,2.4908303281,2.6806447930,2.2232483092,scatter
20300,6,2.6806447930,2.2232483092,4.0000000000,2.5009468327,exit_right
20400,1,0.0000000000,0.0000000000,0.4709815680,0.0000000000,scatter
20400,2,0.4709815680,0.0000000000,0.5214815511,-0.0988140136,scatter
20400,3,0.5214815511,-0.0988140136,0.3001933639,-5.3424429799,absorb
20500,1,0.0000000000,0.0000000000,2.4017189626,0.0000000000,scatter
20500,2,2.4017189626,0.0000000000,0.0852548435,-1.6316408861,scatter
20500,3,0.0852548435,-1.6316408861,0.0915886803,-1.6200203881,scatter
20500,4,0.0915886803,-1.6200203881,0.0000000000,-1.8904459266,exit_left
20600,1,0.0000000000,0.0000000000,0.3880628970,0.0000000000,scatter
20600,2,0.3880628970,0.0000000000,1.0216807311,-0.3775756454,scatter
20600,3,1.0216807311,-0.3775756454,1.4540166336,-0.5900238844,scatter
20600,4,1.4540166336,-0.5900238844,2.9300151609,0.6957060274,scatter
20600,5,2.9300151609,0.6957060274,4.0000000000,1.6489969358,exit_right
20700,1,0.0000000000,0.0000000000,1.5050657106,0.0000000000,scatter
20700,2,1.5050657106,0.0000000000,0.4300159318,-0.2320559189,absorb
20800,1,0.0000000000,0.0000000000,0.4034682283,0.0000000000,scatter
20800,2,0.4034682283,0.0000000000,0.0000000000,-0.5867291425,exit_left
20900,1,0.0000000000,0.0000000000,4.0000000000,0.0000000000,exit_right
21000,1,0.0000000000,0.0000000000,1.9734136241,0.0000000000,scatter
21000,2,1.9734136241,0.0000000000,3.5922199800,-0.2832789143,scatter
21000,3,3.5922199800,-0.2832789143,4.0000000000,-0.5220679168,exit_right
21100,1,0.0000000000,0.0000000000,0.0542609372,0.0000000000,absorb
21200,1,0.0000000000,0.0000000000,0.1503403764,0.0000000000,absorb
21300,1,0.0000000000,0.0000000000,2.3864414908,0.0000000000,scatter
21300,2,2.3864414908,0.0000000000,1.9537862050,-0.4128068568,scatter
21300,3,1.9537862050,-0.4128068568,2.3186607828,-0.4027977206,scatter
21300,4,2.3186607828,-0.4027977206,0.0000000000,1.0959287592,exit_left
21400,1,0.0000000000,0.0000000000,0.9605183340,0.0000000000,scatter
21400,2,0.9605183340,0.0000000000,1.4006847292,-0.3093951148,scatter
21400,3,1.4006847292,-0.3093951148,1.6307015568,0.0741238408,scatter
21400,4,1.6307015568,0.0741238408,0.6632372057,5.5518566662,absorb
21500,1,0.0000000000,0.0000000000,3.2942050046,0.0000000000,scatter
21500,2,3.2942050046,0.0000000000,0.9024737829,-0.2714290401,scatter
21500,3,0.9024737829,-0.2714290401,0.9028977800,-0.2686267080,absorb
21600,1,0.0000000000,0.0000000000,3.6176515847,0.0000000000,scatter
21600,2,3.6176515847,0.0000000000,3.5376901572,0.0389088680,scatter
21600,3,3.5376901572,0.0389088680,4.0000000000,-0.1766458286,exit_right
21700,1,0.0000000000,0.0000000000,2.9489794610,0.0000000000,scatter
21700,2,2.9489794610,0.0000000000,2.7573461100,0.4410656128,scatter
21700,3,2.7573461100,0.4410656128,3.1554093008,0.8495864735,scatter
21700,4,3.1554093008,0.8495864735,1.0566204503,0.9930156582,scatter
21700,5,1.0566204503,0.9930156582,1.0769600411,0.9814251625,scatter
21700,6,1.0769600411,0.9814251625,2.9029965977,2.1686511580,absorb
21800,1,0.0000000000,0.0000000000,3.1490352845,0.0000000000,scatter
21800,2,3.1490352845,0.0000000000,1.8004862738,-1.6426134427,absorb
21900,1,0.0000000000,0.0000000000,1.6177108322,0.0000000000,scatter
21900,2,1.6177108322,0.0000000000,1.8511482369,0.0510089155,absorb
22000,1,0.0000000000,0.0000000000,2.0885798383,0.0000000000,absorb
22100,1,0.0000000000,0.0000000000,1.9067670458,0.0000000000,scatter
22100,2,1.9067670458,0.0000000000,2.5218026431,-0.6841019511,scatter
22100,3,2.5218026431,-0.6841019511,0.9509589471,0.5642912261,scatter
22100,4,0.9509589471,0.5642912261,0.0000000000,-0.2318804651,exit_left
22200,1,0.0000000000,0.0000000000,4.0000000000,0.0000000000,exit_right
22300,1,0.0000000000,0.0000000000,1.5987019475,0.0000000000,scatter
22300,2,1.5987019475,0.0000000000,1.1393862365,2.5845287417,scatter
22300,3,1.1393862365,2.5845287417,1.0122413595,2.9246316949,scatter
22300,4,1.0122413595,2.9246316949,1.2134478004,3.1144566999,scatter
22300,5,1.2134478004,3.1144566999,0.9275457279,3.3817626834,scatter
22300,6,0.9275457279,3.3817626834,0.0000000000,3.2009967584,exit_left
22400,1,0.0000000000,0.0000000000,4.0000000000,0.0000000000,exit_right
22500,1,0.0000000000,0.0000000000,3.2371731325,0.0000000000,scatter
22500,2,3.2371731325,0.0000000000,2.7767373875,-0.5436001208,scatter
22500,3,2.7767373875,-0.5436001208,1.7284898937,-0.4466038167,absorb
22600,1,0.0000000000,0.0000000000,1.4950594069,0.0000000000,scatter
22600,2,1.4950594069,0.0000000000,1.7805547193,-0.0324834682,scatter
22600,3,1.7805547193,-0.0324834682,1.2141819110,0.8957033426,scatter
22600,4,1.2141819110,0.8957033426,4.0000000000,-2.0347728826,exit_right
22700,1,0.0000000000,0.0000000000,0.6660173557,0.0000000000,scatter
22700,2,0.6660173557,0.0000000000,0.1776951469,0.3095659248,scatter
22700,3,0.1776951469,0.3095659248,2.2159100334,-1.4814825517,scatter
22700,4,2.2159100334,-1.4814825517,1.4701024346,-2.6500481234,scatter
22700,5,1.4701024346,-2.6500481234,0.7795177756,-3.4673380374,scatter
22700,6,0.7795177756,-3.4673380374,1.7290816760,-0.5833810467,scatter
22700,7,1.7290816760,-0.5833810467,3.5536185047,1.6385763130,scatter
22700,8,3.5536185047,1.6385763130,4.0000000000,1.4639867206,exit_right
22800,1,0.0000000000,0.0000000000,0.4987646102,0.0000000000,scatter
22800,2,0.4987646102,0.0000000000,0.1737944275,0.2624905195,scatter
22800,3,0.1737944275,0.2624905195,1.9552445682,3.9734056659,scatter
22800,4,1.9552445682,3.9734056659,2.3266838856,4.1426447277,scatter
22800,5,2.3266838856,4.1426447277,0.9988093688,5.1840341189,scatter
22800,6,0.9988093688,5.1840341189,1.1507293951,7.1018830077,absorb
22900,1,0.0000000000,0.0000000000,0.9473079489,0.0000000000,scatter
22900,2,0.9473079489,0.0000000000,1.6262668732,-1.0568885476,scatter
22900,3,1.6262668732,-1.0568885476,1.6879830114,-2.3534858620,scatter
22900,4,1.6879830114,-2.3534858620,0.0237323975,-2.0562780231,scatter
22900,5,0.0237323975,-2.0562780231,3.8280248467,-6.2257240135,scatter
22900,6,3.8280248467,-6.2257240135,4.0000000000,-6.2796924726,exit_right
23000,1,0.0000000000,0.0000000000,2.4624092179,0.0000000000,absorb
23100,1,0.0000000000,0.0000000000,0.3345709348,0.0000000000,scatter
23100,2,0.3345709348,0.0000000000,0.6112427489,-0.4775041304,scatter
23100,3,0.6112427489,-0.4775041304,0.0000000000,-0.5491797173,exit_left
23200,1,0.0000000000,0.0000000000,1.5740453927,0.0000000000,absorb
23300,1,0.0000000000,0.0000000000,0.9662550400,0.0000000000,scatter
23300,2,0.9662550400,0.0000000000,1.9582338786,0.2283890744,scatter
23300,3,1.9582338786,0.2283890744,0.7655989965,1.0245122322,scatter
23300,4,0.7655989965,1.0245122322,0.9869662638,-0.8975786489,absorb
23400,1,0.0000000000,0.0000000000,1.4915691837,0.0000000000,scatter
23400,2,1.4915691837,0.0000000000,0.0000000000,-0.9870678838,exit_left
23500,1,0.0000000000,0.0000000000,0.9307512663,0.0000000000,scatter
23500,2,0.9307512663,0.0000000000,0.5729324398,-1.3014628652,scatter
23500,3,0.5729324398,-1.3014628652,0.0000000000,-1.8874139494,exit_left
23600,1,0.0000000000,0.0000000000,0.8027135412,0.0000000000,scatter
23600,2,0.8027135412,0.0000000000,0.0000000000,-0.7783842204,exit_left
23700,1,0.0000000000,0.0000000000,0.3227367356,0.0000000000,scatter
23700,2,0.3227367356,0.0000000000,0.4208608016,0.6128449098,scatter
23700,3,0.4208608016,0.6128449098,0.0000000000,0.8621973259,exit_left
23800,1,0.0000000000,0.0000000000,0.1063766722,0.0000000000,scatter
23800,2,0.1063766722,0.0000000000,0.0000000000,-0.0502318296,exit_left
23900,1,0.0000000000,0.0000000000,4.0000000000,0.0000000000,exit_right
24000,1,0.0000000000,0.0000000000,4.0000000000,0.0000000000,exit_right
24100,1,0.0000000000,0.0000000000,0.2328271583,0.0000000000,scatter
24100,2,0.2328271583,0.0000000000,0.3097762982,1.0490964190,scatter
24100,3,0.3097762982,1.0490964190,0.3724494182,2.1464289653,scatter
24100,4,0.3724494182,2.1464289653,0.0000000000,2.5924509595,exit_left
24200,1,0.0000000000,0.0000000000,2.6255966758,0.0000000000,absorb
24300,1,0.0000000000,0.0000000000,2.0367352756,0.0000000000,scatter
24300,2,2.0367352756,0.0000000000,0.0000000000,1.6106792663,exit_left
24400,1,0.0000000000,0.0000000000,1.1480645663,0.0000000000,scatter
24400,2,1.1480645663,0.0000000000,2.1874890340,-0.8736451996,absorb
24500,1,0.0000000000,0.0000000000,3.3432006265,0.0000000000,scatter
24500,2,3.3432006265,0.0000000000,3.2116009944,-1.1312952441,absorb
24600,1,0.0000000000,0.0000000000,2.0468666125,0.0000000000,scatter
24600,2,2.0468666125,0.0000000000,1.9543687927,0.3622707444,absorb
24700,1,0.0000000000,0.0000000000,2.2864120296,0.0000000000,scatter
24700,2,2.2864120296,0.0000000000,2.1006137989,-0.6036538726,scatter
24700,3,2.1006137989,-0.6036538726,1.1539785664,-1.8498042991,absorb
24800,1,0.0000000000,0.0000000000,1.5131069503,0.0000000000,absorb
24900,1,0.0000000000,0.0000000000,1.3014988837,0.0000000000,scatter
24900,2,1.3014988837,0.0000000000,0.9586130096,-1.2941036336,scatter
24900,3,0.9586130096,-1.2941036336,0.7061439267,-1.3074306668,scatter
24900,4,0.7061439267,-1.3074306668,0.0000000000,-1.3506992724,exit_left
25000,1,0.0000000000,0.0000000000,1.1909080557,0.0000000000,scatter
25000,2,1.1909080557,0.0000000000,1.3145860006,0.0244933640,absorb
25100,1,0.0000000000,0.0000000000,2.2844477552,0.0000000000,absorb
25200,1,0.0000000000,0.0000000000,1.5274086759,0.0000000000,scatter
25200,2,1.5274086759,0.0000000000,1.9919246681,-1.2513177361,scatter
25200,3,1.9919246681,-1.2513177361,0.0000000000,-0.6940111516,exit_left
25300,1,0.0000000000,0.0000000000,0.8907914718,0.0000000000,scatter
25300,2,0.8907914718,0.0000000000,0.0624097228,-0.7953542012,absorb
25400,1,0.0000000000,0.0000000000,0.1477286830,0.0000000000,scatter
25400,2,0.1477286830,0.0000000000,2.1344633189,2.8296131280,scatter
25400,3,2.1344633189,2.8296131280,4.0000000000,5.6822970881,exit_right
25500,1,0.0000000000,0.0000000000,2.5347553110,0.0000000000,scatter
25500,2,2.5347553110,0.0000000000,4.0000000000,-1.8719140636,exit_right
25600,1,0.0000000000,0.0000000000,0.3692230182,0.0000000000,absorb
25700,1,0.0000000000,0.0000000000,0.6077558516,0.0000000000,scatter
25700,2,0.6077558516,0.0000000000,0.8762398932,-0.0655073621,absorb
25800,1,0.0000000000,0.0000000000,4.0000000000,0.0000000000,exit_right
25900,1,0.0000000000,0.0000000000,4.0000000000,0.0000000000,exit_right
26000,1,0.0000000000,0.0000000000,1.4993188417,0.0000000000,scatter
26000,2,1.4993188417,0.0000000000,0.0000000000,2.9994212528,exit_left
26100,1,0.0000000000,0.0000000000,3.6716104224,0.0000000000,scatter
26100,2,3.6716104224,0.0000000000,4.0000000000,-1.4518220028,exit_right
26200,1,0.0000000000,0.0000000000,1.1340723802,0.0000000000,scatter
26200,2,1.1340723802,0.0000000000,1.0128375423,0.0080698697,scatter
26200,3,1.0128375423,0.0080698697,0.0000000000,-0.6974876479,exit_left
26300,1,0.0000000000,0.0000000000,0.6120995105,0.0000000000,scatter
26300,2,0.6120995105,0.0000000000,0.9014606935,0.1613078957,scatter
26300,3,0.9014606935,0.1613078957,0.0000000000,-0.2396862147,exit_left
26400,1,0.0000000000,0.0000000000,4.0000000000,0.0000000000,exit_right
26500,1,0.0000000000,0.0000000000,2.4200364398,0.0000000000,scatter
26500,2,2.4200364398,0.0000000000,2.0606352952,0.4487952655,scatter
26500,3,2.0606352952,0.4487952655,2.3396008847,1.0480736368,scatter
26500,4,2.3396008847,1.0480736368,0.6962055196,-0.0379397761,scatter
26500,5,0.6962055196,-0.0379397761,1.5565401774,-0.9295090255,scatter
26500,6,1.5565401774,-0.9295090255,2.6999204182,-1.3255255720,scatter
26500,7,2.6999204182,-1.3255255720,4.0000000000,0.6290597457,exit_right
26600,1,0.0000000000,0.0000000000,1.6943814548,0.0000000000,scatter
26600,2,1.6943814548,0.0000000000,2.0713197748,-0.2256978921,scatter
26600,3,2.0713197748,-0.2256978921,0.0000000000,0.1401857663,exit_left
26700,1,0.0000000000,0.0000000000,1.3683415143,0.0000000000,scatter
26700,2,1.3683415143,0.0000000000,1.8655713887,-1.2965046868,absorb
26800,1,0.0000000000,0.0000000000,1.4931299615,0.0000000000,absorb
26900,1,0.0000000000,0.0000000000,1.5965661472,0.0000000000,scatter
26900,2,1.5965661472,0.0000000000,1.9212112202,-0.0374512600,scatter
26900,3,1.9212112202,-0.0374512600,2.1989294752,1.1036769198,absorb
27000,1,0.0000000000,0.0000000000,2.8786976040,0.0000000000,scatter
27000,2,2.8786976040,0.0000000000,3.3495394553,-0.1555977435,scatter
27000,3,3.3495394553,-0.1555977435,4.0000000000,-1.6280433527,exit_right
27100,1,0.0000000000,0.0000000000,0.7928991499,0.0000000000,scatter
27100,2,0.7928991499,0.0000000000,1.6536596049,1.4868035845,scatter
27100,3,1.6536596049,1.4868035845,2.1679191708,3.4493131225,scatter
27100,4,2.1679191708,3.4493131225,0.0000000000,3.8397951143,exit_left
27200,1,0.0000000000,0.0000000000,2.5539662385,0.0000000000,absorb
27300,1,0.0000000000,0.0000000000,1.9152580342,0.0000000000,scatter
27300,2,1.9152580342,0.0000000000,3.3612740188,4.4174951615,scatter
27300,3,3.3612740188,4.4174951615,4.0000000000,4.3999088246,exit_right
27400,1,0.0000000000,0.0000000000,0.3324395723,0.0000000000,scatter
27400,2,0.3324395723,0.0000000000,0.1893520187,0.1691005059,absorb
27500,1,0.0000000000,0.0000000000,0.7539410876,0.0000000000,absorb
27600,1,0.0000000000,0.0000000000,1.1369050126,0.0000000000,scatter
27600,2,1.1369050126,0.0000000000,3.3197348068,-1.7953775000,absorb
27700,1,0.0000000000,0.0000000000,0.0479329832,0.0000000000,scatter
27700,2,0.0479329832,0.0000000000,1.7829862137,-3.9112582777,scatter
27700,3,1.7829862137,-3.9112582777,2.3972510217,-3.8094020691,absorb
27800,1,0.0000000000,0.0000000000,0.6655752016,0.0000000000,scatter
27800,2,0.6655752016,0.0000000000,1.5163770906,0.0752858589,scatter
27800,3,1.5163770906,0.0752858589,2.6611294086,0.3418857652,absorb
27900,1,0.0000000000,0.0000000000,4.0000000000,0.0000000000,exit_right
28000,1,0.0000000000,0.0000000000,0.3696281208,0.0000000000,scatter
28000,2,0.3696281208,0.0000000000,1.9236574155,-0.7704749285,scatter
28000,3,1.9236574155,-0.7704749285,0.0000000000,9.1606699012,exit_left
28100,1,0.0000000000,0.0000000000,3.0311961332,0.0000000000,scatter
28100,2,3.0311961332,0.0000000000,3.2023996645,-0.1023429200,absorb
28200,1,0.0000000000,0.0000000000,0.9774137154,0.0000000000,scatter
28200,2,0.9774137154,0.0000000000,1.2729597887,0.1505901165,scatter
28200,3,1.2729597887,0.1505901165,1.6987011987,-0.9373144647,scatter
28200,4,1.6987011987,-0.9373144647,0.0000000000,-4.5127684290,exit_left
28300,1,0.0000000000,0.0000000000,0.3612939791,0.0000000000,absorb
28400,1,0.0000000000,0.0000000000,2.0534007487,0.0000000000,scatter
28400,2,2.0534007487,0.0000000000,1.2434731731,0.3531743684,absorb
28500,1,0.0000000000,0.0000000000,2.3690019651,0.0000000000,scatter
28500,2,2.3690019651,0.0000000000,2.0684636036,-2.1752017990,scatter
28500,3,2.0684636036,-2.1752017990,1.9274932375,-4.2047006511,scatter
28500,4,1.9274932375,-4.2047006511,3.5608683520,-0.2440768490,scatter
28500,5,3.5608683520,-0.2440768490,4.0000000000,-0.1999044985,exit_right
28600,1,0.0000000000,0.0000000000,0.3325746322,0.0000000000,absorb
28700,1,0.0000000000,0.0000000000,0.2634580516,0.0000000000,scatter
28700,2,0.2634580516,0.0000000000,0.0000000000,0.0228864314,exit_left
28800,1,0.0000000000,0.0000000000,4.0000000000,0.0000000000,exit_right
28900,1,0.0000000000,0.0000000000,0.7576996499,0.0000000000,scatter
28900,2,0.7576996499,0.0000000000,0.6178671346,0.0468981178,absorb
29000,1,0.0000000000,0.0000000000,2.2295817047,0.0000000000,scatter
29000,2,2.2295817047,0.0000000000,2.7806339084,3.6067901985,scatter
29000,3,2.7806339084,3.6067901985,1.1423707504,2.9954825226,scatter
29000,4,1.1423707504,2.9954825226,1.8973710367,3.2528356246,scatter
29000,5,1.8973710367,3.2528356246,2.0577234402,2.7105913557,scatter
29000,6,2.0577234402,2.7105913557,4.0000000000,2.5272399707,exit_right
29100,1,0.0000000000,0.0000000000,2.2550958608,0.0000000000,scatter
29100,2,2.2550958608,0.0000000000,4.0000000000,-0.6680070545,exit_right
29200,1,0.0000000000,0.0000000000,2.1712885297,0.0000000000,scatter
29200,2,2.1712885297,0.0000000000,1.1583675973,2.3192167265,absorb
29300,1,0.0000000000,0.0000000000,1.2729524746,0.0000000000,absorb
29400,1,0.0000000000,0.0000000000,2.7402576149,0.0000000000,absorb
29500,1,0.0000000000,0.0000000000,0.7312923772,0.0000000000,scatter
29500,2,0.7312923772,0.0000000000,1.7245051611,0.1101819892,absorb
29600,1,0.0000000000,0.0000000000,3.8258496860,0.0000000000,absorb
29700,1,0.0000000000,0.0000000000,1.7358292774,0.0000000000,scatter
29700,2,1.7358292774,0.0000000000,2.7819532353,0.3333208242,scatter
29700,3,2.7819532353,0.3333208242,1.0484494001,1.7007101529,scatter
29700,4,1.0484494001,1.7007101529,2.8073139088,0.9865481230,scatter
29700,5,2.8073139088,0.9865481230,3.1913862941,0.4812982709,scatter
29700,6,3.1913862941,0.4812982709,0.0000000000,0.1164845823,exit_left
29800,1,0.0000000000,0.0000000000,0.1552583483,0.0000000000,scatter
29800,2,0.1552583483,0.0000000000,0.0000000000,-0.4015979313,exit_left
29900,1,0.0000000000,0.0000000000,0.8335679398,0.0000000000,scatter
29900,2,0.8335679398,0.0000000000,3.5252196929,3.4387846380,scatter
29900,3,3.5252196929,3.4387846380,4.0000000000,3.8288612947,exit_right
30000,1,0.0000000000,0.0000000000,1.9006380271,0.0000000000,scatter
30000,2,1.9006380271,0.0000000000,4.0000000000,0.1642077805,exit_right
30100,1,0.0000000000,0.0000000000,4.0000000000,0.0000000000,exit_right
30200,1,0.0000000000,0.0000000000,1.5550269959,0.0000000000,scatter
30200,2,1.5550269959,0.0000000000,2.2753298533,2.8631639524,scatter
30200,3,2.2753298533,2.8631639524,2.2267904652,2.9827618834,scatter
30200,4,2.2267904652,2.9827618834,0.0000000000,1.5505242543,exit_left
30300,1,0.0000000000,0.0000000000,2.1203832460,0.0000000000,absorb
30400,1,0.0000000000,0.0000000000,0.4138929971,0.0000000000,scatter
30400,2,0.4138929971,0.0000000000,0.0623380446,-1.8393015379,absorb
30500,1,0.0000000000,0.0000000000,4.0000000000,0.0000000000,exit_right
30600,1,0.0000000000,0.0000000000,2.0549336803,0.0000000000,absorb
30700,1,0.0000000000,0.0000000000,0.1024375225,0.0000000000,absorb
30800,1,0.0000000000,0.0000000000,0.1988585624,0.0000000000,scatter
30800,2,0.1988585624,0.0000000000,0.0000000000,0.2767071107,exit_left
30900,1,0.0000000000,0.0000000000,0.4722524930,0.0000000000,scatter
30900,2,0.4722524930,0.0000000000,0.5431501525,-0.1730166016,absorb
31000,1,0.0000000000,0.0000000000,1.3505839082,0.0000000000,absorb
31100,1,0.0000000000,0.0000000000,1.8356690619,0.0000000000,absorb
31200,1,0.0000000000,0.0000000000,0.5136485174,0.0000000000,scatter
31200,2,0.5136485174,0.0000000000,1.2992103730,1.7127956754,scatter
31200,3,1.2992103730,1.7127956754,0.0000000000,2.6818041956,exit_left
31300,1,0.0000000000,0.0000000000,4.0000000000,0.0000000000,exit_right
31400,1,0.0000000000,0.0000000000,4.0000000000,0.0000000000,exit_right
31500,1,0.0000000000,0.0000000000,1.5112426759,0.0000000000,scatter
31500,2,1.5112426759,0.0000000000,0.7189253766,1.1602899487,scatter
31500,3,0.7189253766,1.1602899487,0.4960116006,1.2864489940,scatter
31500,4,0.4960116006,1.2864489940,1.7674607696,0.9345757702,absorb
31600,1,0.0000000000,0.0000000000,2.6036281890,0.0000000000,scatter
31600,2,2.6036281890,0.0000000000,2.9746465090,0.2054155846,absorb
31700,1,0.0000000000,0.0000000000,2.2721899186,0.0000000000,scatter
31700,2,2.2721899186,0.0000000000,0.0000000000,-0.3192866779,exit_left
31800,1,0.0000000000,0.0000000000,2.6019815524,0.0000000000,absorb
31900,1,0.0000000000,0.0000000000,1.8999828106,0.0000000000,scatter
31900,2,1.8999828106,0.0000000000,1.9384367330,0.0979363228,scatter
31900,3,1.9384367330,0.0979363228,0.7866237909,-1.9528042367,absorb
32000,1,0.0000000000,0.0000000000,4.0000000000,0.0000000000,exit_right
32100,1,0.0000000000,0.0000000000,1.3551620509,0.0000000000,scatter
32100,2,1.3551620509,0.0000000000,2.9734377184,-1.7311352702,scatter
32100,3,2.9734377184,-1.7311352702,3.9012993963,-4.4972126563,scatter
32100,4,3.9012993963,-4.4972126563,2.0297910614,-6.3870462288,scatter
32100,5,2.0297910614,-6.3870462288,2.1901577316,-5.5470277900,absorb
32200,1,0.0000000000,0.0000000000,0.8158384520,0.0000000000,scatter
32200,2,0.8158384520,0.0000000000,0.7814241701,-1.2729153338,scatter
32200,3,0.7814241701,-1.2729153338,0.7846336298,-1.2612200654,absorb
32300,1,0.0000000000,0.0000000000,0.4017163727,0.0000000000,absorb
32400,1,0.0000000000,0.0000000000,0.3123475056,0.0000000000,scatter
32400,2,0.3123475056,0.0000000000,1.5435131823,2.3465546975,scatter
32400,3,1.5435131823,2.3465546975,3.8565117889,1.3370791854,scatter
32400,4,3.8565117889,1.3370791854,4.0000000000,1.4223985654,exit_right
32500,1,0.0000000000,0.0000000000,2.6110204462,0.0000000000,scatter
32500,2,2.6110204462,0.0000000000,4.0000000000,0.8844600748,exit_right
32600,1,0.0000000000,0.0000000000,0.4127365252,0.0000000000,scatter
32600,2,0.4127365252,0.0000000000,0.0000000000,0.0518448708,exit_left
32700,1,0.0000000000,0.0000000000,0.3748114671,0.0000000000,scatter
32700,2,0.3748114671,0.0000000000,3.3500004043,0.5746139861,absorb
32800,1,0.0000000000,0.0000000000,1.3003387098,0.0000000000,scatter
32800,2,1.3003387098,0.0000000000,1.3342973999,0.0039321142,scatter
32800,3,1.3342973999,0.0039321142,1.4976172239,2.8395879755,absorb
32900,1,0.0000000000,0.0000000000,1.4823577165,0.0000000000,scatter
32900,2,1.4823577165,0.0000000000,0.9486945899,0.5277686558,scatter
32900,3,0.9486945899,0.5277686558,0.7744848810,0.0124467534,scatter
32900,4,0.7744848810,0.0124467534,0.5521678850,-0.9240687009,absorb
33000,1,0.0000000000,0.0000000000,4.0000000000,0.0000000000,exit_right
33100,1,0.0000000000,0.0000000000,0.4362656278,0.0000000000,scatter
33100,2,0.4362656278,0.0000000000,0.0000000000,0.1807813856,exit_left
33200,1,0.0000000000,0.0000000000,0.9248713800,0.0000000000,absorb
33300,1,0.0000000000,0.0000000000,4.0000000000,0.0000000000,exit_right
33400,1,0.0000000000,0.0000000000,0.0719728953,0.0000000000,scatter
33400,2,0.0719728953,0.0000000000,0.0000000000,0.0652227800,exit_left
33500,1,0.0000000000,0.0000000000,3.8648326843,0.0000000000,scatter
33500,2,3.8648326843,0.0000000000,4.0000000000,0.0684309635,exit_right
33600,1,0.0000000000,0.0000000000,2.8865975544,0.0000000000,scatter
33600,2,2.8865975544,0.0000000000,3.7894873119,-0.3291307806,scatter
33600,3,3.7894873119,-0.3291307806,4.0000000000,-0.1312573104,exit_right
33700,1,0.0000000000,0.0000000000,3.4153135331,0.0000000000,absorb
33800,1,0.0000000000,0.0000000000,1.1390754942,0.0000000000,absorb
33900,1,0.0000000000,0.0000000000,1.3135064124,0.0000000000,absorb
34000,1,0.0000000000,0.0000000000,2.6948750545,0.0000000000,scatter
34000,2,2.6948750545,0.0000000000,0.0000000000,0.6925214780,exit_left
34100,1,0.0000000000,0.0000000000,2.0408640342,0.0000000000,scatter
34100,2,2.0408640342,0.0000000000,4.0000000000,-1.0783228849,exit_right
34200,1,0.0000000000,0.0000000000,2.7262584766,0.0000000000,scatter
34200,2,2.7262584766,0.0000000000,1.9472097674,-1.4369767856,scatter
34200,3,1.9472097674,-1.4369767856,4.0000000000,-3.1044672225,exit_right
34300,1,0.0000000000,0.0000000000,1.5702807686,0.0000000000,scatter
34300,2,1.5702807686,0.0000000000,0.3608813119,-0.0035634084,absorb
34400,1,0.0000000000,0.0000000000,3.6034458946,0.0000000000,scatter
34400,2,3.6034458946,0.0000000000,2.7910797026,-2.3332488511,scatter
34400,3,2.7910797026,-2.3332488511,3.3474793913,-2.8148350472,scatter
34400,4,3.3474793913,-2.8148350472,0.8090002783,-4.6318117944,scatter
34400,5,0.8090002783,-4.6318117944,2.4786764949,-4.9118248484,absorb
34500,1,0.0000000000,0.0000000000,1.3362994981,0.0000000000,scatter
34500,2,1.3362994981,0.0000000000,1.6428543050,-4.5202008525,scatter
34500,3,1.6428543050,-4.5202008525,1.8048754001,-5.3581891320,scatter
34500,4,1.8048754001,-5.3581891320,0.2664815504,-4.3456507921,scatter
34500,5,0.2664815504,-4.3456507921,2.8677813872,-6.2101628338,scatter
34500,6,2.8677813872,-6.2101628338,0.0000000000,-6.9690779220,exit_left
34600,1,0.0000000000,0.0000000000,4.0000000000,0.0000000000,exit_right
34700,1,0.0000000000,0.0000000000,3.9582820038,0.0000000000,absorb
34800,1,0.0000000000,0.0000000000,0.3785053727,0.0000000000,scatter
34800,2,0.3785053727,0.0000000000,0.0000000000,1.6258983692,exit_left
34900,1,0.0000000000,0.0000000000,2.2646532246,0.0000000000,absorb
35000,1,0.0000000000,0.0000000000,4.0000000000,0.0000000000,exit_right
35100,1,0.0000000000,0.0000000000,0.8175221684,0.0000000000,absorb
35200,1,0.0000000000,0.0000000000,2.3928847507,0.0000000000,absorb
35300,1,0.0000000000,0.0000000000,2.4631304720,0.0000000000,scatter
35300,2,2.4631304720,0.0000000000,2.2124817705,0.0853146118,scatter
35300,3,2.2124817705,0.0853146118,2.2675521208,1.7568281749,scatter
35300,4,2.2675521208,1.7568281749,2.1403890922,1.7217384897,scatter
35300,5,2.1403890922,1.7217384897,1.6421986577,2.8635533046,absorb
35400,1,0.0000000000,0.0000000000,3.5562186660,0.0000000000,scatter
35400,2,3.5562186660,0.0000000000,4.0000000000,-3.3912148283,exit_right
35500,1,0.0000000000,0.0000000000,0.9585336270,0.0000000000,scatter
35500,2,0.9585336270,0.0000000000,1.5830743577,0.7398138162,scatter
35500,3,1.5830743577,0.7398138162,4.0000000000,-0.8694402070,exit_right
35600,1,0.0000000000,0.0000000000,0.2316039917,0.0000000000,scatter
35600,2,0.2316039917,0.0000000000,0.3275925994,-0.4765489436,scatter
35600,3,0.3275925994,-0.4765489436,0.4905131592,-0.3617390531,scatter
35600,4,0.4905131592,-0.3617390531,0.6802535001,-1.3117221149,absorb
35700,1,0.0000000000,0.0000000000,1.8824425645,0.0000000000,scatter
35700,2,1.8824425645,0.0000000000,1.9097329299,-0.0554715243,scatter
35700,3,1.9097329299,-0.0554715243,1.3470425926,-1.4350465967,scatter
35700,4,1.3470425926,-1.4350465967,1.9875393698,-1.5382244491,scatter
35700,5,1.9875393698,-1.5382244491,1.8325955139,-1.3140288403,scatter
35700,6,1.8325955139,-1.3140288403,1.1174906011,-2.0992229371,scatter
35700,7,1.1174906011,-2.0992229371,1.1140899024,-2.0944533189,scatter
35700,8,1.1140899024,-2.0944533189,1.9272532026,-1.9582652676,scatter
35700,9,1.9272532026,-1.9582652676,1.2725137317,-1.8931102500,absorb
35800,1,0.0000000000,0.0000000000,1.6636978697,0.0000000000,scatter
35800,2,1.6636978697,0.0000000000,2.8769895942,0.8279804708,absorb
35900,1,0.0000000000,0.0000000000,1.8969401036,0.0000000000,scatter
35900,2,1.8969401036,0.0000000000,1.8832725004,-2.2765142181,scatter
35900,3,1.8832725004,-2.2765142181,1.9908151089,-2.1752586826,scatter
35900,4,1.9908151089,-2.1752586826,4.0000000000,-1.7889359642,exit_right
36000,1,0.0000000000,0.0000000000,0.5338516706,0.0000000000,scatter
36000,2,0.5338516706,0.0000000000,0.0000000000,-0.3559460339,exit_left
36100,1,0.0000000000,0.0000000000,0.2258057074,0.0000000000,scatter
36100,2,0.2258057074,0.0000000000,0.0000000000,0.3056137926,exit_left
36200,1,0.0000000000,0.0000000000,0.0304456021,0.0000000000,scatter
36200,2,0.0304456021,0.0000000000,3.0017235307,0.4264250763,scatter
36200,3,3.0017235307,0.4264250763,1.9339833521,2.7496422637,absorb
36300,1,0.0000000000,0.0000000000,1.2678804173,0.0000000000,scatter
36300,2,1.2678804173,0.0000000000,1.3608302097,-0.1700391486,scatter
36300,3,1.3608302097,-0.1700391486,1.3822900946,-0.3657530640,scatter
36300,4,1.3822900946,-0.3657530640,3.7498719116,-0.0633094958,scatter
36300,5,3.7498719116,-0.0633094958,3.5902951610,0.4357335003,scatter
36300,6,3.5902951610,0.4357335003,3.6021524759,0.3974503830,scatter
36300,7,3.6021524759,0.3974503830,3.5114801615,0.1064013985,scatter
36300,8,3.5114801615,0.1064013985,4.0000000000,-1.2433587954,exit_right
36400,1,0.0000000000,0.0000000000,0.9978244447,0.0000000000,absorb
36500,1,0.0000000000,0.0000000000,0.5292145296,0.0000000000,scatter
36500,2,0.5292145296,0.0000000000,3.8708551872,-1.6644251160,scatter
36500,3,3.8708551872,-1.6644251160,4.0000000000,-1.6924077915,exit_right
36600,1,0.0000000000,0.0000000000,4.0000000000,0.0000000000,exit_right
36700,1,0.0000000000,0.0000000000,2.2299549343,0.0000000000,scatter
36700,2,2.2299549343,0.0000000000,1.1519828025,4.4136266155,absorb
36800,1,0.0000000000,0.0000000000,0.0875667086,0.0000000000,scatter
36800,2,0.0875667086,0.0000000000,0.0000000000,0.0162688193,exit_left
36900,1,0.0000000000,0.0000000000,0.6312975082,0.0000000000,scatter
36900,2,0.6312975082,0.0000000000,2.2563042986,0.9605769545,scatter
36900,3,2.2563042986,0.9605769545,4.0000000000,3.1278348142,exit_right
37000,1,0.0000000000,0.0000000000,4.0000000000,0.0000000000,exit_right
37100,1,0.0000000000,0.0000000000,0.1500673002,0.0000000000,scatter
37100,2,0.1500673002,0.0000000000,0.0000000000,-0.0160760671,exit_left
37200,1,0.0000000000,0.0000000000,0.7056143426,0.0000000000,scatter
37200,2,0.7056143426,0.0000000000,0.4922425695,0.9713184321,absorb
37300,1,0.0000000000,0.0000000000,1.0479133046,0.0000000000,scatter
37300,2,1.0479133046,0.0000000000,0.0000000000,-0.2707692948,exit_left
37400,1,0.0000000000,0.0000000000,0.5513823925,0.0000000000,scatter
37400,2,0.5513823925,0.0000000000,0.0000000000,0.5638479899,exit_left
37500,1,0.0000000000,0.0000000000,0.3434612519,0.0000000000,scatter
37500,2,0.3434612519,0.0000000000,0.0000000000,0.2110381300,exit_left
37600,1,0.0000000000,0.0000000000,3.1070383879,0.0000000000,scatter
37600,2,3.1070383879,0.0000000000,0.6969088962,3.5260334987,scatter
37600,3,0.6969088962,3.5260334987,0.5310563049,3.6125663010,absorb
37700,1,0.0000000000,0.0000000000,1.7387829517,0.0000000000,scatter
37700,2,1.7387829517,0.0000000000,0.0000000000,-1.9518405930,exit_left
37800,1,0.0000000000,0.0000000000,1.4414645556,0.0000000000,scatter
37800,2,1.4414645556,0.0000000000,0.0084061923,-0.2471531352,absorb
37900,1,0.0000000000,0.0000000000,0.3330783801,0.0000000000,absorb
38000,1,0.0000000000,0.0000000000,1.3096544007,0.0000000000,scatter
38000,2,1.3096544007,0.0000000000,1.6408634031,0.0347621872,scatter
38000,3,1.6408634031,0.0347621872,0.5281737244,-0.4699525603,scatter
38000,4,0.5281737244,-0.4699525603,0.0000000000,-2.0477621547,exit_left
38100,1,0.0000000000,0.0000000000,2.4853346896,0.0000000000,scatter
38100,2,2.4853346896,0.0000000000,3.0895208512,0.3755512614,absorb
38200,1,0.0000000000,0.0000000000,1.2384054639,0.0000000000,scatter
38200,2,1.2384054639,0.0000000000,1.0410488501,0.1816810923,scatter
38200,3,1.0410488501,0.1816810923,1.4359003443,-0.6873840929,scatter
38200,4,1.4359003443,-0.6873840929,0.6861774210,-0.2573787032,scatter
38200,5,0.6861774210,-0.2573787032,1.6397215927,-0.6753191864,absorb
38300,1,0.0000000000,0.0000000000,2.6895743270,0.0000000000,scatter
38300,2,2.6895743270,0.0000000000,3.3848186661,4.3538430868,scatter
38300,3,3.3848186661,4.3538430868,3.7068771660,4.3945373817,scatter
38300,4,3.7068771660,4.3945373817,3.5455370873,4.7288585241,scatter
38300,5,3.5455370873,4.7288585241,3.5666888298,4.7687658602,absorb
38400,1,0.0000000000,0.0000000000,4.0000000000,0.0000000000,exit_right
38500,1,0.0000000000,0.0000000000,0.7027631014,0.0000000000,scatter
38500,2,0.7027631014,0.0000000000,0.5013827307,0.4225578360,scatter
38500,3,0.5013827307,0.4225578360,0.0000000000,2.8415492303,exit_left
38600,1,0.0000000000,0.0000000000,0.4720052956,0.0000000000,scatter
38600,2,0.4720052956,0.0000000000,4.0000000000,-0.7859985014,exit_right
38700,1,0.0000000000,0.0000000000,0.4810988431,0.0000000000,scatter
38700,2,0.4810988431,0.0000000000,0.8347504891,1.1192741051,scatter
38700,3,0.8347504891,1.1192741051,0.0000000000,1.4902291983,exit_left
38800,1,0.0000000000,0.0000000000,0.2746645657,0.0000000000,scatter
38800,2,0.2746645657,0.0000000000,0.0000000000,0.0634250778,exit_left
38900,1,0.0000000000,0.0000000000,4.0000000000,0.0000000000,exit_right
39000,1,0.0000000000,0.0000000000,4.0000000000,0.0000000000,exit_right
39100,1,0.0000000000,0.0000000000,0.2904990968,0.0000000000,scatter
39100,2,0.2904990968,0.0000000000,0.0000000000,-0.1304185462,exit_left
39200,1,0.0000000000,0.0000000000,0.3755708723,0.0000000000,scatter
39200,2,0.3755708723,0.0000000000,0.0000000000,-0.0133344873,exit_left
39300,1,0.0000000000,0.0000000000,1.2915287827,0.0000000000,scatter
39300,2,1.2915287827,0.0000000000,1.7220562319,4.9180171367,scatter
39300,3,1.7220562319,4.9180171367,1.1135657481,3.0561281271,absorb
39400,1,0.0000000000,0.0000000000,0.0108268320,0.0000000000,scatter
39400,2,0.0108268320,0.0000000000,2.7191685007,5.0013172894,scatter
39400,3,2.7191685007,5.0013172894,2.4024499773,2.2125237339,scatter
39400,4,2.4024499773,2.2125237339,2.5693522054,2.8726656501,absorb
39500,1,0.0000000000,0.0000000000,2.6525264926,0.0000000000,scatter
39500,2,2.6525264926,0.0000000000,1.0896552906,-1.2057314312,scatter
39500,3,1.0896552906,-1.2057314312,0.8339321524,-3.1897992709,scatter
39500,4,0.8339321524,-3.1897992709,0.0000000000,-3.0232069468,exit_left
39600,1,0.0000000000,0.0000000000,1.7779398386,0.0000000000,scatter
39600,2,1.7779398386,0.0000000000,1.2488769141,0.5773267630,scatter
39600,3,1.2488769141,0.5773267630,1.7979871355,-2.0929981912,scatter
39600,4,1.7979871355,-2.0929981912,1.9829872538,-1.5679946775,scatter
39600,5,1.9829872538,-1.5679946775,0.0000000000,-1.5601658893,exit_left
39700,1,0.0000000000,0.0000000000,3.6949328905,0.0000000000,scatter
39700,2,3.6949328905,0.0000000000,3.6968735897,0.0369065263,absorb
39800,1,0.0000000000,0.0000000000,4.0000000000,0.0000000000,exit_right
39900,1,0.0000000000,0.0000000000,3.4666834488,0.0000000000,scatter
39900,2,3.4666834488,0.0000000000,2.0313903075,0.5404933691,scatter
39900,3,2.0313903075,0.5404933691,0.4408040193,1.2921041174,scatter
39900,4,0.4408040193,1.2921041174,0.0000000000,1.7940617708,exit_left
40000,1,0.0000000000,0.0000000000,0.2458884061,0.0000000000,absorb
40100,1,0.0000000000,0.0000000000,0.7530409272,0.0000000000,scatter
40100,2,0.7530409272,0.0000000000,1.1950575095,0.1545428121,scatter
40100,3,1.1950575095,0.1545428121,4.0000000000,-1.0123336771,exit_right
40200,1,0.0000000000,0.0000000000,3.6852463124,0.0000000000,scatter
40200,2,3.6852463124,0.0000000000,1.6878076467,2.9427136460,scatter
40200,3,1.6878076467,2.9427136460,1.3781922407,3.7081068517,scatter
40200,4,1.3781922407,3.7081068517,1.3505704180,3.4880404653,scatter
40200,5,1.3505704180,3.4880404653,2.5918736689,3.5888275407,scatter
40200,6,2.5918736689,3.5888275407,2.8781592978,2.6322475731,absorb
40300,1,0.0000000000,0.0000000000,3.7738435043,0.0000000000,scatter
40300,2,3.7738435043,0.0000000000,2.9653746075,0.6574203849,absorb
40400,1,0.0000000000,0.0000000000,4.0000000000,0.0000000000,exit_right
40500,1,0.0000000000,0.0000000000,4.0000000000,0.0000000000,exit_right
40600,1,0.0000000000,0.0000000000,1.5186902799,0.0000000000,scatter
40600,2,1.5186902799,0.0000000000,2.4354903870,3.0410015323,absorb
40700,1,0.0000000000,0.0000000000,3.4851978584,0.0000000000,scatter
40700,2,3.4851978584,0.0000000000,4.0000000000,-0.3204382283,exit_right
40800,1,0.0000000000,0.0000000000,1.1443869621,0.0000000000,scatter
40800,2,1.1443869621,0.0000000000,1.6774473110,-0.1820136973,scatter
40800,3,1.6774473110,-0.1820136973,2.1583189234,-0.6810452454,scatter
40800,4,2.1583189234,-0.6810452454,2.0998492677,-2.5093716953,scatter
40800,5,2.0998492677,-2.5093716953,3.1745025613,-1.8355600294,absorb
40900,1,0.0000000000,0.0000000000,0.0268576741,0.0000000000,scatter
40900,2,0.0268576741,0.0000000000,0.5426051184,-1.4263253640,scatter
40900,3,0.5426051184,-1.4263253640,0.3463396515,-1.9981954631,scatter
40900,4,0.3463396515,-1.9981954631,0.0000000000,-1.9484338498,exit_left
41000,1,0.0000000000,0.0000000000,0.5290156157,0.0000000000,scatter
41000,2,0.5290156157,0.0000000000,2.6896525597,-7.6561837127,scatter
41000,3,2.6896525597,-7.6561837127,3.4767093043,-7.2003804017,scatter
41000,4,3.4767093043,-7.2003804017,2.6888463414,-7.5731616331,scatter
41000,5,2.6888463414,-7.5731616331,0.0000000000,-7.1771265237,exit_left
41100,1,0.0000000000,0.0000000000,2.5178281363,0.0000000000,scatter
41100,2,2.5178281363,0.0000000000,4.0000000000,-0.3214775285,exit_right
41200,1,0.0000000000,0.0000000000,2.9356820597,0.0000000000,scatter
41200,2,2.9356820597,0.0000000000,3.8697064630,0.8586413329,scatter
41200,3,3.8697064630,0.8586413329,4.0000000000,0.5429929053,exit_right
41300,1,0.0000000000,0.0000000000,1.3145225268,0.0000000000,scatter
41300,2,1.3145225268,0.0000000000,4.0000000000,2.6625929543,exit_right
41400,1,0.0000000000,0.0000000000,3.7261744299,0.0000000000,scatter
41400,2,3.7261744299,0.0000000000,4.0000000000,-0.5917264245,exit_right
41500,1,0.0000000000,0.0000000000,0.8599790586,0.0000000000,scatter
41500,2,0.8599790586,0.0000000000,0.0000000000,0.9790335752,exit_left
41600,1,0.0000000000,0.0000000000,1.0048346161,0.0000000000,scatter
41600,2,1.0048346161,0.0000000000,0.0000000000,-0.8035724620,exit_left
41700,1,0.0000000000,0.0000000000,4.0000000000,0.0000000000,exit_right
41800,1,0.0000000000,0.0000000000,0.1968378494,0.0000000000,scatter
41800,2,0.1968378494,0.0000000000,0.0000000000,-0.0071228975,exit_left
41900,1,0.0000000000,0.0000000000,1.4200654031,0.0000000000,absorb
42000,1,0.0000000000,0.0000000000,1.5873603369,0.0000000000,scatter
42000,2,1.5873603369,0.0000000000,0.0000000000,-0.5479567274,exit_left
42100,1,0.0000000000,0.0000000000,1.6363765345,0.0000000000,scatter
42100,2,1.6363765345,0.0000000000,0.1236249520,-0.6138375168,scatter
42100,3,0.1236249520,-0.6138375168,1.5121028387,1.8724319353,scatter
42100,4,1.5121028387,1.8724319353,0.0000000000,2.4449550659,exit_left
42200,1,0.0000000000,0.0000000000,3.5080457844,0.0000000000,scatter
42200,2,3.5080457844,0.0000000000,4.0000000000,0.9050251410,exit_right
42300,1,0.0000000000,0.0000000000,4.0000000000,0.0000000000,exit_right
42400,1,0.0000000000,0.0000000000,1.3056566747,0.0000000000,scatter
42400,2,1.3056566747,0.0000000000,1.5558217145,0.7529875138,scatter
42400,3,1.5558217145,0.7529875138,2.5144136782,0.5897019365,scatter
42400,4,2.5144136782,0.5897019365,4.0000000000,1.6778180436,exit_right
42500,1,0.0000000000,0.0000000000,2.6769421247,0.0000000000,scatter
42500,2,2.6769421247,0.0000000000,2.8851050927,1.8372392423,scatter
42500,3,2.8851050927,1.8372392423,3.0081267137,2.0408257478,scatter
42500,4,3.0081267137,2.0408257478,4.0000000000,4.7728413053,exit_right
42600,1,0.0000000000,0.0000000000,4.0000000000,0.0000000000,exit_right
42700,1,0.0000000000,0.0000000000,4.0000000000,0.0000000000,exit_right
42800,1,0.0000000000,0.0000000000,2.8985095121,0.0000000000,scatter
42800,2,2.8985095121,0.0000000000,3.0680423012,-0.2970522886,absorb
42900,1,0.0000000000,0.0000000000,0.1615406069,0.0000000000,scatter
42900,2,0.1615406069,0.0000000000,0.0000000000,0.2216098792,exit_left
43000,1,0.0000000000,0.0000000000,0.2360586115,0.0000000000,scatter
43000,2,0.2360586115,0.0000000000,0.0000000000,-0.0502282004,exit_left
43100,1,0.0000000000,0.0000000000,2.9936229333,0.0000000000,scatter
43100,2,2.9936229333,0.0000000000,1.5011175070,1.1215317239,scatter
43100,3,1.5011175070,1.1215317239,2.4638859129,0.3563965146,scatter
43100,4,2.4638859129,0.3563965146,3.7913223690,6.0766612315,absorb
43200,1,0.0000000000,0.0000000000,0.4739640707,0.0000000000,scatter
43200,2,0.4739640707,0.0000000000,2.1079100844,-0.8408345649,scatter
43200,3,2.1079100844,-0.8408345649,1.9423560814,-0.4828804854,scatter
43200,4,1.9423560814,-0.4828804854,2.3433315683,-0.0359978348,scatter
43200,5,2.3433315683,-0.0359978348,1.4478923118,0.5842514227,scatter
43200,6,1.4478923118,0.5842514227,1.7015037439,1.6519388850,scatter
43200,7,1.7015037439,1.6519388850,0.0000000000,1.3641007291,exit_left
43300,1,0.0000000000,0.0000000000,2.5945166868,0.0000000000,scatter
43300,2,2.5945166868,0.0000000000,2.4825988994,1.9652608606,scatter
43300,3,2.4825988994,1.9652608606,3.7894100182,2.2917774560,scatter
43300,4,3.7894100182,2.2917774560,2.9690320657,1.3926515524,scatter
43300,5,2.9690320657,1.3926515524,2.8719865453,1.2965439780,scatter
43300,6,2.8719865453,1.2965439780,3.0254887491,1.7210818795,scatter
43300,7,3.0254887491,1.7210818795,0.4887235360,2.0731996453,scatter
43300,8,0.4887235360,2.0731996453,0.1488351031,2.6473302223,absorb
43400,1,0.0000000000,0.0000000000,0.7324926598,0.0000000000,scatter
43400,2,0.7324926598,0.0000000000,3.0363681840,0.0230630550,scatter
43400,3,3.0363681840,0.0230630550,3.0293785459,-0.7159255698,absorb
43500,1,0.0000000000,0.0000000000,0.7395589553,0.0000000000,scatter
43500,2,0.7395589553,0.0000000000,0.8783255356,-0.2187078791,absorb
43600,1,0.0000000000,0.0000000000,4.0000000000,0.0000000000,exit_right
43700,1,0.0000000000,0.0000000000,0.3672212942,0.0000000000,scatter
43700,2,0.3672212942,0.0000000000,0.9815862038,0.0117274562,scatter
43700,3,0.9815862038,0.0117274562,0.8319114468,0.8647124982,scatter
43700,4,0.8319114468,0.8647124982,0.9681569737,1.1461693186,scatter
43700,5,0.9681569737,1.1461693186,1.0693434699,0.8206446743,scatter
43700,6,1.0693434699,0.8206446743,1.4312330084,2.1187446758,scatter
43700,7,1.4312330084,2.1187446758,1.5819993355,4.7205589218,scatter
43700,8,1.5819993355,4.7205589218,1.6621400292,4.6261914476,scatter
43700,9,1.6621400292,4.6261914476,1.9850724505,4.6336574145,scatter
43700,10,1.9850724505,4.6336574145,1.3407178067,4.6949622275,scatter
43700,11,1.3407178067,4.6949622275,1.2787165721,4.3056433450,scatter
43700,12,1.2787165721,4.3056433450,1.6655321087,4.3013346298,scatter
43700,13,1.6655321087,4.3013346298,0.0000000000,4.8801612289,exit_left
43800,1,0.0000000000,0.0000000000,0.8947393714,0.0000000000,scatter
43800,2,0.8947393714,0.0000000000,0.0000000000,-0.6879207295,exit_left
43900,1,0.0000000000,0.0000000000,1.5614957947,0.0000000000,absorb
44000,1,0.0000000000,0.0000000000,0.2131036143,0.0000000000,absorb
44100,1,0.0000000000,0.0000000000,0.4671776156,0.0000000000,absorb
44200,1,0.0000000000,0.0000000000,3.2642365830,0.0000000000,absorb
44300,1,0.0000000000,0.0000000000,0.6756426190,0.0000000000,scatter
44300,2,0.6756426190,0.0000000000,0.9117042969,0.6518138774,scatter
44300,3,0.9117042969,0.6518138774,0.5497672375,1.6808087425,scatter
44300,4,0.5497672375,1.6808087425,1.0193388471,-0.0904314439,scatter
44300,5,1.0193388471,-0.0904314439,1.4169665766,0.1656400014,scatter
44300,6,1.4169665766,0.1656400014,1.4354346111,0.0550532431,scatter
44300,7,1.4354346111,0.0550532431,4.0000000000,-2.1199203826,exit_right
44400,1,0.0000000000,0.0000000000,3.5019573605,0.0000000000,scatter
44400,2,3.5019573605,0.0000000000,3.6682177129,4.6452984450,scatter
44400,3,3.6682177129,4.6452984450,2.1053668484,5.9807773326,scatter
44400,4,2.1053668484,5.9807773326,2.2540444620,5.9301533315,scatter
44400,5,2.2540444620,5.9301533315,0.0640152394,3.6214036361,absorb
44500,1,0.0000000000,0.0000000000,0.0336706243,0.0000000000,absorb
44600,1,0.0000000000,0.0000000000,0.5553371056,0.0000000000,scatter
44600,2,0.5553371056,0.0000000000,2.7647565664,-0.7635677373,scatter
44600,3,2.7647565664,-0.7635677373,0.0000000000,-0.6908122448,exit_left
44700,1,0.0000000000,0.0000000000,3.7137873853,0.0000000000,scatter
44700,2,3.7137873853,0.0000000000,4.0000000000,0.4132574015,exit_right
44800,1,0.0000000000,0.0000000000,0.2300575054,0.0000000000,scatter
44800,2,0.2300575054,0.0000000000,0.0000000000,-0.0964562477,exit_left
44900,1,0.0000000000,0.0000000000,0.8623834988,0.0000000000,absorb
45000,1,0.0000000000,0.0000000000,0.7300087837,0.0000000000,scatter
45000,2,0.7300087837,0.0000000000,0.0000000000,-2.6821193061,exit_left
45100,1,0.0000000000,0.0000000000,1.4265075173,0.0000000000,scatter
45100,2,1.4265075173,0.0000000000,0.9801806844,-0.8611189905,scatter
45100,3,0.9801806844,-0.8611189905,3.2346134520,-3.0831207092,scatter
45100,4,3.2346134520,-3.0831207092,3.3604769849,-3.1599477668,absorb
45200,1,0.0000000000,0.0000000000,3.2365689313,0.0000000000,scatter
45200,2,3.2365689313,0.0000000000,4.0000000000,1.8596274236,exit_right
45300,1,0.0000000000,0.0000000000,1.7284175368,0.0000000000,scatter
45300,2,1.7284175368,0.0000000000,0.0000000000,0.2090746182,exit_left
45400,1,0.0000000000,0.0000000000,0.8698809142,0.0000000000,scatter
45400,2,0.8698809142,0.0000000000,1.2222656679,-0.0343187302,scatter
45400,3,1.2222656679,-0.0343187302,2.0239265723,-1.2003689880,absorb
45500,1,0.0000000000,0.0000000000,3.0812266057,0.0000000000,scatter
45500,2,3.0812266057,0.0000000000,2.4166200871,-1.3156289487,scatter
45500,3,2.4166200871,-1.3156289487,4.0000000000,-0.3944316516,exit_right
45600,1,0.0000000000,0.0000000000,0.1407504175,0.0000000000,scatter
45600,2,0.1407504175,0.0000000000,0.1530988542,-0.1930007988,scatter
45600,3,0.1530988542,-0.1930007988,0.0000000000,-0.2114720231,exit_left
45700,1,0.0000000000,0.0000000000,1.0818256504,0.0000000000,scatter
45700,2,1.0818256504,0.0000000000,1.2047479089,2.5258740470,scatter
45700,3,1.2047479089,2.5258740470,1.4857346647,5.9185196321,scatter
45700,4,1.4857346647,5.9185196321,0.3794893426,2.9191964743,scatter
45700,5,0.3794893426,2.9191964743,0.4259863058,2.8415448060,scatter
45700,6,0.4259863058,2.8415448060,0.0000000000,2.9065963364,exit_left
45800,1,0.0000000000,0.0000000000,0.9270807771,0.0000000000,scatter
45800,2,0.9270807771,0.0000000000,4.0000000000,6.9774478302,exit_right
45900,1,0.0000000000,0.0000000000,4.0000000000,0.0000000000,exit_right
46000,1,0.0000000000,0.0000000000,4.0000000000,0.0000000000,exit_right
46100,1,0.0000000000,0.0000000000,1.9925520034,0.0000000000,scatter
46100,2,1.9925520034,0.0000000000,1.9590081486,0.9945125288,scatter
46100,3,1.9590081486,0.9945125288,3.2933737013,0.5772197659,scatter
46100,4,3.2933737013,0.5772197659,2.7252979129,0.0672597246,scatter
46100,5,2.7252979129,0.0672597246,2.3321838801,3.4250431281,scatter
46100,6,2.3321838801,3.4250431281,2.0689814766,2.0861781534,scatter
46100,7,2.0689814766,2.0861781534,0.8575984982,0.1315241896,absorb
46200,1,0.0000000000,0.0000000000,2.1503690416,0.0000000000,absorb
46300,1,0.0000000000,0.0000000000,1.5714054603,0.0000000000,scatter
46300,2,1.5714054603,0.0000000000,1.9392476563,-0.0566450417,scatter
46300,3,1.9392476563,-0.0566450417,0.7887898240,3.7949414163,scatter
46300,4,0.7887898240,3.7949414163,0.2960003691,4.2175086113,scatter
46300,5,0.2960003691,4.2175086113,0.0000000000,4.4101056501,exit_left
46400,1,0.0000000000,0.0000000000,0.5208250376,0.0000000000,scatter
46400,2,0.5208250376,0.0000000000,2.5726418506,3.7460121111,absorb
46500,1,0.0000000000,0.0000000000,0.4817021328,0.0000000000,scatter
46500,2,0.4817021328,0.0000000000,0.0000000000,-0.7519528824,exit_left
46600,1,0.0000000000,0.0000000000,1.3955058756,0.0000000000,scatter
46600,2,1.3955058756,0.0000000000,0.3651855435,2.8978549719,absorb
46700,1,0.0000000000,0.0000000000,2.4315038201,0.0000000000,scatter
46700,2,2.4315038201,0.0000000000,4.0000000000,-0.4572641721,exit_right
46800,1,0.0000000000,0.0000000000,1.2460015072,0.0000000000,scatter
46800,2,1.2460015072,0.0000000000,1.8122976289,0.6648117903,absorb
46900,1,0.0000000000,0.0000000000,0.0582141179,0.0000000000,scatter
46900,2,0.0582141179,0.0000000000,0.0000000000,-0.4653339844,exit_left
47000,1,0.0000000000,0.0000000000,4.0000000000,0.0000000000,exit_right
47100,1,0.0000000000,0.0000000000,0.2265571125,0.0000000000,scatter
47100,2,0.2265571125,0.0000000000,0.0000000000,0.3527643070,exit_left
47200,1,0.0000000000,0.0000000000,4.0000000000,0.0000000000,exit_right
47300,1,0.0000000000,0.0000000000,2.4119239490,0.0000000000,scatter
47300,2,2.4119239490,0.0000000000,2.4310309260,-0.3980454239,absorb
47400,1,0.0000000000,0.0000000000,2.3686886177,0.0000000000,scatter
47400,2,2.3686886177,0.0000000000,2.0915800021,0.1517658149,scatter
47400,3,2.0915800021,0.1517658149,0.0000000000,-0.4305877788,exit_left
47500,1,0.0000000000,0.0000000000,3.9873355382,0.0000000000,scatter
47500,2,3.9873355382,0.0000000000,1.6064464871,-3.0769537197,scatter
47500,3,1.6064464871,-3.0769537197,1.8010919935,-10.3002416171,scatter
47500,4,1.8010919935,-10.3002416171,1.7464419520,-10.3018843831,scatter
47500,5,1.7464419520,-10.3018843831,2.2751405081,-9.6937465251,absorb
47600,1,0.0000000000,0.0000000000,1.3381917750,0.0000000000,scatter
47600,2,1.3381917750,0.0000000000,1.2012513628,-1.4950801291,scatter
47600,3,1.2012513628,-1.4950801291,0.0000000000,-1.0255696066,exit_left
47700,1,0.0000000000,0.0000000000,4.0000000000,0.0000000000,exit_right
47800,1,0.0000000000,0.0000000000,4.0000000000,0.0000000000,exit_right
47900,1,0.0000000000,0.0000000000,2.5141981845,0.0000000000,scatter
47900,2,2.5141981845,0.0000000000,2.8552758889,2.9003780615,scatter
47900,3,2.8552758889,2.9003780615,1.2051060275,2.8017446608,scatter
47900,4,1.2051060275,2.8017446608,1.2085728670,2.7968462084,scatter
47900,5,1.2085728670,2.7968462084,4.0000000000,2.1346676020,exit_right
48000,1,0.0000000000,0.0000000000,3.6364128666,0.0000000000,scatter
48000,2,3.6364128666,0.0000000000,0.0000000000,-0.3724150015,exit_left
48100,1,0.0000000000,0.0000000000,4.0000000000,0.0000000000,exit_right
48200,1,0.0000000000,0.0000000000,2.7265337440,0.0000000000,scatter
48200,2,2.7265337440,0.0000000000,2.1627488580,-0.7509010796,scatter
48200,3,2.1627488580,-0.7509010796,1.7487405698,0.8489935389,scatter
48200,4,1.7487405698,0.8489935389,2.3551388251,-0.0751510005,scatter
48200,5,2.3551388251,-0.0751510005,2.6039719298,-0.1810765744,scatter
48200,6,2.6039719298,-0.1810765744,2.6007069459,-0.3353018058,absorb
48300,1,0.0000000000,0.0000000000,4.0000000000,0.0000000000,exit_right
48400,1,0.0000000000,0.0000000000,1.7978264407,0.0000000000,scatter
48400,2,1.7978264407,0.0000000000,3.3456624284,-2.1643836079,scatter
48400,3,3.3456624284,-2.1643836079,2.7430117299,-3.8898275530,absorb
48500,1,0.0000000000,0.0000000000,1.9382195864,0.0000000000,scatter
48500,2,1.9382195864,0.0000000000,1.7599994289,-0.3077180796,scatter
48500,3,1.7599994289,-0.3077180796,1.1595617205,-0.8327902359,scatter
48500,4,1.1595617205,-0.8327902359,0.7657148437,-1.1137564934,scatter
48500,5,0.7657148437,-1.1137564934,0.5895315666,-1.8814071242,scatter
48500,6,0.5895315666,-1.8814071242,0.5241887920,-1.9914002719,scatter
48500,7,0.5241887920,-1.9914002719,2.0218179660,-2.7460541992,scatter
48500,8,2.0218179660,-2.7460541992,2.0184717787,-2.7987018973,scatter
48500,9,2.0184717787,-2.7987018973,2.5505571355,-2.2868313123,scatter
48500,10,2.5505571355,-2.2868313123,4.0000000000,-2.6092582820,exit_right
48600,1,0.0000000000,0.0000000000,0.4579125646,0.0000000000,scatter
48600,2,0.4579125646,0.0000000000,0.2006689303,0.9423803962,scatter
48600,3,0.2006689303,0.9423803962,0.1579757558,0.9838308799,scatter
48600,4,0.1579757558,0.9838308799,0.1376165943,0.9749951639,scatter
48600,5,0.1376165943,0.9749951639,0.8140347966,-0.1906103717,scatter
48600,6,0.8140347966,-0.1906103717,0.8803491109,-0.1468301799,absorb
48700,1,0.0000000000,0.0000000000,1.3726903774,0.0000000000,scatter
48700,2,1.3726903774,0.0000000000,2.8950862438,0.3757255973,scatter
48700,3,2.8950862438,0.3757255973,2.9524405679,0.2826370806,scatter
48700,4,2.9524405679,0.2826370806,2.9613549506,0.2996145627,absorb
48800,1,0.0000000000,0.0000000000,1.3821814283,0.0000000000,absorb
48900,1,0.0000000000,0.0000000000,1.3588715622,0.0000000000,scatter
48900,2,1.3588715622,0.0000000000,2.8362756280,2.5979966487,scatter
48900,3,2.8362756280,2.5979966487,1.8652895805,3.0156751461,absorb
49000,1,0.0000000000,0.0000000000,1.9515071296,0.0000000000,scatter
49000,2,1.9515071296,0.0000000000,2.1903979628,0.2230521683,absorb
49100,1,0.0000000000,0.0000000000,1.4652433632,0.0000000000,scatter
49100,2,1.4652433632,0.0000000000,1.9346610415,-0.3347416795,scatter
49100,3,1.9346610415,-0.3347416795,0.0000000000,-0.2297136181,exit_left
49200,1,0.0000000000,0.0000000000,1.3519120911,0.0000000000,absorb
49300,1,0.0000000000,0.0000000000,4.0000000000,0.0000000000,exit_right
49400,1,0.0000000000,0.0000000000,0.9619695784,0.0000000000,scatter
49400,2,0.9619695784,0.0000000000,0.0000000000,-0.0700723173,exit_left
49500,1,0.0000000000,0.0000000000,4.0000000000,0.0000000000,exit_right
49600,1,0.0000000000,0.0000000000,3.4363444388,0.0000000000,absorb
49700,1,0.0000000000,0.0000000000,1.4438596344,0.0000000000,absorb
49800,1,0.0000000000,0.0000000000,2.4921116068,0.0000000000,scatter
49800,2,2.4921116068,0.0000000000,2.8665320706,-0.2715423313,scatter
49800,3,2.8665320706,-0.2715423313,3.4354856513,-0.9209119767,scatter
49800,4,3.4354856513,-0.9209119767,0.0000000000,-1.4196734092,exit_left
49900,1,0.0000000000,0.0000000000,0.4112958488,0.0000000000,scatter
49900,2,0.4112958488,0.0000000000,0.0000000000,-0.0367372924,exit_left
50000,1,0.0000000000,0.0000000000,3.8766980313,0.0000000000,absorb
50100,1,0.0000000000,0.0000000000,3.2178620094,0.0000000000,scatter
50100,2,3.2178620094,0.0000000000,1.2815857015,-0.1240654960,scatter
50100,3,1.2815857015,-0.1240654960,1.7310715183,0.3699407935,scatter
50100,4,1.7310715183,0.3699407935,1.5681174532,-0.0643979202,scatter
50100,5,1.5681174532,-0.0643979202,1.7421963323,0.8930349528,scatter
50100,6,1.7421963323,0.8930349528,2.0339615931,0.6481368391,scatter
50100,7,2.0339615931,0.6481368391,0.3147842028,2.0829114456,scatter
50100,8,0.3147842028,2.0829114456,0.0000000000,2.0116332461,exit_left
50200,1,0.0000000000,0.0000000000,2.0628962590,0.0000000000,scatter
50200,2,2.0628962590,0.0000000000,1.8412857310,0.9265516316,absorb
50300,1,0.0000000000,0.0000000000,0.0291789977,0.0000000000,scatter
50300,2,0.0291789977,0.0000000000,0.7082897022,-3.1405067923,scatter
50300,3,0.7082897022,-3.1405067923,0.5714851959,-3.0626619463,scatter
50300,4,0.5714851959,-3.0626619463,0.0000000000,-3.0563852505,exit_left
50400,1,0.0000000000,0.0000000000,2.3010533661,0.0000000000,scatter
50400,2,2.3010533661,0.0000000000,2.0018749960,-1.3867398673,scatter
50400,3,2.0018749960,-1.3867398673,0.0000000000,-2.4711911568,exit_left
50500,1,0.0000000000,0.0000000000,0.4117713191,0.0000000000,scatter
50500,2,0.4117713191,0.0000000000,1.1055037208,-7.2577796461,absorb
50600,1,0.0000000000,0.0000000000,0.2026004637,0.0000000000,scatter
50600,2,0.2026004637,0.0000000000,0.0000000000,-0.3393858042,exit_left
50700,1,0.0000000000,0.0000000000,0.2200509063,0.0000000000,absorb
50800,1,0.0000000000,0.0000000000,0.4702773508,0.0000000000,absorb
50900,1,0.0000000000,0.0000000000,0.8298902693,0.0000000000,scatter
50900,2,0.8298902693,0.0000000000,0.8473158097,-0.3034940197,scatter
50900,3,0.8473158097,-0.3034940197,0.0000000000,-3.0099830316,exit_left
51000,1,0.0000000000,0.0000000000,4.0000000000,0.0000000000,exit_right
51100,1,0.0000000000,0.0000000000,0.4318344190,0.0000000000,scatter
51100,2,0.4318344190,0.0000000000,0.0000000000,-1.5965177662,exit_left
51200,1,0.0000000000,0.0000000000,2.3965009008,0.0000000000,scatter
51200,2,2.3965009008,0.0000000000,4.0000000000,0.0339170886,exit_right
51300,1,0.0000000000,0.0000000000,4.0000000000,0.0000000000,exit_right
51400,1,0.0000000000,0.0000000000,3.1008803057,0.0000000000,absorb
51500,1,0.0000000000,0.0000000000,0.9558213888,0.0000000000,scatter
51500,2,0.9558213888,0.0000000000,2.7180666186,1.8432601900,scatter
51500,3,2.7180666186,1.8432601900,3.6148967186,1.2355131158,absorb
51600,1,0.0000000000,0.0000000000,1.5595084436,0.0000000000,scatter
51600,2,1.5595084436,0.0000000000,3.2275356351,3.2521420380,scatter
51600,3,3.2275356351,3.2521420380,1.6063692287,0.3655452129,scatter
51600,4,1.6063692287,0.3655452129,0.0000000000,4.2598585961,exit_left
51700,1,0.0000000000,0.0000000000,2.0527560766,0.0000000000,scatter
51700,2,2.0527560766,0.0000000000,2.0247267947,-0.2156228790,scatter
51700,3,2.0247267947,-0.2156228790,2.5270558423,4.1721757460,scatter
51700,4,2.5270558423,4.1721757460,1.2712494429,2.3552921384,scatter
51700,5,1.2712494429,2.3552921384,0.8874811393,2.4340006001,absorb
51800,1,0.0000000000,0.0000000000,2.0119577809,0.0000000000,scatter
51800,2,2.0119577809,0.0000000000,4.0000000000,-0.4906316441,exit_right
51900,1,0.0000000000,0.0000000000,0.9793254066,0.0000000000,scatter
51900,2,0.9793254066,0.0000000000,4.0000000000,0.3990751334,exit_right
52000,1,0.0000000000,0.0000000000,2.0648466291,0.0000000000,scatter
52000,2,2.0648466291,0.0000000000,1.5108147979,-0.5224825457,scatter
52000,3,1.5108147979,-0.5224825457,1.5097083973,-0.3967728233,scatter
52000,4,1.5097083973,-0.3967728233,1.2068731454,2.8460958272,scatter
52000,5,1.2068731454,2.8460958272,0.9464273539,3.1238805979,scatter
52000,6,0.9464273539,3.1238805979,0.9537379687,3.0397425827,scatter
52000,7,0.9537379687,3.0397425827,0.5327118359,3.1382014607,absorb
52100,1,0.0000000000,0.0000000000,2.7141314471,0.0000000000,absorb
52200,1,0.0000000000,0.0000000000,0.2106302431,0.0000000000,scatter
52200,2,0.2106302431,0.0000000000,0.0000000000,0.3084861777,exit_left
52300,1,0.0000000000,0.0000000000,1.2376806087,0.0000000000,absorb
52400,1,0.0000000000,0.0000000000,1.2818033538,0.0000000000,scatter
52400,2,1.2818033538,0.0000000000,1.3051075866,0.1886086202,scatter
52400,3,1.3051075866,0.1886086202,1.8259718181,-0.2900592764,scatter
52400,4,1.8259718181,-0.2900592764,3.6451435231,0.8188107061,scatter
52400,5,3.6451435231,0.8188107061,0.4045281960,4.7510197086,scatter
52400,6,0.4045281960,4.7510197086,1.9783955453,3.1401869011,scatter
52400,7,1.9783955453,3.1401869011,4.0000000000,0.4659128096,exit_right
52500,1,0.0000000000,0.0000000000,2.8581665901,0.0000000000,absorb
52600,1,0.0000000000,0.0000000000,1.8889534808,0.0000000000,scatter
52600,2,1.8889534808,0.0000000000,0.2332738244,2.0697720267,scatter
52600,3,0.2332738244,2.0697720267,0.0000000000,1.9159402446,exit_left
52700,1,0.0000000000,0.0000000000,1.0018627237,0.0000000000,scatter
52700,2,1.0018627237,0.0000000000,2.8443782704,-1.4122165567,scatter
52700,3,2.8443782704,-1.4122165567,4.0000000000,-1.5230569070,exit_right
52800,1,0.0000000000,0.0000000000,3.7427412287,0.0000000000,absorb
52900,1,0.0000000000,0.0000000000,0.1233228641,0.0000000000,scatter
52900,2,0.1233228641,0.0000000000,0.5430067015,0.4028372785,scatter
52900,3,0.5430067015,0.4028372785,0.3260486551,-0.0529753496,scatter
52900,4,0.3260486551,-0.0529753496,0.4701465431,-0.2984854313,scatter
52900,5,0.4701465431,-0.2984854313,0.2395102449,0.6637350744,scatter
52900,6,0.2395102449,0.6637350744,0.0777724887,0.7283727665,scatter
52900,7,0.0777724887,0.7283727665,0.1939908049,0.7499492856,absorb
53000,1,0.0000000000,0.0000000000,4.0000000000,0.0000000000,exit_right
53100,1,0.0000000000,0.0000000000,0.6075393404,0.0000000000,scatter
53100,2,0.6075393404,0.0000000000,0.0000000000,0.7003920697,exit_left
53200,1,0.0000000000,0.0000000000,1.8875338318,0.0000000000,scatter
53200,2,1.8875338318,0.0000000000,0.0000000000,1.3105198532,exit_left
53300,1,0.0000000000,0.0000000000,1.2146668402,0.0000000000,scatter
53300,2,1.2146668402,0.0000000000,0.0000000000,-0.8464146452,exit_left
53400,1,0.0000000000,0.0000000000,0.1716194278,0.0000000000,scatter
53400,2,0.1716194278,0.0000000000,0.3900671461,-2.7740213824,scatter
53400,3,0.3900671461,-2.7740213824,0.0000000000,-2.0169387019,exit_left
53500,1,0.0000000000,0.0000000000,4.0000000000,0.0000000000,exit_right
53600,1,0.0000000000,0.0000000000,0.1458186406,0.0000000000,scatter
53600,2,0.1458186406,0.0000000000,1.1623460749,-2.0532819267,scatter
53600,3,1.1623460749,-2.0532819267,1.4491263134,-1.6771109085,scatter
53600,4,1.4491263134,-1.6771109085,1.3534544429,-2.0438097210,scatter
53600,5,1.3534544429,-2.0438097210,1.5635041712,-1.7131424548,scatter
53600,6,1.5635041712,-1.7131424548,0.0000000000,-2.0863815052,exit_left
53700,1,0.0000000000,0.0000000000,0.0431363500,0.0000000000,scatter
53700,2,0.0431363500,0.0000000000,0.0000000000,0.0258301340,exit_left
53800,1,0.0000000000,0.0000000000,0.1380746954,0.0000000000,absorb
53900,1,0.0000000000,0.0000000000,1.1575158908,0.0000000000,scatter
53900,2,1.1575158908,0.0000000000,1.9562979020,-0.2779702377,scatter
53900,3,1.9562979020,-0.2779702377,1.1381091003,-0.0163818730,scatter
53900,4,1.1381091003,-0.0163818730,4.0000000000,-1.8073000647,exit_right
54000,1,0.0000000000,0.0000000000,3.0183568506,0.0000000000,scatter
54000,2,3.0183568506,0.0000000000,3.0559318727,-0.2731137098,scatter
54000,3,3.0559318727,-0.2731137098,4.0000000000,-0.6974321106,exit_right
54100,1,0.0000000000,0.0000000000,4.0000000000,0.0000000000,exit_right
54200,1,0.0000000000,0.0000000000,1.7909849839,0.0000000000,scatter
54200,2,1.7909849839,0.0000000000,1.1157981911,-0.4597611595,scatter
54200,3,1.1157981911,-0.4597611595,4.0000000000,-3.5463724106,exit_right
54300,1,0.0000000000,0.0000000000,4.0000000000,0.0000000000,exit_right
54400,1,0.0000000000,0.0000000000,4.0000000000,0.0000000000,exit_right
54500,1,0.0000000000,0.0000000000,2.8723557896,0.0000000000,absorb
54600,1,0.0000000000,0.0000000000,1.4334962532,0.0000000000,scatter
54600,2,1.4334962532,0.0000000000,1.5920989570,0.1554507742,absorb
54700,1,0.0000000000,0.0000000000,0.7025582346,0.0000000000,absorb
54800,1,0.0000000000,0.0000000000,0.5079848730,0.0000000000,scatter
54800,2,0.5079848730,0.0000000000,1.7248706099,-0.0937876712,scatter
54800,3,1.7248706099,-0.0937876712,1.9115120977,-1.8257026980,absorb
54900,1,0.0000000000,0.0000000000,4.0000000000,0.0000000000,exit_right
55000,1,0.0000000000,0.0000000000,1.8396769466,0.0000000000,scatter
55000,2,1.8396769466,0.0000000000,2.2281976113,-0.1267844690,scatter
55000,3,2.2281976113,-0.1267844690,1.7331378179,1.8117883928,scatter
55000,4,1.7331378179,1.8117883928,0.0000000000,0.4531437371,exit_left
55100,1,0.0000000000,0.0000000000,1.3037233396,0.0000000000,absorb
55200,1,0.0000000000,0.0000000000,4.0000000000,0.0000000000,exit_right
55300,1,0.0000000000,0.0000000000,4.0000000000,0.0000000000,exit_right
55400,1,0.0000000000,0.0000000000,2.4523159339,0.0000000000,scatter
55400,2,2.4523159339,0.0000000000,2.4568578715,0.0855150861,absorb
55500,1,0.0000000000,0.0000000000,1.6031606576,0.0000000000,absorb
55600,1,0.0000000000,0.0000000000,1.0599482191,0.0000000000,scatter
55600,2,1.0599482191,0.0000000000,2.5857158530,1.1986914151,scatter
55600,3,2.5857158530,1.1986914151,3.7917597474,1.4865396806,scatter
55600,4,3.7917597474,1.4865396806,2.8766997126,1.0512111449,scatter
55600,5,2.8766997126,1.0512111449,3.4258718059,0.2346377678,scatter
55600,6,3.4258718059,0.2346377678,3.2606635873,0.3048192061,scatter
55600,7,3.2606635873,0.3048192061,3.6833180660,-0.2377545828,scatter
55600,8,3.6833180660,-0.2377545828,4.0000000000,-0.1747166297,exit_right
55700,1,0.0000000000,0.0000000000,0.5767425140,0.0000000000,scatter
55700,2,0.5767425140,0.0000000000,4.0000000000,-3.2595108753,exit_right
55800,1,0.0000000000,0.0000000000,3.4342995249,0.0000000000,scatter
55800,2,3.4342995249,0.0000000000,2.4132456786,-0.3281288391,scatter
55800,3,2.4132456786,-0.3281288391,2.6268233798,0.8754649499,absorb
55900,1,0.0000000000,0.0000000000,0.1225373711,0.0000000000,scatter
55900,2,0.1225373711,0.0000000000,0.0000000000,-0.2519902263,exit_left
56000,1,0.0000000000,0.0000000000,0.3769853818,0.0000000000,scatter
56000,2,0.3769853818,0.0000000000,0.0000000000,-0.3851266500,exit_left
56100,1,0.0000000000,0.0000000000,1.0159881079,0.0000000000,scatter
56100,2,1.0159881079,0.0000000000,0.4374164218,1.8742604154,scatter
56100,3,0.4374164218,1.8742604154,2.0542484605,0.7355206734,scatter
56100,4,2.0542484605,0.7355206734,0.0000000000,-0.4940497133,exit_left
56200,1,0.0000000000,0.0000000000,2.5852751707,0.0000000000,scatter
56200,2,2.5852751707,0.0000000000,2.0739760325,0.0146753246,scatter
56200,3,2.0739760325,0.0146753246,1.1746026722,1.4129086317,absorb
56300,1,0.0000000000,0.0000000000,0.5289183950,0.0000000000,scatter
56300,2,0.5289183950,0.0000000000,1.7742884807,-1.3833591186,scatter
56300,3,1.7742884807,-1.3833591186,4.0000000000,-1.9739331359,exit_right
56400,1,0.0000000000,0.0000000000,2.3223550691,0.0000000000,scatter
56400,2,2.3223550691,0.0000000000,2.7683424641,2.5822692451,scatter
56400,3,2.7683424641,2.5822692451,3.5356682937,2.1660952629,absorb
56500,1,0.0000000000,0.0000000000,1.0797422115,0.0000000000,scatter
56500,2,1.0797422115,0.0000000000,4.0000000000,-0.2772777430,exit_right
56600,1,0.0000000000,0.0000000000,0.9150057234,0.0000000000,scatter
56600,2,0.9150057234,0.0000000000,1.4740180116,-1.9725872507,scatter
56600,3,1.4740180116,-1.9725872507,4.0000000000,-0.6605840187,exit_right
56700,1,0.0000000000,0.0000000000,3.3149239896,0.0000000000,absorb
56800,1,0.0000000000,0.0000000000,1.5776780461,0.0000000000,absorb
56900,1,0.0000000000,0.0000000000,0.2083160843,0.0000000000,scatter
56900,2,0.2083160843,0.0000000000,0.0000000000,0.3297462481,exit_left
57000,1,0.0000000000,0.0000000000,1.0848524172,0.0000000000,scatter
57000,2,1.0848524172,0.0000000000,0.0000000000,0.5674550186,exit_left
57100,1,0.0000000000,0.0000000000,2.9491358502,0.0000000000,scatter
57100,2,2.9491358502,0.0000000000,2.6659286110,0.2695550921,scatter
57100,3,2.6659286110,0.2695550921,3.0676299193,-1.0528631527,scatter
57100,4,3.0676299193,-1.0528631527,2.0792443179,0.5092774548,scatter
57100,5,2.0792443179,0.5092774548,2.7158530375,0.9251504395,scatter
57100,6,2.7158530375,0.9251504395,2.7397239437,0.8142499950,absorb
57200,1,0.0000000000,0.0000000000,0.5483288481,0.0000000000,absorb
57300,1,0.0000000000,0.0000000000,0.8503189792,0.0000000000,scatter
57300,2,0.8503189792,0.0000000000,0.2375797398,-0.7531397677,scatter
57300,3,0.2375797398,-0.7531397677,2.1563807715,-0.3125764690,scatter
57300,4,2.1563807715,-0.3125764690,4.0000000000,-3.6075596139,exit_right
57400,1,0.0000000000,0.0000000000,1.0858562002,0.0000000000,scatter
57400,2,1.0858562002,0.0000000000,1.6468773945,0.3202466495,scatter
57400,3,1.6468773945,0.3202466495,1.8899089690,0.2972158687,scatter
57400,4,1.8899089690,0.2972158687,2.0093157866,0.5045845782,scatter
57400,5,2.0093157866,0.5045845782,2.3628017775,0.7650539677,scatter
57400,6,2.3628017775,0.7650539677,3.5357930593,0.7878996259,scatter
57400,7,3.5357930593,0.7878996259,1.5209824515,-2.0537907774,scatter
57400,8,1.5209824515,-2.0537907774,0.8100510676,-2.5093865030,absorb
57500,1,0.0000000000,0.0000000000,2.3233128630,0.0000000000,scatter
57500,2,2.3233128630,0.0000000000,1.6690582168,-0.1282248543,scatter
57500,3,1.6690582168,-0.1282248543,4.0000000000,-1.6826648702,exit_right
57600,1,0.0000000000,0.0000000000,2.0585323882,0.0000000000,scatter
57600,2,2.0585323882,0.0000000000,2.2045002182,0.5430610654,scatter
57600,3,2.2045002182,0.5430610654,1.6594849385,0.7200938526,scatter
57600,4,1.6594849385,0.7200938526,0.6287116661,-0.3431418246,scatter
57600,5,0.6287116661,-0.3431418246,0.6251722689,-0.3448746819,absorb
57700,1,0.0000000000,0.0000000000,3.6293354424,0.0000000000,scatter
57700,2,3.6293354424,0.0000000000,3.7196028761,0.8211039924,absorb
57800,1,0.0000000000,0.0000000000,0.3139584841,0.0000000000,scatter
57800,2,0.3139584841,0.0000000000,0.0789224927,-0.4590620731,scatter
57800,3,0.0789224927,-0.4590620731,1.2446678265,0.5404841762,scatter
57800,4,1.2446678265,0.5404841762,0.0000000000,-0.0747784800,exit_left
57900,1,0.0000000000,0.0000000000,0.4514164801,0.0000000000,scatter
57900,2,0.4514164801,0.0000000000,1.0095390331,2.0671641734,scatter
57900,3,1.0095390331,2.0671641734,0.0000000000,3.7699285185,exit_left
58000,1,0.0000000000,0.0000000000,4.0000000000,0.0000000000,exit_right
58100,1,0.0000000000,0.0000000000,2.2197456084,0.0000000000,scatter
58100,2,2.2197456084,0.0000000000,2.5782900230,0.1674718112,scatter
58100,3,2.5782900230,0.1674718112,3.5832176627,0.6319456595,scatter
58100,4,3.5832176627,0.6319456595,3.3737795054,0.5564152563,scatter
58100,5,3.3737795054,0.5564152563,3.8126754215,0.2808451846,scatter
58100,6,3.8126754215,0.2808451846,3.7912275523,0.3286060913,scatter
58100,7,3.7912275523,0.3286060913,4.0000000000,0.9073969820,exit_right
58200,1,0.0000000000,0.0000000000,0.9038476507,0.0000000000,scatter
58200,2,0.9038476507,0.0000000000,0.3962084188,1.5363605684,scatter
58200,3,0.3962084188,1.5363605684,0.0000000000,1.7968617482,exit_left
58300,1,0.0000000000,0.0000000000,2.6074342185,0.0000000000,scatter
58300,2,2.6074342185,0.0000000000,3.2405428878,0.2398566112,absorb
58400,1,0.0000000000,0.0000000000,0.1450390306,0.0000000000,scatter
58400,2,0.1450390306,0.0000000000,0.1557901435,0.8031852453,scatter
58400,3,0.1557901435,0.8031852453,0.9253288021,3.6887358707,scatter
58400,4,0.9253288021,3.6887358707,0.7743006895,3.7487462517,scatter
58400,5,0.7743006895,3.7487462517,0.0935046569,3.7185999918,scatter
58400,6,0.0935046569,3.7185999918,0.0000000000,3.7944243221,exit_left
58500,1,0.0000000000,0.0000000000,0.1879414266,0.0000000000,absorb
58600,1,0.0000000000,0.0000000000,2.6483959527,0.0000000000,scatter
58600,2,2.6483959527,0.0000000000,2.4197118831,-0.4112128951,scatter
58600,3,2.4197118831,-0.4112128951,0.4136694932,2.5677450934,scatter
58600,4,0.4136694932,2.5677450934,1.0419870865,0.7581572233,scatter
58600,5,1.0419870865,0.7581572233,0.5825758652,0.5003262000,scatter
58600,6,0.5825758652,0.5003262000,0.3024497483,0.4113121303,scatter
58600,7,0.3024497483,0.4113121303,0.0000000000,-0.0072655644,exit_left
58700,1,0.0000000000,0.0000000000,0.6051386441,0.0000000000,scatter
58700,2,0.6051386441,0.0000000000,0.0907880648,-1.5920485988,scatter
58700,3,0.0907880648,-1.5920485988,0.0000000000,-1.4480901182,exit_left
58800,1,0.0000000000,0.0000000000,4.0000000000,0.0000000000,exit_right
58900,1,0.0000000000,0.0000000000,1.9608574683,0.0000000000,scatter
58900,2,1.9608574683,0.0000000000,0.5972024796,1.0915233173,absorb
59000,1,0.0000000000,0.0000000000,0.8971417577,0.0000000000,scatter
59000,2,0.8971417577,0.0000000000,0.8575886303,0.0441320111,absorb
59100,1,0.0000000000,0.0000000000,4.0000000000,0.0000000000,exit_right
59200,1,0.0000000000,0.0000000000,1.2176843004,0.0000000000,scatter
59200,2,1.2176843004,0.0000000000,2.3071059824,-0.1780661947,absorb
59300,1,0.0000000000,0.0000000000,0.1107464452,0.0000000000,absorb
59400,1,0.0000000000,0.0000000000,0.4354280991,0.0000000000,scatter
59400,2,0.4354280991,0.0000000000,0.5806694334,0.2998242188,scatter
59400,3,0.5806694334,0.2998242188,0.0000000000,-0.0904023955,exit_left
59500,1,0.0000000000,0.0000000000,3.4062650805,0.0000000000,absorb
59600,1,0.0000000000,0.0000000000,0.1923226540,0.0000000000,absorb
59700,1,0.0000000000,0.0000000000,0.6503589834,0.0000000000,absorb
59800,1,0.0000000000,0.0000000000,1.2653364091,0.0000000000,absorb
59900,1,0.0000000000,0.0000000000,2.1036019534,0.0000000000,scatter
59900,2,2.1036019534,0.0000000000,2.2544139505,0.1840365169,scatter
59900,3,2.2544139505,0.1840365169,2.0920290169,1.8061932031,scatter
59900,4,2.0920290169,1.8061932031,1.0181979449,2.6912045439,scatter
59900,5,1.0181979449,2.6912045439,1.2302389451,1.2264843856,scatter
59900,6,1.2302389451,1.2264843856,0.1639493798,1.2629216377,absorb
60000,1,0.0000000000,0.0000000000,0.0579572440,0.0000000000,absorb
60100,1,0.0000000000,0.0000000000,0.8261307472,0.0000000000,scatter
60100,2,0.8261307472,0.0000000000,0.0000000000,0.1870217354,exit_left
60200,1,0.0000000000,0.0000000000,1.4612501602,0.0000000000,scatter
60200,2,1.4612501602,0.0000000000,3.1711194094,1.9173096267,scatter
60200,3,3.1711194094,1.9173096267,4.0000000000,2.3047713173,exit_right
60300,1,0.0000000000,0.0000000000,0.0963434909,0.0000000000,scatter
60300,2,0.0963434909,0.0000000000,0.1328395271,0.0146815784,scatter
60300,3,0.1328395271,0.0146815784,0.5615198170,-0.1826538975,absorb
60400,1,0.0000000000,0.0000000000,0.5597372613,0.0000000000,scatter
60400,2,0.5597372613,0.0000000000,1.0403246231,0.3696933880,scatter
60400,3,1.0403246231,0.3696933880,3.5870507853,-0.4486990498,absorb
60500,1,0.0000000000,0.0000000000,1.3584228147,0.0000000000,scatter
60500,2,1.3584228147,0.0000000000,3.7132359709,-3.0072072458,scatter
60500,3,3.7132359709,-3.0072072458,3.2640251673,-3.2379125152,scatter
60500,4,3.2640251673,-3.2379125152,0.0000000000,-6.8487538573,exit_left
60600,1,0.0000000000,0.0000000000,0.5363580514,0.0000000000,scatter
60600,2,0.5363580514,0.0000000000,0.8751586986,-0.0206252064,scatter
60600,3,0.8751586986,-0.0206252064,0.9462358869,-0.5178274050,absorb
60700,1,0.0000000000,0.0000000000,4.0000000000,0.0000000000,exit_right
60800,1,0.0000000000,0.0000000000,1.7217817911,0.0000000000,scatter
60800,2,1.7217817911,0.0000000000,2.0193646937,-0.1591196959,scatter
60800,3,2.0193646937,-0.1591196959,0.7101847419,0.8690965470,scatter
60800,4,0.7101847419,0.8690965470,0.0000000000,4.0594914741,exit_left
60900,1,0.0000000000,0.0000000000,0.9640991992,0.0000000000,scatter
60900,2,0.9640991992,0.0000000000,3.6819030028,0.1738921392,scatter
60900,3,3.6819030028,0.1738921392,3.7033824461,0.1736943561,scatter
60900,4,3.7033824461,0.1736943561,3.7570636086,0.8468782481,scatter
60900,5,3.7570636086,0.8468782481,0.0000000000,1.1468700630,exit_left
61000,1,0.0000000000,0.0000000000,2.3938613586,0.0000000000,scatter
61000,2,2.3938613586,0.0000000000,2.4882114966,0.0109896798,scatter
61000,3,2.4882114966,0.0109896798,0.0000000000,-1.9450836917,exit_left
61100,1,0.0000000000,0.0000000000,3.4927008107,0.0000000000,scatter
61100,2,3.4927008107,0.0000000000,3.7757007765,0.4903610748,scatter
61100,3,3.7757007765,0.4903610748,3.7717086439,0.4929372518,scatter
61100,4,3.7717086439,0.4929372518,3.1651258027,-4.9697735261,absorb
61200,1,0.0000000000,0.0000000000,2.5890989956,0.0000000000,scatter
61200,2,2.5890989956,0.0000000000,4.0000000000,-2.0694520389,exit_right
61300,1,0.0000000000,0.0000000000,2.7201625089,0.0000000000,scatter
61300,2,2.7201625089,0.0000000000,2.7426007730,0.0142443158,absorb
61400,1,0.0000000000,0.0000000000,3.9429455725,0.0000000000,scatter
61400,2,3.9429455725,0.0000000000,3.9846757627,0.2537423206,absorb
61500,1,0.0000000000,0.0000000000,1.8652928075,0.0000000000,scatter
61500,2,1.8652928075,0.0000000000,1.2346535304,-1.0588139337,scatter
61500,3,1.2346535304,-1.0588139337,0.0000000000,-1.1547709109,exit_left
61600,1,0.0000000000,0.0000000000,0.4337119635,0.0000000000,absorb
61700,1,0.0000000000,0.0000000000,4.0000000000,0.0000000000,exit_right
61800,1,0.0000000000,0.0000000000,1.0264220230,0.0000000000,absorb
61900,1,0.0000000000,0.0000000000,0.0207803004,0.0000000000,scatter
61900,2,0.0207803004,0.0000000000,0.6453902678,1.3412439118,absorb
62000,1,0.0000000000,0.0000000000,2.3132701502,0.0000000000,scatter
62000,2,2.3132701502,0.0000000000,3.2074102561,-0.1134733141,scatter
62000,3,3.2074102561,-0.1134733141,4.0000000000,-0.4887480664,exit_right
62100,1,0.0000000000,0.0000000000,1.2034263780,0.0000000000,scatter
62100,2,1.2034263780,0.0000000000,0.0576356548,-1.7831677010,absorb
62200,1,0.0000000000,0.0000000000,0.5886945290,0.0000000000,scatter
62200,2,0.5886945290,0.0000000000,0.4262980704,2.1682227454,scatter
62200,3,0.4262980704,2.1682227454,0.6249988657,1.3784882322,absorb
62300,1,0.0000000000,0.0000000000,0.3449746410,0.0000000000,scatter
62300,2,0.3449746410,0.0000000000,2.0492360916,-1.6925390741,scatter
62300,3,2.0492360916,-1.6925390741,2.6480874703,-1.7511230768,scatter
62300,4,2.6480874703,-1.7511230768,0.0000000000,-0.9935447653,exit_left
62400,1,0.0000000000,0.0000000000,2.4365897300,0.0000000000,scatter
62400,2,2.4365897300,0.0000000000,0.0000000000,-1.0117897243,exit_left
62500,1,0.0000000000,0.0000000000,4.0000000000,0.0000000000,exit_right
62600,1,0.0000000000,0.0000000000,1.1579358118,0.0000000000,scatter
62600,2,1.1579358118,0.0000000000,0.0000000000,0.5318241102,exit_left
62700,1,0.0000000000,0.0000000000,0.2341778990,0.0000000000,scatter
62700,2,0.2341778990,0.0000000000,0.1038141561,0.1663621268,scatter
62700,3,0.1038141561,0.1663621268,0.0000000000,0.3126201232,exit_left
62800,1,0.0000000000,0.0000000000,2.5670285523,0.0000000000,scatter
62800,2,2.5670285523,0.0000000000,2.6063198511,0.0492314205,scatter
62800,3,2.6063198511,0.0492314205,2.9125905704,0.2386044421,scatter
62800,4,2.9125905704,0.2386044421,2.8025825059,-0.3085256101,scatter
62800,5,2.8025825059,-0.3085256101,2.6591614773,-0.0128931171,scatter
62800,6,2.6591614773,-0.0128931171,2.5394393854,-2.2426183185,scatter
62800,7,2.5394393854,-2.2426183185,0.0000000000,-0.1625860004,exit_left
62900,1,0.0000000000,0.0000000000,1.8187588739,0.0000000000,scatter
62900,2,1.8187588739,0.0000000000,1.9813415543,-0.9394395142,scatter
62900,3,1.9813415543,-0.9394395142,1.8611781213,-3.0146408328,absorb
63000,1,0.0000000000,0.0000000000,0.1075876276,0.0000000000,absorb
63100,1,0.0000000000,0.0000000000,0.3379187173,0.0000000000,absorb
63200,1,0.0000000000,0.0000000000,1.9534471804,0.0000000000,scatter
63200,2,1.9534471804,0.0000000000,0.8083908881,2.8907560658,scatter
63200,3,0.8083908881,2.8907560658,0.0000000000,2.7247978374,exit_left
63300,1,0.0000000000,0.0000000000,4.0000000000,0.0000000000,exit_right
63400,1,0.0000000000,0.0000000000,3.0563463123,0.0000000000,absorb
63500,1,0.0000000000,0.0000000000,0.3109867466,0.0000000000,scatter
63500,2,0.3109867466,0.0000000000,1.3795241770,0.0080850854,scatter
63500,3,1.3795241770,0.0080850854,1.9678466123,-0.1739613166,scatter
63500,4,1.9678466123,-0.1739613166,0.1992113178,2.4184231462,scatter
63500,5,0.1992113178,2.4184231462,0.2762595236,2.8537713477,scatter
63500,6,0.2762595236,2.8537713477,0.0000000000,3.2001133159,exit_left
63600,1,0.0000000000,0.0000000000,1.1808428303,0.0000000000,scatter
63600,2,1.1808428303,0.0000000000,1.7892049312,2.0103421294,absorb
63700,1,0.0000000000,0.0000000000,2.5909114892,0.0000000000,scatter
63700,2,2.5909114892,0.0000000000,0.0000000000,-0.3906246975,exit_left
63800,1,0.0000000000,0.0000000000,0.2545897788,0.0000000000,scatter
63800,2,0.2545897788,0.0000000000,0.0000000000,0.0207294944,exit_left
63900,1,0.0000000000,0.0000000000,1.0463441469,0.0000000000,scatter
63900,2,1.0463441469,0.0000000000,0.0000000000,-0.2832287220,exit_left
64000,1,0.0000000000,0.0000000000,0.1657914743,0.0000000000,absorb
64100,1,0.0000000000,0.0000000000,0.3632404925,0.0000000000,scatter
64100,2,0.3632404925,0.0000000000,0.0000000000,0.0747915718,exit_left
64200,1,0.0000000000,0.0000000000,0.0940503627,0.0000000000,scatter
64200,2,0.0940503627,0.0000000000,0.0000000000,-0.0710874502,exit_left
64300,1,0.0000000000,0.0000000000,1.0311558596,0.0000000000,scatter
64300,2,1.0311558596,0.0000000000,0.2269211002,-0.8329155765,scatter
64300,3,0.2269211002,-0.8329155765,0.0000000000,-0.6685467621,exit_left
64400,1,0.0000000000,0.0000000000,2.9626852011,0.0000000000,absorb
64500,1,0.0000000000,0.0000000000,1.0898555002,0.0000000000,absorb
64600,1,0.0000000000,0.0000000000,0.0299967769,0.0000000000,scatter
64600,2,0.0299967769,0.0000000000,1.5856281472,-0.1414952845,scatter
64600,3,1.5856281472,-0.1414952845,0.0000000000,0.4461204804,exit_left
64700,1,0.0000000000,0.0000000000,0.4492335066,0.0000000000,scatter
64700,2,0.4492335066,0.0000000000,0.1371648753,0.4817920063,scatter
64700,3,0.1371648753,0.4817920063,0.0691223053,-0.0807161416,scatter
64700,4,0.0691223053,-0.0807161416,0.0000000000,-0.1129438682,exit_left
64800,1,0.0000000000,0.0000000000,0.1489357416,0.0000000000,scatter
64800,2,0.1489357416,0.0000000000,0.2047562463,0.2234736157,absorb
64900,1,0.0000000000,0.0000000000,4.0000000000,0.0000000000,exit_right
65000,1,0.0000000000,0.0000000000,2.1570354066,0.0000000000,scatter
65000,2,2.1570354066,0.0000000000,0.0000000000,0.2143319473,exit_left
65100,1,0.0000000000,0.0000000000,1.1673096518,0.0000000000,scatter
65100,2,1.1673096518,0.0000000000,1.3230688606,-2.7000281011,scatter
65100,3,1.3230688606,-2.7000281011,0.8754852071,-2.7096988753,absorb
65200,1,0.0000000000,0.0000000000,4.0000000000,0.0000000000,exit_right
65300,1,0.0000000000,0.0000000000,4.0000000000,0.0000000000,exit_right
65400,1,0.0000000000,0.0000000000,3.6889659670,0.0000000000,scatter
65400,2,3.6889659670,0.0000000000,3.5796471921,0.0938119774,scatter
65400,3,3.5796471921,0.0938119774,3.5397897839,-0.3082231995,scatter
65400,4,3.5397897839,-0.3082231995,3.6262391459,-0.4969892696,scatter
65400,5,3.6262391459,-0.4969892696,0.0000000000,-2.8300338195,exit_left
65500,1,0.0000000000,0.0000000000,3.7877926394,0.0000000000,scatter
65500,2,3.7877926394,0.0000000000,0.0000000000,-3.3792284039,exit_left
65600,1,0.0000000000,0.0000000000,0.9442624634,0.0000000000,scatter
65600,2,0.9442624634,0.0000000000,0.0000000000,0.5416693688,exit_left
65700,1,0.0000000000,0.0000000000,0.5015410324,0.0000000000,scatter
65700,2,0.5015410324,0.0000000000,1.0903498699,1.2845398831,absorb
65800,1,0.0000000000,0.0000000000,0.4505407593,0.0000000000,scatter
65800,2,0.4505407593,0.0000000000,0.4997278977,0.0315916596,scatter
65800,3,0.4997278977,0.0315916596,3.2200263916,-1.8483675100,absorb
65900,1,0.0000000000,0.0000000000,3.4851926768,0.0000000000,scatter
65900,2,3.4851926768,0.0000000000,3.4782175293,-1.4260494128,scatter
65900,3,3.4782175293,-1.4260494128,3.7256287735,-1.8538480244,scatter
65900,4,3.7256287735,-1.8538480244,1.7136692368,-4.2462006747,scatter
65900,5,1.7136692368,-4.2462006747,1.7562255799,-1.3547653022,scatter
65900,6,1.7562255799,-1.3547653022,4.0000000000,0.5003263116,exit_right
66000,1,0.0000000000,0.0000000000,0.2527339120,0.0000000000,scatter
66000,2,0.2527339120,0.0000000000,0.3311570965,0.0047832525,scatter
66000,3,0.3311570965,0.0047832525,0.4621840889,-0.1775654534,absorb
66100,1,0.0000000000,0.0000000000,2.1425687726,0.0000000000,scatter
66100,2,2.1425687726,0.0000000000,2.9090692653,-0.3517400191,scatter
66100,3,2.9090692653,-0.3517400191,2.0666792487,-0.1303065312,scatter
66100,4,2.0666792487,-0.1303065312,0.0346374999,0.1816072692,absorb
66200,1,0.0000000000,0.0000000000,0.8987496272,0.0000000000,scatter
66200,2,0.8987496272,0.0000000000,0.6751362090,-0.4620846889,scatter
66200,3,0.6751362090,-0.4620846889,1.0108822640,-0.0595353327,scatter
66200,4,1.0108822640,-0.0595353327,1.6159604537,-0.0490150791,scatter
66200,5,1.6159604537,-0.0490150791,1.6470291861,-0.7772571600,scatter
66200,6,1.6470291861,-0.7772571600,1.8288274374,-3.6600214987,scatter
66200,7,1.8288274374,-3.6600214987,2.9266005490,-4.3930730608,absorb
66300,1,0.0000000000,0.0000000000,2.9674952798,0.0000000000,absorb
66400,1,0.0000000000,0.0000000000,4.0000000000,0.0000000000,exit_right
66500,1,0.0000000000,0.0000000000,0.2618373249,0.0000000000,scatter
66500,2,0.2618373249,0.0000000000,1.1803366215,3.9065987636,scatter
66500,3,1.1803366215,3.9065987636,0.0000000000,11.3115898709,exit_left
66600,1,0.0000000000,0.0000000000,1.1511538940,0.0000000000,scatter
66600,2,1.1511538940,0.0000000000,1.6533805292,-1.8397688091,scatter
66600,3,1.6533805292,-1.8397688091,2.1275860369,-1.2560504637,scatter
66600,4,2.1275860369,-1.2560504637,3.6437440773,1.3233289143,scatter
66600,5,3.6437440773,1.3233289143,3.2016859519,1.9239721003,scatter
66600,6,3.2016859519,1.9239721003,3.7992979375,3.4727205531,scatter
66600,7,3.7992979375,3.4727205531,3.6928191213,2.7598559529,scatter
66600,8,3.6928191213,2.7598559529,2.5157721745,3.6092284152,absorb
66700,1,0.0000000000,0.0000000000,1.0312679152,0.0000000000,scatter
66700,2,1.0312679152,0.0000000000,2.2137082737,-1.1509601979,absorb
66800,1,0.0000000000,0.0000000000,2.6960466681,0.0000000000,scatter
66800,2,2.6960466681,0.0000000000,1.7943372492,0.1492439058,scatter
66800,3,1.7943372492,0.1492439058,3.2697679648,0.6501589951,absorb
66900,1,0.0000000000,0.0000000000,3.9862082098,0.0000000000,scatter
66900,2,3.9862082098,0.0000000000,4.0000000000,0.0095532472,exit_right
67000,1,0.0000000000,0.0000000000,0.4206711979,0.0000000000,absorb
67100,1,0.0000000000,0.0000000000,1.0059695311,0.0000000000,scatter
67100,2,1.0059695311,0.0000000000,3.6802719658,-0.5543924598,scatter
67100,3,3.6802719658,-0.5543924598,1.2489788164,0.5502781917,scatter
67100,4,1.2489788164,0.5502781917,2.2362772130,0.8113911644,absorb
67200,1,0.0000000000,0.0000000000,1.2734245525,0.0000000000,scatter
67200,2,1.2734245525,0.0000000000,0.0000000000,-1.6385570589,exit_left
67300,1,0.0000000000,0.0000000000,0.8570380584,0.0000000000,scatter
67300,2,0.8570380584,0.0000000000,1.3857588575,-0.2235616290,scatter
67300,3,1.3857588575,-0.2235616290,1.2477843146,1.0393412783,absorb
67400,1,0.0000000000,0.0000000000,2.8231073033,0.0000000000,scatter
67400,2,2.8231073033,0.0000000000,4.0000000000,0.1532583029,exit_right
67500,1,0.0000000000,0.0000000000,2.6702817919,0.0000000000,scatter
67500,2,2.6702817919,0.0000000000,3.4127089220,-0.4021576288,scatter
67500,3,3.4127089220,-0.4021576288,2.9723358245,0.7951718988,scatter
67500,4,2.9723358245,0.7951718988,2.9374411784,0.7901357213,scatter
67500,5,2.9374411784,0.7901357213,3.4313430493,0.3228284358,scatter
67500,6,3.4313430493,0.3228284358,3.1916750520,0.7606316753,scatter
67500,7,3.1916750520,0.7606316753,3.8746315363,1.0611735646,absorb
67600,1,0.0000000000,0.0000000000,4.0000000000,0.0000000000,exit_right
67700,1,0.0000000000,0.0000000000,0.0863559119,0.0000000000,scatter
67700,2,0.0863559119,0.0000000000,0.0000000000,0.0979121243,exit_left
67800,1,0.0000000000,0.0000000000,4.0000000000,0.0000000000,exit_right
67900,1,0.0000000000,0.0000000000,1.7556239061,0.0000000000,scatter
67900,2,1.7556239061,0.0000000000,2.3126851873,0.3306161546,scatter
67900,3,2.3126851873,0.3306161546,0.0000000000,1.4339220134,exit_left
68000,1,0.0000000000,0.0000000000,3.9904741287,0.0000000000,absorb
68100,1,0.0000000000,0.0000000000,1.2660953413,0.0000000000,scatter
68100,2,1.2660953413,0.0000000000,2.5679494188,-5.8403906617,scatter
68100,3,2.5679494188,-5.8403906617,2.2911472485,-5.7058144043,scatter
68100,4,2.2911472485,-5.7058144043,2.4480576092,-5.7293731940,scatter
68100,5,2.4480576092,-5.7293731940,1.2412216028,-3.8699367945,scatter
68100,6,1.2412216028,-3.8699367945,1.1912191145,-3.1557175002,scatter
68100,7,1.1912191145,-3.1557175002,3.3902842253,2.4036582127,scatter
68100,8,3.3902842253,2.4036582127,4.0000000000,1.9420175205,exit_right
68200,1,0.0000000000,0.0000000000,1.4936788781,0.0000000000,scatter
68200,2,1.4936788781,0.0000000000,1.5272198448,-0.1560726013,scatter
68200,3,1.5272198448,-0.1560726013,1.5358760486,-0.1644067051,scatter
68200,4,1.5358760486,-0.1644067051,2.2660890558,0.2417436071,scatter
68200,5,2.2660890558,0.2417436071,0.0000000000,0.2702771094,exit_left
68300,1,0.0000000000,0.0000000000,0.9635811164,0.0000000000,scatter
68300,2,0.9635811164,0.0000000000,0.7901506123,-1.3651324936,scatter
68300,3,0.7901506123,-1.3651324936,0.7249148214,-0.7984836141,scatter
68300,4,0.7249148214,-0.7984836141,1.2944183696,-0.4703157789,scatter
68300,5,1.2944183696,-0.4703157789,1.5780305508,-2.8941403345,scatter
68300,6,1.5780305508,-2.8941403345,1.7017446745,-2.9775862907,scatter
68300,7,1.7017446745,-2.9775862907,1.9241446109,-3.6332082499,scatter
68300,8,1.9241446109,-3.6332082499,2.2653497282,-3.2748819672,scatter
68300,9,2.2653497282,-3.2748819672,1.3121858521,-3.4922715290,absorb
68400,1,0.0000000000,0.0000000000,1.6747567804,0.0000000000,scatter
68400,2,1.6747567804,0.0000000000,4.0000000000,-0.2322190613,exit_right
68500,1,0.0000000000,0.0000000000,0.4045215716,0.0000000000,scatter
68500,2,0.4045215716,0.0000000000,0.9970232000,1.5990320316,scatter
68500,3,0.9970232000,1.5990320316,1.0446527171,1.5529515229,scatter
68500,4,1.0446527171,1.5529515229,0.0000000000,0.7676132604,exit_left
68600,1,0.0000000000,0.0000000000,0.1157350780,0.0000000000,scatter
68600,2,0.1157350780,0.0000000000,0.8672271089,-3.4697658614,scatter
68600,3,0.8672271089,-3.4697658614,0.8349741067,-3.0705037410,scatter
68600,4,0.8349741067,-3.0705037410,3.3432908053,-2.5119647293,scatter
68600,5,3.3432908053,-2.5119647293,2.4444588604,-11.6335457181,absorb
68700,1,0.0000000000,0.0000000000,1.7450535093,0.0000000000,scatter
68700,2,1.7450535093,0.0000000000,2.1551147174,1.1372899147,absorb
68800,1,0.0000000000,0.0000000000,0.9053707522,0.0000000000,absorb
68900,1,0.0000000000,0.0000000000,4.0000000000,0.0000000000,exit_right
69000,1,0.0000000000,0.0000000000,2.1059714072,0.0000000000,scatter
69000,2,2.1059714072,0.0000000000,3.3331471576,-2.6321718042,scatter
69000,3,3.3331471576,-2.6321718042,2.0414019877,-3.1965772998,scatter
69000,4,2.0414019877,-3.1965772998,1.9737074020,-2.9568163270,scatter
69000,5,1.9737074020,-2.9568163270,3.0097198674,-2.8918541497,scatter
69000,6,3.0097198674,-2.8918541497,2.5731076792,-3.8340798602,scatter
69000,7,2.5731076792,-3.8340798602,2.6810668795,-3.6654447752,absorb
69100,1,0.0000000000,0.0000000000,0.8151967259,0.0000000000,scatter
69100,2,0.8151967259,0.0000000000,4.0000000000,3.0085249033,exit_right
69200,1,0.0000000000,0.0000000000,4.0000000000,0.0000000000,exit_right
69300,1,0.0000000000,0.0000000000,4.0000000000,0.0000000000,exit_right
69400,1,0.0000000000,0.0000000000,2.2069636697,0.0000000000,scatter
69400,2,2.2069636697,0.0000000000,1.6551134360,-0.1281114320,scatter
69400,3,1.6551134360,-0.1281114320,2.5310714665,0.1263017932,scatter
69400,4,2.5310714665,0.1263017932,3.2653526196,0.1698395207,scatter
69400,5,3.2653526196,0.1698395207,3.6874884020,0.8489535191,scatter
69400,6,3.6874884020,0.8489535191,3.0858596513,0.1210029777,scatter
69400,7,3.0858596513,0.1210029777,4.0000000000,0.1293526104,exit_right
69500,1,0.0000000000,0.0000000000,4.0000000000,0.0000000000,exit_right
69600,1,0.0000000000,0.0000000000,4.0000000000,0.0000000000,exit_right
69700,1,0.0000000000,0.0000000000,1.3013848048,0.0000000000,scatter
69700,2,1.3013848048,0.0000000000,0.0000000000,-1.8114736732,exit_left
69800,1,0.0000000000,0.0000000000,0.2215653097,0.0000000000,scatter
69800,2,0.2215653097,0.0000000000,0.0000000000,-0.1463555714,exit_left
69900,1,0.0000000000,0.0000000000,0.9874322658,0.0000000000,scatter
69900,2,0.9874322658,0.0000000000,1.1599495505,-0.2103338231,scatter
69900,3,1.1599495505,-0.2103338231,0.0000000000,-1.1789149353,exit_left
70000,1,0.0000000000,0.0000000000,4.0000000000,0.0000000000,exit_right
70100,1,0.0000000000,0.0000000000,1.4764070154,0.0000000000,scatter
70100,2,1.4764070154,0.0000000000,4.0000000000,-3.6330262129,exit_right
70200,1,0.0000000000,0.0000000000,4.0000000000,0.0000000000,exit_right
70300,1,0.0000000000,0.0000000000,3.5288926584,0.0000000000,scatter
70300,2,3.5288926584,0.0000000000,4.0000000000,0.1711585200,exit_right
70400,1,0.0000000000,0.0000000000,0.0275199730,0.0000000000,scatter
70400,2,0.0275199730,0.0000000000,0.0000000000,0.0090449075,exit_left
70500,1,0.0000000000,0.0000000000,4.0000000000,0.0000000000,exit_right
70600,1,0.0000000000,0.0000000000,0.5593564583,0.0000000000,scatter
70600,2,0.5593564583,0.0000000000,2.5325310528,-0.1872048447,scatter
70600,3,2.5325310528,-0.1872048447,2.7588476653,-0.7004650502,scatter
70600,4,2.7588476653,-0.7004650502,2.7612267403,-0.7004637491,scatter
70600,5,2.7612267403,-0.7004637491,4.0000000000,-0.5434688281,exit_right
70700,1,0.0000000000,0.0000000000,1.4437181564,0.0000000000,scatter
70700,2,1.4437181564,0.0000000000,2.1262489703,1.4132509784,scatter
70700,3,2.1262489703,1.4132509784,2.1016200066,1.4126224583,scatter
70700,4,2.1016200066,1.4126224583,3.7309169310,1.5517061457,absorb
70800,1,0.0000000000,0.0000000000,3.3642387601,0.0000000000,absorb
70900,1,0.0000000000,0.0000000000,1.1243621919,0.0000000000,scatter
70900,2,1.1243621919,0.0000000000,0.4336273696,-0.3818068418,scatter
70900,3,0.4336273696,-0.3818068418,0.0000000000,-0.2173408690,exit_left
71000,1,0.0000000000,0.0000000000,0.9661429313,0.0000000000,scatter
71000,2,0.9661429313,0.0000000000,0.8311807466,0.0478423178,scatter
71000,3,0.8311807466,0.0478423178,0.4750737769,-2.2195180056,absorb
71100,1,0.0000000000,0.0000000000,3.9168619060,0.0000000000,scatter
71100,2,3.9168619060,0.0000000000,1.7856545231,0.9408682327,absorb
71200,1,0.0000000000,0.0000000000,0.9096105292,0.0000000000,scatter
71200,2,0.9096105292,0.0000000000,0.0000000000,1.8478891507,exit_left
71300,1,0.0000000000,0.0000000000,3.8082626537,0.0000000000,absorb
71400,1,0.0000000000,0.0000000000,0.2478835657,0.0000000000,scatter
71400,2,0.2478835657,0.0000000000,2.9807873958,-4.1930175328,scatter
71400,3,2.9807873958,-4.1930175328,0.0519630470,-5.9784552292,scatter
71400,4,0.0519630470,-5.9784552292,0.0000000000,-5.9732369916,exit_left
71500,1,0.0000000000,0.0000000000,2.1204634557,0.0000000000,scatter
71500,2,2.1204634557,0.0000000000,0.5231290991,1.6413716663,scatter
71500,3,0.5231290991,1.6413716663,0.2151962273,2.0416626675,scatter
71500,4,0.2151962273,2.0416626675,0.0000000000,2.5176543136,exit_left
71600,1,0.0000000000,0.0000000000,4.0000000000,0.0000000000,exit_right
71700,1,0.0000000000,0.0000000000,1.5514903503,0.0000000000,absorb
71800,1,0.0000000000,0.0000000000,1.6482793854,0.0000000000,scatter
71800,2,1.6482793854,0.0000000000,2.1990809296,1.1459494836,scatter
71800,3,2.1990809296,1.1459494836,0.0000000000,1.4241119418,exit_left
71900,1,0.0000000000,0.0000000000,1.1890274399,0.0000000000,scatter
71900,2,1.1890274399,0.0000000000,4.0000000000,3.2800196417,exit_right
72000,1,0.0000000000,0.0000000000,1.3589008726,0.0000000000,scatter
72000,2,1.3589008726,0.0000000000,3.3025141921,-5.1091696439,scatter
72000,3,3.3025141921,-5.1091696439,3.5790457248,-0.7216644367,scatter
72000,4,3.5790457248,-0.7216644367,0.0000000000,-1.3021851113,exit_left
72100,1,0.0000000000,0.0000000000,1.8397965714,0.0000000000,scatter
72100,2,1.8397965714,0.0000000000,1.8743841512,0.2793966391,scatter
72100,3,1.8743841512,0.2793966391,2.0473249301,1.2789996697,scatter
72100,4,2.0473249301,1.2789996697,0.9500809184,0.3472454716,scatter
72100,5,0.9500809184,0.3472454716,0.6813489886,3.2647238248,scatter
72100,6,0.6813489886,3.2647238248,0.0000000000,3.9384260333,exit_left
72200,1,0.0000000000,0.0000000000,1.2415560750,0.0000000000,absorb
72300,1,0.0000000000,0.0000000000,3.1438886050,0.0000000000,scatter
72300,2,3.1438886050,0.0000000000,3.0631339058,0.3031729129,scatter
72300,3,3.0631339058,0.3031729129,4.0000000000,-0.3428696279,exit_right
72400,1,0.0000000000,0.0000000000,4.0000000000,0.0000000000,exit_right
72500,1,0.0000000000,0.0000000000,1.8316994937,0.0000000000,scatter
72500,2,1.8316994937,0.0000000000,0.0000000000,0.9265927726,exit_left
72600,1,0.0000000000,0.0000000000,4.0000000000,0.0000000000,exit_right
72700,1,0.0000000000,0.0000000000,2.8894613838,0.0000000000,scatter
72700,2,2.8894613838,0.0000000000,4.0000000000,-0.6699692910,exit_right
72800,1,0.0000000000,0.0000000000,2.2790011194,0.0000000000,scatter
72800,2,2.2790011194,0.0000000000,2.5521547480,1.5014507299,scatter
72800,3,2.5521547480,1.5014507299,2.3003817865,1.6860327024,scatter
72800,4,2.3003817865,1.6860327024,0.2544452183,0.8433478485,absorb
72900,1,0.0000000000,0.0000000000,1.0966034056,0.0000000000,absorb
73000,1,0.0000000000,0.0000000000,0.9796688929,0.0000000000,scatter
73000,2,0.9796688929,0.0000000000,1.0089684830,1.7016226879,scatter
73000,3,1.0089684830,1.7016226879,0.0000000000,3.6756927555,exit_left
73100,1,0.0000000000,0.0000000000,3.8557670168,0.0000000000,scatter
73100,2,3.8557670168,0.0000000000,4.0000000000,0.2237651702,exit_right
73200,1,0.0000000000,0.0000000000,0.0318225385,0.0000000000,scatter
73200,2,0.0318225385,0.0000000000,0.0000000000,-0.0798559506,exit_left
73300,1,0.0000000000,0.0000000000,1.3072492262,0.0000000000,scatter
73300,2,1.3072492262,0.0000000000,0.2290933958,-0.0686332590,absorb
73400,1,0.0000000000,0.0000000000,0.6653047603,0.0000000000,absorb
73500,1,0.0000000000,0.0000000000,0.3460029636,0.0000000000,scatter
73500,2,0.3460029636,0.0000000000,3.3849424837,-0.2222986041,scatter
73500,3,3.3849424837,-0.2222986041,0.0000000000,-3.4762084693,exit_left
73600,1,0.0000000000,0.0000000000,3.7284613341,0.0000000000,absorb
73700,1,0.0000000000,0.0000000000,3.4728849455,0.0000000000,scatter
73700,2,3.4728849455,0.0000000000,4.0000000000,0.6646253857,exit_right
73800,1,0.0000000000,0.0000000000,4.0000000000,0.0000000000,exit_right
73900,1,0.0000000000,0.0000000000,0.7962878768,0.0000000000,scatter
73900,2,0.7962878768,0.0000000000,0.2978748992,-0.5832011384,scatter
73900,3,0.2978748992,-0.5832011384,0.4624555476,0.1046673421,absorb
74000,1,0.0000000000,0.0000000000,3.1994501014,0.0000000000,scatter
74000,2,3.1994501014,0.0000000000,3.8422961353,-0.2434090295,scatter
74000,3,3.8422961353,-0.2434090295,0.0000000000,-1.3598894499,exit_left
74100,1,0.0000000000,0.0000000000,0.5871610340,0.0000000000,scatter
74100,2,0.5871610340,0.0000000000,4.0000000000,0.1639165095,exit_right
74200,1,0.0000000000,0.0000000000,3.4017309610,0.0000000000,scatter
74200,2,3.4017309610,0.0000000000,4.0000000000,0.0455226253,exit_right
74300,1,0.0000000000,0.0000000000,0.6651268696,0.0000000000,scatter
74300,2,0.6651268696,0.0000000000,0.7840906929,0.2793415003,scatter
74300,3,0.7840906929,0.2793415003,0.0000000000,0.0055721075,exit_left
74400,1,0.0000000000,0.0000000000,4.0000000000,0.0000000000,exit_right
74500,1,0.0000000000,0.0000000000,1.1064820635,0.0000000000,scatter
74500,2,1.1064820635,0.0000000000,4.0000000000,3.8434762741,exit_right
74600,1,0.0000000000,0.0000000000,3.5588031156,0.0000000000,scatter
74600,2,3.5588031156,0.0000000000,4.0000000000,-1.2691081083,exit_right
74700,1,0.0000000000,0.0000000000,0.8059108821,0.0000000000,scatter
74700,2,0.8059108821,0.0000000000,0.5052943343,3.2543411515,scatter
74700,3,0.5052943343,3.2543411515,0.2939079881,3.6097032591,scatter
74700,4,0.2939079881,3.6097032591,0.3136005935,3.6061563957,scatter
74700,5,0.3136005935,3.6061563957,0.0000000000,3.1026968474,exit_left
74800,1,0.0000000000,0.0000000000,2.1945283662,0.0000000000,scatter
74800,2,2.1945283662,0.0000000000,0.0000000000,1.9669348743,exit_left
74900,1,0.0000000000,0.0000000000,0.3564989425,0.0000000000,scatter
74900,2,0.3564989425,0.0000000000,1.9804447351,1.5925788060,scatter
74900,3,1.9804447351,1.5925788060,2.6911541664,1.3809872672,scatter
74900,4,2.6911541664,1.3809872672,3.2649953178,1.1459953746,absorb
75000,1,0.0000000000,0.0000000000,1.7692127042,0.0000000000,absorb
75100,1,0.0000000000,0.0000000000,1.5072128702,0.0000000000,absorb
75200,1,0.0000000000,0.0000000000,2.3992962628,0.0000000000,scatter
75200,2,2.3992962628,0.0000000000,3.1137950266,1.0111737109,scatter
75200,3,3.1137950266,1.0111737109,3.0774243771,0.9763372377,scatter
75200,4,3.0774243771,0.9763372377,2.9109931883,0.9505816764,scatter
75200,5,2.9109931883,0.9505816764,3.0247545439,0.9549223336,scatter
75200,6,3.0247545439,0.9549223336,3.3639023990,-0.2832064082,absorb
75300,1,0.0000000000,0.0000000000,2.6629713907,0.0000000000,scatter
75300,2,2.6629713907,0.0000000000,0.0000000000,3.8883026614,exit_left
75400,1,0.0000000000,0.0000000000,0.0126787416,0.0000000000,scatter
75400,2,0.0126787416,0.0000000000,0.0000000000,0.0049155840,exit_left
75500,1,0.0000000000,0.0000000000,4.0000000000,0.0000000000,exit_right
75600,1,0.0000000000,0.0000000000,2.3355389383,0.0000000000,scatter
75600,2,2.3355389383,0.0000000000,2.7496249109,-0.0311564722,scatter
75600,3,2.7496249109,-0.0311564722,2.7406674711,-0.0419032086,scatter
75600,4,2.7406674711,-0.0419032086,4.0000000000,-2.7801271980,exit_right
75700,1,0.0000000000,0.0000000000,4.0000000000,0.0000000000,exit_right
75800,1,0.0000000000,0.0000000000,1.9775318850,0.0000000000,scatter
75800,2,1.9775318850,0.0000000000,2.8938874635,-0.0382653765,scatter
75800,3,2.8938874635,-0.0382653765,3.0362270645,-0.0897452392,absorb
75900,1,0.0000000000,0.0000000000,0.8804470291,0.0000000000,scatter
75900,2,0.8804470291,0.0000000000,4.0000000000,1.9717065362,exit_right
76000,1,0.0000000000,0.0000000000,2.2524568104,0.0000000000,scatter
76000,2,2.2524568104,0.0000000000,2.8994555388,-0.7796554992,absorb
76100,1,0.0000000000,0.0000000000,0.4350207396,0.0000000000,scatter
76100,2,0.4350207396,0.0000000000,1.3642189782,-3.3904253158,scatter
76100,3,1.3642189782,-3.3904253158,1.6974848848,-3.5074914582,scatter
76100,4,1.6974848848,-3.5074914582,4.0000000000,-1.2090900255,exit_right
76200,1,0.0000000000,0.0000000000,0.5441822461,0.0000000000,scatter
76200,2,0.5441822461,0.0000000000,0.6751686582,1.5860301268,scatter
76200,3,0.6751686582,1.5860301268,0.0000000000,1.7506142909,exit_left
76300,1,0.0000000000,0.0000000000,1.8949716251,0.0000000000,scatter
76300,2,1.8949716251,0.0000000000,4.0000000000,0.0287523623,exit_right
76400,1,0.0000000000,0.0000000000,3.4295093119,0.0000000000,scatter
76400,2,3.4295093119,0.0000000000,3.4437913291,1.5246983200,scatter
76400,3,3.4437913291,1.5246983200,3.6730806231,1.0583348751,scatter
76400,4,3.6730806231,1.0583348751,3.3285296524,0.8439879322,absorb
76500,1,0.0000000000,0.0000000000,0.1503560373,0.0000000000,absorb
76600,1,0.0000000000,0.0000000000,1.8640781148,0.0000000000,scatter
76600,2,1.8640781148,0.0000000000,0.4750842716,-0.0095778159,scatter
76600,3,0.4750842716,-0.0095778159,0.0000000000,-0.3236779914,exit_left
76700,1,0.0000000000,0.0000000000,4.0000000000,0.0000000000,exit_right
76800,1,0.0000000000,0.0000000000,1.4748748980,0.0000000000,scatter
76800,2,1.4748748980,0.0000000000,3.6775924803,-1.7356136480,scatter
76800,3,3.6775924803,-1.7356136480,3.5809735398,-0.2577841138,scatter
76800,4,3.5809735398,-0.2577841138,4.0000000000,-0.2920569183,exit_right
76900,1,0.0000000000,0.0000000000,0.9827356475,0.0000000000,scatter
76900,2,0.9827356475,0.0000000000,1.2103657772,2.1755938159,scatter
76900,3,1.2103657772,2.1755938159,4.0000000000,0.5802304144,exit_right
77000,1,0.0000000000,0.0000000000,1.1160191348,0.0000000000,absorb
77100,1,0.0000000000,0.0000000000,4.0000000000,0.0000000000,exit_right
77200,1,0.0000000000,0.0000000000,1.4752394479,0.0000000000,scatter
77200,2,1.4752394479,0.0000000000,2.2593568381,0.8842646488,scatter
77200,3,2.2593568381,0.8842646488,0.9243996940,1.7651515539,scatter
77200,4,0.9243996940,1.7651515539,1.1246335581,1.9986922232,scatter
77200,5,1.1246335581,1.9986922232,0.4997634305,1.8308797587,scatter
77200,6,0.4997634305,1.8308797587,0.0000000000,2.0500009370,exit_left
77300,1,0.0000000000,0.0000000000,3.0953636577,0.0000000000,scatter
77300,2,3.0953636577,0.0000000000,3.0110441946,-0.0028411091,scatter
77300,3,3.0110441946,-0.0028411091,1.4471646543,-3.4725524772,scatter
77300,4,1.4471646543,-3.4725524772,0.7186094161,-4.1908529809,scatter
77300,5,0.7186094161,-4.1908529809,0.7441475933,-4.0915814662,scatter
77300,6,0.7441475933,-4.0915814662,0.6992985924,-4.1527115571,absorb
77400,1,0.0000000000,0.0000000000,1.0359707300,0.0000000000,scatter
77400,2,1.0359707300,0.0000000000,0.5625265605,0.1777791551,absorb
77500,1,0.0000000000,0.0000000000,0.8093476007,0.0000000000,scatter
77500,2,0.8093476007,0.0000000000,3.1005380454,1.3872345057,absorb
77600,1,0.0000000000,0.0000000000,1.4844228359,0.0000000000,scatter
77600,2,1.4844228359,0.0000000000,2.1651503415,-1.0449164150,scatter
77600,3,2.1651503415,-1.0449164150,0.8601051266,-1.2963899993,scatter
77600,4,0.8601051266,-1.2963899993,0.0000000000,-1.6985390953,exit_left
77700,1,0.0000000000,0.0000000000,0.2608708967,0.0000000000,scatter
77700,2,0.2608708967,0.0000000000,0.0000000000,-0.4172639565,exit_left
77800,1,0.0000000000,0.0000000000,2.8447742852,0.0000000000,scatter
77800,2,2.8447742852,0.0000000000,1.1237525781,-1.3385373657,scatter
77800,3,1.1237525781,-1.3385373657,0.0000000000,-1.9895190540,exit_left
77900,1,0.0000000000,0.0000000000,0.7360424911,0.0000000000,scatter
77900,2,0.7360424911,0.0000000000,1.0145434506,0.1988188379,scatter
77900,3,1.0145434506,0.1988188379,1.0183268020,0.1862614095,scatter
77900,4,1.0183268020,0.1862614095,0.0000000000,0.8113617001,exit_left
78000,1,0.0000000000,0.0000000000,4.0000000000,0.0000000000,exit_right
78100,1,0.0000000000,0.0000000000,2.4883933891,0.0000000000,absorb
78200,1,0.0000000000,0.0000000000,0.4785658982,0.0000000000,scatter
78200,2,0.4785658982,0.0000000000,0.0000000000,1.0479266358,exit_left
78300,1,0.0000000000,0.0000000000,0.5014057405,0.0000000000,scatter
78300,2,0.5014057405,0.0000000000,0.0000000000,0.1246103234,exit_left
78400,1,0.0000000000,0.0000000000,1.1608625638,0.0000000000,scatter
78400,2,1.1608625638,0.0000000000,0.7767541872,-4.9562733029,absorb
78500,1,0.0000000000,0.0000000000,3.0538988148,0.0000000000,scatter
78500,2,3.0538988148,0.0000000000,0.8149274752,-0.5280202678,scatter
78500,3,0.8149274752,-0.5280202678,0.8855817997,3.4407035866,scatter
78500,4,0.8855817997,3.4407035866,0.0000000000,2.9633512707,exit_left
78600,1,0.0000000000,0.0000000000,2.5426591187,0.0000000000,scatter
78600,2,2.5426591187,0.0000000000,4.0000000000,0.8603454395,exit_right
78700,1,0.0000000000,0.0000000000,1.6985055858,0.0000000000,scatter
78700,2,1.6985055858,0.0000000000,4.0000000000,-2.4750890169,exit_right
78800,1,0.0000000000,0.0000000000,0.1892331172,0.0000000000,scatter
78800,2,0.1892331172,0.0000000000,0.0000000000,-0.0151324738,exit_left
78900,1,0.0000000000,0.0000000000,0.1091619724,0.0000000000,scatter
78900,2,0.1091619724,0.0000000000,0.2160321058,-2.3744601951,scatter
78900,3,0.2160321058,-2.3744601951,0.0000000000,-2.2389660858,exit_left
79000,1,0.0000000000,0.0000000000,2.0431690288,0.0000000000,scatter
79000,2,2.0431690288,0.0000000000,1.4999400845,-0.0379070806,scatter
79000,3,1.4999400845,-0.0379070806,1.8306806869,-0.8448344495,scatter
79000,4,1.8306806869,-0.8448344495,0.0000000000,-0.7468317763,exit_left
79100,1,0.0000000000,0.0000000000,0.5959276461,0.0000000000,absorb
79200,1,0.0000000000,0.0000000000,2.5825566766,0.0000000000,scatter
79200,2,2.5825566766,0.0000000000,2.2555759384,0.5453192498,scatter
79200,3,2.2555759384,0.5453192498,2.8785368487,3.2627689631,scatter
79200,4,2.8785368487,3.2627689631,2.5772931635,3.0984199700,scatter
79200,5,2.5772931635,3.0984199700,2.5436926372,3.5442487807,scatter
79200,6,2.5436926372,3.5442487807,0.0000000000,9.5943461299,exit_left
79300,1,0.0000000000,0.0000000000,4.0000000000,0.0000000000,exit_right
79400,1,0.0000000000,0.0000000000,3.6456876449,0.0000000000,scatter
79400,2,3.6456876449,0.0000000000,3.6803807419,-0.0859044230,scatter
79400,3,3.6803807419,-0.0859044230,4.0000000000,-0.4886176890,exit_right
79500,1,0.0000000000,0.0000000000,3.1508278367,0.0000000000,scatter
79500,2,3.1508278367,0.0000000000,0.0000000000,-0.3793478191,exit_left
79600,1,0.0000000000,0.0000000000,2.1013232975,0.0000000000,scatter
79600,2,2.1013232975,0.0000000000,2.0903053308,-0.0725653238,scatter
79600,3,2.0903053308,-0.0725653238,4.0000000000,-2.0438875412,exit_right
79700,1,0.0000000000,0.0000000000,4.0000000000,0.0000000000,exit_right
79800,1,0.0000000000,0.0000000000,0.2882385508,0.0000000000,absorb
79900,1,0.0000000000,0.0000000000,0.2106365830,0.0000000000,absorb
80000,1,0.0000000000,0.0000000000,4.0000000000,0.0000000000,exit_right
80100,1,0.0000000000,0.0000000000,0.1236258844,0.0000000000,absorb
80200,1,0.0000000000,0.0000000000,1.1448130199,0.0000000000,scatter
80200,2,1.1448130199,0.0000000000,0.0000000000,1.5773696345,exit_left
80300,1,0.0000000000,0.0000000000,1.0031876589,0.0000000000,scatter
80300,2,1.0031876589,0.0000000000,1.0878696096,-0.0364561582,scatter
80300,3,1.0878696096,-0.0364561582,1.6096888151,0.3596769909,scatter
80300,4,1.6096888151,0.3596769909,1.6775260640,-1.3864605623,absorb
80400,1,0.0000000000,0.0000000000,0.8322950126,0.0000000000,scatter
80400,2,0.8322950126,0.0000000000,0.3536174036,2.0309473132,absorb
80500,1,0.0000000000,0.0000000000,0.4038776404,0.0000000000,absorb
80600,1,0.0000000000,0.0000000000,0.6539648285,0.0000000000,scatter
80600,2,0.6539648285,0.0000000000,0.0000000000,-0.6000447276,exit_left
80700,1,0.0000000000,0.0000000000,4.0000000000,0.0000000000,exit_right
80800,1,0.0000000000,0.0000000000,2.2549884597,0.0000000000,absorb
80900,1,0.0000000000,0.0000000000,0.8648580479,0.0000000000,absorb
81000,1,0.0000000000,0.0000000000,0.8954940888,0.0000000000,scatter
81000,2,0.8954940888,0.0000000000,1.8994924687,-0.1262932413,scatter
81000,3,1.8994924687,-0.1262932413,2.0227231358,1.5692266618,scatter
81000,4,2.0227231358,1.5692266618,4.0000000000,2.5180893211,exit_right
81100,1,0.0000000000,0.0000000000,0.3618641327,0.0000000000,scatter
81100,2,0.3618641327,0.0000000000,0.5720067868,-0.3867277974,scatter
81100,3,0.5720067868,-0.3867277974,0.0000000000,-0.1249029804,exit_left
81200,1,0.0000000000,0.0000000000,1.1831699599,0.0000000000,scatter
81200,2,1.1831699599,0.0000000000,1.2841480376,0.0290547976,scatter
81200,3,1.2841480376,0.0290547976,2.9584395852,1.6260815243,scatter
81200,4,2.9584395852,1.6260815243,0.0000000000,-1.3893963878,exit_left
81300,1,0.0000000000,0.0000000000,4.0000000000,0.0000000000,exit_right
81400,1,0.0000000000,0.0000000000,1.7327900970,0.0000000000,absorb
81500,1,0.0000000000,0.0000000000,4.0000000000,0.0000000000,exit_right
81600,1,0.0000000000,0.0000000000,0.6913844807,0.0000000000,scatter
81600,2,0.6913844807,0.0000000000,2.7714710616,-3.2751117814,scatter
81600,3,2.7714710616,-3.2751117814,2.0037145205,-2.7578403892,scatter
81600,4,2.0037145205,-2.7578403892,4.0000000000,0.5524766537,exit_right
81700,1,0.0000000000,0.0000000000,3.4689144425,0.0000000000,scatter
81700,2,3.4689144425,0.0000000000,3.5329198670,-1.7785086458,scatter
81700,3,3.5329198670,-1.7785086458,0.0000000000,-1.8694607536,exit_left
81800,1,0.0000000000,0.0000000000,2.1397590096,0.0000000000,scatter
81800,2,2.1397590096,0.0000000000,1.6782924685,5.8041870603,absorb
81900,1,0.0000000000,0.0000000000,4.0000000000,0.0000000000,exit_right
82000,1,0.0000000000,0.0000000000,0.2454575334,0.0000000000,scatter
82000,2,0.2454575334,0.0000000000,0.0000000000,-0.1874266250,exit_left
82100,1,0.0000000000,0.0000000000,0.3981701097,0.0000000000,absorb
82200,1,0.0000000000,0.0000000000,2.8474919851,0.0000000000,scatter
82200,2,2.8474919851,0.0000000000,4.0000000000,2.3202467515,exit_right
82300,1,0.0000000000,0.0000000000,1.4603491686,0.0000000000,scatter
82300,2,1.4603491686,0.0000000000,1.5014393300,0.0383719423,scatter
82300,3,1.5014393300,0.0383719423,2.7377237457,0.4304329885,scatter
82300,4,2.7377237457,0.4304329885,2.8755635984,0.4847329506,scatter
82300,5,2.8755635984,0.4847329506,2.8745618979,0.4883636310,scatter
82300,6,2.8745618979,0.4883636310,1.0538611362,0.8663114692,scatter
82300,7,1.0538611362,0.8663114692,0.0000000000,0.6187396037,exit_left
82400,1,0.0000000000,0.0000000000,2.0114138476,0.0000000000,scatter
82400,2,2.0114138476,0.0000000000,1.2837235384,0.0526966814,scatter
82400,3,1.2837235384,0.0526966814,0.2830398238,1.2122487965,scatter
82400,4,0.2830398238,1.2122487965,1.4117004119,4.3173315934,absorb
82500,1,0.0000000000,0.0000000000,0.1296100990,0.0000000000,absorb
82600,1,0.0000000000,0.0000000000,0.1786522437,0.0000000000,scatter
82600,2,0.1786522437,0.0000000000,0.0000000000,0.2043307114,exit_left
82700,1,0.0000000000,0.0000000000,0.3430134455,0.0000000000,scatter
82700,2,0.3430134455,0.0000000000,1.4111734082,-0.4621237749,scatter
82700,3,1.4111734082,-0.4621237749,2.5470673617,-0.8735510320,scatter
82700,4,2.5470673617,-0.8735510320,2.1392597041,-0.1312314074,absorb
82800,1,0.0000000000,0.0000000000,4.0000000000,0.0000000000,exit_right
82900,1,0.0000000000,0.0000000000,4.0000000000,0.0000000000,exit_right
83000,1,0.0000000000,0.0000000000,1.0508002241,0.0000000000,scatter
83000,2,1.0508002241,0.0000000000,1.6520119241,-2.4505578995,scatter
83000,3,1.6520119241,-2.4505578995,1.5765544870,-3.1548941343,scatter
83000,4,1.5765544870,-3.1548941343,2.7913116395,-1.8151286784,scatter
83000,5,2.7913116395,-1.8151286784,3.0037907924,3.0297999496,scatter
83000,6,3.0037907924,3.0297999496,3.0937893258,3.0034794418,scatter
83000,7,3.0937893258,3.0034794418,4.0000000000,3.0305493033,exit_right
83100,1,0.0000000000,0.0000000000,1.8001352307,0.0000000000,scatter
83100,2,1.8001352307,0.0000000000,1.6880587676,-0.2515692744,scatter
83100,3,1.6880587676,-0.2515692744,0.8599405159,0.1107318990,scatter
83100,4,0.8599405159,0.1107318990,0.0000000000,1.5892646744,exit_left
83200,1,0.0000000000,0.0000000000,0.7819709140,0.0000000000,scatter
83200,2,0.7819709140,0.0000000000,0.0000000000,-1.1416064979,exit_left
83300,1,0.0000000000,0.0000000000,0.1567159228,0.0000000000,scatter
83300,2,0.1567159228,0.0000000000,0.0000000000,-0.0252780992,exit_left
83400,1,0.0000000000,0.0000000000,1.2103392582,0.0000000000,scatter
83400,2,1.2103392582,0.0000000000,0.3691123347,0.3013278412,scatter
83400,3,0.3691123347,0.3013278412,0.0000000000,0.2793799389,exit_left
83500,1,0.0000000000,0.0000000000,0.4599203709,0.0000000000,scatter
83500,2,0.4599203709,0.0000000000,0.9224632880,0.5420275388,absorb
83600,1,0.0000000000,0.0000000000,3.2561289411,0.0000000000,scatter
83600,2,3.2561289411,0.0000000000,2.6334531122,0.4064817291,absorb
83700,1,0.0000000000,0.0000000000,4.0000000000,0.0000000000,exit_right
83800,1,0.0000000000,0.0000000000,2.1478961393,0.0000000000,scatter
83800,2,2.1478961393,0.0000000000,4.0000000000,-0.0942020407,exit_right
83900,1,0.0000000000,0.0000000000,0.5249009906,0.0000000000,scatter
83900,2,0.5249009906,0.0000000000,0.0000000000,-0.2855377608,exit_left
84000,1,0.0000000000,0.0000000000,0.8041903345,0.0000000000,absorb
84100,1,0.0000000000,0.0000000000,4.0000000000,0.0000000000,exit_right
84200,1,0.0000000000,0.0000000000,1.0488086379,0.0000000000,scatter
84200,2,1.0488086379,0.0000000000,1.0628454852,0.0732030133,scatter
84200,3,1.0628454852,0.0732030133,0.0000000000,-0.0051802459,exit_left
84300,1,0.0000000000,0.0000000000,1.1592645292,0.0000000000,scatter
84300,2,1.1592645292,0.0000000000,1.8263868190,0.8148962573,absorb
84400,1,0.0000000000,0.0000000000,0.0701368183,0.0000000000,scatter
84400,2,0.0701368183,0.0000000000,2.5027030174,-3.6535099775,scatter
84400,3,2.5027030174,-3.6535099775,1.4838159487,-1.6041483387,scatter
84400,4,1.4838159487,-1.6041483387,1.9738696121,-1.8981736255,absorb
84500,1,0.0000000000,0.0000000000,1.7127532907,0.0000000000,scatter
84500,2,1.7127532907,0.0000000000,1.7448940883,-0.0464023972,absorb
84600,1,0.0000000000,0.0000000000,1.3055947892,0.0000000000,scatter
84600,2,1.3055947892,0.0000000000,0.6655018308,-0.4521612784,absorb
84700,1,0.0000000000,0.0000000000,4.0000000000,0.0000000000,exit_right
84800,1,0.0000000000,0.0000000000,2.9855735347,0.0000000000,scatter
84800,2,2.9855735347,0.0000000000,4.0000000000,-0.1580268605,exit_right
84900,1,0.0000000000,0.0000000000,1.4840679139,0.0000000000,scatter
84900,2,1.4840679139,0.0000000000,0.0000000000,0.6703502918,exit_left
85000,1,0.0000000000,0.0000000000,0.4121360955,0.0000000000,scatter
85000,2,0.4121360955,0.0000000000,1.3385176320,2.0217765441,absorb
85100,1,0.0000000000,0.0000000000,4.0000000000,0.0000000000,exit_right
85200,1,0.0000000000,0.0000000000,1.9272929644,0.0000000000,scatter
85200,2,1.9272929644,0.0000000000,3.5755808694,0.6889326506,scatter
85200,3,3.5755808694,0.6889326506,4.0000000000,0.6657336579,exit_right
85300,1,0.0000000000,0.0000000000,0.5785013453,0.0000000000,scatter
85300,2,0.5785013453,0.0000000000,0.0000000000,-0.1107923807,exit_left
85400,1,0.0000000000,0.0000000000,4.0000000000,0.0000000000,exit_right
85500,1,0.0000000000,0.0000000000,1.4017289694,0.0000000000,absorb
85600,1,0.0000000000,0.0000000000,1.0434038627,0.0000000000,scatter
85600,2,1.0434038627,0.0000000000,0.8873207066,0.8075378216,scatter
85600,3,0.8873207066,0.8075378216,0.0000000000,2.5686093238,exit_left
85700,1,0.0000000000,0.0000000000,1.4302740034,0.0000000000,scatter
85700,2,1.4302740034,0.0000000000,0.0000000000,-1.2140608052,exit_left
85800,1,0.0000000000,0.0000000000,0.6011072457,0.0000000000,scatter
85800,2,0.6011072457,0.0000000000,0.9424444829,-0.2246748959,scatter
85800,3,0.9424444829,-0.2246748959,0.2267260670,0.4573190087,scatter
85800,4,0.2267260670,0.4573190087,0.0000000000,0.4905672740,exit_left
85900,1,0.0000000000,0.0000000000,1.6316754973,0.0000000000,scatter
85900,2,1.6316754973,0.0000000000,1.4286113315,0.1253810583,scatter
85900,3,1.4286113315,0.1253810583,4.0000000000,-4.9275360639,exit_right
86000,1,0.0000000000,0.0000000000,0.1474315143,0.0000000000,scatter
86000,2,0.1474315143,0.0000000000,0.0000000000,0.1480041223,exit_left
86100,1,0.0000000000,0.0000000000,1.5261230872,0.0000000000,scatter
86100,2,1.5261230872,0.0000000000,4.0000000000,-1.8174913347,exit_right
86200,1,0.0000000000,0.0000000000,1.4106163076,0.0000000000,absorb
86300,1,0.0000000000,0.0000000000,0.9095930262,0.0000000000,scatter
86300,2,0.9095930262,0.0000000000,4.0000000000,-0.1690886165,exit_right
86400,1,0.0000000000,0.0000000000,1.6879601698,0.0000000000,scatter
86400,2,1.6879601698,0.0000000000,3.9104699842,-1.6467142664,scatter
86400,3,3.9104699842,-1.6467142664,3.7668854560,-2.1116850539,scatter
86400,4,3.7668854560,-2.1116850539,0.8485590069,-1.0822887974,scatter
86400,5,0.8485590069,-1.0822887974,0.8280283561,-2.9465743202,scatter
86400,6,0.8280283561,-2.9465743202,0.2683168132,-3.3372759753,scatter
86400,7,0.2683168132,-3.3372759753,0.0000000000,-2.8995887330,exit_left
86500,1,0.0000000000,0.0000000000,1.2676094765,0.0000000000,scatter
86500,2,1.2676094765,0.0000000000,0.8033515949,0.1217079078,scatter
86500,3,0.8033515949,0.1217079078,0.9057157991,0.0949455909,scatter
86500,4,0.9057157991,0.0949455909,0.0000000000,0.5758440678,exit_left
86600,1,0.0000000000,0.0000000000,1.5519003024,0.0000000000,scatter
86600,2,1.5519003024,0.0000000000,1.2347977812,0.7696840436,scatter
86600,3,1.2347977812,0.7696840436,0.6510033322,1.6938823855,scatter
86600,4,0.6510033322,1.6938823855,0.5642469504,2.2487279639,scatter
86600,5,0.5642469504,2.2487279639,0.0000000000,2.3116932885,exit_left
86700,1,0.0000000000,0.0000000000,3.3705948081,0.0000000000,absorb
86800,1,0.0000000000,0.0000000000,0.3354824978,0.0000000000,absorb
86900,1,0.0000000000,0.0000000000,3.2698539264,0.0000000000,scatter
86900,2,3.2698539264,0.0000000000,1.5960899114,-0.4697370444,scatter
86900,3,1.5960899114,-0.4697370444,0.5714170160,-1.2759792003,scatter
86900,4,0.5714170160,-1.2759792003,0.0000000000,0.4126491646,exit_left
87000,1,0.0000000000,0.0000000000,2.9817657359,0.0000000000,scatter
87000,2,2.9817657359,0.0000000000,2.5482817575,0.5506909030,scatter
87000,3,2.5482817575,0.5506909030,2.5431685667,0.3115289302,scatter
87000,4,2.5431685667,0.3115289302,0.2921411940,2.4277643334,scatter
87000,5,0.2921411940,2.4277643334,1.4256310232,2.7584391060,absorb
87100,1,0.0000000000,0.0000000000,0.7485012237,0.0000000000,scatter
87100,2,0.7485012237,0.0000000000,0.1401820853,0.6980903864,scatter
87100,3,0.1401820853,0.6980903864,1.2594258132,2.0773275752,absorb
87200,1,0.0000000000,0.0000000000,0.0143961260,0.0000000000,scatter
87200,2,0.0143961260,0.0000000000,0.0000000000,0.0197959616,exit_left
87300,1,0.0000000000,0.0000000000,2.2325655293,0.0000000000,scatter
87300,2,2.2325655293,0.0000000000,2.6968455515,0.2950158505,scatter
87300,3,2.6968455515,0.2950158505,2.3777957898,0.3106319497,scatter
87300,4,2.3777957898,0.3106319497,2.4947103378,1.4199292227,scatter
87300,5,2.4947103378,1.4199292227,4.0000000000,2.0730429242,exit_right
87400,1,0.0000000000,0.0000000000,1.5831616466,0.0000000000,absorb
87500,1,0.0000000000,0.0000000000,0.1051593407,0.0000000000,scatter
87500,2,0.1051593407,0.0000000000,1.6692441139,0.8909011836,scatter
87500,3,1.6692441139,0.8909011836,3.3959915961,-0.1285382347,absorb
87600,1,0.0000000000,0.0000000000,2.2834517017,0.0000000000,absorb
87700,1,0.0000000000,0.0000000000,3.0585387866,0.0000000000,absorb
87800,1,0.0000000000,0.0000000000,1.8095037058,0.0000000000,absorb
87900,1,0.0000000000,0.0000000000,0.4208997751,0.0000000000,scatter
87900,2,0.4208997751,0.0000000000,0.1320184820,-2.0741879583,scatter
87900,3,0.1320184820,-2.0741879583,0.4675494936,-2.9567367119,absorb
88000,1,0.0000000000,0.0000000000,0.2997449205,0.0000000000,scatter
88000,2,0.2997449205,0.0000000000,4.0000000000,-0.3245030218,exit_right
88100,1,0.0000000000,0.0000000000,0.5172574045,0.0000000000,scatter
88100,2,0.5172574045,0.0000000000,0.0000000000,-0.5648486341,exit_left
88200,1,0.0000000000,0.0000000000,0.3211855364,0.0000000000,absorb
88300,1,0.0000000000,0.0000000000,0.3184289199,0.0000000000,scatter
88300,2,0.3184289199,0.0000000000,2.2314301876,4.0443109365,absorb
88400,1,0.0000000000,0.0000000000,0.3646973784,0.0000000000,scatter
88400,2,0.3646973784,0.0000000000,0.0000000000,-0.4004788700,exit_left
88500,1,0.0000000000,0.0000000000,0.7288043042,0.0000000000,scatter
88500,2,0.7288043042,0.0000000000,0.0000000000,0.4241242926,exit_left
88600,1,0.0000000000,0.0000000000,0.8337121696,0.0000000000,scatter
88600,2,0.8337121696,0.0000000000,0.0000000000,0.2169332371,exit_left
88700,1,0.0000000000,0.0000000000,4.0000000000,0.0000000000,exit_right
88800,1,0.0000000000,0.0000000000,3.2698840254,0.0000000000,scatter
88800,2,3.2698840254,0.0000000000,4.0000000000,0.4870077772,exit_right
88900,1,0.0000000000,0.0000000000,0.6785324658,0.0000000000,scatter
88900,2,0.6785324658,0.0000000000,0.0000000000,-0.2716796722,exit_left
89000,1,0.0000000000,0.0000000000,2.9560864130,0.0000000000,scatter
89000,2,2.9560864130,0.0000000000,2.2534630280,3.8710267778,absorb
89100,1,0.0000000000,0.0000000000,1.3903613826,0.0000000000,absorb
89200,1,0.0000000000,0.0000000000,1.4176218296,0.0000000000,absorb
89300,1,0.0000000000,0.0000000000,2.8160561014,0.0000000000,scatter
89300,2,2.8160561014,0.0000000000,3.6827644175,6.8138085311,scatter
89300,3,3.6827644175,6.8138085311,3.8941176778,6.4010294942,scatter
89300,4,3.8941176778,6.4010294942,3.9078650861,6.4018100555,absorb
89400,1,0.0000000000,0.0000000000,1.9675409103,0.0000000000,scatter
89400,2,1.9675409103,0.0000000000,1.4088600613,0.2424619274,scatter
89400,3,1.4088600613,0.2424619274,1.7220134699,0.4003149892,absorb
89500,1,0.0000000000,0.0000000000,0.3464626520,0.0000000000,scatter
89500,2,0.3464626520,0.0000000000,0.0000000000,-1.5719340562,exit_left
89600,1,0.0000000000,0.0000000000,2.6323217140,0.0000000000,scatter
89600,2,2.6323217140,0.0000000000,1.4399768373,-3.2653260093,scatter
89600,3,1.4399768373,-3.2653260093,1.3202167615,-3.5386155161,scatter
89600,4,1.3202167615,-3.5386155161,0.0000000000,-1.1919174275,exit_left
89700,1,0.0000000000,0.0000000000,0.8787536942,0.0000000000,absorb
89800,1,0.0000000000,0.0000000000,0.6910317008,0.0000000000,absorb
89900,1,0.0000000000,0.0000000000,3.6848676020,0.0000000000,absorb
90000,1,0.0000000000,0.0000000000,0.0392879099,0.0000000000,scatter
90000,2,0.0392879099,0.0000000000,0.7839741281,0.4189414386,scatter
90000,3,0.7839741281,0.4189414386,1.8562427913,-1.6140366121,scatter
90000,4,1.8562427913,-1.6140366121,0.9209657535,1.7325318185,scatter
90000,5,0.9209657535,1.7325318185,4.0000000000,1.5729757258,exit_right
90100,1,0.0000000000,0.0000000000,1.2430639474,0.0000000000,scatter
90100,2,1.2430639474,0.0000000000,1.3012919431,-0.2290641264,scatter
90100,3,1.3012919431,-0.2290641264,1.3250157770,-0.2754616992,scatter
90100,4,1.3250157770,-0.2754616992,2.4122265529,-0.7627544482,scatter
90100,5,2.4122265529,-0.7627544482,2.3049691831,-1.1885881183,scatter
90100,6,2.3049691831,-1.1885881183,4.0000000000,-0.5631484883,exit_right
90200,1,0.0000000000,0.0000000000,2.7335337075,0.0000000000,scatter
90200,2,2.7335337075,0.0000000000,2.6235528665,-0.2323416624,absorb
90300,1,0.0000000000,0.0000000000,2.3651055368,0.0000000000,absorb
90400,1,0.0000000000,0.0000000000,2.8418251625,0.0000000000,absorb
90500,1,0.0000000000,0.0000000000,0.3173961578,0.0000000000,scatter
90500,2,0.3173961578,0.0000000000,0.0000000000,0.4738798702,exit_left
90600,1,0.0000000000,0.0000000000,0.8673335158,0.0000000000,absorb
90700,1,0.0000000000,0.0000000000,1.2199591866,0.0000000000,scatter
90700,2,1.2199591866,0.0000000000,2.5645335646,-0.1582196150,scatter
90700,3,2.5645335646,-0.1582196150,3.8927408965,1.5711915456,scatter
90700,4,3.8927408965,1.5711915456,2.5652377883,8.3236693991,absorb
90800,1,0.0000000000,0.0000000000,1.8752789883,0.0000000000,scatter
90800,2,1.8752789883,0.0000000000,0.6532306883,1.4627289599,scatter
90800,3,0.6532306883,1.4627289599,0.3785327786,0.8495471077,scatter
90800,4,0.3785327786,0.8495471077,1.6749774719,-1.9491335436,scatter
90800,5,1.6749774719,-1.9491335436,2.4318405499,-2.1105629829,absorb
90900,1,0.0000000000,0.0000000000,1.9228845081,0.0000000000,scatter
90900,2,1.9228845081,0.0000000000,0.0000000000,0.3638804575,exit_left
91000,1,0.0000000000,0.0000000000,2.1721541567,0.0000000000,scatter
91000,2,2.1721541567,0.0000000000,2.5748559247,0.2720188008,scatter
91000,3,2.5748559247,0.2720188008,2.5557267674,0.2214440632,absorb
91100,1,0.0000000000,0.0000000000,4.0000000000,0.0000000000,exit_right
91200,1,0.0000000000,0.0000000000,3.8907968819,0.0000000000,scatter
91200,2,3.8907968819,0.0000000000,2.8015299845,-0.5874057321,scatter
91200,3,2.8015299845,-0.5874057321,0.0000000000,-2.3667412305,exit_left
91300,1,0.0000000000,0.0000000000,4.0000000000,0.0000000000,exit_right
91400,1,0.0000000000,0.0000000000,0.6800603382,0.0000000000,scatter
91400,2,0.6800603382,0.0000000000,2.2525788810,0.4101787515,absorb
91500,1,0.0000000000,0.0000000000,0.1117642812,0.0000000000,scatter
91500,2,0.1117642812,0.0000000000,1.8743623742,3.0407843500,absorb
91600,1,0.0000000000,0.0000000000,1.0421035368,0.0000000000,scatter
91600,2,1.0421035368,0.0000000000,0.0000000000,-0.3775196046,exit_left
91700,1,0.0000000000,0.0000000000,2.9276234608,0.0000000000,scatter
91700,2,2.9276234608,0.0000000000,2.8162893604,-2.3766383250,absorb
91800,1,0.0000000000,0.0000000000,0.9736263953,0.0000000000,scatter
91800,2,0.9736263953,0.0000000000,1.3280245752,-0.8144643301,scatter
91800,3,1.3280245752,-0.8144643301,0.0000000000,-0.5590232572,exit_left
91900,1,0.0000000000,0.0000000000,3.4248978442,0.0000000000,scatter
91900,2,3.4248978442,0.0000000000,4.0000000000,1.4151033540,exit_right
92000,1,0.0000000000,0.0000000000,1.6183234773,0.0000000000,scatter
92000,2,1.6183234773,0.0000000000,0.0000000000,0.0243828092,exit_left
92100,1,0.0000000000,0.0000000000,2.5367847465,0.0000000000,absorb
92200,1,0.0000000000,0.0000000000,1.2950226346,0.0000000000,scatter
92200,2,1.2950226346,0.0000000000,0.8822426091,0.3322686905,scatter
92200,3,0.8822426091,0.3322686905,1.1289508076,0.4011799934,scatter
92200,4,1.1289508076,0.4011799934,3.5771164855,2.3216641807,scatter
92200,5,3.5771164855,2.3216641807,4.0000000000,2.7362584651,exit_right
92300,1,0.0000000000,0.0000000000,0.5952191941,0.0000000000,scatter
92300,2,0.5952191941,0.0000000000,4.0000000000,1.9871983062,exit_right
92400,1,0.0000000000,0.0000000000,1.2083533807,0.0000000000,scatter
92400,2,1.2083533807,0.0000000000,2.7001979069,1.2675569701,scatter
92400,3,2.7001979069,1.2675569701,1.7699461919,0.7800605541,absorb
92500,1,0.0000000000,0.0000000000,2.7548433322,0.0000000000,scatter
92500,2,2.7548433322,0.0000000000,1.8034415632,0.9190683589,absorb
92600,1,0.0000000000,0.0000000000,1.0275956847,0.0000000000,scatter
92600,2,1.0275956847,0.0000000000,0.0000000000,0.0470016715,exit_left
92700,1,0.0000000000,0.0000000000,4.0000000000,0.0000000000,exit_right
92800,1,0.0000000000,0.0000000000,2.3888822224,0.0000000000,scatter
92800,2,2.3888822224,0.0000000000,1.9735598422,0.1650685127,scatter
92800,3,1.9735598422,0.1650685127,0.0000000000,-0.7529908429,exit_left
92900,1,0.0000000000,0.0000000000,4.0000000000,0.0000000000,exit_right
93000,1,0.0000000000,0.0000000000,2.2096444188,0.0000000000,scatter
93000,2,2.2096444188,0.0000000000,3.5497123599,0.5684696686,scatter
93000,3,3.5497123599,0.5684696686,2.5867539164,-0.1612353079,scatter
93000,4,2.5867539164,-0.1612353079,2.9283805402,-1.5966696475,scatter
93000,5,2.9283805402,-1.5966696475,0.3651409333,-4.4438155861,absorb
93100,1,0.0000000000,0.0000000000,3.6824091863,0.0000000000,scatter
93100,2,3.6824091863,0.0000000000,4.0000000000,-1.4211546595,exit_right
93200,1,0.0000000000,0.0000000000,4.0000000000,0.0000000000,exit_right
93300,1,0.0000000000,0.0000000000,2.2528822660,0.0000000000,scatter
93300,2,2.2528822660,0.0000000000,2.5786237922,-2.5066308844,scatter
93300,3,2.5786237922,-2.5066308844,4.0000000000,0.9270775826,exit_right
93400,1,0.0000000000,0.0000000000,0.4097371401,0.0000000000,absorb
93500,1,0.0000000000,0.0000000000,0.3572343610,0.0000000000,scatter
93500,2,0.3572343610,0.0000000000,0.4812612407,-0.1017429810,scatter
93500,3,0.4812612407,-0.1017429810,0.0000000000,0.2085308809,exit_left
93600,1,0.0000000000,0.0000000000,0.7463381812,0.0000000000,scatter
93600,2,0.7463381812,0.0000000000,0.1226848508,-0.3913174125,absorb
93700,1,0.0000000000,0.0000000000,1.8019751782,0.0000000000,scatter
93700,2,1.8019751782,0.0000000000,2.5116886805,-0.5582635924,scatter
93700,3,2.5116886805,-0.5582635924,0.8865226738,1.0768029423,scatter
93700,4,0.8865226738,1.0768029423,0.0000000000,1.1100275756,exit_left
93800,1,0.0000000000,0.0000000000,0.9313327378,0.0000000000,absorb
93900,1,0.0000000000,0.0000000000,1.7175674383,0.0000000000,scatter
93900,2,1.7175674383,0.0000000000,0.9103365534,-0.4606515052,scatter
93900,3,0.9103365534,-0.4606515052,3.7530420198,1.9890984401,scatter
93900,4,3.7530420198,1.9890984401,3.8255587940,2.3593116879,absorb
94000,1,0.0000000000,0.0000000000,0.3922056671,0.0000000000,scatter
94000,2,0.3922056671,0.0000000000,0.6303005744,0.1987724281,absorb
94100,1,0.0000000000,0.0000000000,0.5818328025,0.0000000000,scatter
94100,2,0.5818328025,0.0000000000,0.7268565631,-0.0018051694,scatter
94100,3,0.7268565631,-0.0018051694,0.8387751991,0.1058716808,scatter
94100,4,0.8387751991,0.1058716808,0.0000000000,-0.5735911836,exit_left
94200,1,0.0000000000,0.0000000000,0.9744264223,0.0000000000,scatter
94200,2,0.9744264223,0.0000000000,0.5865920881,1.6847231972,scatter
94200,3,0.5865920881,1.6847231972,0.4170045889,4.0950725677,scatter
94200,4,0.4170045889,4.0950725677,0.0000000000,4.4835063850,exit_left
94300,1,0.0000000000,0.0000000000,3.8760810293,0.0000000000,absorb
94400,1,0.0000000000,0.0000000000,4.0000000000,0.0000000000,exit_right
94500,1,0.0000000000,0.0000000000,4.0000000000,0.0000000000,exit_right
94600,1,0.0000000000,0.0000000000,4.0000000000,0.0000000000,exit_right
94700,1,0.0000000000,0.0000000000,0.8506300618,0.0000000000,absorb
94800,1,0.0000000000,0.0000000000,4.0000000000,0.0000000000,exit_right
94900,1,0.0000000000,0.0000000000,0.4390908635,0.0000000000,absorb
95000,1,0.0000000000,0.0000000000,2.7648438831,0.0000000000,scatter
95000,2,2.7648438831,0.0000000000,2.1194263869,-1.8486635199,scatter
95000,3,2.1194263869,-1.8486635199,4.0000000000,-1.8630787626,exit_right
95100,1,0.0000000000,0.0000000000,0.4493226242,0.0000000000,scatter
95100,2,0.4493226242,0.0000000000,0.9406812568,-0.0120676811,scatter
95100,3,0.9406812568,-0.0120676811,1.0599687602,0.1556735173,scatter
95100,4,1.0599687602,0.1556735173,1.6851097164,0.1556294022,scatter
95100,5,1.6851097164,0.1556294022,2.4362437122,-2.7902878871,scatter
95100,6,2.4362437122,-2.7902878871,3.0309481015,-1.9494164077,scatter
95100,7,3.0309481015,-1.9494164077,4.0000000000,-3.0801729850,exit_right
95200,1,0.0000000000,0.0000000000,2.7944383087,0.0000000000,scatter
95200,2,2.7944383087,0.0000000000,2.3916724007,0.9049055483,scatter
95200,3,2.3916724007,0.9049055483,2.4272143356,0.8271305612,scatter
95200,4,2.4272143356,0.8271305612,2.8574976459,4.7552636090,scatter
95200,5,2.8574976459,4.7552636090,2.6587944817,4.5352531627,scatter
95200,6,2.6587944817,4.5352531627,2.3959115392,6.8785914328,scatter
95200,7,2.3959115392,6.8785914328,2.3477514929,6.7455102192,scatter
95200,8,2.3477514929,6.7455102192,4.0000000000,7.4335561803,exit_right
95300,1,0.0000000000,0.0000000000,0.4965711555,0.0000000000,scatter
95300,2,0.4965711555,0.0000000000,0.0000000000,0.3769838746,exit_left
95400,1,0.0000000000,0.0000000000,0.2101679707,0.0000000000,scatter
95400,2,0.2101679707,0.0000000000,0.6355957587,-1.0243561877,scatter
95400,3,0.6355957587,-1.0243561877,1.8299614227,-1.8325893176,absorb
95500,1,0.0000000000,0.0000000000,0.8611317500,0.0000000000,scatter
95500,2,0.8611317500,0.0000000000,0.0000000000,1.0293938901,exit_left
95600,1,0.0000000000,0.0000000000,1.0358457482,0.0000000000,scatter
95600,2,1.0358457482,0.0000000000,0.3573392554,-0.2746405419,scatter
95600,3,0.3573392554,-0.2746405419,0.3843130190,1.3966387392,scatter
95600,4,0.3843130190,1.3966387392,1.0870134154,3.0862846195,scatter
95600,5,1.0870134154,3.0862846195,1.0271797347,3.1638516844,absorb
95700,1,0.0000000000,0.0000000000,1.3037885167,0.0000000000,scatter
95700,2,1.3037885167,0.0000000000,0.0000000000,-0.6155540810,exit_left
95800,1,0.0000000000,0.0000000000,2.4010182958,0.0000000000,scatter
95800,2,2.4010182958,0.0000000000,2.3817702917,0.1956295662,scatter
95800,3,2.3817702917,0.1956295662,1.6350934015,0.5485151355,absorb
95900,1,0.0000000000,0.0000000000,1.6722745710,0.0000000000,absorb
96000,1,0.0000000000,0.0000000000,1.3719331196,0.0000000000,absorb
96100,1,0.0000000000,0.0000000000,1.5364911916,0.0000000000,scatter
96100,2,1.5364911916,0.0000000000,4.0000000000,-1.7885402378,exit_right
96200,1,0.0000000000,0.0000000000,1.8049415662,0.0000000000,scatter
96200,2,1.8049415662,0.0000000000,0.0000000000,-0.2182906455,exit_left
96300,1,0.0000000000,0.0000000000,0.8567670000,0.0000000000,scatter
96300,2,0.8567670000,0.0000000000,0.3367788091,0.2920258850,scatter
96300,3,0.3367788091,0.2920258850,1.1950189918,1.5486651261,scatter
96300,4,1.1950189918,1.5486651261,1.2963102409,1.5265252929,scatter
96300,5,1.2963102409,1.5265252929,1.3203258176,1.6239992697,scatter
96300,6,1.3203258176,1.6239992697,1.5270867521,3.3849801573,scatter
96300,7,1.5270867521,3.3849801573,1.8295610083,2.7799758962,scatter
96300,8,1.8295610083,2.7799758962,1.5585185671,2.0860301251,scatter
96300,9,1.5585185671,2.0860301251,0.8561430154,0.2192243979,absorb
96400,1,0.0000000000,0.0000000000,4.0000000000,0.0000000000,exit_right
96500,1,0.0000000000,0.0000000000,1.8791951782,0.0000000000,scatter
96500,2,1.8791951782,0.0000000000,1.8457758611,-2.3813027891,scatter
96500,3,1.8457758611,-2.3813027891,1.9641223356,-2.4693430027,scatter
96500,4,1.9641223356,-2.4693430027,1.9649231182,-2.6063261120,scatter
96500,5,1.9649231182,-2.6063261120,0.0750111460,-3.1317066277,scatter
96500,6,0.0750111460,-3.1317066277,0.0000000000,-3.1626827667,exit_left
96600,1,0.0000000000,0.0000000000,0.0345500690,0.0000000000,scatter
96600,2,0.0345500690,0.0000000000,0.0000000000,-0.0181636388,exit_left
96700,1,0.0000000000,0.0000000000,0.8091108290,0.0000000000,absorb
96800,1,0.0000000000,0.0000000000,0.8840489118,0.0000000000,scatter
96800,2,0.8840489118,0.0000000000,1.3607537390,2.7888011511,absorb
96900,1,0.0000000000,0.0000000000,0.6361916571,0.0000000000,scatter
96900,2,0.6361916571,0.0000000000,0.5635477569,-0.8630363698,absorb
97000,1,0.0000000000,0.0000000000,1.1168056691,0.0000000000,scatter
97000,2,1.1168056691,0.0000000000,0.8024001781,0.6680199145,scatter
97000,3,0.8024001781,0.6680199145,2.2484750807,0.6677929013,absorb
97100,1,0.0000000000,0.0000000000,0.8507839896,0.0000000000,scatter
97100,2,0.8507839896,0.0000000000,0.8541461962,0.4125277743,scatter
97100,3,0.8541461962,0.4125277743,0.0000000000,0.0556039037,exit_left
97200,1,0.0000000000,0.0000000000,4.0000000000,0.0000000000,exit_right
97300,1,0.0000000000,0.0000000000,0.9940790491,0.0000000000,absorb
97400,1,0.0000000000,0.0000000000,4.0000000000,0.0000000000,exit_right
97500,1,0.0000000000,0.0000000000,2.5296785177,0.0000000000,scatter
97500,2,2.5296785177,0.0000000000,3.0646351504,0.7591500909,scatter
97500,3,3.0646351504,0.7591500909,0.1455319682,-1.0411017654,absorb
97600,1,0.0000000000,0.0000000000,0.7066892433,0.0000000000,scatter
97600,2,0.7066892433,0.0000000000,0.0000000000,-1.4508591661,exit_left
97700,1,0.0000000000,0.0000000000,3.7729369555,0.0000000000,absorb
97800,1,0.0000000000,0.0000000000,0.0467988259,0.0000000000,scatter
97800,2,0.0467988259,0.0000000000,0.0000000000,0.0536677254,exit_left
97900,1,0.0000000000,0.0000000000,0.0606198999,0.0000000000,scatter
97900,2,0.0606198999,0.0000000000,0.0000000000,-0.1547114545,exit_left
98000,1,0.0000000000,0.0000000000,3.2360852471,0.0000000000,absorb
98100,1,0.0000000000,0.0000000000,0.1919621773,0.0000000000,absorb
98200,1,0.0000000000,0.0000000000,2.7223973897,0.0000000000,scatter
98200,2,2.7223973897,0.0000000000,2.5899779919,0.1019974528,scatter
98200,3,2.5899779919,0.1019974528,2.4988589858,-0.0304244114,scatter
98200,4,2.4988589858,-0.0304244114,1.7017333547,1.6194283558,scatter
98200,5,1.7017333547,1.6194283558,2.2283822978,2.6846107713,scatter
98200,6,2.2283822978,2.6846107713,2.2581934133,2.6587084450,scatter
98200,7,2.2581934133,2.6587084450,4.0000000000,5.3333694763,exit_right
98300,1,0.0000000000,0.0000000000,2.5011270798,0.0000000000,scatter
98300,2,2.5011270798,0.0000000000,4.0000000000,-1.2362913671,exit_right
98400,1,0.0000000000,0.0000000000,0.2013090546,0.0000000000,scatter
98400,2,0.2013090546,0.0000000000,0.6361330745,-0.6082589324,absorb
98500,1,0.0000000000,0.0000000000,0.5892040065,0.0000000000,absorb
98600,1,0.0000000000,0.0000000000,3.0083130143,0.0000000000,scatter
98600,2,3.0083130143,0.0000000000,3.3002802822,-0.6995461750,scatter
98600,3,3.3002802822,-0.6995461750,4.0000000000,-0.2421319266,exit_right
98700,1,0.0000000000,0.0000000000,2.4371307710,0.0000000000,scatter
98700,2,2.4371307710,0.0000000000,3.7488043699,-1.0063731491,scatter
98700,3,3.7488043699,-1.0063731491,3.7159623674,-0.8693604840,scatter
98700,4,3.7159623674,-0.8693604840,3.7212794660,-0.8900699475,scatter
98700,5,3.7212794660,-0.8900699475,4.0000000000,-0.5922877268,exit_right
98800,1,0.0000000000,0.0000000000,0.0674976176,0.0000000000,absorb
98900,1,0.0000000000,0.0000000000,1.4808814675,0.0000000000,scatter
98900,2,1.4808814675,0.0000000000,4.0000000000,2.5130895703,exit_right
99000,1,0.0000000000,0.0000000000,1.4451860439,0.0000000000,absorb
99100,1,0.0000000000,0.0000000000,1.9024162855,0.0000000000,scatter
99100,2,1.9024162855,0.0000000000,1.3248016484,1.7333176720,scatter
99100,3,1.3248016484,1.7333176720,2.2944378340,1.4360952208,scatter
99100,4,2.2944378340,1.4360952208,3.2693263216,2.3325237481,absorb
99200,1,0.0000000000,0.0000000000,2.6859741774,0.0000000000,absorb
99300,1,0.0000000000,0.0000000000,2.0533536276,0.0000000000,scatter
99300,2,2.0533536276,0.0000000000,1.9513762715,-0.0829052422,scatter
99300,3,1.9513762715,-0.0829052422,1.5755796702,-1.5291342573,absorb
99400,1,0.0000000000,0.0000000000,0.4496927592,0.0000000000,scatter
99400,2,0.4496927592,0.0000000000,0.0000000000,0.1063278659,exit_left
99500,1,0.0000000000,0.0000000000,0.0210046808,0.0000000000,scatter
99500,2,0.0210046808,0.0000000000,0.0000000000,-0.0221486627,exit_left
99600,1,0.0000000000,0.0000000000,0.4960001954,0.0000000000,scatter
99600,2,0.4960001954,0.0000000000,0.9752545610,-1.4645044889,absorb
99700,1,0.0000000000,0.0000000000,2.4229719647,0.0000000000,scatter
99700,2,2.4229719647,0.0000000000,3.4927269690,-2.0766645625,scatter
99700,3,3.4927269690,-2.0766645625,3.4978800289,-2.0697709433,scatter
99700,4,3.4978800289,-2.0697709433,3.1749305619,-4.1192348059,scatter
99700,5,3.1749305619,-4.1192348059,2.7423296804,-4.4269889056,absorb
99800,1,0.0000000000,0.0000000000,1.2750686411,0.0000000000,absorb
99900,1,0.0000000000,0.0000000000,0.6788348361,0.0000000000,scatter
99900,2,0.6788348361,0.0000000000,1.5803648101,-0.0634478037,scatter
99900,3,1.5803648101,-0.0634478037,1.6975813903,-0.2046170882,scatter
99900,4,1.6975813903,-0.2046170882,2.9881160662,-2.4010391597,scatter
99900,5,2.9881160662,-2.4010391597,4.0000000000,-1.1287659036,exit_right
100000,1,0.0000000000,0.0000000000,2.8776223601,0.0000000000,scatter
100000,2,2.8776223601,0.0000000000,2.8128160999,0.2957218779,scatter
100000,3,2.8128160999,0.2957218779,2.8577952267,0.7133828248,scatter
100000,4,2.8577952267,0.7133828248,4.0000000000,1.6513471908,exit_right
