neutron_id,step,x_start,y_start,x_end,y_end,event
100,1,0.0000000000,0.0000000000,3.5000000000,0.0000000000,exit_right
200,1,0.0000000000,0.0000000000,0.3654007483,0.0000000000,scatter
200,2,0.3654007483,0.0000000000,0.0000000000,-0.0122297360,exit_left
300,1,0.0000000000,0.0000000000,0.4901053237,0.0000000000,scatter
300,2,0.4901053237,0.0000000000,1.1335335008,0.2000888127,absorb
400,1,0.0000000000,0.0000000000,1.2982018618,0.0000000000,absorb
500,1,0.0000000000,0.0000000000,3.5000000000,0.0000000000,exit_right
600,1,0.0000000000,0.0000000000,0.2626027248,0.0000000000,absorb
700,1,0.0000000000,0.0000000000,2.0175131041,0.0000000000,scatter
700,2,2.0175131041,0.0000000000,2.4093193137,-0.4746982366,scatter
700,3,2.4093193137,-0.4746982366,0.0000000000,0.1458607590,exit_left
800,1,0.0000000000,0.0000000000,0.1048143857,0.0000000000,scatter
800,2,0.1048143857,0.0000000000,0.0000000000,-0.0650969633,exit_left
900,1,0.0000000000,0.0000000000,0.8651717292,0.0000000000,scatter
900,2,0.8651717292,0.0000000000,0.4976182027,-0.0981251317,scatter
900,3,0.4976182027,-0.0981251317,0.0000000000,0.3479018813,exit_left
1000,1,0.0000000000,0.0000000000,0.7689420941,0.0000000000,absorb
1100,1,0.0000000000,0.0000000000,0.5042087562,0.0000000000,scatter
1100,2,0.5042087562,0.0000000000,1.1299141880,-0.4203005021,scatter
1100,3,1.1299141880,-0.4203005021,0.8107098789,-0.3520555476,scatter
1100,4,0.8107098789,-0.3520555476,2.1486597295,-2.0382211059,scatter
1100,5,2.1486597295,-2.0382211059,1.7980506328,-0.6928200289,absorb
1200,1,0.0000000000,0.0000000000,2.5332872877,0.0000000000,scatter
1200,2,2.5332872877,0.0000000000,1.6004517967,0.0450430085,absorb
1300,1,0.0000000000,0.0000000000,2.2577596166,0.0000000000,scatter
1300,2,2.2577596166,0.0000000000,1.8154361899,0.1171070783,scatter
1300,3,1.8154361899,0.1171070783,0.0000000000,-0.7243269340,exit_left
1400,1,0.0000000000,0.0000000000,0.1094040323,0.0000000000,scatter
1400,2,0.1094040323,0.0000000000,0.0000000000,0.1056744073,exit_left
1500,1,0.0000000000,0.0000000000,0.7830847273,0.0000000000,scatter
1500,2,0.7830847273,0.0000000000,3.3110765026,0.3100787458,scatter
1500,3,3.3110765026,0.3100787458,3.3648549427,-2.0735437187,scatter
1500,4,3.3648549427,-2.0735437187,3.5000000000,-2.1968347505,exit_right
1600,1,0.0000000000,0.0000000000,2.4996161411,0.0000000000,scatter
1600,2,2.4996161411,0.0000000000,2.5014834931,-0.0040406488,absorb
1700,1,0.0000000000,0.0000000000,0.4446496075,0.0000000000,scatter
1700,2,0.4446496075,0.0000000000,2.4572999794,1.3358084414,scatter
1700,3,2.4572999794,1.3358084414,3.5000000000,-0.8564339519,exit_right
1800,1,0.0000000000,0.0000000000,0.0229548116,0.0000000000,scatter
1800,2,0.0229548116,0.0000000000,3.4963932612,3.4119225562,scatter
1800,3,3.4963932612,3.4119225562,3.5000000000,3.4256899035,exit_right
1900,1,0.0000000000,0.0000000000,0.0429804109,0.0000000000,scatter
1900,2,0.0429804109,0.0000000000,0.0000000000,-0.0083513471,exit_left
2000,1,0.0000000000,0.0000000000,1.7031919162,0.0000000000,scatter
2000,2,1.7031919162,0.0000000000,3.5000000000,2.0408228470,exit_right
2100,1,0.0000000000,0.0000000000,1.9559808186,0.0000000000,scatter
2100,2,1.9559808186,0.0000000000,1.3588265164,-1.5539005417,scatter
2100,3,1.3588265164,-1.5539005417,2.1014879319,-0.4596668410,scatter
2100,4,2.1014879319,-0.4596668410,3.5000000000,-0.0759818431,exit_right
2200,1,0.0000000000,0.0000000000,2.0948641912,0.0000000000,scatter
2200,2,2.0948641912,0.0000000000,2.0757270280,-1.3350765173,scatter
2200,3,2.0757270280,-1.3350765173,0.4578664408,-2.8150983722,scatter
2200,4,0.4578664408,-2.8150983722,0.0000000000,-1.8101534757,exit_left
2300,1,0.0000000000,0.0000000000,0.3066764285,0.0000000000,absorb
2400,1,0.0000000000,0.0000000000,1.9385964998,0.0000000000,scatter
2400,2,1.9385964998,0.0000000000,2.2364078217,-0.0612434011,scatter
2400,3,2.2364078217,-0.0612434011,3.5000000000,-0.1220615347,exit_right
2500,1,0.0000000000,0.0000000000,1.7196005460,0.0000000000,scatter
2500,2,1.7196005460,0.0000000000,0.3708260236,-2.0850673098,absorb
2600,1,0.0000000000,0.0000000000,2.0105779742,0.0000000000,scatter
2600,2,2.0105779742,0.0000000000,2.1046955721,-0.1763058476,scatter
2600,3,2.1046955721,-0.1763058476,2.6643883614,1.5196789158,scatter
2600,4,2.6643883614,1.5196789158,3.0037615200,1.8456297193,scatter
2600,5,3.0037615200,1.8456297193,1.8137735373,1.2271124494,scatter
2600,6,1.8137735373,1.2271124494,1.3624368856,1.4538324811,scatter
2600,7,1.3624368856,1.4538324811,3.5000000000,3.1352945704,exit_right
2700,1,0.0000000000,0.0000000000,2.0668562497,0.0000000000,scatter
2700,2,2.0668562497,0.0000000000,0.0000000000,-2.0614444072,exit_left
2800,1,0.0000000000,0.0000000000,0.2030133212,0.0000000000,scatter
2800,2,0.2030133212,0.0000000000,0.0000000000,0.3471174569,exit_left
2900,1,0.0000000000,0.0000000000,0.7436655098,0.0000000000,absorb
3000,1,0.0000000000,0.0000000000,1.5917397328,0.0000000000,absorb
3100,1,0.0000000000,0.0000000000,0.1587916376,0.0000000000,scatter
3100,2,0.1587916376,0.0000000000,0.0000000000,-0.1619645706,exit_left
3200,1,0.0000000000,0.0000000000,0.5260309696,0.0000000000,scatter
3200,2,0.5260309696,0.0000000000,0.0000000000,0.0086429636,exit_left
3300,1,0.0000000000,0.0000000000,0.4339383349,0.0000000000,scatter
3300,2,0.4339383349,0.0000000000,0.0000000000,0.2086191496,exit_left
3400,1,0.0000000000,0.0000000000,0.9622349029,0.0000000000,absorb
3500,1,0.0000000000,0.0000000000,3.5000000000,0.0000000000,exit_right
3600,1,0.0000000000,0.0000000000,3.0589618622,0.0000000000,scatter
3600,2,3.0589618622,0.0000000000,3.5000000000,0.0058443529,exit_right
3700,1,0.0000000000,0.0000000000,0.6512154049,0.0000000000,scatter
3700,2,0.6512154049,0.0000000000,0.0000000000,0.4306827431,exit_left
3800,1,0.0000000000,0.0000000000,3.5000000000,0.0000000000,exit_right
3900,1,0.0000000000,0.0000000000,3.5000000000,0.0000000000,exit_right
4000,1,0.0000000000,0.0000000000,1.1156632054,0.0000000000,scatter
4000,2,1.1156632054,0.0000000000,1.1654961831,-0.0521986359,scatter
4000,3,1.1654961831,-0.0521986359,0.7146214123,1.7888116696,scatter
4000,4,0.7146214123,1.7888116696,3.5000000000,1.4725332549,exit_right
4100,1,0.0000000000,0.0000000000,3.5000000000,0.0000000000,exit_right
4200,1,0.0000000000,0.0000000000,3.5000000000,0.0000000000,exit_right
4300,1,0.0000000000,0.0000000000,2.9707065939,0.0000000000,scatter
4300,2,2.9707065939,0.0000000000,3.5000000000,1.3124053471,exit_right
4400,1,0.0000000000,0.0000000000,3.5000000000,0.0000000000,exit_right
4500,1,0.0000000000,0.0000000000,2.2045308963,0.0000000000,scatter
4500,2,2.2045308963,0.0000000000,3.5000000000,-1.0287255967,exit_right
4600,1,0.0000000000,0.0000000000,2.8967771695,0.0000000000,scatter
4600,2,2.8967771695,0.0000000000,1.9552453426,1.2149876206,scatter
4600,3,1.9552453426,1.2149876206,3.5000000000,2.1563549100,exit_right
4700,1,0.0000000000,0.0000000000,2.4821381488,0.0000000000,absorb
4800,1,0.0000000000,0.0000000000,0.2424229780,0.0000000000,scatter
4800,2,0.2424229780,0.0000000000,3.5000000000,-1.0930186082,exit_right
4900,1,0.0000000000,0.0000000000,0.6925081770,0.0000000000,scatter
4900,2,0.6925081770,0.0000000000,0.6639208687,-1.0134232473,scatter
4900,3,0.6639208687,-1.0134232473,0.0000000000,-0.1837914471,exit_left
5000,1,0.0000000000,0.0000000000,2.5759679047,0.0000000000,scatter
5000,2,2.5759679047,0.0000000000,3.5000000000,0.0317800771,exit_right
5100,1,0.0000000000,0.0000000000,3.5000000000,0.0000000000,exit_right
5200,1,0.0000000000,0.0000000000,1.0197925968,0.0000000000,scatter
5200,2,1.0197925968,0.0000000000,2.2121055699,-1.2594392555,scatter
5200,3,2.2121055699,-1.2594392555,1.4414240514,-4.4897001282,scatter
5200,4,1.4414240514,-4.4897001282,0.9102141457,-5.0743906597,scatter
5200,5,0.9102141457,-5.0743906597,0.5095940658,-4.6798384288,absorb
5300,1,0.0000000000,0.0000000000,0.5067002739,0.0000000000,scatter
5300,2,0.5067002739,0.0000000000,1.8591597131,1.6161922519,scatter
5300,3,1.8591597131,1.6161922519,1.5296917017,1.4390051078,scatter
5300,4,1.5296917017,1.4390051078,3.5000000000,-1.6295917794,exit_right
5400,1,0.0000000000,0.0000000000,0.9940065261,0.0000000000,scatter
5400,2,0.9940065261,0.0000000000,2.2442133988,-4.4438164676,scatter
5400,3,2.2442133988,-4.4438164676,1.7913904891,-4.7250054534,scatter
5400,4,1.7913904891,-4.7250054534,0.7971082704,-3.2917528921,scatter
5400,5,0.7971082704,-3.2917528921,0.7418691928,-3.1271880669,absorb
5500,1,0.0000000000,0.0000000000,0.1778997332,0.0000000000,scatter
5500,2,0.1778997332,0.0000000000,1.0413227045,-1.8457183898,scatter
5500,3,1.0413227045,-1.8457183898,3.5000000000,2.4484015336,exit_right
5600,1,0.0000000000,0.0000000000,0.4627014350,0.0000000000,scatter
5600,2,0.4627014350,0.0000000000,3.1564261363,-0.5355734120,absorb
5700,1,0.0000000000,0.0000000000,0.5045378628,0.0000000000,scatter
5700,2,0.5045378628,0.0000000000,0.0000000000,-2.6962714762,exit_left
5800,1,0.0000000000,0.0000000000,0.3023291147,0.0000000000,absorb
5900,1,0.0000000000,0.0000000000,0.2693129977,0.0000000000,scatter
5900,2,0.2693129977,0.0000000000,0.2180167650,0.1589470007,absorb
6000,1,0.0000000000,0.0000000000,2.5222741818,0.0000000000,scatter
6000,2,2.5222741818,0.0000000000,0.0000000000,-0.0777563861,exit_left
6100,1,0.0000000000,0.0000000000,3.5000000000,0.0000000000,exit_right
6200,1,0.0000000000,0.0000000000,0.3983081820,0.0000000000,scatter
6200,2,0.3983081820,0.0000000000,3.5000000000,-1.1050617514,exit_right
6300,1,0.0000000000,0.0000000000,2.3746547483,0.0000000000,scatter
6300,2,2.3746547483,0.0000000000,3.5000000000,-1.0017217430,exit_right
6400,1,0.0000000000,0.0000000000,1.9526915240,0.0000000000,scatter
6400,2,1.9526915240,0.0000000000,1.7986776535,-0.1878147829,absorb
6500,1,0.0000000000,0.0000000000,0.3635836497,0.0000000000,scatter
6500,2,0.3635836497,0.0000000000,0.0000000000,-0.0969223842,exit_left
6600,1,0.0000000000,0.0000000000,2.5832462209,0.0000000000,absorb
6700,1,0.0000000000,0.0000000000,0.1785410254,0.0000000000,scatter
6700,2,0.1785410254,0.0000000000,0.0000000000,0.1069182162,exit_left
6800,1,0.0000000000,0.0000000000,1.0470194755,0.0000000000,scatter
6800,2,1.0470194755,0.0000000000,1.2974290545,0.9998688375,scatter
6800,3,1.2974290545,0.9998688375,0.9323681682,-5.0369896448,scatter
6800,4,0.9323681682,-5.0369896448,0.0000000000,-4.8240989030,exit_left
6900,1,0.0000000000,0.0000000000,0.0302405659,0.0000000000,absorb
7000,1,0.0000000000,0.0000000000,2.0664731325,0.0000000000,scatter
7000,2,2.0664731325,0.0000000000,1.8468153352,0.0701581375,scatter
7000,3,1.8468153352,0.0701581375,2.3112426294,0.4455375555,absorb
7100,1,0.0000000000,0.0000000000,0.4195760983,0.0000000000,scatter
7100,2,0.4195760983,0.0000000000,0.5097741899,1.5446601524,scatter
7100,3,0.5097741899,1.5446601524,0.2948721100,1.2887295915,scatter
7100,4,0.2948721100,1.2887295915,0.0000000000,1.3684118358,exit_left
7200,1,0.0000000000,0.0000000000,0.7282124650,0.0000000000,scatter
7200,2,0.7282124650,0.0000000000,0.7004788963,0.4416533091,scatter
7200,3,0.7004788963,0.4416533091,1.0707769648,0.1873608085,scatter
7200,4,1.0707769648,0.1873608085,0.0000000000,-0.0233538998,exit_left
7300,1,0.0000000000,0.0000000000,1.2157756008,0.0000000000,scatter
7300,2,1.2157756008,0.0000000000,1.8384649749,-0.5546728201,absorb
7400,1,0.0000000000,0.0000000000,3.5000000000,0.0000000000,exit_right
7500,1,0.0000000000,0.0000000000,0.0583293658,0.0000000000,scatter
7500,2,0.0583293658,0.0000000000,0.0000000000,-0.0580988773,exit_left
7600,1,0.0000000000,0.0000000000,2.2728576130,0.0000000000,scatter
7600,2,2.2728576130,0.0000000000,3.5000000000,-2.3852408063,exit_right
7700,1,0.0000000000,0.0000000000,2.5946754861,0.0000000000,absorb
7800,1,0.0000000000,0.0000000000,0.5901960150,0.0000000000,scatter
7800,2,0.5901960150,0.0000000000,0.0000000000,0.1800659288,exit_left
7900,1,0.0000000000,0.0000000000,0.9974410704,0.0000000000,scatter
7900,2,0.9974410704,0.0000000000,2.2354902269,-0.2524970303,absorb
8000,1,0.0000000000,0.0000000000,0.7430931009,0.0000000000,scatter
8000,2,0.7430931009,0.0000000000,0.8635884627,-0.9067209245,scatter
8000,3,0.8635884627,-0.9067209245,0.8648972200,0.4646269478,scatter
8000,4,0.8648972200,0.4646269478,0.0000000000,2.3639158257,exit_left
8100,1,0.0000000000,0.0000000000,2.4991765572,0.0000000000,scatter
8100,2,2.4991765572,0.0000000000,3.2805659389,-0.4537168256,scatter
8100,3,3.2805659389,-0.4537168256,3.0215648815,-0.6682379303,scatter
8100,4,3.0215648815,-0.6682379303,2.9519867709,-0.5427031187,absorb
8200,1,0.0000000000,0.0000000000,2.7768513167,0.0000000000,scatter
8200,2,2.7768513167,0.0000000000,2.6967243251,-0.0647395386,scatter
8200,3,2.6967243251,-0.0647395386,3.5000000000,-7.1984065293,exit_right
8300,1,0.0000000000,0.0000000000,0.4775135997,0.0000000000,scatter
8300,2,0.4775135997,0.0000000000,0.0000000000,-2.5562550382,exit_left
8400,1,0.0000000000,0.0000000000,0.1437621276,0.0000000000,scatter
8400,2,0.1437621276,0.0000000000,3.2632838066,1.6307820570,absorb
8500,1,0.0000000000,0.0000000000,1.7281795800,0.0000000000,scatter
8500,2,1.7281795800,0.0000000000,0.0000000000,0.3658075066,exit_left
8600,1,0.0000000000,0.0000000000,3.1770165574,0.0000000000,scatter
8600,2,3.1770165574,0.0000000000,3.5000000000,-0.0848830005,exit_right
8700,1,0.0000000000,0.0000000000,3.5000000000,0.0000000000,exit_right
8800,1,0.0000000000,0.0000000000,1.5784108037,0.0000000000,absorb
8900,1,0.0000000000,0.0000000000,0.5441116449,0.0000000000,scatter
8900,2,0.5441116449,0.0000000000,0.8944150132,1.1238408453,scatter
8900,3,0.8944150132,1.1238408453,3.5000000000,-0.0947061491,exit_right
9000,1,0.0000000000,0.0000000000,3.5000000000,0.0000000000,exit_right
9100,1,0.0000000000,0.0000000000,0.0072929870,0.0000000000,absorb
9200,1,0.0000000000,0.0000000000,3.5000000000,0.0000000000,exit_right
9300,1,0.0000000000,0.0000000000,0.7396709309,0.0000000000,scatter
9300,2,0.7396709309,0.0000000000,0.7771883256,0.1479220760,scatter
9300,3,0.7771883256,0.1479220760,1.9152605414,1.2703722201,scatter
9300,4,1.9152605414,1.2703722201,0.0000000000,-0.5967546669,exit_left
9400,1,0.0000000000,0.0000000000,0.4595666189,0.0000000000,scatter
9400,2,0.4595666189,0.0000000000,0.2753060749,0.1316730445,scatter
9400,3,0.2753060749,0.1316730445,0.8218119142,0.9264559165,scatter
9400,4,0.8218119142,0.9264559165,1.0698101557,0.6383061333,scatter
9400,5,1.0698101557,0.6383061333,1.0657776716,0.6308879729,scatter
9400,6,1.0657776716,0.6308879729,0.1144818817,-0.5090027680,scatter
9400,7,0.1144818817,-0.5090027680,3.4575075749,2.3580816366,scatter
9400,8,3.4575075749,2.3580816366,3.5000000000,2.3957312473,exit_right
9500,1,0.0000000000,0.0000000000,0.1148622493,0.0000000000,scatter
9500,2,0.1148622493,0.0000000000,1.1630403789,-0.7663250591,scatter
9500,3,1.1630403789,-0.7663250591,1.2785012168,-1.0398927052,scatter
9500,4,1.2785012168,-1.0398927052,0.2277854005,0.6141857617,scatter
9500,5,0.2277854005,0.6141857617,0.1880280562,0.5838288025,absorb
9600,1,0.0000000000,0.0000000000,2.0473465140,0.0000000000,absorb
9700,1,0.0000000000,0.0000000000,3.3064778295,0.0000000000,absorb
9800,1,0.0000000000,0.0000000000,2.7934719855,0.0000000000,scatter
9800,2,2.7934719855,0.0000000000,0.2340092060,-0.4832690390,scatter
9800,3,0.2340092060,-0.4832690390,1.0647838743,-0.4699638424,scatter
9800,4,1.0647838743,-0.4699638424,3.5000000000,5.6516275203,exit_right
9900,1,0.0000000000,0.0000000000,1.2520034094,0.0000000000,scatter
9900,2,1.2520034094,0.0000000000,0.6126111790,1.7579490805,scatter
9900,3,0.6126111790,1.7579490805,0.0000000000,1.8391653925,exit_left
10000,1,0.0000000000,0.0000000000,2.2960266626,0.0000000000,scatter
10000,2,2.2960266626,0.0000000000,2.0131810685,0.2203417943,absorb
10100,1,0.0000000000,0.0000000000,2.7066342084,0.0000000000,scatter
10100,2,2.7066342084,0.0000000000,1.2588344113,1.0360271467,absorb
10200,1,0.0000000000,0.0000000000,3.5000000000,0.0000000000,exit_right
10300,1,0.0000000000,0.0000000000,1.1114488145,0.0000000000,scatter
10300,2,1.1114488145,0.0000000000,2.5611648920,-0.7190209929,scatter
10300,3,2.5611648920,-0.7190209929,1.6636176723,-0.5362412873,scatter
10300,4,1.6636176723,-0.5362412873,1.6926153749,-0.5544029069,scatter
10300,5,1.6926153749,-0.5544029069,2.0525052541,-0.1659218175,scatter
10300,6,2.0525052541,-0.1659218175,1.5564434305,0.3630052183,scatter
10300,7,1.5564434305,0.3630052183,3.5000000000,0.7466277841,exit_right
10400,1,0.0000000000,0.0000000000,0.6733514369,0.0000000000,scatter
10400,2,0.6733514369,0.0000000000,1.5645466478,0.8906321239,absorb
10500,1,0.0000000000,0.0000000000,3.5000000000,0.0000000000,exit_right
10600,1,0.0000000000,0.0000000000,1.0966008466,0.0000000000,scatter
10600,2,1.0966008466,0.0000000000,0.2533415098,4.7023836422,absorb
10700,1,0.0000000000,0.0000000000,1.7238019967,0.0000000000,scatter
10700,2,1.7238019967,0.0000000000,3.4190311169,1.3913707346,scatter
10700,3,3.4190311169,1.3913707346,1.4882641054,1.1469700614,scatter
10700,4,1.4882641054,1.1469700614,1.4702061016,1.3680573926,scatter
10700,5,1.4702061016,1.3680573926,1.4126505017,0.2499048414,absorb
10800,1,0.0000000000,0.0000000000,3.5000000000,0.0000000000,exit_right
10900,1,0.0000000000,0.0000000000,1.0947581569,0.0000000000,scatter
10900,2,1.0947581569,0.0000000000,0.6396052301,-0.6924790207,scatter
10900,3,0.6396052301,-0.6924790207,0.0000000000,-0.8704017625,exit_left
11000,1,0.0000000000,0.0000000000,2.3733957306,0.0000000000,scatter
11000,2,2.3733957306,0.0000000000,2.5961376003,-0.9696378635,scatter
11000,3,2.5961376003,-0.9696378635,3.5000000000,-2.8200936171,exit_right
11100,1,0.0000000000,0.0000000000,1.2638083635,0.0000000000,scatter
11100,2,1.2638083635,0.0000000000,0.0000000000,-0.3329096086,exit_left
11200,1,0.0000000000,0.0000000000,2.3796164241,0.0000000000,scatter
11200,2,2.3796164241,0.0000000000,3.5000000000,-1.4039086278,exit_right
11300,1,0.0000000000,0.0000000000,0.0507912482,0.0000000000,absorb
11400,1,0.0000000000,0.0000000000,1.8461308501,0.0000000000,scatter
11400,2,1.8461308501,0.0000000000,2.9919984460,-1.1019719442,scatter
11400,3,2.9919984460,-1.1019719442,2.7445717238,3.3067292018,scatter
11400,4,2.7445717238,3.3067292018,3.5000000000,3.5836811600,exit_right
11500,1,0.0000000000,0.0000000000,2.6990875340,0.0000000000,scatter
11500,2,2.6990875340,0.0000000000,2.0886258917,-4.1648787197,scatter
11500,3,2.0886258917,-4.1648787197,3.4788799805,-4.7790244885,scatter
11500,4,3.4788799805,-4.7790244885,3.5000000000,-4.8233471460,exit_right
11600,1,0.0000000000,0.0000000000,0.0510337466,0.0000000000,scatter
11600,2,0.0510337466,0.0000000000,0.5527213025,-0.5854186967,absorb
11700,1,0.0000000000,0.0000000000,0.2594561074,0.0000000000,scatter
11700,2,0.2594561074,0.0000000000,0.0000000000,-0.1707171809,exit_left
11800,1,0.0000000000,0.0000000000,1.2906953945,0.0000000000,scatter
11800,2,1.2906953945,0.0000000000,2.0384227309,-1.0605350126,scatter
11800,3,2.0384227309,-1.0605350126,0.9410031345,0.5938416826,scatter
11800,4,0.9410031345,0.5938416826,2.7288639453,2.4147556560,scatter
11800,5,2.7288639453,2.4147556560,0.7558600523,7.7097529151,scatter
11800,6,0.7558600523,7.7097529151,0.9247261738,7.3216474163,absorb
11900,1,0.0000000000,0.0000000000,0.6446148891,0.0000000000,scatter
11900,2,0.6446148891,0.0000000000,2.3213054230,-2.0371858295,scatter
11900,3,2.3213054230,-2.0371858295,3.5000000000,3.3695945763,exit_right
12000,1,0.0000000000,0.0000000000,2.5869485053,0.0000000000,scatter
12000,2,2.5869485053,0.0000000000,3.5000000000,0.4580703242,exit_right
12100,1,0.0000000000,0.0000000000,3.5000000000,0.0000000000,exit_right
12200,1,0.0000000000,0.0000000000,1.5561641779,0.0000000000,scatter
12200,2,1.5561641779,0.0000000000,1.6670164240,-0.2101464839,scatter
12200,3,1.6670164240,-0.2101464839,1.4079002293,-1.1306211088,scatter
12200,4,1.4079002293,-1.1306211088,2.5596925388,-6.5207490650,scatter
12200,5,2.5596925388,-6.5207490650,3.5000000000,-7.1301463568,exit_right
12300,1,0.0000000000,0.0000000000,1.0707428589,0.0000000000,absorb
12400,1,0.0000000000,0.0000000000,1.1142531511,0.0000000000,scatter
12400,2,1.1142531511,0.0000000000,1.8432284070,-4.5117644160,scatter
12400,3,1.8432284070,-4.5117644160,1.9290502779,-4.0334254111,absorb
12500,1,0.0000000000,0.0000000000,0.0052360082,0.0000000000,scatter
12500,2,0.0052360082,0.0000000000,2.0787237446,2.3680764948,scatter
12500,3,2.0787237446,2.3680764948,1.8511398009,2.9299804688,scatter
12500,4,1.8511398009,2.9299804688,0.0000000000,3.1217680616,exit_left
12600,1,0.0000000000,0.0000000000,1.6548119137,0.0000000000,scatter
12600,2,1.6548119137,0.0000000000,3.5000000000,-0.5851535958,exit_right
12700,1,0.0000000000,0.0000000000,2.5483619482,0.0000000000,scatter
12700,2,2.5483619482,0.0000000000,0.0000000000,1.1671834906,exit_left
12800,1,0.0000000000,0.0000000000,1.0688000736,0.0000000000,scatter
12800,2,1.0688000736,0.0000000000,0.0000000000,1.5750037620,exit_left
12900,1,0.0000000000,0.0000000000,2.2699698015,0.0000000000,absorb
13000,1,0.0000000000,0.0000000000,1.9546198457,0.0000000000,scatter
13000,2,1.9546198457,0.0000000000,2.7496547182,-1.5565036700,scatter
13000,3,2.7496547182,-1.5565036700,2.8621141757,-1.1780945498,scatter
13000,4,2.8621141757,-1.1780945498,2.2064207369,-1.6230463536,scatter
13000,5,2.2064207369,-1.6230463536,2.3245254141,-1.3546693595,scatter
13000,6,2.3245254141,-1.3546693595,3.0764456203,0.4381413601,scatter
13000,7,3.0764456203,0.4381413601,3.5000000000,-0.2438205618,exit_right
13100,1,0.0000000000,0.0000000000,3.3598252901,0.0000000000,scatter
13100,2,3.3598252901,0.0000000000,3.5000000000,0.0656708944,exit_right
13200,1,0.0000000000,0.0000000000,2.6113861717,0.0000000000,scatter
13200,2,2.6113861717,0.0000000000,2.9206376531,0.7027432452,scatter
13200,3,2.9206376531,0.7027432452,2.5545837127,4.0779098846,scatter
13200,4,2.5545837127,4.0779098846,1.9667385317,3.4242742645,scatter
13200,5,1.9667385317,3.4242742645,0.8453037153,2.7901171578,scatter
13200,6,0.8453037153,2.7901171578,0.0000000000,3.6734571148,exit_left
13300,1,0.0000000000,0.0000000000,0.2826341458,0.0000000000,scatter
13300,2,0.2826341458,0.0000000000,0.3788924828,0.5567478214,scatter
13300,3,0.3788924828,0.5567478214,0.4855921901,0.2660204384,scatter
13300,4,0.4855921901,0.2660204384,0.1427138975,-0.3097045176,scatter
13300,5,0.1427138975,-0.3097045176,0.0344721886,-0.3372513216,scatter
13300,6,0.0344721886,-0.3372513216,0.0000000000,-0.3729596983,exit_left
13400,1,0.0000000000,0.0000000000,1.4594247646,0.0000000000,scatter
13400,2,1.4594247646,0.0000000000,1.1908060177,0.5790416466,scatter
13400,3,1.1908060177,0.5790416466,0.9646245685,-1.3165152525,absorb
13500,1,0.0000000000,0.0000000000,1.8201649857,0.0000000000,absorb
13600,1,0.0000000000,0.0000000000,1.7920673362,0.0000000000,scatter
13600,2,1.7920673362,0.0000000000,1.5286573589,0.4629808637,scatter
13600,3,1.5286573589,0.4629808637,3.5000000000,0.6838596520,exit_right
13700,1,0.0000000000,0.0000000000,0.5112294113,0.0000000000,scatter
13700,2,0.5112294113,0.0000000000,0.0000000000,0.0474146849,exit_left
13800,1,0.0000000000,0.0000000000,1.7810545979,0.0000000000,scatter
13800,2,1.7810545979,0.0000000000,0.0000000000,-4.1698293545,exit_left
13900,1,0.0000000000,0.0000000000,1.3052558198,0.0000000000,scatter
13900,2,1.3052558198,0.0000000000,0.5978749011,1.1984207913,scatter
13900,3,0.5978749011,1.1984207913,3.5000000000,-0.4689525183,exit_right
14000,1,0.0000000000,0.0000000000,3.0562226345,0.0000000000,scatter
14000,2,3.0562226345,0.0000000000,2.8491552706,0.6948170033,scatter
14000,3,2.8491552706,0.6948170033,3.5000000000,0.5766468713,exit_right
14100,1,0.0000000000,0.0000000000,2.0391956246,0.0000000000,scatter
14100,2,2.0391956246,0.0000000000,1.9226623632,-0.0132442866,scatter
14100,3,1.9226623632,-0.0132442866,2.0113396786,0.0328455831,scatter
14100,4,2.0113396786,0.0328455831,2.1563654729,-1.2668745976,absorb
14200,1,0.0000000000,0.0000000000,0.2030465109,0.0000000000,scatter
14200,2,0.2030465109,0.0000000000,3.5000000000,1.0141462946,exit_right
14300,1,0.0000000000,0.0000000000,0.6508915098,0.0000000000,scatter
14300,2,0.6508915098,0.0000000000,0.8908559647,0.1523807532,scatter
14300,3,0.8908559647,0.1523807532,0.4788569029,0.4869927896,scatter
14300,4,0.4788569029,0.4869927896,0.5079047359,-0.2628423737,scatter
14300,5,0.5079047359,-0.2628423737,0.5485863964,-0.4570573633,scatter
14300,6,0.5485863964,-0.4570573633,0.5568257567,-0.4544559752,absorb
14400,1,0.0000000000,0.0000000000,0.1515275036,0.0000000000,scatter
14400,2,0.1515275036,0.0000000000,0.0000000000,0.1133836550,exit_left
14500,1,0.0000000000,0.0000000000,0.5685784141,0.0000000000,scatter
14500,2,0.5685784141,0.0000000000,3.5000000000,0.9500442588,exit_right
14600,1,0.0000000000,0.0000000000,1.9818695656,0.0000000000,scatter
14600,2,1.9818695656,0.0000000000,1.8762311414,-0.1006187690,scatter
14600,3,1.8762311414,-0.1006187690,2.4586943427,-0.2886775465,scatter
14600,4,2.4586943427,-0.2886775465,2.5328825218,0.8876866878,scatter
14600,5,2.5328825218,0.8876866878,2.7155447417,0.5668175996,scatter
14600,6,2.7155447417,0.5668175996,0.0000000000,1.0871743571,exit_left
14700,1,0.0000000000,0.0000000000,0.3441202538,0.0000000000,scatter
14700,2,0.3441202538,0.0000000000,2.8237581766,2.6704321250,scatter
14700,3,2.8237581766,2.6704321250,3.5000000000,3.0308387119,exit_right
14800,1,0.0000000000,0.0000000000,3.5000000000,0.0000000000,exit_right
14900,1,0.0000000000,0.0000000000,3.5000000000,0.0000000000,exit_right
15000,1,0.0000000000,0.0000000000,0.8740127105,0.0000000000,scatter
15000,2,0.8740127105,0.0000000000,0.6802380789,0.0420545840,scatter
15000,3,0.6802380789,0.0420545840,0.0000000000,2.1430417877,exit_left
15100,1,0.0000000000,0.0000000000,3.5000000000,0.0000000000,exit_right
15200,1,0.0000000000,0.0000000000,1.1905806606,0.0000000000,scatter
15200,2,1.1905806606,0.0000000000,0.0370213295,-0.1559703063,scatter
15200,3,0.0370213295,-0.1559703063,0.5746089098,0.2588933270,scatter
15200,4,0.5746089098,0.2588933270,0.5951141254,0.2008281226,scatter
15200,5,0.5951141254,0.2008281226,0.0000000000,-0.1195470451,exit_left
15300,1,0.0000000000,0.0000000000,0.3926702075,0.0000000000,absorb
15400,1,0.0000000000,0.0000000000,1.4418784200,0.0000000000,scatter
15400,2,1.4418784200,0.0000000000,2.5876709276,0.6469660111,scatter
15400,3,2.5876709276,0.6469660111,0.8444914376,-0.7999741796,scatter
15400,4,0.8444914376,-0.7999741796,1.4447036468,-2.2350537778,absorb
15500,1,0.0000000000,0.0000000000,1.5742332279,0.0000000000,absorb
15600,1,0.0000000000,0.0000000000,2.9986006197,0.0000000000,scatter
15600,2,2.9986006197,0.0000000000,2.7154799652,0.9791213363,scatter
15600,3,2.7154799652,0.9791213363,3.5000000000,-0.5985945031,exit_right
15700,1,0.0000000000,0.0000000000,2.8196908664,0.0000000000,scatter
15700,2,2.8196908664,0.0000000000,3.0469011681,0.8850893454,scatter
15700,3,3.0469011681,0.8850893454,3.5000000000,2.3179660438,exit_right
15800,1,0.0000000000,0.0000000000,1.7537231944,0.0000000000,scatter
15800,2,1.7537231944,0.0000000000,1.3648943299,-1.6271730448,absorb
15900,1,0.0000000000,0.0000000000,1.8591214069,0.0000000000,scatter
15900,2,1.8591214069,0.0000000000,3.5000000000,0.7976460855,exit_right
16000,1,0.0000000000,0.0000000000,0.0134944397,0.0000000000,scatter
16000,2,0.0134944397,0.0000000000,0.0000000000,0.0156823547,exit_left
16100,1,0.0000000000,0.0000000000,0.4208606522,0.0000000000,scatter
16100,2,0.4208606522,0.0000000000,2.0254803094,-0.8101855559,scatter
16100,3,2.0254803094,-0.8101855559,3.5000000000,-1.7319332366,exit_right
16200,1,0.0000000000,0.0000000000,0.1617941827,0.0000000000,absorb
16300,1,0.0000000000,0.0000000000,0.1799643228,0.0000000000,scatter
16300,2,0.1799643228,0.0000000000,0.0000000000,-0.0696695321,exit_left
16400,1,0.0000000000,0.0000000000,1.2572169666,0.0000000000,scatter
16400,2,1.2572169666,0.0000000000,0.6150303515,0.2001889510,scatter
16400,3,0.6150303515,0.2001889510,1.0880561941,0.5979699283,scatter
16400,4,1.0880561941,0.5979699283,1.3257193956,0.6142105303,scatter
16400,5,1.3257193956,0.6142105303,0.9600593770,-1.7016482003,scatter
16400,6,0.9600593770,-1.7016482003,0.3641831578,-1.7183666689,scatter
16400,7,0.3641831578,-1.7183666689,0.2171642188,-1.3324871910,scatter
16400,8,0.2171642188,-1.3324871910,0.0000000000,-1.2493514421,exit_left
16500,1,0.0000000000,0.0000000000,0.6028695341,0.0000000000,scatter
16500,2,0.6028695341,0.0000000000,0.3423063591,0.0878370458,scatter
16500,3,0.3423063591,0.0878370458,0.5238532706,-0.0902869140,scatter
16500,4,0.5238532706,-0.0902869140,0.0000000000,-0.1443822740,exit_left
16600,1,0.0000000000,0.0000000000,1.1154082866,0.0000000000,scatter
16600,2,1.1154082866,0.0000000000,3.5000000000,-2.4348078088,exit_right
16700,1,0.0000000000,0.0000000000,0.7653075615,0.0000000000,scatter
16700,2,0.7653075615,0.0000000000,0.8726423367,-0.7331443138,scatter
16700,3,0.8726423367,-0.7331443138,3.3252527766,-1.0709214483,scatter
16700,4,3.3252527766,-1.0709214483,3.5000000000,-0.9719971414,exit_right
16800,1,0.0000000000,0.0000000000,0.9296920359,0.0000000000,scatter
16800,2,0.9296920359,0.0000000000,1.4185669788,0.4865586541,scatter
16800,3,1.4185669788,0.4865586541,1.5546682276,0.5783401263,scatter
16800,4,1.5546682276,0.5783401263,0.3535989032,-0.2734742767,absorb
16900,1,0.0000000000,0.0000000000,0.7309788295,0.0000000000,scatter
16900,2,0.7309788295,0.0000000000,0.0000000000,0.1976880604,exit_left
17000,1,0.0000000000,0.0000000000,2.3215115141,0.0000000000,scatter
17000,2,2.3215115141,0.0000000000,2.8116172282,0.0913928544,scatter
17000,3,2.8116172282,0.0913928544,3.5000000000,-0.7722569399,exit_right
17100,1,0.0000000000,0.0000000000,2.3805939377,0.0000000000,scatter
17100,2,2.3805939377,0.0000000000,0.9569890563,-0.9216532940,scatter
17100,3,0.9569890563,-0.9216532940,2.6846531643,0.8741853236,scatter
17100,4,2.6846531643,0.8741853236,2.9551785305,0.9096961244,absorb
17200,1,0.0000000000,0.0000000000,0.6648953184,0.0000000000,scatter
17200,2,0.6648953184,0.0000000000,1.3933575324,-0.6711871794,scatter
17200,3,1.3933575324,-0.6711871794,1.4515947101,-0.5997111719,scatter
17200,4,1.4515947101,-0.5997111719,0.8018050816,-0.9574985115,scatter
17200,5,0.8018050816,-0.9574985115,3.4254768307,0.8910415798,scatter
17200,6,3.4254768307,0.8910415798,0.2502624087,1.5676518466,scatter
17200,7,0.2502624087,1.5676518466,2.6656166927,2.2075220650,scatter
17200,8,2.6656166927,2.2075220650,3.1107397407,1.0840738943,scatter
17200,9,3.1107397407,1.0840738943,1.7959317783,0.3075987857,scatter
17200,10,1.7959317783,0.3075987857,2.1148615336,5.5851448299,scatter
17200,11,2.1148615336,5.5851448299,2.7630722151,9.7217444473,scatter
17200,12,2.7630722151,9.7217444473,0.0000000000,10.9849315594,exit_left
17300,1,0.0000000000,0.0000000000,3.3578821018,0.0000000000,scatter
17300,2,3.3578821018,0.0000000000,3.5000000000,0.0025167987,exit_right
17400,1,0.0000000000,0.0000000000,1.8102485623,0.0000000000,absorb
17500,1,0.0000000000,0.0000000000,2.9208970645,0.0000000000,absorb
17600,1,0.0000000000,0.0000000000,1.5851667995,0.0000000000,scatter
17600,2,1.5851667995,0.0000000000,3.4266537367,-1.6081381787,scatter
17600,3,3.4266537367,-1.6081381787,0.8751223877,-3.0485556742,absorb
17700,1,0.0000000000,0.0000000000,3.5000000000,0.0000000000,exit_right
17800,1,0.0000000000,0.0000000000,0.7551991720,0.0000000000,scatter
17800,2,0.7551991720,0.0000000000,0.7447893219,-0.3951283809,scatter
17800,3,0.7447893219,-0.3951283809,0.6415098478,0.5629369322,absorb
17900,1,0.0000000000,0.0000000000,3.5000000000,0.0000000000,exit_right
18000,1,0.0000000000,0.0000000000,0.2479929114,0.0000000000,scatter
18000,2,0.2479929114,0.0000000000,0.0000000000,0.1682592098,exit_left
18100,1,0.0000000000,0.0000000000,0.5518954390,0.0000000000,scatter
18100,2,0.5518954390,0.0000000000,0.1439414372,1.0851202009,scatter
18100,3,0.1439414372,1.0851202009,0.0000000000,1.0984663441,exit_left
18200,1,0.0000000000,0.0000000000,0.9733364082,0.0000000000,scatter
18200,2,0.9733364082,0.0000000000,0.9842767181,0.0479974818,scatter
18200,3,0.9842767181,0.0479974818,1.2514733010,0.3128487574,scatter
18200,4,1.2514733010,0.3128487574,0.0000000000,1.1020430365,exit_left
18300,1,0.0000000000,0.0000000000,2.1812497762,0.0000000000,scatter
18300,2,2.1812497762,0.0000000000,3.4963055056,1.7780492840,scatter
18300,3,3.4963055056,1.7780492840,3.5000000000,1.7757110278,exit_right
18400,1,0.0000000000,0.0000000000,0.1247822437,0.0000000000,scatter
18400,2,0.1247822437,0.0000000000,3.5000000000,-4.4419105277,exit_right
18500,1,0.0000000000,0.0000000000,2.2666744985,0.0000000000,scatter
18500,2,2.2666744985,0.0000000000,2.3146293927,0.4934110162,scatter
18500,3,2.3146293927,0.4934110162,2.2961348291,2.7448373674,scatter
18500,4,2.2961348291,2.7448373674,0.5819762130,-2.1324700547,scatter
18500,5,0.5819762130,-2.1324700547,0.2798873402,0.4107403444,scatter
18500,6,0.2798873402,0.4107403444,3.5000000000,1.9311564659,exit_right
18600,1,0.0000000000,0.0000000000,0.3603016588,0.0000000000,scatter
18600,2,0.3603016588,0.0000000000,0.5119947259,-0.7430157326,scatter
18600,3,0.5119947259,-0.7430157326,1.5064602087,-0.7754636472,scatter
18600,4,1.5064602087,-0.7754636472,1.1896252106,-0.2515228934,scatter
18600,5,1.1896252106,-0.2515228934,3.5000000000,-1.8860956038,exit_right
18700,1,0.0000000000,0.0000000000,3.5000000000,0.0000000000,exit_right
18800,1,0.0000000000,0.0000000000,1.4936950631,0.0000000000,scatter
18800,2,1.4936950631,0.0000000000,1.8488164063,-0.3335828103,absorb
18900,1,0.0000000000,0.0000000000,0.1348240315,0.0000000000,scatter
18900,2,0.1348240315,0.0000000000,1.5824030696,-0.9620912590,scatter
18900,3,1.5824030696,-0.9620912590,1.6760777694,-1.7420093315,scatter
18900,4,1.6760777694,-1.7420093315,0.6674168591,-4.1946887613,absorb
19000,1,0.0000000000,0.0000000000,3.5000000000,0.0000000000,exit_right
19100,1,0.0000000000,0.0000000000,0.3850925295,0.0000000000,scatter
19100,2,0.3850925295,0.0000000000,0.3796848092,-0.0010367889,scatter
19100,3,0.3796848092,-0.0010367889,0.2098797015,-0.0982951455,scatter
19100,4,0.2098797015,-0.0982951455,0.5224894046,-0.1686617094,scatter
19100,5,0.5224894046,-0.1686617094,0.0000000000,0.8476399433,exit_left
19200,1,0.0000000000,0.0000000000,1.1501230350,0.0000000000,scatter
19200,2,1.1501230350,0.0000000000,3.5000000000,0.4696610485,exit_right
19300,1,0.0000000000,0.0000000000,0.0720288148,0.0000000000,absorb
19400,1,0.0000000000,0.0000000000,1.0846673071,0.0000000000,absorb
19500,1,0.0000000000,0.0000000000,2.2409964444,0.0000000000,scatter
19500,2,2.2409964444,0.0000000000,2.3736466313,0.5594592998,scatter
19500,3,2.3736466313,0.5594592998,2.9750472102,-1.3005037549,scatter
19500,4,2.9750472102,-1.3005037549,2.4611258863,-1.2202592115,scatter
19500,5,2.4611258863,-1.2202592115,0.0000000000,-1.5218697205,exit_left
19600,1,0.0000000000,0.0000000000,2.3703245812,0.0000000000,scatter
19600,2,2.3703245812,0.0000000000,3.5000000000,0.9109042690,exit_right
19700,1,0.0000000000,0.0000000000,2.7328641204,0.0000000000,scatter
19700,2,2.7328641204,0.0000000000,2.5720479970,-0.0470525976,scatter
19700,3,2.5720479970,-0.0470525976,0.0000000000,-0.3131595680,exit_left
19800,1,0.0000000000,0.0000000000,2.5735811403,0.0000000000,scatter
19800,2,2.5735811403,0.0000000000,0.0000000000,0.0577371223,exit_left
19900,1,0.0000000000,0.0000000000,1.3289317362,0.0000000000,scatter
19900,2,1.3289317362,0.0000000000,0.0000000000,2.5487170786,exit_left
20000,1,0.0000000000,0.0000000000,0.7200178006,0.0000000000,absorb
20100,1,0.0000000000,0.0000000000,0.3134069473,0.0000000000,scatter
20100,2,0.3134069473,0.0000000000,0.0000000000,-0.5716045126,exit_left
20200,1,0.0000000000,0.0000000000,0.8631352638,0.0000000000,scatter
20200,2,0.8631352638,0.0000000000,1.0431526194,-0.2552269279,scatter
20200,3,1.0431526194,-0.2552269279,0.3420534462,-0.8274315230,scatter
20200,4,0.3420534462,-0.8274315230,0.1864091558,-0.5461955832,scatter
20200,5,0.1864091558,-0.5461955832,0.4441408578,-0.0486676333,scatter
20200,6,0.4441408578,-0.0486676333,0.0000000000,0.1300661745,exit_left
20300,1,0.0000000000,0.0000000000,0.1575811672,0.0000000000,scatter
20300,2,0.1575811672,0.0000000000,0.0000000000,0.1679409748,exit_left
20400,1,0.0000000000,0.0000000000,0.8714931021,0.0000000000,absorb
20500,1,0.0000000000,0.0000000000,1.5737859086,0.0000000000,absorb
20600,1,0.0000000000,0.0000000000,3.0446076984,0.0000000000,scatter
20600,2,3.0446076984,0.0000000000,3.5000000000,-0.2660229241,exit_right
20700,1,0.0000000000,0.0000000000,3.5000000000,0.0000000000,exit_right
20800,1,0.0000000000,0.0000000000,0.5311161785,0.0000000000,absorb
20900,1,0.0000000000,0.0000000000,3.5000000000,0.0000000000,exit_right
21000,1,0.0000000000,0.0000000000,2.2008685261,0.0000000000,scatter
21000,2,2.2008685261,0.0000000000,2.4424516064,0.4410122492,scatter
21000,3,2.4424516064,0.4410122492,1.8903519046,1.2773723909,scatter
21000,4,1.8903519046,1.2773723909,2.5709566807,2.0505274059,scatter
21000,5,2.5709566807,2.0505274059,2.5405464397,2.0722905402,scatter
21000,6,2.5405464397,2.0722905402,2.2182025370,2.0133717496,scatter
21000,7,2.2182025370,2.0133717496,2.4627903634,1.4731617603,scatter
21000,8,2.4627903634,1.4731617603,3.0537563554,0.2522658803,scatter
21000,9,3.0537563554,0.2522658803,3.1007636073,0.6237314247,scatter
21000,10,3.1007636073,0.6237314247,2.1267852289,1.7283279573,scatter
21000,11,2.1267852289,1.7283279573,1.7339082344,2.9175185730,scatter
21000,12,1.7339082344,2.9175185730,2.2792174238,2.4793795395,scatter
21000,13,2.2792174238,2.4793795395,0.0000000000,1.8388147470,exit_left
21100,1,0.0000000000,0.0000000000,2.6740738291,0.0000000000,scatter
21100,2,2.6740738291,0.0000000000,3.5000000000,-0.0875100149,exit_right
21200,1,0.0000000000,0.0000000000,0.4843816960,0.0000000000,absorb
21300,1,0.0000000000,0.0000000000,0.0477137765,0.0000000000,absorb
21400,1,0.0000000000,0.0000000000,3.5000000000,0.0000000000,exit_right
21500,1,0.0000000000,0.0000000000,0.1037392253,0.0000000000,scatter
21500,2,0.1037392253,0.0000000000,3.5000000000,-0.7268652051,exit_right
21600,1,0.0000000000,0.0000000000,0.9653523479,0.0000000000,scatter
21600,2,0.9653523479,0.0000000000,0.6979982876,2.7706694798,scatter
21600,3,0.6979982876,2.7706694798,0.9255775366,3.3952303817,scatter
21600,4,0.9255775366,3.3952303817,0.2059886930,2.0148233684,scatter
21600,5,0.2059886930,2.0148233684,0.0000000000,1.8378898318,exit_left
21700,1,0.0000000000,0.0000000000,1.3757699383,0.0000000000,scatter
21700,2,1.3757699383,0.0000000000,1.0025069779,0.4274079490,absorb
21800,1,0.0000000000,0.0000000000,3.5000000000,0.0000000000,exit_right
21900,1,0.0000000000,0.0000000000,0.6243921561,0.0000000000,scatter
21900,2,0.6243921561,0.0000000000,0.5323270322,-2.2809841920,scatter
21900,3,0.5323270322,-2.2809841920,0.0008243602,-0.5329925201,scatter
21900,4,0.0008243602,-0.5329925201,0.0000000000,-0.5326095284,exit_left
22000,1,0.0000000000,0.0000000000,3.5000000000,0.0000000000,exit_right
22100,1,0.0000000000,0.0000000000,2.4755888133,0.0000000000,scatter
22100,2,2.4755888133,0.0000000000,3.4283466023,1.0888965898,scatter
22100,3,3.4283466023,1.0888965898,3.5000000000,0.9781222288,exit_right
22200,1,0.0000000000,0.0000000000,1.2125069794,0.0000000000,scatter
22200,2,1.2125069794,0.0000000000,0.0000000000,0.3191044122,exit_left
22300,1,0.0000000000,0.0000000000,0.3743781546,0.0000000000,scatter
22300,2,0.3743781546,0.0000000000,0.4382975246,0.0260910545,scatter
22300,3,0.4382975246,0.0260910545,0.7173715015,0.0087532983,absorb
22400,1,0.0000000000,0.0000000000,2.8010517651,0.0000000000,absorb
22500,1,0.0000000000,0.0000000000,2.6633976019,0.0000000000,scatter
22500,2,2.6633976019,0.0000000000,2.2505330903,1.0093303937,scatter
22500,3,2.2505330903,1.0093303937,0.0000000000,2.0261398876,exit_left
22600,1,0.0000000000,0.0000000000,2.5928288147,0.0000000000,scatter
22600,2,2.5928288147,0.0000000000,3.5000000000,-0.1070750385,exit_right
22700,1,0.0000000000,0.0000000000,0.6815779129,0.0000000000,scatter
22700,2,0.6815779129,0.0000000000,0.0000000000,-1.1823068948,exit_left
22800,1,0.0000000000,0.0000000000,1.5710258806,0.0000000000,scatter
22800,2,1.5710258806,0.0000000000,1.6521812205,0.1829168074,scatter
22800,3,1.6521812205,0.1829168074,0.7219436731,-0.2699479715,scatter
22800,4,0.7219436731,-0.2699479715,0.7157745239,-0.3260029153,scatter
22800,5,0.7157745239,-0.3260029153,0.2917509204,-0.4704299365,scatter
22800,6,0.2917509204,-0.4704299365,0.0000000000,-0.1122532644,exit_left
22900,1,0.0000000000,0.0000000000,3.1700400321,0.0000000000,absorb
23000,1,0.0000000000,0.0000000000,0.2419249769,0.0000000000,scatter
23000,2,0.2419249769,0.0000000000,0.2846581353,-0.0147335325,scatter
23000,3,0.2846581353,-0.0147335325,0.0000000000,-0.1334597079,exit_left
23100,1,0.0000000000,0.0000000000,0.5035691997,0.0000000000,scatter
23100,2,0.5035691997,0.0000000000,0.0000000000,-0.2261848136,exit_left
23200,1,0.0000000000,0.0000000000,1.3414064682,0.0000000000,absorb
23300,1,0.0000000000,0.0000000000,0.0224059408,0.0000000000,scatter
23300,2,0.0224059408,0.0000000000,0.0745045758,-0.1041975670,scatter
23300,3,0.0745045758,-0.1041975670,0.0000000000,-0.0187742938,exit_left
23400,1,0.0000000000,0.0000000000,2.7948996588,0.0000000000,scatter
23400,2,2.7948996588,0.0000000000,3.0211233529,0.0126562768,scatter
23400,3,3.0211233529,0.0126562768,3.2385657171,-0.0266573050,scatter
23400,4,3.2385657171,-0.0266573050,3.5000000000,-0.2282326446,exit_right
23500,1,0.0000000000,0.0000000000,0.0353962149,0.0000000000,scatter
23500,2,0.0353962149,0.0000000000,0.0000000000,0.0825934738,exit_left
23600,1,0.0000000000,0.0000000000,3.5000000000,0.0000000000,exit_right
23700,1,0.0000000000,0.0000000000,1.2358724595,0.0000000000,scatter
23700,2,1.2358724595,0.0000000000,1.0760299761,-3.9558866387,scatter
23700,3,1.0760299761,-3.9558866387,3.5000000000,-2.7975495981,exit_right
23800,1,0.0000000000,0.0000000000,2.3074086051,0.0000000000,scatter
23800,2,2.3074086051,0.0000000000,3.1509635144,-1.2723114190,scatter
23800,3,3.1509635144,-1.2723114190,3.5000000000,-1.1608471896,exit_right
23900,1,0.0000000000,0.0000000000,3.5000000000,0.0000000000,exit_right
24000,1,0.0000000000,0.0000000000,0.4958810554,0.0000000000,scatter
24000,2,0.4958810554,0.0000000000,0.0000000000,0.0222290646,exit_left
24100,1,0.0000000000,0.0000000000,3.5000000000,0.0000000000,exit_right
24200,1,0.0000000000,0.0000000000,0.2329738440,0.0000000000,absorb
24300,1,0.0000000000,0.0000000000,3.5000000000,0.0000000000,exit_right
24400,1,0.0000000000,0.0000000000,0.3208349253,0.0000000000,scatter
24400,2,0.3208349253,0.0000000000,0.0000000000,-0.0725354638,exit_left
24500,1,0.0000000000,0.0000000000,3.5000000000,0.0000000000,exit_right
24600,1,0.0000000000,0.0000000000,1.0384865048,0.0000000000,scatter
24600,2,1.0384865048,0.0000000000,1.0775697290,0.1685413512,scatter
24600,3,1.0775697290,0.1685413512,0.4791785571,1.1824866068,scatter
24600,4,0.4791785571,1.1824866068,0.2262069776,1.7027518602,absorb
24700,1,0.0000000000,0.0000000000,2.6828585466,0.0000000000,scatter
24700,2,2.6828585466,0.0000000000,2.8417728312,-0.0143712157,scatter
24700,3,2.8417728312,-0.0143712157,3.0146637361,0.2605261242,scatter
24700,4,3.0146637361,0.2605261242,0.6642259457,-7.7176492850,scatter
24700,5,0.6642259457,-7.7176492850,1.4721137316,-8.2090490318,scatter
24700,6,1.4721137316,-8.2090490318,2.1599866302,-6.8048350530,scatter
24700,7,2.1599866302,-6.8048350530,2.5530344668,-6.3428534524,scatter
24700,8,2.5530344668,-6.3428534524,3.5000000000,-5.7091500319,exit_right
24800,1,0.0000000000,0.0000000000,2.3154109022,0.0000000000,absorb
24900,1,0.0000000000,0.0000000000,3.5000000000,0.0000000000,exit_right
25000,1,0.0000000000,0.0000000000,1.4225068713,0.0000000000,scatter
25000,2,1.4225068713,0.0000000000,1.8879182447,-0.0257376128,scatter
25000,3,1.8879182447,-0.0257376128,3.5000000000,2.0824060946,exit_right
25100,1,0.0000000000,0.0000000000,1.4764009849,0.0000000000,scatter
25100,2,1.4764009849,0.0000000000,1.0140338186,2.1442885209,scatter
25100,3,1.0140338186,2.1442885209,1.1683903156,1.9418840005,scatter
25100,4,1.1683903156,1.9418840005,1.6282486890,2.6852850099,scatter
25100,5,1.6282486890,2.6852850099,3.5000000000,1.6816447107,exit_right
25200,1,0.0000000000,0.0000000000,0.0151065243,0.0000000000,scatter
25200,2,0.0151065243,0.0000000000,3.5000000000,-2.5330783001,exit_right
25300,1,0.0000000000,0.0000000000,1.3955438790,0.0000000000,scatter
25300,2,1.3955438790,0.0000000000,1.2657339853,-1.1340531665,scatter
25300,3,1.2657339853,-1.1340531665,0.0000000000,-0.0897586318,exit_left
25400,1,0.0000000000,0.0000000000,0.2345162053,0.0000000000,scatter
25400,2,0.2345162053,0.0000000000,0.8915285954,-0.2670850549,scatter
25400,3,0.8915285954,-0.2670850549,1.9825450879,-2.4089510492,scatter
25400,4,1.9825450879,-2.4089510492,0.0000000000,2.6788433934,exit_left
25500,1,0.0000000000,0.0000000000,1.5343214152,0.0000000000,scatter
25500,2,1.5343214152,0.0000000000,0.0000000000,0.0416754810,exit_left
25600,1,0.0000000000,0.0000000000,3.5000000000,0.0000000000,exit_right
25700,1,0.0000000000,0.0000000000,3.5000000000,0.0000000000,exit_right
25800,1,0.0000000000,0.0000000000,3.5000000000,0.0000000000,exit_right
25900,1,0.0000000000,0.0000000000,3.5000000000,0.0000000000,exit_right
26000,1,0.0000000000,0.0000000000,0.7466859698,0.0000000000,absorb
26100,1,0.0000000000,0.0000000000,0.1263316550,0.0000000000,scatter
26100,2,0.1263316550,0.0000000000,0.3148428131,-0.2718381501,absorb
26200,1,0.0000000000,0.0000000000,2.4328681343,0.0000000000,scatter
26200,2,2.4328681343,0.0000000000,2.8340055231,1.1756149568,absorb
26300,1,0.0000000000,0.0000000000,1.6034435499,0.0000000000,scatter
26300,2,1.6034435499,0.0000000000,1.8667077720,-0.4410368093,scatter
26300,3,1.8667077720,-0.4410368093,0.9863487573,0.3617385639,scatter
26300,4,0.9863487573,0.3617385639,2.0679312312,0.4267654033,scatter
26300,5,2.0679312312,0.4267654033,3.5000000000,2.0181773455,exit_right
26400,1,0.0000000000,0.0000000000,3.5000000000,0.0000000000,exit_right
26500,1,0.0000000000,0.0000000000,3.5000000000,0.0000000000,exit_right
26600,1,0.0000000000,0.0000000000,1.8012893216,0.0000000000,scatter
26600,2,1.8012893216,0.0000000000,1.1392046196,-2.1810293657,scatter
26600,3,1.1392046196,-2.1810293657,0.0000000000,0.0371708567,exit_left
26700,1,0.0000000000,0.0000000000,0.8355630352,0.0000000000,scatter
26700,2,0.8355630352,0.0000000000,0.8157187058,-0.0547768857,scatter
26700,3,0.8157187058,-0.0547768857,0.2026071890,-0.0379455672,absorb
26800,1,0.0000000000,0.0000000000,1.0033620644,0.0000000000,scatter
26800,2,1.0033620644,0.0000000000,2.0400976977,-0.8113362915,absorb
26900,1,0.0000000000,0.0000000000,0.8687278368,0.0000000000,scatter
26900,2,0.8687278368,0.0000000000,0.8661314068,0.3832339087,scatter
26900,3,0.8661314068,0.3832339087,0.7918816075,0.5195792273,absorb
27000,1,0.0000000000,0.0000000000,1.5299073823,0.0000000000,scatter
27000,2,1.5299073823,0.0000000000,1.2334592012,0.0101135403,scatter
27000,3,1.2334592012,0.0101135403,0.2484043709,0.6678726239,scatter
27000,4,0.2484043709,0.6678726239,0.0000000000,0.9495447419,exit_left
27100,1,0.0000000000,0.0000000000,0.1753345835,0.0000000000,scatter
27100,2,0.1753345835,0.0000000000,3.5000000000,-2.8731026450,exit_right
27200,1,0.0000000000,0.0000000000,1.7357128239,0.0000000000,scatter
27200,2,1.7357128239,0.0000000000,0.0000000000,1.4066627868,exit_left
27300,1,0.0000000000,0.0000000000,2.9856749177,0.0000000000,scatter
27300,2,2.9856749177,0.0000000000,1.7654180513,-0.3860315106,scatter
27300,3,1.7654180513,-0.3860315106,1.7314498554,-2.2804814132,scatter
27300,4,1.7314498554,-2.2804814132,1.2871525792,-2.7353152534,scatter
27300,5,1.2871525792,-2.7353152534,0.4021016909,-4.5190149680,scatter
27300,6,0.4021016909,-4.5190149680,2.5884281915,-3.3189345861,scatter
27300,7,2.5884281915,-3.3189345861,2.7948261743,-3.3344970168,absorb
27400,1,0.0000000000,0.0000000000,3.5000000000,0.0000000000,exit_right
27500,1,0.0000000000,0.0000000000,3.5000000000,0.0000000000,exit_right
27600,1,0.0000000000,0.0000000000,0.5404428275,0.0000000000,scatter
27600,2,0.5404428275,0.0000000000,0.0000000000,0.1405120593,exit_left
27700,1,0.0000000000,0.0000000000,0.4067513889,0.0000000000,scatter
27700,2,0.4067513889,0.0000000000,0.3742015130,0.0719106180,absorb
27800,1,0.0000000000,0.0000000000,0.4130640847,0.0000000000,scatter
27800,2,0.4130640847,0.0000000000,0.0370800164,0.1217080106,absorb
27900,1,0.0000000000,0.0000000000,3.5000000000,0.0000000000,exit_right
28000,1,0.0000000000,0.0000000000,3.5000000000,0.0000000000,exit_right
28100,1,0.0000000000,0.0000000000,0.6502949404,0.0000000000,scatter
28100,2,0.6502949404,0.0000000000,2.9649438866,-1.7399027514,scatter
28100,3,2.9649438866,-1.7399027514,0.0000000000,-3.9536616840,exit_left
28200,1,0.0000000000,0.0000000000,1.5758384311,0.0000000000,scatter
28200,2,1.5758384311,0.0000000000,2.3719288914,1.8718317489,absorb
28300,1,0.0000000000,0.0000000000,0.1441848984,0.0000000000,scatter
28300,2,0.1441848984,0.0000000000,0.0000000000,-0.0158743396,exit_left
28400,1,0.0000000000,0.0000000000,2.1037147898,0.0000000000,scatter
28400,2,2.1037147898,0.0000000000,2.0567931503,0.0077070202,scatter
28400,3,2.0567931503,0.0077070202,0.0000000000,1.9533640268,exit_left
28500,1,0.0000000000,0.0000000000,1.2161201807,0.0000000000,scatter
28500,2,1.2161201807,0.0000000000,0.5920933186,-0.2319265524,scatter
28500,3,0.5920933186,-0.2319265524,1.9751366886,2.1298977321,scatter
28500,4,1.9751366886,2.1298977321,3.5000000000,3.3914890273,exit_right
28600,1,0.0000000000,0.0000000000,3.5000000000,0.0000000000,exit_right
28700,1,0.0000000000,0.0000000000,1.6531845303,0.0000000000,scatter
28700,2,1.6531845303,0.0000000000,1.6239060052,0.0971152138,scatter
28700,3,1.6239060052,0.0971152138,1.5018648211,-0.3158375783,scatter
28700,4,1.5018648211,-0.3158375783,0.2992710956,-1.2842642616,scatter
28700,5,0.2992710956,-1.2842642616,0.0000000000,-1.6868688982,exit_left
28800,1,0.0000000000,0.0000000000,2.4228256537,0.0000000000,absorb
28900,1,0.0000000000,0.0000000000,3.5000000000,0.0000000000,exit_right
29000,1,0.0000000000,0.0000000000,3.5000000000,0.0000000000,exit_right
29100,1,0.0000000000,0.0000000000,1.7135911273,0.0000000000,scatter
29100,2,1.7135911273,0.0000000000,1.9759518718,-0.1585179479,scatter
29100,3,1.9759518718,-0.1585179479,1.6014087787,-0.1408863060,scatter
29100,4,1.6014087787,-0.1408863060,0.0611802596,-3.7418016344,scatter
29100,5,0.0611802596,-3.7418016344,0.0000000000,-3.7559967257,exit_left
29200,1,0.0000000000,0.0000000000,1.2146307502,0.0000000000,scatter
29200,2,1.2146307502,0.0000000000,0.4706354236,-0.8356183691,scatter
29200,3,0.4706354236,-0.8356183691,0.0000000000,2.0026303949,exit_left
29300,1,0.0000000000,0.0000000000,1.9375233376,0.0000000000,scatter
29300,2,1.9375233376,0.0000000000,1.7613731266,1.5635667895,scatter
29300,3,1.7613731266,1.5635667895,1.1422544525,0.0170359323,absorb
29400,1,0.0000000000,0.0000000000,2.6410435495,0.0000000000,scatter
29400,2,2.6410435495,0.0000000000,3.1246676081,-1.8605865925,scatter
29400,3,3.1246676081,-1.8605865925,3.2008634733,-1.3726910673,absorb
29500,1,0.0000000000,0.0000000000,0.4264076132,0.0000000000,scatter
29500,2,0.4264076132,0.0000000000,0.0000000000,-0.2469542845,exit_left
29600,1,0.0000000000,0.0000000000,1.0757763877,0.0000000000,scatter
29600,2,1.0757763877,0.0000000000,0.0000000000,0.1261323203,exit_left
29700,1,0.0000000000,0.0000000000,1.2731105802,0.0000000000,scatter
29700,2,1.2731105802,0.0000000000,1.1969212809,-0.2004957321,absorb
29800,1,0.0000000000,0.0000000000,3.5000000000,0.0000000000,exit_right
29900,1,0.0000000000,0.0000000000,0.8915326157,0.0000000000,scatter
29900,2,0.8915326157,0.0000000000,0.0000000000,0.3757778110,exit_left
30000,1,0.0000000000,0.0000000000,3.5000000000,0.0000000000,exit_right
30100,1,0.0000000000,0.0000000000,3.5000000000,0.0000000000,exit_right
30200,1,0.0000000000,0.0000000000,3.5000000000,0.0000000000,exit_right
30300,1,0.0000000000,0.0000000000,0.8216602811,0.0000000000,absorb
30400,1,0.0000000000,0.0000000000,0.3356515770,0.0000000000,absorb
30500,1,0.0000000000,0.0000000000,0.4274638443,0.0000000000,scatter
30500,2,0.4274638443,0.0000000000,1.1836177156,0.7847396797,absorb
30600,1,0.0000000000,0.0000000000,0.1354907953,0.0000000000,scatter
30600,2,0.1354907953,0.0000000000,1.1806121548,0.9478321939,scatter
30600,3,1.1806121548,0.9478321939,1.6353575421,0.9745086828,scatter
30600,4,1.6353575421,0.9745086828,2.2972787010,0.0812395852,scatter
30600,5,2.2972787010,0.0812395852,1.0996630795,0.2486984931,scatter
30600,6,1.0996630795,0.2486984931,3.5000000000,-0.6531671113,exit_right
30700,1,0.0000000000,0.0000000000,0.5478183372,0.0000000000,scatter
30700,2,0.5478183372,0.0000000000,0.4658508164,-0.5050885145,scatter
30700,3,0.4658508164,-0.5050885145,1.2003325995,-1.2916401613,scatter
30700,4,1.2003325995,-1.2916401613,2.7422921046,-0.6444940236,scatter
30700,5,2.7422921046,-0.6444940236,2.7512300407,-0.8685326638,scatter
30700,6,2.7512300407,-0.8685326638,2.8316643870,-0.5764748321,scatter
30700,7,2.8316643870,-0.5764748321,3.5000000000,-0.6414458605,exit_right
30800,1,0.0000000000,0.0000000000,1.0582688419,0.0000000000,absorb
30900,1,0.0000000000,0.0000000000,2.5589421923,0.0000000000,absorb
31000,1,0.0000000000,0.0000000000,3.2791977241,0.0000000000,absorb
31100,1,0.0000000000,0.0000000000,0.7416719279,0.0000000000,absorb
31200,1,0.0000000000,0.0000000000,1.2171791001,0.0000000000,absorb
31300,1,0.0000000000,0.0000000000,0.7853168563,0.0000000000,absorb
31400,1,0.0000000000,0.0000000000,1.2461214310,0.0000000000,scatter
31400,2,1.2461214310,0.0000000000,1.3048940914,-0.0082119409,scatter
31400,3,1.3048940914,-0.0082119409,1.2260063542,-3.3620982295,scatter
31400,4,1.2260063542,-3.3620982295,1.1474795250,-3.3346444121,scatter
31400,5,1.1474795250,-3.3346444121,1.7633487175,-2.9975105269,scatter
31400,6,1.7633487175,-2.9975105269,2.7918287472,-1.1171108501,scatter
31400,7,2.7918287472,-1.1171108501,2.0117023335,-3.5089611679,scatter
31400,8,2.0117023335,-3.5089611679,2.0235154877,-3.0673412188,scatter
31400,9,2.0235154877,-3.0673412188,2.5646659358,-3.1222767998,scatter
31400,10,2.5646659358,-3.1222767998,1.9824718033,-3.5333913369,scatter
31400,11,1.9824718033,-3.5333913369,2.1816501350,-3.3924835817,scatter
31400,12,2.1816501350,-3.3924835817,1.8886567146,-3.3623601599,scatter
31400,13,1.8886567146,-3.3623601599,2.8134527437,-3.7180142785,scatter
31400,14,2.8134527437,-3.7180142785,0.0000000000,-1.8292746717,exit_left
31500,1,0.0000000000,0.0000000000,2.6167245269,0.0000000000,scatter
31500,2,2.6167245269,0.0000000000,2.5617468671,0.0577563731,scatter
31500,3,2.5617468671,0.0577563731,3.5000000000,-0.4843331794,exit_right
31600,1,0.0000000000,0.0000000000,0.0267964754,0.0000000000,scatter
31600,2,0.0267964754,0.0000000000,0.0000000000,-0.0174978021,exit_left
31700,1,0.0000000000,0.0000000000,0.6629738491,0.0000000000,scatter
31700,2,0.6629738491,0.0000000000,0.3074316643,0.1622326349,absorb
31800,1,0.0000000000,0.0000000000,2.2798465118,0.0000000000,scatter
31800,2,2.2798465118,0.0000000000,0.5756024834,1.4165017723,scatter
31800,3,0.5756024834,1.4165017723,0.6089202867,1.3647453565,scatter
31800,4,0.6089202867,1.3647453565,2.3929062404,1.6028800632,scatter
31800,5,2.3929062404,1.6028800632,2.3637496102,-0.1033361723,scatter
31800,6,2.3637496102,-0.1033361723,2.6336963643,-0.7975271533,scatter
31800,7,2.6336963643,-0.7975271533,1.1783925546,-1.1567820577,scatter
31800,8,1.1783925546,-1.1567820577,2.0729842126,-4.8195266667,scatter
31800,9,2.0729842126,-4.8195266667,3.5000000000,-3.2089734411,exit_right
31900,1,0.0000000000,0.0000000000,0.2687709992,0.0000000000,absorb
32000,1,0.0000000000,0.0000000000,1.1093589641,0.0000000000,scatter
32000,2,1.1093589641,0.0000000000,2.2943970587,2.3562312042,scatter
32000,3,2.2943970587,2.3562312042,2.0725881396,3.4577932855,scatter
32000,4,2.0725881396,3.4577932855,0.3590028579,2.5894127688,scatter
32000,5,0.3590028579,2.5894127688,0.4408781935,2.5838266146,scatter
32000,6,0.4408781935,2.5838266146,0.0000000000,0.9862615735,exit_left
32100,1,0.0000000000,0.0000000000,3.5000000000,0.0000000000,exit_right
32200,1,0.0000000000,0.0000000000,0.8512341440,0.0000000000,scatter
32200,2,0.8512341440,0.0000000000,0.9376321251,-0.2747595793,scatter
32200,3,0.9376321251,-0.2747595793,0.0000000000,0.3169753742,exit_left
32300,1,0.0000000000,0.0000000000,0.4221672228,0.0000000000,scatter
32300,2,0.4221672228,0.0000000000,0.4578864921,-1.2970197301,absorb
32400,1,0.0000000000,0.0000000000,0.6413370130,0.0000000000,scatter
32400,2,0.6413370130,0.0000000000,0.6131762229,10.1476193341,absorb
32500,1,0.0000000000,0.0000000000,0.2335322299,0.0000000000,scatter
32500,2,0.2335322299,0.0000000000,0.0000000000,0.2364139538,exit_left
32600,1,0.0000000000,0.0000000000,3.5000000000,0.0000000000,exit_right
32700,1,0.0000000000,0.0000000000,0.2743224232,0.0000000000,scatter
32700,2,0.2743224232,0.0000000000,1.6875402370,0.4691355132,scatter
32700,3,1.6875402370,0.4691355132,3.5000000000,0.7021512727,exit_right
32800,1,0.0000000000,0.0000000000,0.2998897625,0.0000000000,scatter
32800,2,0.2998897625,0.0000000000,0.3304338189,-3.2585578514,scatter
32800,3,0.3304338189,-3.2585578514,3.5000000000,-6.0499708152,exit_right
32900,1,0.0000000000,0.0000000000,1.8277117632,0.0000000000,scatter
32900,2,1.8277117632,0.0000000000,3.1922125096,2.2197148211,scatter
32900,3,3.1922125096,2.2197148211,3.5000000000,2.5342096387,exit_right
33000,1,0.0000000000,0.0000000000,0.1069497859,0.0000000000,scatter
33000,2,0.1069497859,0.0000000000,0.2196189924,-0.9685283307,scatter
33000,3,0.2196189924,-0.9685283307,0.9993010089,1.1735065790,scatter
33000,4,0.9993010089,1.1735065790,1.6532075244,0.6632736222,scatter
33000,5,1.6532075244,0.6632736222,1.8649444154,0.5158012432,absorb
33100,1,0.0000000000,0.0000000000,1.2373713743,0.0000000000,scatter
33100,2,1.2373713743,0.0000000000,1.2160413120,0.2434679710,scatter
33100,3,1.2160413120,0.2434679710,3.5000000000,0.1373255686,exit_right
33200,1,0.0000000000,0.0000000000,2.6462139833,0.0000000000,scatter
33200,2,2.6462139833,0.0000000000,0.2839933459,-7.8552668532,scatter
33200,3,0.2839933459,-7.8552668532,0.3559161146,-8.8204516681,scatter
33200,4,0.3559161146,-8.8204516681,2.6762696300,-6.3729975340,absorb
33300,1,0.0000000000,0.0000000000,3.5000000000,0.0000000000,exit_right
33400,1,0.0000000000,0.0000000000,0.3628121783,0.0000000000,scatter
33400,2,0.3628121783,0.0000000000,1.7518309819,-0.9091014267,scatter
33400,3,1.7518309819,-0.9091014267,2.4813986709,-1.0810275692,scatter
33400,4,2.4813986709,-1.0810275692,2.1464881141,0.2464501854,absorb
33500,1,0.0000000000,0.0000000000,3.5000000000,0.0000000000,exit_right
33600,1,0.0000000000,0.0000000000,1.5984646406,0.0000000000,scatter
33600,2,1.5984646406,0.0000000000,1.5783968322,-1.0538678406,scatter
33600,3,1.5783968322,-1.0538678406,2.2184094121,-3.2985881488,scatter
33600,4,2.2184094121,-3.2985881488,1.4935412009,-2.3806496600,scatter
33600,5,1.4935412009,-2.3806496600,0.3144073983,-1.9301235650,scatter
33600,6,0.3144073983,-1.9301235650,3.5000000000,0.7652111769,exit_right
33700,1,0.0000000000,0.0000000000,0.6554497739,0.0000000000,scatter
33700,2,0.6554497739,0.0000000000,0.0000000000,-0.9164338781,exit_left
33800,1,0.0000000000,0.0000000000,0.0736876410,0.0000000000,scatter
33800,2,0.0736876410,0.0000000000,2.3597091083,3.6125910268,absorb
33900,1,0.0000000000,0.0000000000,0.6313643236,0.0000000000,absorb
34000,1,0.0000000000,0.0000000000,3.5000000000,0.0000000000,exit_right
34100,1,0.0000000000,0.0000000000,3.5000000000,0.0000000000,exit_right
34200,1,0.0000000000,0.0000000000,2.5339789258,0.0000000000,scatter
34200,2,2.5339789258,0.0000000000,2.9931894535,0.8792235603,absorb
34300,1,0.0000000000,0.0000000000,3.5000000000,0.0000000000,exit_right
34400,1,0.0000000000,0.0000000000,1.9674755940,0.0000000000,scatter
34400,2,1.9674755940,0.0000000000,0.8026528006,0.6667547311,scatter
34400,3,0.8026528006,0.6667547311,0.0000000000,0.0868307343,exit_left
34500,1,0.0000000000,0.0000000000,0.8036237900,0.0000000000,scatter
34500,2,0.8036237900,0.0000000000,0.7382114308,-0.0205425596,scatter
34500,3,0.7382114308,-0.0205425596,0.0000000000,1.1545324908,exit_left
34600,1,0.0000000000,0.0000000000,0.4090395504,0.0000000000,scatter
34600,2,0.4090395504,0.0000000000,1.2469028265,-0.3853086383,scatter
34600,3,1.2469028265,-0.3853086383,0.0000000000,-0.5754012382,exit_left
34700,1,0.0000000000,0.0000000000,0.5549400640,0.0000000000,scatter
34700,2,0.5549400640,0.0000000000,1.7542444158,-1.3992596184,scatter
34700,3,1.7542444158,-1.3992596184,3.3239213138,-2.3907037869,scatter
34700,4,3.3239213138,-2.3907037869,1.3746426904,-0.3235628379,scatter
34700,5,1.3746426904,-0.3235628379,1.8144017151,-0.3603244081,scatter
34700,6,1.8144017151,-0.3603244081,1.7684753242,-1.1765946348,scatter
34700,7,1.7684753242,-1.1765946348,0.2722151751,-1.5902101757,scatter
34700,8,0.2722151751,-1.5902101757,0.8306768137,1.1525722179,scatter
34700,9,0.8306768137,1.1525722179,0.7787952958,1.4478591049,scatter
34700,10,0.7787952958,1.4478591049,0.5410260647,1.3581423631,scatter
34700,11,0.5410260647,1.3581423631,0.4376776015,1.2730499454,absorb
34800,1,0.0000000000,0.0000000000,3.5000000000,0.0000000000,exit_right
34900,1,0.0000000000,0.0000000000,3.5000000000,0.0000000000,exit_right
35000,1,0.0000000000,0.0000000000,3.1696249592,0.0000000000,scatter
35000,2,3.1696249592,0.0000000000,0.6550673292,-0.9190636014,scatter
35000,3,0.6550673292,-0.9190636014,0.0000000000,-0.8220622036,exit_left
35100,1,0.0000000000,0.0000000000,0.7942057154,0.0000000000,scatter
35100,2,0.7942057154,0.0000000000,0.9549961479,-0.4026836987,scatter
35100,3,0.9549961479,-0.4026836987,1.5417383351,1.6743923080,scatter
35100,4,1.5417383351,1.6743923080,0.0000000000,2.7713344252,exit_left
35200,1,0.0000000000,0.0000000000,0.2253831608,0.0000000000,scatter
35200,2,0.2253831608,0.0000000000,0.1888158821,-0.9174818613,absorb
35300,1,0.0000000000,0.0000000000,3.5000000000,0.0000000000,exit_right
35400,1,0.0000000000,0.0000000000,0.4246728773,0.0000000000,scatter
35400,2,0.4246728773,0.0000000000,2.1066758024,-0.1489000019,scatter
35400,3,2.1066758024,-0.1489000019,3.5000000000,-5.2470595213,exit_right
35500,1,0.0000000000,0.0000000000,2.9528982455,0.0000000000,scatter
35500,2,2.9528982455,0.0000000000,0.0000000000,-3.2760807290,exit_left
35600,1,0.0000000000,0.0000000000,3.5000000000,0.0000000000,exit_right
35700,1,0.0000000000,0.0000000000,0.4504710169,0.0000000000,scatter
35700,2,0.4504710169,0.0000000000,1.8360869478,0.1635832711,scatter
35700,3,1.8360869478,0.1635832711,3.0645232666,-1.9986979021,scatter
35700,4,3.0645232666,-1.9986979021,3.5000000000,-1.9613248888,exit_right
35800,1,0.0000000000,0.0000000000,2.2040040971,0.0000000000,absorb
35900,1,0.0000000000,0.0000000000,2.4864075396,0.0000000000,scatter
35900,2,2.4864075396,0.0000000000,2.3847331661,0.0675631683,absorb
36000,1,0.0000000000,0.0000000000,3.5000000000,0.0000000000,exit_right
36100,1,0.0000000000,0.0000000000,0.1823349442,0.0000000000,scatter
36100,2,0.1823349442,0.0000000000,0.1784298410,-0.0050989765,scatter
36100,3,0.1784298410,-0.0050989765,0.7462036821,-0.0724732042,scatter
36100,4,0.7462036821,-0.0724732042,0.7319290564,-0.0216273277,absorb
36200,1,0.0000000000,0.0000000000,3.5000000000,0.0000000000,exit_right
36300,1,0.0000000000,0.0000000000,3.5000000000,0.0000000000,exit_right
36400,1,0.0000000000,0.0000000000,1.2217345474,0.0000000000,scatter
36400,2,1.2217345474,0.0000000000,0.0000000000,-1.2153115560,exit_left
36500,1,0.0000000000,0.0000000000,1.5015042116,0.0000000000,absorb
36600,1,0.0000000000,0.0000000000,2.1098170244,0.0000000000,scatter
36600,2,2.1098170244,0.0000000000,3.5000000000,-2.3981844906,exit_right
36700,1,0.0000000000,0.0000000000,3.5000000000,0.0000000000,exit_right
36800,1,0.0000000000,0.0000000000,3.4491501036,0.0000000000,absorb
36900,1,0.0000000000,0.0000000000,0.7883876244,0.0000000000,scatter
36900,2,0.7883876244,0.0000000000,0.5106996257,-0.0900853764,scatter
36900,3,0.5106996257,-0.0900853764,1.2577870606,0.2872054721,scatter
36900,4,1.2577870606,0.2872054721,2.5036524354,2.2227894131,scatter
36900,5,2.5036524354,2.2227894131,2.1501873456,2.0482666102,scatter
36900,6,2.1501873456,2.0482666102,2.2312867660,1.8440683632,scatter
36900,7,2.2312867660,1.8440683632,2.2301231544,1.8709810676,scatter
36900,8,2.2301231544,1.8709810676,3.5000000000,3.2782180432,exit_right
37000,1,0.0000000000,0.0000000000,0.2139957898,0.0000000000,scatter
37000,2,0.2139957898,0.0000000000,2.2369253176,1.6778170474,absorb
37100,1,0.0000000000,0.0000000000,2.9352360195,0.0000000000,absorb
37200,1,0.0000000000,0.0000000000,3.2350820393,0.0000000000,scatter
37200,2,3.2350820393,0.0000000000,2.4607682778,-0.8957799098,absorb
37300,1,0.0000000000,0.0000000000,2.3198054074,0.0000000000,scatter
37300,2,2.3198054074,0.0000000000,1.5213173020,0.2976025307,absorb
37400,1,0.0000000000,0.0000000000,3.5000000000,0.0000000000,exit_right
37500,1,0.0000000000,0.0000000000,1.7760879356,0.0000000000,scatter
37500,2,1.7760879356,0.0000000000,2.0566621815,-0.0127784331,absorb
37600,1,0.0000000000,0.0000000000,0.6499165109,0.0000000000,scatter
37600,2,0.6499165109,0.0000000000,0.0000000000,-0.4148133737,exit_left
37700,1,0.0000000000,0.0000000000,1.4924824108,0.0000000000,scatter
37700,2,1.4924824108,0.0000000000,1.2433160492,0.4397679937,absorb
37800,1,0.0000000000,0.0000000000,3.5000000000,0.0000000000,exit_right
37900,1,0.0000000000,0.0000000000,3.5000000000,0.0000000000,exit_right
38000,1,0.0000000000,0.0000000000,0.5616244725,0.0000000000,scatter
38000,2,0.5616244725,0.0000000000,0.4955571685,0.0613757572,scatter
38000,3,0.4955571685,0.0613757572,0.8102167541,0.0035192608,absorb
38100,1,0.0000000000,0.0000000000,3.3614483933,0.0000000000,scatter
38100,2,3.3614483933,0.0000000000,2.8979747184,2.5986466264,scatter
38100,3,2.8979747184,2.5986466264,3.5000000000,2.6972362343,exit_right
38200,1,0.0000000000,0.0000000000,0.0238851982,0.0000000000,scatter
38200,2,0.0238851982,0.0000000000,0.0000000000,-0.0783565226,exit_left
38300,1,0.0000000000,0.0000000000,2.4082680132,0.0000000000,scatter
38300,2,2.4082680132,0.0000000000,2.2763162690,-0.2749229364,scatter
38300,3,2.2763162690,-0.2749229364,3.5000000000,-3.2543186048,exit_right
38400,1,0.0000000000,0.0000000000,0.0782594897,0.0000000000,scatter
38400,2,0.0782594897,0.0000000000,0.5109795423,-4.1171490040,scatter
38400,3,0.5109795423,-4.1171490040,0.7204750593,-4.3338653418,scatter
38400,4,0.7204750593,-4.3338653418,1.4349784180,-3.1023592360,scatter
38400,5,1.4349784180,-3.1023592360,3.1077034011,-1.9952667279,scatter
38400,6,3.1077034011,-1.9952667279,3.5000000000,-1.9219034909,exit_right
38500,1,0.0000000000,0.0000000000,0.0737005611,0.0000000000,scatter
38500,2,0.0737005611,0.0000000000,0.7432857340,-0.4094500025,scatter
38500,3,0.7432857340,-0.4094500025,2.5311867606,-3.4716522769,scatter
38500,4,2.5311867606,-3.4716522769,1.7700412011,-2.6236340381,scatter
38500,5,1.7700412011,-2.6236340381,1.9185575229,-1.4509845244,absorb
38600,1,0.0000000000,0.0000000000,3.5000000000,0.0000000000,exit_right
38700,1,0.0000000000,0.0000000000,3.3850133791,0.0000000000,scatter
38700,2,3.3850133791,0.0000000000,3.5000000000,0.2444868064,exit_right
38800,1,0.0000000000,0.0000000000,2.3072828124,0.0000000000,scatter
38800,2,2.3072828124,0.0000000000,3.5000000000,-0.1887003443,exit_right
38900,1,0.0000000000,0.0000000000,2.2165345173,0.0000000000,scatter
38900,2,2.2165345173,0.0000000000,1.9253111229,-0.3303406309,scatter
38900,3,1.9253111229,-0.3303406309,2.5733981742,0.2173949299,scatter
38900,4,2.5733981742,0.2173949299,2.6988195348,0.0668385691,scatter
38900,5,2.6988195348,0.0668385691,2.5715232400,0.5621423757,scatter
38900,6,2.5715232400,0.5621423757,2.7521297582,0.6483769908,scatter
38900,7,2.7521297582,0.6483769908,2.6725316399,-1.4535050845,scatter
38900,8,2.6725316399,-1.4535050845,3.1122663599,-0.9336267320,scatter
38900,9,3.1122663599,-0.9336267320,3.0466877206,0.1096999866,absorb
39000,1,0.0000000000,0.0000000000,1.4224546091,0.0000000000,scatter
39000,2,1.4224546091,0.0000000000,2.4970951188,1.1379255382,scatter
39000,3,2.4970951188,1.1379255382,3.5000000000,-1.3816871531,exit_right
39100,1,0.0000000000,0.0000000000,0.0434408959,0.0000000000,scatter
39100,2,0.0434408959,0.0000000000,1.3451858419,-0.1483116056,absorb
39200,1,0.0000000000,0.0000000000,0.3142788191,0.0000000000,absorb
39300,1,0.0000000000,0.0000000000,0.3785138624,0.0000000000,scatter
39300,2,0.3785138624,0.0000000000,0.8418221440,1.5814839734,scatter
39300,3,0.8418221440,1.5814839734,1.3074127096,0.1334873790,scatter
39300,4,1.3074127096,0.1334873790,0.8990611279,0.8727730078,absorb
39400,1,0.0000000000,0.0000000000,0.2448950485,0.0000000000,absorb
39500,1,0.0000000000,0.0000000000,1.5826931626,0.0000000000,scatter
39500,2,1.5826931626,0.0000000000,0.0000000000,-0.1468648651,exit_left
39600,1,0.0000000000,0.0000000000,0.6715414884,0.0000000000,scatter
39600,2,0.6715414884,0.0000000000,1.2849578916,0.8231398903,scatter
39600,3,1.2849578916,0.8231398903,3.5000000000,0.4759056532,exit_right
39700,1,0.0000000000,0.0000000000,1.9549821796,0.0000000000,absorb
39800,1,0.0000000000,0.0000000000,2.9734595917,0.0000000000,scatter
39800,2,2.9734595917,0.0000000000,3.0318939485,-0.0281436443,scatter
39800,3,3.0318939485,-0.0281436443,3.5000000000,-0.8163777034,exit_right
39900,1,0.0000000000,0.0000000000,1.4126352942,0.0000000000,scatter
39900,2,1.4126352942,0.0000000000,3.5000000000,0.8779182099,exit_right
40000,1,0.0000000000,0.0000000000,2.2659210594,0.0000000000,absorb
40100,1,0.0000000000,0.0000000000,2.1049484391,0.0000000000,scatter
40100,2,2.1049484391,0.0000000000,2.6498428849,2.2673837112,scatter
40100,3,2.6498428849,2.2673837112,0.6946924490,0.8006589835,scatter
40100,4,0.6946924490,0.8006589835,0.6977118946,0.8132555170,absorb
40200,1,0.0000000000,0.0000000000,1.5599525196,0.0000000000,absorb
40300,1,0.0000000000,0.0000000000,0.0293175117,0.0000000000,scatter
40300,2,0.0293175117,0.0000000000,0.0000000000,-0.0500807823,exit_left
40400,1,0.0000000000,0.0000000000,3.5000000000,0.0000000000,exit_right
40500,1,0.0000000000,0.0000000000,0.2162062341,0.0000000000,scatter
40500,2,0.2162062341,0.0000000000,0.0000000000,-0.0573680004,exit_left
40600,1,0.0000000000,0.0000000000,1.3067982286,0.0000000000,scatter
40600,2,1.3067982286,0.0000000000,0.0000000000,1.8800552972,exit_left
40700,1,0.0000000000,0.0000000000,1.6300976426,0.0000000000,absorb
40800,1,0.0000000000,0.0000000000,1.9570765801,0.0000000000,scatter
40800,2,1.9570765801,0.0000000000,1.9743774767,-0.0957042142,scatter
40800,3,1.9743774767,-0.0957042142,0.0000000000,-2.0437106438,exit_left
40900,1,0.0000000000,0.0000000000,1.0019670128,0.0000000000,absorb
41000,1,0.0000000000,0.0000000000,1.6352605851,0.0000000000,scatter
41000,2,1.6352605851,0.0000000000,1.5038870135,-3.4575130951,scatter
41000,3,1.5038870135,-3.4575130951,2.1772350157,-2.9859663254,absorb
41100,1,0.0000000000,0.0000000000,1.3542977195,0.0000000000,scatter
41100,2,1.3542977195,0.0000000000,1.4678377562,0.0847113584,scatter
41100,3,1.4678377562,0.0847113584,1.1816727989,-1.8876114609,scatter
41100,4,1.1816727989,-1.8876114609,1.2926194585,-2.3029821167,scatter
41100,5,1.2926194585,-2.3029821167,2.0319542580,-2.0855813914,scatter
41100,6,2.0319542580,-2.0855813914,3.5000000000,-0.5872624636,exit_right
41200,1,0.0000000000,0.0000000000,0.3703945994,0.0000000000,scatter
41200,2,0.3703945994,0.0000000000,0.0000000000,-1.4295957795,exit_left
41300,1,0.0000000000,0.0000000000,0.4357519040,0.0000000000,scatter
41300,2,0.4357519040,0.0000000000,0.6289135837,-1.0011610231,scatter
41300,3,0.6289135837,-1.0011610231,0.4480032425,1.4654486024,scatter
41300,4,0.4480032425,1.4654486024,0.6452833564,1.7800425612,scatter
41300,5,0.6452833564,1.7800425612,1.9017820125,0.2626219457,scatter
41300,6,1.9017820125,0.2626219457,1.7209279945,0.9117388313,scatter
41300,7,1.7209279945,0.9117388313,1.6780688884,0.8703050360,absorb
41400,1,0.0000000000,0.0000000000,3.5000000000,0.0000000000,exit_right
41500,1,0.0000000000,0.0000000000,2.0729710383,0.0000000000,scatter
41500,2,2.0729710383,0.0000000000,2.6141166522,0.2010827983,absorb
41600,1,0.0000000000,0.0000000000,0.1297699848,0.0000000000,absorb
41700,1,0.0000000000,0.0000000000,1.9146492685,0.0000000000,scatter
41700,2,1.9146492685,0.0000000000,0.0000000000,-1.2582811043,exit_left
41800,1,0.0000000000,0.0000000000,1.6523689965,0.0000000000,scatter
41800,2,1.6523689965,0.0000000000,1.6045638423,0.0272158129,scatter
41800,3,1.6045638423,0.0272158129,0.0000000000,-0.1088256632,exit_left
41900,1,0.0000000000,0.0000000000,2.0526139279,0.0000000000,scatter
41900,2,2.0526139279,0.0000000000,1.6759226258,-2.0487825267,scatter
41900,3,1.6759226258,-2.0487825267,1.0752998310,-3.3604383776,scatter
41900,4,1.0752998310,-3.3604383776,1.3503759470,-2.0218629896,scatter
41900,5,1.3503759470,-2.0218629896,1.3785375662,-1.9500942838,absorb
42000,1,0.0000000000,0.0000000000,0.6379821139,0.0000000000,absorb
42100,1,0.0000000000,0.0000000000,3.5000000000,0.0000000000,exit_right
42200,1,0.0000000000,0.0000000000,0.3465023066,0.0000000000,scatter
42200,2,0.3465023066,0.0000000000,0.7569325813,-0.2818161900,scatter
42200,3,0.7569325813,-0.2818161900,0.8414614934,-0.1773745296,absorb
42300,1,0.0000000000,0.0000000000,0.5265937494,0.0000000000,scatter
42300,2,0.5265937494,0.0000000000,0.2678731292,-0.2734871067,scatter
42300,3,0.2678731292,-0.2734871067,0.4879231162,0.1962733791,scatter
42300,4,0.4879231162,0.1962733791,0.6032154239,0.1994670683,scatter
42300,5,0.6032154239,0.1994670683,0.1510981462,-0.1580418944,scatter
42300,6,0.1510981462,-0.1580418944,0.0000000000,-0.3999804161,exit_left
42400,1,0.0000000000,0.0000000000,3.4923781752,0.0000000000,scatter
42400,2,3.4923781752,0.0000000000,2.5979251274,0.1543723981,scatter
42400,3,2.5979251274,0.1543723981,1.9389020749,0.0958221154,absorb
42500,1,0.0000000000,0.0000000000,2.8702485564,0.0000000000,absorb
42600,1,0.0000000000,0.0000000000,3.1384971911,0.0000000000,scatter
42600,2,3.1384971911,0.0000000000,3.0046290258,0.3272414096,scatter
42600,3,3.0046290258,0.3272414096,3.0947157619,0.7719414382,scatter
42600,4,3.0947157619,0.7719414382,0.0000000000,3.2565011770,exit_left
42700,1,0.0000000000,0.0000000000,0.1951657457,0.0000000000,scatter
42700,2,0.1951657457,0.0000000000,0.9560827222,0.4073324438,scatter
42700,3,0.9560827222,0.4073324438,0.0000000000,0.9184996412,exit_left
42800,1,0.0000000000,0.0000000000,3.1974317592,0.0000000000,scatter
42800,2,3.1974317592,0.0000000000,3.4174040681,1.7030187844,absorb
42900,1,0.0000000000,0.0000000000,1.7441239345,0.0000000000,scatter
42900,2,1.7441239345,0.0000000000,0.5017206748,1.4290098284,absorb
43000,1,0.0000000000,0.0000000000,0.1283220684,0.0000000000,scatter
43000,2,0.1283220684,0.0000000000,2.8674917077,3.6293768273,scatter
43000,3,2.8674917077,3.6293768273,3.5000000000,3.3909998903,exit_right
43100,1,0.0000000000,0.0000000000,1.7455722851,0.0000000000,scatter
43100,2,1.7455722851,0.0000000000,2.5196925567,-0.3709771169,scatter
43100,3,2.5196925567,-0.3709771169,1.0825477049,-0.1407555909,scatter
43100,4,1.0825477049,-0.1407555909,1.0820847538,-0.1200156687,scatter
43100,5,1.0820847538,-0.1200156687,0.9224390792,-0.0287250253,scatter
43100,6,0.9224390792,-0.0287250253,1.0316378151,1.2540014444,scatter
43100,7,1.0316378151,1.2540014444,0.8790770333,0.4493237980,scatter
43100,8,0.8790770333,0.4493237980,0.0000000000,0.2693604962,exit_left
43200,1,0.0000000000,0.0000000000,1.1254488722,0.0000000000,scatter
43200,2,1.1254488722,0.0000000000,0.0000000000,1.2066344617,exit_left
43300,1,0.0000000000,0.0000000000,0.5884783090,0.0000000000,scatter
43300,2,0.5884783090,0.0000000000,0.4576136049,-2.6916613524,scatter
43300,3,0.4576136049,-2.6916613524,0.6620992101,-2.5513805549,scatter
43300,4,0.6620992101,-2.5513805549,0.6663970056,-2.2783144015,scatter
43300,5,0.6663970056,-2.2783144015,0.4229433575,-1.5702929722,scatter
43300,6,0.4229433575,-1.5702929722,0.0000000000,-1.4970715786,exit_left
43400,1,0.0000000000,0.0000000000,1.4738594993,0.0000000000,scatter
43400,2,1.4738594993,0.0000000000,1.5428494052,0.0721547813,scatter
43400,3,1.5428494052,0.0721547813,1.5550982007,0.0920284724,scatter
43400,4,1.5550982007,0.0920284724,2.4317740184,-1.3174925907,scatter
43400,5,2.4317740184,-1.3174925907,3.5000000000,-2.6796685057,exit_right
43500,1,0.0000000000,0.0000000000,1.1434422503,0.0000000000,absorb
43600,1,0.0000000000,0.0000000000,0.2395927240,0.0000000000,scatter
43600,2,0.2395927240,0.0000000000,0.0000000000,-0.6184999125,exit_left
43700,1,0.0000000000,0.0000000000,3.5000000000,0.0000000000,exit_right
43800,1,0.0000000000,0.0000000000,0.1782148960,0.0000000000,absorb
43900,1,0.0000000000,0.0000000000,0.8639643167,0.0000000000,absorb
44000,1,0.0000000000,0.0000000000,0.0154637088,0.0000000000,scatter
44000,2,0.0154637088,0.0000000000,0.0569252265,0.0302540941,scatter
44000,3,0.0569252265,0.0302540941,3.2540860251,-1.0880667956,scatter
44000,4,3.2540860251,-1.0880667956,2.4175317067,2.9495623238,absorb
44100,1,0.0000000000,0.0000000000,2.2828311847,0.0000000000,scatter
44100,2,2.2828311847,0.0000000000,0.8962948717,0.2045663889,scatter
44100,3,0.8962948717,0.2045663889,0.1896322426,0.6891912156,scatter
44100,4,0.1896322426,0.6891912156,0.3361426129,0.7020648190,scatter
44100,5,0.3361426129,0.7020648190,0.5268039023,0.6624346749,scatter
44100,6,0.5268039023,0.6624346749,0.4907263757,0.6769438661,scatter
44100,7,0.4907263757,0.6769438661,0.3569023503,0.6087514202,scatter
44100,8,0.3569023503,0.6087514202,0.4983253623,1.0307021866,absorb
44200,1,0.0000000000,0.0000000000,3.5000000000,0.0000000000,exit_right
44300,1,0.0000000000,0.0000000000,0.4540340463,0.0000000000,scatter
44300,2,0.4540340463,0.0000000000,0.1878578132,-1.4572301115,absorb
44400,1,0.0000000000,0.0000000000,0.3096729795,0.0000000000,scatter
44400,2,0.3096729795,0.0000000000,3.5000000000,-0.3621339251,exit_right
44500,1,0.0000000000,0.0000000000,3.5000000000,0.0000000000,exit_right
44600,1,0.0000000000,0.0000000000,3.4204904647,0.0000000000,scatter
44600,2,3.4204904647,0.0000000000,3.5000000000,-0.4734504244,exit_right
44700,1,0.0000000000,0.0000000000,1.0877660232,0.0000000000,absorb
44800,1,0.0000000000,0.0000000000,3.0188948234,0.0000000000,scatter
44800,2,3.0188948234,0.0000000000,3.5000000000,-0.1185897987,exit_right
44900,1,0.0000000000,0.0000000000,1.1431887345,0.0000000000,absorb
45000,1,0.0000000000,0.0000000000,0.8891873801,0.0000000000,scatter
45000,2,0.8891873801,0.0000000000,0.9083006509,0.0296357953,scatter
45000,3,0.9083006509,0.0296357953,1.6498674035,-0.5693998521,scatter
45000,4,1.6498674035,-0.5693998521,1.4017402203,-0.4458482116,scatter
45000,5,1.4017402203,-0.4458482116,0.0000000000,-2.5110033084,exit_left
45100,1,0.0000000000,0.0000000000,0.2006981684,0.0000000000,scatter
45100,2,0.2006981684,0.0000000000,3.2470634158,-2.5084507458,scatter
45100,3,3.2470634158,-2.5084507458,3.5000000000,-2.5735347193,exit_right
45200,1,0.0000000000,0.0000000000,2.6247731145,0.0000000000,scatter
45200,2,2.6247731145,0.0000000000,1.9549159076,1.6752048599,scatter
45200,3,1.9549159076,1.6752048599,1.6452274901,1.9143996322,scatter
45200,4,1.6452274901,1.9143996322,1.8335477537,1.9534060188,scatter
45200,5,1.8335477537,1.9534060188,2.8701155699,0.5847880663,absorb
45300,1,0.0000000000,0.0000000000,1.0399649452,0.0000000000,scatter
45300,2,1.0399649452,0.0000000000,0.9724755933,-0.1452826618,scatter
45300,3,0.9724755933,-0.1452826618,2.6914973973,3.2261719284,scatter
45300,4,2.6914973973,3.2261719284,2.7215601944,3.3058627844,scatter
45300,5,2.7215601944,3.3058627844,2.4575784653,3.4307750506,absorb
45400,1,0.0000000000,0.0000000000,0.5758169754,0.0000000000,scatter
45400,2,0.5758169754,0.0000000000,0.7512017395,0.4993215571,scatter
45400,3,0.7512017395,0.4993215571,3.5000000000,-2.6039457021,exit_right
45500,1,0.0000000000,0.0000000000,2.9890613406,0.0000000000,scatter
45500,2,2.9890613406,0.0000000000,2.7802208947,0.2019112833,scatter
45500,3,2.7802208947,0.2019112833,2.8148003134,0.1844515747,scatter
45500,4,2.8148003134,0.1844515747,2.5628123606,0.5960895468,scatter
45500,5,2.5628123606,0.5960895468,3.5000000000,0.5738513987,exit_right
45600,1,0.0000000000,0.0000000000,0.4326669635,0.0000000000,scatter
45600,2,0.4326669635,0.0000000000,0.0000000000,-0.1657921888,exit_left
45700,1,0.0000000000,0.0000000000,1.5503995881,0.0000000000,absorb
45800,1,0.0000000000,0.0000000000,0.4179331101,0.0000000000,scatter
45800,2,0.4179331101,0.0000000000,1.5850280715,1.2834186617,absorb
45900,1,0.0000000000,0.0000000000,3.5000000000,0.0000000000,exit_right
46000,1,0.0000000000,0.0000000000,1.4112874521,0.0000000000,scatter
46000,2,1.4112874521,0.0000000000,1.3772266341,2.9718139651,absorb
46100,1,0.0000000000,0.0000000000,3.5000000000,0.0000000000,exit_right
46200,1,0.0000000000,0.0000000000,0.4581805767,0.0000000000,absorb
46300,1,0.0000000000,0.0000000000,1.1042416086,0.0000000000,scatter
46300,2,1.1042416086,0.0000000000,1.3672635272,-0.1952365355,scatter
46300,3,1.3672635272,-0.1952365355,1.4937885271,0.7788169254,absorb
46400,1,0.0000000000,0.0000000000,0.5223623523,0.0000000000,absorb
46500,1,0.0000000000,0.0000000000,3.5000000000,0.0000000000,exit_right
46600,1,0.0000000000,0.0000000000,1.4707728533,0.0000000000,scatter
46600,2,1.4707728533,0.0000000000,1.5983462918,-0.5533317924,absorb
46700,1,0.0000000000,0.0000000000,3.5000000000,0.0000000000,exit_right
46800,1,0.0000000000,0.0000000000,0.0023978733,0.0000000000,scatter
46800,2,0.0023978733,0.0000000000,0.0000000000,0.0097208927,exit_left
46900,1,0.0000000000,0.0000000000,0.1915957748,0.0000000000,scatter
46900,2,0.1915957748,0.0000000000,0.2969384224,3.3766696703,scatter
46900,3,0.2969384224,3.3766696703,0.8425863001,2.6946446688,scatter
46900,4,0.8425863001,2.6946446688,0.0000000000,2.8228909915,exit_left
47000,1,0.0000000000,0.0000000000,0.5700241512,0.0000000000,scatter
47000,2,0.5700241512,0.0000000000,3.0980324298,-0.8858418135,scatter
47000,3,3.0980324298,-0.8858418135,0.0000000000,-0.0145311637,exit_left
47100,1,0.0000000000,0.0000000000,0.0768826623,0.0000000000,scatter
47100,2,0.0768826623,0.0000000000,0.0037772153,-0.4454347858,scatter
47100,3,0.0037772153,-0.4454347858,0.5682886564,1.9209950473,scatter
47100,4,0.5682886564,1.9209950473,2.1708121143,3.3882083788,scatter
47100,5,2.1708121143,3.3882083788,0.0000000000,3.7520595975,exit_left
47200,1,0.0000000000,0.0000000000,0.2812327562,0.0000000000,scatter
47200,2,0.2812327562,0.0000000000,0.0000000000,0.1607074193,exit_left
47300,1,0.0000000000,0.0000000000,3.5000000000,0.0000000000,exit_right
47400,1,0.0000000000,0.0000000000,0.1691580257,0.0000000000,scatter
47400,2,0.1691580257,0.0000000000,0.3637362919,-0.7166941233,scatter
47400,3,0.3637362919,-0.7166941233,0.3438973723,-0.7514371734,scatter
47400,4,0.3438973723,-0.7514371734,2.9598220258,-2.0023664984,absorb
47500,1,0.0000000000,0.0000000000,3.5000000000,0.0000000000,exit_right
47600,1,0.0000000000,0.0000000000,1.4679155757,0.0000000000,scatter
47600,2,1.4679155757,0.0000000000,2.1031996450,0.0216368725,absorb
47700,1,0.0000000000,0.0000000000,3.4598653604,0.0000000000,scatter
47700,2,3.4598653604,0.0000000000,0.8454225077,3.4125578872,scatter
47700,3,0.8454225077,3.4125578872,2.2579674989,4.6611703430,scatter
47700,4,2.2579674989,4.6611703430,0.0000000000,6.4171618963,exit_left
47800,1,0.0000000000,0.0000000000,1.3001762551,0.0000000000,scatter
47800,2,1.3001762551,0.0000000000,1.2348948632,0.5722104554,absorb
47900,1,0.0000000000,0.0000000000,1.9331706605,0.0000000000,scatter
47900,2,1.9331706605,0.0000000000,1.0326090764,-1.5994074541,absorb
48000,1,0.0000000000,0.0000000000,2.0928994028,0.0000000000,scatter
48000,2,2.0928994028,0.0000000000,3.5000000000,0.0226705483,exit_right
48100,1,0.0000000000,0.0000000000,3.0326524995,0.0000000000,scatter
48100,2,3.0326524995,0.0000000000,3.1674597239,-1.1909096980,absorb
48200,1,0.0000000000,0.0000000000,1.7549368118,0.0000000000,absorb
48300,1,0.0000000000,0.0000000000,1.1257005563,0.0000000000,scatter
48300,2,1.1257005563,0.0000000000,2.1855470518,-0.8199991958,absorb
48400,1,0.0000000000,0.0000000000,1.1779458782,0.0000000000,scatter
48400,2,1.1779458782,0.0000000000,1.5397784349,0.1304997852,scatter
48400,3,1.5397784349,0.1304997852,1.2569959697,-0.2126988743,scatter
48400,4,1.2569959697,-0.2126988743,1.3754065061,-0.2547072605,scatter
48400,5,1.3754065061,-0.2547072605,3.5000000000,-0.4671010579,exit_right
48500,1,0.0000000000,0.0000000000,3.5000000000,0.0000000000,exit_right
48600,1,0.0000000000,0.0000000000,3.5000000000,0.0000000000,exit_right
48700,1,0.0000000000,0.0000000000,1.3949169790,0.0000000000,scatter
48700,2,1.3949169790,0.0000000000,2.7205401711,-4.8827193624,absorb
48800,1,0.0000000000,0.0000000000,0.9526663257,0.0000000000,absorb
48900,1,0.0000000000,0.0000000000,3.5000000000,0.0000000000,exit_right
49000,1,0.0000000000,0.0000000000,1.4223384079,0.0000000000,scatter
49000,2,1.4223384079,0.0000000000,0.0000000000,2.2699741933,exit_left
49100,1,0.0000000000,0.0000000000,3.5000000000,0.0000000000,exit_right
49200,1,0.0000000000,0.0000000000,1.6375087900,0.0000000000,absorb
49300,1,0.0000000000,0.0000000000,0.8454194989,0.0000000000,scatter
49300,2,0.8454194989,0.0000000000,0.0000000000,-0.2143387246,exit_left
49400,1,0.0000000000,0.0000000000,0.9534008008,0.0000000000,scatter
49400,2,0.9534008008,0.0000000000,0.0000000000,0.0657332993,exit_left
49500,1,0.0000000000,0.0000000000,1.0902654546,0.0000000000,scatter
49500,2,1.0902654546,0.0000000000,0.0000000000,2.9281285311,exit_left
49600,1,0.0000000000,0.0000000000,0.2717345733,0.0000000000,scatter
49600,2,0.2717345733,0.0000000000,3.5000000000,-0.8404488705,exit_right
49700,1,0.0000000000,0.0000000000,0.5209530359,0.0000000000,scatter
49700,2,0.5209530359,0.0000000000,1.5597463363,-1.7882358048,scatter
49700,3,1.5597463363,-1.7882358048,2.5178670341,-1.6201881742,scatter
49700,4,2.5178670341,-1.6201881742,0.8613587887,-2.6445974004,scatter
49700,5,0.8613587887,-2.6445974004,0.0000000000,-1.9451988489,exit_left
49800,1,0.0000000000,0.0000000000,3.1981348944,0.0000000000,scatter
49800,2,3.1981348944,0.0000000000,3.5000000000,1.1563936088,exit_right
49900,1,0.0000000000,0.0000000000,1.3473654277,0.0000000000,scatter
49900,2,1.3473654277,0.0000000000,0.9269695431,-0.1006671107,scatter
49900,3,0.9269695431,-0.1006671107,0.8857586573,-0.0477198978,scatter
49900,4,0.8857586573,-0.0477198978,1.2065320426,-3.2318298448,scatter
49900,5,1.2065320426,-3.2318298448,1.2860509494,-1.7534683240,scatter
49900,6,1.2860509494,-1.7534683240,0.0000000000,-6.5198159535,exit_left
50000,1,0.0000000000,0.0000000000,3.5000000000,0.0000000000,exit_right
50100,1,0.0000000000,0.0000000000,3.5000000000,0.0000000000,exit_right
50200,1,0.0000000000,0.0000000000,0.0818261175,0.0000000000,scatter
50200,2,0.0818261175,0.0000000000,0.5797531791,-1.4166283522,scatter
50200,3,0.5797531791,-1.4166283522,3.5000000000,0.6876531533,exit_right
50300,1,0.0000000000,0.0000000000,0.1501029889,0.0000000000,scatter
50300,2,0.1501029889,0.0000000000,0.0000000000,-0.4364466068,exit_left
50400,1,0.0000000000,0.0000000000,0.0484431263,0.0000000000,scatter
50400,2,0.0484431263,0.0000000000,0.0000000000,0.0307083074,exit_left
50500,1,0.0000000000,0.0000000000,3.5000000000,0.0000000000,exit_right
50600,1,0.0000000000,0.0000000000,3.5000000000,0.0000000000,exit_right
50700,1,0.0000000000,0.0000000000,3.4817462144,0.0000000000,absorb
50800,1,0.0000000000,0.0000000000,3.5000000000,0.0000000000,exit_right
50900,1,0.0000000000,0.0000000000,0.4889677241,0.0000000000,scatter
50900,2,0.4889677241,0.0000000000,0.8208992434,0.2456594206,scatter
50900,3,0.8208992434,0.2456594206,1.3370684421,-0.3885132685,scatter
50900,4,1.3370684421,-0.3885132685,3.5000000000,-1.1136770031,exit_right
51000,1,0.0000000000,0.0000000000,1.5105531161,0.0000000000,scatter
51000,2,1.5105531161,0.0000000000,3.5000000000,-1.6518247458,exit_right
51100,1,0.0000000000,0.0000000000,0.7651221546,0.0000000000,scatter
51100,2,0.7651221546,0.0000000000,1.4748199824,0.8505309584,scatter
51100,3,1.4748199824,0.8505309584,1.2077514756,0.7925022699,scatter
51100,4,1.2077514756,0.7925022699,1.1124692452,1.6846483421,scatter
51100,5,1.1124692452,1.6846483421,2.0677258488,3.0108563994,scatter
51100,6,2.0677258488,3.0108563994,2.5085753451,3.3462723720,scatter
51100,7,2.5085753451,3.3462723720,0.0000000000,3.1856040239,exit_left
51200,1,0.0000000000,0.0000000000,3.5000000000,0.0000000000,exit_right
51300,1,0.0000000000,0.0000000000,1.9312049574,0.0000000000,scatter
51300,2,1.9312049574,0.0000000000,3.5000000000,0.4332989061,exit_right
51400,1,0.0000000000,0.0000000000,2.2825064301,0.0000000000,scatter
51400,2,2.2825064301,0.0000000000,0.0000000000,-2.7033046973,exit_left
51500,1,0.0000000000,0.0000000000,0.7058672014,0.0000000000,scatter
51500,2,0.7058672014,0.0000000000,0.8237220071,1.0936428488,scatter
51500,3,0.8237220071,1.0936428488,0.9380095551,0.3326908279,scatter
51500,4,0.9380095551,0.3326908279,0.5836936821,-6.7587298578,scatter
51500,5,0.5836936821,-6.7587298578,0.4353755182,-7.4260020266,scatter
51500,6,0.4353755182,-7.4260020266,0.6067047613,-7.4989417913,scatter
51500,7,0.6067047613,-7.4989417913,0.8058809098,-7.2582132399,scatter
51500,8,0.8058809098,-7.2582132399,0.6248346734,-6.9658385926,scatter
51500,9,0.6248346734,-6.9658385926,0.0000000000,-6.9884427286,exit_left
51600,1,0.0000000000,0.0000000000,1.0169799447,0.0000000000,scatter
51600,2,1.0169799447,0.0000000000,0.3683687902,-0.9828965710,scatter
51600,3,0.3683687902,-0.9828965710,0.5835350897,-1.5149537764,scatter
51600,4,0.5835350897,-1.5149537764,1.1802159196,-0.3240152872,absorb
51700,1,0.0000000000,0.0000000000,1.0572756809,0.0000000000,scatter
51700,2,1.0572756809,0.0000000000,1.9690231699,0.6400776846,scatter
51700,3,1.9690231699,0.6400776846,1.9500469026,0.7168868642,scatter
51700,4,1.9500469026,0.7168868642,0.0000000000,-0.8725719224,exit_left
51800,1,0.0000000000,0.0000000000,0.6198495055,0.0000000000,scatter
51800,2,0.6198495055,0.0000000000,0.7139740198,2.4827787650,absorb
51900,1,0.0000000000,0.0000000000,0.9484792703,0.0000000000,scatter
51900,2,0.9484792703,0.0000000000,1.1489799451,0.6623843921,scatter
51900,3,1.1489799451,0.6623843921,1.4101138487,4.6514707621,scatter
51900,4,1.4101138487,4.6514707621,0.9315183215,4.7579197744,scatter
51900,5,0.9315183215,4.7579197744,3.1996670567,6.3807726961,absorb
52000,1,0.0000000000,0.0000000000,0.0854830527,0.0000000000,scatter
52000,2,0.0854830527,0.0000000000,0.0000000000,0.2944671682,exit_left
52100,1,0.0000000000,0.0000000000,0.8515218917,0.0000000000,scatter
52100,2,0.8515218917,0.0000000000,0.5504446441,0.1272280490,scatter
52100,3,0.5504446441,0.1272280490,0.5482696499,-0.2274432867,scatter
52100,4,0.5482696499,-0.2274432867,3.5000000000,2.1578318848,exit_right
52200,1,0.0000000000,0.0000000000,1.1355857417,0.0000000000,absorb
52300,1,0.0000000000,0.0000000000,3.5000000000,0.0000000000,exit_right
52400,1,0.0000000000,0.0000000000,0.3291465265,0.0000000000,scatter
52400,2,0.3291465265,0.0000000000,0.0000000000,0.1315161404,exit_left
52500,1,0.0000000000,0.0000000000,0.7456022127,0.0000000000,scatter
52500,2,0.7456022127,0.0000000000,0.0068012122,-0.1527557102,scatter
52500,3,0.0068012122,-0.1527557102,0.0085780045,-0.1605144454,scatter
52500,4,0.0085780045,-0.1605144454,0.3354688236,-0.8239916204,absorb
52600,1,0.0000000000,0.0000000000,1.3700468431,0.0000000000,scatter
52600,2,1.3700468431,0.0000000000,2.9553824749,-1.6034140625,scatter
52600,3,2.9553824749,-1.6034140625,3.2418491629,-2.2030817188,scatter
52600,4,3.2418491629,-2.2030817188,3.5000000000,-2.3855296313,exit_right
52700,1,0.0000000000,0.0000000000,0.4476480980,0.0000000000,scatter
52700,2,0.4476480980,0.0000000000,0.0000000000,3.9654598558,exit_left
52800,1,0.0000000000,0.0000000000,3.1783514985,0.0000000000,scatter
52800,2,3.1783514985,0.0000000000,2.6557160651,-0.3095889739,scatter
52800,3,2.6557160651,-0.3095889739,3.4366094453,-2.6909002597,scatter
52800,4,3.4366094453,-2.6909002597,3.5000000000,-2.4776655692,exit_right
52900,1,0.0000000000,0.0000000000,1.3529242954,0.0000000000,absorb
53000,1,0.0000000000,0.0000000000,0.5647120518,0.0000000000,absorb
53100,1,0.0000000000,0.0000000000,3.5000000000,0.0000000000,exit_right
53200,1,0.0000000000,0.0000000000,1.3701311091,0.0000000000,scatter
53200,2,1.3701311091,0.0000000000,0.6592630935,-3.7674993932,scatter
53200,3,0.6592630935,-3.7674993932,0.0000000000,-2.5320582864,exit_left
53300,1,0.0000000000,0.0000000000,3.5000000000,0.0000000000,exit_right
53400,1,0.0000000000,0.0000000000,0.1119961792,0.0000000000,scatter
53400,2,0.1119961792,0.0000000000,0.4346252903,-0.6932208806,scatter
53400,3,0.4346252903,-0.6932208806,1.4455751754,0.4430623923,scatter
53400,4,1.4455751754,0.4430623923,2.0462412008,-0.1862904540,scatter
53400,5,2.0462412008,-0.1862904540,1.9969168674,-2.9253657442,scatter
53400,6,1.9969168674,-2.9253657442,2.9070790716,-4.4247401729,scatter
53400,7,2.9070790716,-4.4247401729,2.2538042640,-8.1103811476,scatter
53400,8,2.2538042640,-8.1103811476,2.2240137039,-8.1826349577,absorb
53500,1,0.0000000000,0.0000000000,1.1773336050,0.0000000000,absorb
53600,1,0.0000000000,0.0000000000,3.2971306184,0.0000000000,absorb
53700,1,0.0000000000,0.0000000000,1.3861821418,0.0000000000,scatter
53700,2,1.3861821418,0.0000000000,0.0000000000,-0.2558597138,exit_left
53800,1,0.0000000000,0.0000000000,1.1054917916,0.0000000000,scatter
53800,2,1.1054917916,0.0000000000,1.0393192621,0.6571275106,scatter
53800,3,1.0393192621,0.6571275106,0.0000000000,0.8212290603,exit_left
53900,1,0.0000000000,0.0000000000,1.9306929265,0.0000000000,scatter
53900,2,1.9306929265,0.0000000000,3.5000000000,-0.7828441250,exit_right
54000,1,0.0000000000,0.0000000000,0.2569776802,0.0000000000,scatter
54000,2,0.2569776802,0.0000000000,0.3241181592,0.0079380002,scatter
54000,3,0.3241181592,0.0079380002,2.9358333162,1.5778834637,scatter
54000,4,2.9358333162,1.5778834637,2.6983416653,1.9264909239,scatter
54000,5,2.6983416653,1.9264909239,0.9883316157,3.4509375021,scatter
54000,6,0.9883316157,3.4509375021,0.9834426182,3.1606949899,scatter
54000,7,0.9834426182,3.1606949899,0.0000000000,2.2951130579,exit_left
54100,1,0.0000000000,0.0000000000,2.5531219002,0.0000000000,scatter
54100,2,2.5531219002,0.0000000000,0.0000000000,2.5157112136,exit_left
54200,1,0.0000000000,0.0000000000,3.5000000000,0.0000000000,exit_right
54300,1,0.0000000000,0.0000000000,2.6905635644,0.0000000000,scatter
54300,2,2.6905635644,0.0000000000,2.9301274735,-4.2100750321,scatter
54300,3,2.9301274735,-4.2100750321,3.1872489201,-4.0213030209,scatter
54300,4,3.1872489201,-4.0213030209,1.8928159612,-4.5456174978,scatter
54300,5,1.8928159612,-4.5456174978,2.0557455329,-5.2126003636,scatter
54300,6,2.0557455329,-5.2126003636,0.4957965786,-5.5897966853,scatter
54300,7,0.4957965786,-5.5897966853,0.0000000000,-5.7933178148,exit_left
54400,1,0.0000000000,0.0000000000,0.7398484723,0.0000000000,absorb
54500,1,0.0000000000,0.0000000000,0.1975199322,0.0000000000,scatter
54500,2,0.1975199322,0.0000000000,0.1401677618,-0.1026622479,scatter
54500,3,0.1401677618,-0.1026622479,0.0000000000,-0.1688250240,exit_left
54600,1,0.0000000000,0.0000000000,1.6664852103,0.0000000000,scatter
54600,2,1.6664852103,0.0000000000,3.0661846373,0.5669711766,scatter
54600,3,3.0661846373,0.5669711766,3.5000000000,-1.0313548620,exit_right
54700,1,0.0000000000,0.0000000000,0.3212926190,0.0000000000,scatter
54700,2,0.3212926190,0.0000000000,0.8465726370,1.1403771332,scatter
54700,3,0.8465726370,1.1403771332,0.0000000000,0.9122765803,exit_left
54800,1,0.0000000000,0.0000000000,0.6161846231,0.0000000000,scatter
54800,2,0.6161846231,0.0000000000,0.4963497405,0.1282486224,scatter
54800,3,0.4963497405,0.1282486224,0.0000000000,0.3782407525,exit_left
54900,1,0.0000000000,0.0000000000,0.8335279202,0.0000000000,absorb
55000,1,0.0000000000,0.0000000000,0.2291746537,0.0000000000,scatter
55000,2,0.2291746537,0.0000000000,0.0000000000,-0.0824343363,exit_left
55100,1,0.0000000000,0.0000000000,0.4847147119,0.0000000000,scatter
55100,2,0.4847147119,0.0000000000,0.0000000000,-0.5094579230,exit_left
55200,1,0.0000000000,0.0000000000,2.1090541671,0.0000000000,scatter
55200,2,2.1090541671,0.0000000000,3.3765165593,-1.0275465691,scatter
55200,3,3.3765165593,-1.0275465691,3.5000000000,-1.1259207550,exit_right
55300,1,0.0000000000,0.0000000000,1.3667946809,0.0000000000,scatter
55300,2,1.3667946809,0.0000000000,0.0000000000,-0.3186941546,exit_left
55400,1,0.0000000000,0.0000000000,3.2231374636,0.0000000000,scatter
55400,2,3.2231374636,0.0000000000,3.4537161726,4.0111325911,scatter
55400,3,3.4537161726,4.0111325911,2.4567323902,3.6235703542,scatter
55400,4,2.4567323902,3.6235703542,0.1705684270,4.3898037050,absorb
55500,1,0.0000000000,0.0000000000,2.0541904933,0.0000000000,scatter
55500,2,2.0541904933,0.0000000000,1.3349348343,-2.4858235601,scatter
55500,3,1.3349348343,-2.4858235601,3.0296810120,-4.6212948000,scatter
55500,4,3.0296810120,-4.6212948000,3.5000000000,-4.5275664253,exit_right
55600,1,0.0000000000,0.0000000000,1.4420559459,0.0000000000,scatter
55600,2,1.4420559459,0.0000000000,1.4992003465,-0.5725825032,scatter
55600,3,1.4992003465,-0.5725825032,0.0000000000,-0.5950294813,exit_left
55700,1,0.0000000000,0.0000000000,0.4954567924,0.0000000000,absorb
55800,1,0.0000000000,0.0000000000,1.0166455995,0.0000000000,scatter
55800,2,1.0166455995,0.0000000000,2.7213653141,-2.8789666325,absorb
55900,1,0.0000000000,0.0000000000,1.5803976504,0.0000000000,scatter
55900,2,1.5803976504,0.0000000000,1.2279270274,0.2518413713,scatter
55900,3,1.2279270274,0.2518413713,1.1128991460,0.4716207185,scatter
55900,4,1.1128991460,0.4716207185,1.4785986451,1.2006590584,scatter
55900,5,1.4785986451,1.2006590584,0.0000000000,-1.3398710511,exit_left
56000,1,0.0000000000,0.0000000000,3.5000000000,0.0000000000,exit_right
56100,1,0.0000000000,0.0000000000,3.1727227224,0.0000000000,scatter
56100,2,3.1727227224,0.0000000000,3.5000000000,-0.2030265551,exit_right
56200,1,0.0000000000,0.0000000000,2.2554000951,0.0000000000,scatter
56200,2,2.2554000951,0.0000000000,3.5000000000,1.4279278169,exit_right
56300,1,0.0000000000,0.0000000000,2.5808222405,0.0000000000,absorb
56400,1,0.0000000000,0.0000000000,3.1568043555,0.0000000000,scatter
56400,2,3.1568043555,0.0000000000,3.5000000000,-0.1074007011,exit_right
56500,1,0.0000000000,0.0000000000,0.4606971857,0.0000000000,scatter
56500,2,0.4606971857,0.0000000000,0.6396986328,0.2917887990,scatter
56500,3,0.6396986328,0.2917887990,3.5000000000,1.0007996325,exit_right
56600,1,0.0000000000,0.0000000000,0.1331356144,0.0000000000,scatter
56600,2,0.1331356144,0.0000000000,0.0000000000,0.2058655409,exit_left
56700,1,0.0000000000,0.0000000000,3.5000000000,0.0000000000,exit_right
56800,1,0.0000000000,0.0000000000,1.0343030353,0.0000000000,scatter
56800,2,1.0343030353,0.0000000000,1.2048125551,0.2078012835,scatter
56800,3,1.2048125551,0.2078012835,1.4805423932,3.2429604892,absorb
56900,1,0.0000000000,0.0000000000,0.9403277575,0.0000000000,scatter
56900,2,0.9403277575,0.0000000000,0.6686538409,-0.8597031667,scatter
56900,3,0.6686538409,-0.8597031667,3.0497669648,-4.4910852370,scatter
56900,4,3.0497669648,-4.4910852370,3.0413464809,-4.4910931414,scatter
56900,5,3.0413464809,-4.4910931414,1.9057971944,-5.2464363529,scatter
56900,6,1.9057971944,-5.2464363529,1.4154358822,-5.5643279112,absorb
57000,1,0.0000000000,0.0000000000,0.3071788354,0.0000000000,scatter
57000,2,0.3071788354,0.0000000000,0.7834760146,-0.3479168613,scatter
57000,3,0.7834760146,-0.3479168613,0.0000000000,0.4831374277,exit_left
57100,1,0.0000000000,0.0000000000,0.9352146036,0.0000000000,absorb
57200,1,0.0000000000,0.0000000000,0.2019160354,0.0000000000,scatter
57200,2,0.2019160354,0.0000000000,0.0000000000,-0.1759824693,exit_left
57300,1,0.0000000000,0.0000000000,3.0654353201,0.0000000000,absorb
57400,1,0.0000000000,0.0000000000,0.4623610586,0.0000000000,scatter
57400,2,0.4623610586,0.0000000000,2.0143187513,0.9839592875,scatter
57400,3,2.0143187513,0.9839592875,1.9939923972,0.9860938549,scatter
57400,4,1.9939923972,0.9860938549,0.0000000000,3.7261234368,exit_left
57500,1,0.0000000000,0.0000000000,0.0850658212,0.0000000000,absorb
57600,1,0.0000000000,0.0000000000,1.3010852259,0.0000000000,absorb
57700,1,0.0000000000,0.0000000000,2.0013166673,0.0000000000,scatter
57700,2,2.0013166673,0.0000000000,1.9570558682,1.3436365955,scatter
57700,3,1.9570558682,1.3436365955,0.1890417736,1.2678607753,absorb
57800,1,0.0000000000,0.0000000000,1.2172172541,0.0000000000,scatter
57800,2,1.2172172541,0.0000000000,1.1685531170,-0.0871684732,scatter
57800,3,1.1685531170,-0.0871684732,0.9946477360,0.1318564899,scatter
57800,4,0.9946477360,0.1318564899,3.5000000000,-2.0844017752,exit_right
57900,1,0.0000000000,0.0000000000,0.6633822152,0.0000000000,scatter
57900,2,0.6633822152,0.0000000000,0.9582932268,1.4792562661,scatter
57900,3,0.9582932268,1.4792562661,1.1872698666,1.6598664556,scatter
57900,4,1.1872698666,1.6598664556,1.1837115326,1.4122362036,scatter
57900,5,1.1837115326,1.4122362036,3.5000000000,1.6412256031,exit_right
58000,1,0.0000000000,0.0000000000,1.0899863238,0.0000000000,absorb
58100,1,0.0000000000,0.0000000000,2.9207625895,0.0000000000,scatter
58100,2,2.9207625895,0.0000000000,3.5000000000,-0.8395598112,exit_right
58200,1,0.0000000000,0.0000000000,2.4267259016,0.0000000000,absorb
58300,1,0.0000000000,0.0000000000,0.7341474353,0.0000000000,scatter
58300,2,0.7341474353,0.0000000000,2.0109419768,2.3169572777,absorb
58400,1,0.0000000000,0.0000000000,1.0239264472,0.0000000000,scatter
58400,2,1.0239264472,0.0000000000,0.9842032487,0.0046664912,scatter
58400,3,0.9842032487,0.0046664912,1.0071963020,0.7158786522,absorb
58500,1,0.0000000000,0.0000000000,0.9362242821,0.0000000000,scatter
58500,2,0.9362242821,0.0000000000,1.7913004694,4.4701049269,scatter
58500,3,1.7913004694,4.4701049269,0.0000000000,6.8440047983,exit_left
58600,1,0.0000000000,0.0000000000,3.5000000000,0.0000000000,exit_right
58700,1,0.0000000000,0.0000000000,3.5000000000,0.0000000000,exit_right
58800,1,0.0000000000,0.0000000000,1.6429928631,0.0000000000,absorb
58900,1,0.0000000000,0.0000000000,2.4840177082,0.0000000000,scatter
58900,2,2.4840177082,0.0000000000,2.8746644812,-4.8072556231,scatter
58900,3,2.8746644812,-4.8072556231,0.0000000000,-2.7424308539,exit_left
59000,1,0.0000000000,0.0000000000,0.4519932894,0.0000000000,absorb
59100,1,0.0000000000,0.0000000000,0.4338526757,0.0000000000,absorb
59200,1,0.0000000000,0.0000000000,0.8977431822,0.0000000000,scatter
59200,2,0.8977431822,0.0000000000,0.9415197650,0.3006183247,absorb
59300,1,0.0000000000,0.0000000000,1.2973171310,0.0000000000,scatter
59300,2,1.2973171310,0.0000000000,1.9349621722,0.0235560714,scatter
59300,3,1.9349621722,0.0235560714,0.7485389489,1.3578084869,scatter
59300,4,0.7485389489,1.3578084869,0.6619058623,1.4892145338,scatter
59300,5,0.6619058623,1.4892145338,0.3762203267,2.3069621206,scatter
59300,6,0.3762203267,2.3069621206,0.0000000000,2.6716383269,exit_left
59400,1,0.0000000000,0.0000000000,3.5000000000,0.0000000000,exit_right
59500,1,0.0000000000,0.0000000000,0.6109351125,0.0000000000,scatter
59500,2,0.6109351125,0.0000000000,3.5000000000,-1.2679557512,exit_right
59600,1,0.0000000000,0.0000000000,0.9647011495,0.0000000000,scatter
59600,2,0.9647011495,0.0000000000,1.1421495498,0.0753863642,scatter
59600,3,1.1421495498,0.0753863642,3.5000000000,-0.5875503494,exit_right
59700,1,0.0000000000,0.0000000000,1.0047902582,0.0000000000,absorb
59800,1,0.0000000000,0.0000000000,1.9841690287,0.0000000000,scatter
59800,2,1.9841690287,0.0000000000,0.0000000000,-0.3298698686,exit_left
59900,1,0.0000000000,0.0000000000,0.0784046567,0.0000000000,scatter
59900,2,0.0784046567,0.0000000000,0.4991580002,-0.4552650963,scatter
59900,3,0.4991580002,-0.4552650963,0.5331683444,-1.1397927575,scatter
59900,4,0.5331683444,-1.1397927575,1.6544934694,-1.8437983092,absorb
60000,1,0.0000000000,0.0000000000,1.6333365391,0.0000000000,scatter
60000,2,1.6333365391,0.0000000000,1.3471263784,-1.0825730864,scatter
60000,3,1.3471263784,-1.0825730864,2.7018157475,-0.8757405997,scatter
60000,4,2.7018157475,-0.8757405997,2.7723358530,-0.3968915485,scatter
60000,5,2.7723358530,-0.3968915485,3.5000000000,0.6177484731,exit_right
60100,1,0.0000000000,0.0000000000,0.3720347335,0.0000000000,scatter
60100,2,0.3720347335,0.0000000000,1.0563517496,0.0516053711,scatter
60100,3,1.0563517496,0.0516053711,1.6148627234,-0.1276528818,scatter
60100,4,1.6148627234,-0.1276528818,1.9021777930,1.5644382752,scatter
60100,5,1.9021777930,1.5644382752,0.0000000000,1.4446343960,exit_left
60200,1,0.0000000000,0.0000000000,0.4758283436,0.0000000000,scatter
60200,2,0.4758283436,0.0000000000,1.2179603755,-0.2860074248,scatter
60200,3,1.2179603755,-0.2860074248,0.0000000000,0.7489294106,exit_left
60300,1,0.0000000000,0.0000000000,1.2886198973,0.0000000000,scatter
60300,2,1.2886198973,0.0000000000,2.3418287131,1.0431428687,scatter
60300,3,2.3418287131,1.0431428687,2.3920005288,0.5525650205,scatter
60300,4,2.3920005288,0.5525650205,3.1758871280,0.8212958901,scatter
60300,5,3.1758871280,0.8212958901,3.5000000000,0.4035585046,exit_right
60400,1,0.0000000000,0.0000000000,1.8372377749,0.0000000000,absorb
60500,1,0.0000000000,0.0000000000,1.2474214806,0.0000000000,absorb
60600,1,0.0000000000,0.0000000000,1.0526804486,0.0000000000,scatter
60600,2,1.0526804486,0.0000000000,0.9788714653,-0.0742780668,scatter
60600,3,0.9788714653,-0.0742780668,0.4569361999,-0.6565133405,scatter
60600,4,0.4569361999,-0.6565133405,0.0000000000,-0.4017022525,exit_left
60700,1,0.0000000000,0.0000000000,3.5000000000,0.0000000000,exit_right
60800,1,0.0000000000,0.0000000000,0.1802475943,0.0000000000,scatter
60800,2,0.1802475943,0.0000000000,1.1289164640,-1.3667707668,scatter
60800,3,1.1289164640,-1.3667707668,1.1470479350,-1.6707466069,scatter
60800,4,1.1470479350,-1.6707466069,3.5000000000,-2.0272778248,exit_right
60900,1,0.0000000000,0.0000000000,0.2308155333,0.0000000000,absorb
61000,1,0.0000000000,0.0000000000,2.8980576274,0.0000000000,scatter
61000,2,2.8980576274,0.0000000000,2.9710524775,-0.0583633305,scatter
61000,3,2.9710524775,-0.0583633305,3.5000000000,-0.6933545113,exit_right
61100,1,0.0000000000,0.0000000000,0.6043367040,0.0000000000,absorb
61200,1,0.0000000000,0.0000000000,3.5000000000,0.0000000000,exit_right
61300,1,0.0000000000,0.0000000000,2.4111422674,0.0000000000,scatter
61300,2,2.4111422674,0.0000000000,2.4663403564,0.9217604183,scatter
61300,3,2.4663403564,0.9217604183,0.8063888256,-0.3042755869,scatter
61300,4,0.8063888256,-0.3042755869,0.0000000000,-0.2667757109,exit_left
61400,1,0.0000000000,0.0000000000,3.1296026447,0.0000000000,scatter
61400,2,3.1296026447,0.0000000000,3.5000000000,0.0209211427,exit_right
61500,1,0.0000000000,0.0000000000,2.0170803810,0.0000000000,absorb
61600,1,0.0000000000,0.0000000000,2.9039631379,0.0000000000,scatter
61600,2,2.9039631379,0.0000000000,3.3873015855,-0.0482273737,scatter
61600,3,3.3873015855,-0.0482273737,0.3925495100,1.2433132717,scatter
61600,4,0.3925495100,1.2433132717,1.4731930310,2.0699211845,scatter
61600,5,1.4731930310,2.0699211845,0.0000000000,0.0665068816,exit_left
61700,1,0.0000000000,0.0000000000,3.5000000000,0.0000000000,exit_right
61800,1,0.0000000000,0.0000000000,0.0946671720,0.0000000000,scatter
61800,2,0.0946671720,0.0000000000,0.2254411058,2.0055052769,scatter
61800,3,0.2254411058,2.0055052769,0.7968887397,3.1625235645,scatter
61800,4,0.7968887397,3.1625235645,0.8121261913,3.6511160538,scatter
61800,5,0.8121261913,3.6511160538,0.7886621304,3.6676482630,scatter
61800,6,0.7886621304,3.6676482630,0.8198531184,3.7001508659,scatter
61800,7,0.8198531184,3.7001508659,0.5874057483,5.8478945592,scatter
61800,8,0.5874057483,5.8478945592,2.7633659250,4.8107488325,scatter
61800,9,2.7633659250,4.8107488325,2.1395497844,4.8144467475,scatter
61800,10,2.1395497844,4.8144467475,1.2291506418,4.6644499955,scatter
61800,11,1.2291506418,4.6644499955,1.9216197112,5.2099016890,scatter
61800,12,1.9216197112,5.2099016890,1.6895762319,5.2986187830,scatter
61800,13,1.6895762319,5.2986187830,0.0000000000,6.2098880710,exit_left
61900,1,0.0000000000,0.0000000000,1.0147906478,0.0000000000,scatter
61900,2,1.0147906478,0.0000000000,2.0097326623,-3.1834315741,scatter
61900,3,2.0097326623,-3.1834315741,2.2503915915,-5.2851516257,scatter
61900,4,2.2503915915,-5.2851516257,2.3539852250,-5.5246186317,scatter
61900,5,2.3539852250,-5.5246186317,0.0000000000,-4.0881810264,exit_left
62000,1,0.0000000000,0.0000000000,2.5039891450,0.0000000000,scatter
62000,2,2.5039891450,0.0000000000,2.5398579881,-0.5787549809,scatter
62000,3,2.5398579881,-0.5787549809,1.6738369457,1.7645016702,scatter
62000,4,1.6738369457,1.7645016702,0.0000000000,3.4541593662,exit_left
62100,1,0.0000000000,0.0000000000,3.5000000000,0.0000000000,exit_right
62200,1,0.0000000000,0.0000000000,0.9580478482,0.0000000000,scatter
62200,2,0.9580478482,0.0000000000,1.1640387164,0.0086132436,scatter
62200,3,1.1640387164,0.0086132436,3.0442423504,2.0469614110,absorb
62300,1,0.0000000000,0.0000000000,0.9408661849,0.0000000000,scatter
62300,2,0.9408661849,0.0000000000,3.5000000000,-0.4084733066,exit_right
62400,1,0.0000000000,0.0000000000,3.5000000000,0.0000000000,exit_right
62500,1,0.0000000000,0.0000000000,2.1352509283,0.0000000000,absorb
62600,1,0.0000000000,0.0000000000,0.1470198806,0.0000000000,scatter
62600,2,0.1470198806,0.0000000000,0.2366691924,0.4689526845,scatter
62600,3,0.2366691924,0.4689526845,0.3225237143,0.5077216154,absorb
62700,1,0.0000000000,0.0000000000,0.5668850846,0.0000000000,scatter
62700,2,0.5668850846,0.0000000000,0.0000000000,1.3851843503,exit_left
62800,1,0.0000000000,0.0000000000,0.4770363529,0.0000000000,scatter
62800,2,0.4770363529,0.0000000000,0.0000000000,-0.3607911356,exit_left
62900,1,0.0000000000,0.0000000000,0.4493328377,0.0000000000,scatter
62900,2,0.4493328377,0.0000000000,0.1460781513,4.3394753377,scatter
62900,3,0.1460781513,4.3394753377,0.0000000000,4.2771173637,exit_left
63000,1,0.0000000000,0.0000000000,0.1797728476,0.0000000000,scatter
63000,2,0.1797728476,0.0000000000,2.0408570002,0.2777680835,scatter
63000,3,2.0408570002,0.2777680835,2.7204592125,0.6689155765,scatter
63000,4,2.7204592125,0.6689155765,3.5000000000,0.9723061011,exit_right
63100,1,0.0000000000,0.0000000000,3.5000000000,0.0000000000,exit_right
63200,1,0.0000000000,0.0000000000,2.6321554314,0.0000000000,scatter
63200,2,2.6321554314,0.0000000000,0.2134854186,5.4258145059,scatter
63200,3,0.2134854186,5.4258145059,0.3906862274,6.0499294160,scatter
63200,4,0.3906862274,6.0499294160,0.1974578229,5.5795254245,scatter
63200,5,0.1974578229,5.5795254245,0.3346181695,5.0728031598,scatter
63200,6,0.3346181695,5.0728031598,3.5000000000,1.6357435401,exit_right
63300,1,0.0000000000,0.0000000000,1.3872526906,0.0000000000,scatter
63300,2,1.3872526906,0.0000000000,0.0000000000,0.6813084122,exit_left
63400,1,0.0000000000,0.0000000000,0.3412736219,0.0000000000,scatter
63400,2,0.3412736219,0.0000000000,0.5936695849,1.4988254650,scatter
63400,3,0.5936695849,1.4988254650,0.6236395781,0.6535932181,scatter
63400,4,0.6236395781,0.6535932181,0.0227040298,-0.4478403430,scatter
63400,5,0.0227040298,-0.4478403430,0.0318983265,-0.2596996100,scatter
63400,6,0.0318983265,-0.2596996100,0.0288097358,-0.3832704797,absorb
63500,1,0.0000000000,0.0000000000,3.5000000000,0.0000000000,exit_right
63600,1,0.0000000000,0.0000000000,1.5194291314,0.0000000000,scatter
63600,2,1.5194291314,0.0000000000,2.2295669062,-0.4180840169,scatter
63600,3,2.2295669062,-0.4180840169,3.5000000000,-1.1979985971,exit_right
63700,1,0.0000000000,0.0000000000,1.7329162753,0.0000000000,scatter
63700,2,1.7329162753,0.0000000000,0.6955042617,-0.6970565189,scatter
63700,3,0.6955042617,-0.6970565189,0.4753540148,-0.9001302170,scatter
63700,4,0.4753540148,-0.9001302170,2.3677653040,-2.4365386467,scatter
63700,5,2.3677653040,-2.4365386467,3.5000000000,-3.0134591799,exit_right
63800,1,0.0000000000,0.0000000000,3.5000000000,0.0000000000,exit_right
63900,1,0.0000000000,0.0000000000,3.5000000000,0.0000000000,exit_right
64000,1,0.0000000000,0.0000000000,1.5648419891,0.0000000000,scatter
64000,2,1.5648419891,0.0000000000,3.5000000000,0.5275665661,exit_right
64100,1,0.0000000000,0.0000000000,1.0219130498,0.0000000000,scatter
64100,2,1.0219130498,0.0000000000,0.0000000000,-0.4814806795,exit_left
64200,1,0.0000000000,0.0000000000,0.3183371443,0.0000000000,scatter
64200,2,0.3183371443,0.0000000000,0.5245340283,0.0163086163,scatter
64200,3,0.5245340283,0.0163086163,0.0000000000,-0.0055980834,exit_left
64300,1,0.0000000000,0.0000000000,1.9072546597,0.0000000000,scatter
64300,2,1.9072546597,0.0000000000,1.4219162952,-1.3854821766,scatter
64300,3,1.4219162952,-1.3854821766,2.3579731056,-1.7007776212,scatter
64300,4,2.3579731056,-1.7007776212,1.1808805034,0.3764369480,scatter
64300,5,1.1808805034,0.3764369480,0.8644206668,0.2138263665,scatter
64300,6,0.8644206668,0.2138263665,0.0648821648,-2.2039902422,absorb
64400,1,0.0000000000,0.0000000000,2.3832521924,0.0000000000,absorb
64500,1,0.0000000000,0.0000000000,1.4722324928,0.0000000000,absorb
64600,1,0.0000000000,0.0000000000,0.6248240923,0.0000000000,scatter
64600,2,0.6248240923,0.0000000000,0.1841489173,-4.7429283142,scatter
64600,3,0.1841489173,-4.7429283142,0.2373154568,-4.6702332725,scatter
64600,4,0.2373154568,-4.6702332725,0.9550218668,-0.9220901026,scatter
64600,5,0.9550218668,-0.9220901026,0.0000000000,-2.3023755526,exit_left
64700,1,0.0000000000,0.0000000000,0.1891872079,0.0000000000,absorb
64800,1,0.0000000000,0.0000000000,0.2905077456,0.0000000000,scatter
64800,2,0.2905077456,0.0000000000,0.0000000000,0.0405175682,exit_left
64900,1,0.0000000000,0.0000000000,3.3584170270,0.0000000000,absorb
65000,1,0.0000000000,0.0000000000,1.1735844521,0.0000000000,absorb
65100,1,0.0000000000,0.0000000000,1.3638518720,0.0000000000,absorb
65200,1,0.0000000000,0.0000000000,0.0067039849,0.0000000000,scatter
65200,2,0.0067039849,0.0000000000,0.2550696908,-0.3403357740,absorb
65300,1,0.0000000000,0.0000000000,3.5000000000,0.0000000000,exit_right
65400,1,0.0000000000,0.0000000000,1.5444855954,0.0000000000,scatter
65400,2,1.5444855954,0.0000000000,1.2302854244,0.5742787712,scatter
65400,3,1.2302854244,0.5742787712,1.0189905445,0.8014924860,scatter
65400,4,1.0189905445,0.8014924860,0.9509666041,1.2931507182,scatter
65400,5,0.9509666041,1.2931507182,3.5000000000,0.6694550639,exit_right
65500,1,0.0000000000,0.0000000000,1.7305241671,0.0000000000,scatter
65500,2,1.7305241671,0.0000000000,1.4993980402,3.4885061395,scatter
65500,3,1.4993980402,3.4885061395,3.5000000000,3.7796414763,exit_right
65600,1,0.0000000000,0.0000000000,1.4403348134,0.0000000000,scatter
65600,2,1.4403348134,0.0000000000,2.6195796010,2.3349161243,scatter
65600,3,2.6195796010,2.3349161243,3.5000000000,2.7516682930,exit_right
65700,1,0.0000000000,0.0000000000,3.1580308906,0.0000000000,scatter
65700,2,3.1580308906,0.0000000000,3.2597388990,-0.8046774514,absorb
65800,1,0.0000000000,0.0000000000,0.7131839286,0.0000000000,scatter
65800,2,0.7131839286,0.0000000000,0.8927369509,0.6661788816,scatter
65800,3,0.8927369509,0.6661788816,3.5000000000,-0.4461569825,exit_right
65900,1,0.0000000000,0.0000000000,1.0245651396,0.0000000000,absorb
66000,1,0.0000000000,0.0000000000,1.8496589792,0.0000000000,scatter
66000,2,1.8496589792,0.0000000000,2.1739730074,-1.1610629868,absorb
66100,1,0.0000000000,0.0000000000,0.0552226629,0.0000000000,scatter
66100,2,0.0552226629,0.0000000000,1.4417137345,2.4129278132,scatter
66100,3,1.4417137345,2.4129278132,1.2655091447,2.6790427806,scatter
66100,4,1.2655091447,2.6790427806,0.0000000000,2.2684697255,exit_left
66200,1,0.0000000000,0.0000000000,0.5968786319,0.0000000000,scatter
66200,2,0.5968786319,0.0000000000,0.9503488681,-0.1722789669,scatter
66200,3,0.9503488681,-0.1722789669,0.4489491805,4.7076637192,scatter
66200,4,0.4489491805,4.7076637192,0.0000000000,4.6511597151,exit_left
66300,1,0.0000000000,0.0000000000,0.8576236477,0.0000000000,scatter
66300,2,0.8576236477,0.0000000000,1.0676130008,2.3614276700,absorb
66400,1,0.0000000000,0.0000000000,0.0284623193,0.0000000000,scatter
66400,2,0.0284623193,0.0000000000,0.0000000000,0.0175591029,exit_left
66500,1,0.0000000000,0.0000000000,3.5000000000,0.0000000000,exit_right
66600,1,0.0000000000,0.0000000000,1.3910024832,0.0000000000,scatter
66600,2,1.3910024832,0.0000000000,0.5814923760,-0.6748343480,scatter
66600,3,0.5814923760,-0.6748343480,0.5171043374,-0.6034677363,scatter
66600,4,0.5171043374,-0.6034677363,0.4298917281,-0.2105397729,scatter
66600,5,0.4298917281,-0.2105397729,3.5000000000,0.0817930218,exit_right
66700,1,0.0000000000,0.0000000000,3.5000000000,0.0000000000,exit_right
66800,1,0.0000000000,0.0000000000,1.6627698134,0.0000000000,scatter
66800,2,1.6627698134,0.0000000000,2.4298369329,6.0013844712,scatter
66800,3,2.4298369329,6.0013844712,1.5735945513,10.3475959811,scatter
66800,4,1.5735945513,10.3475959811,3.4558583254,10.0484719577,scatter
66800,5,3.4558583254,10.0484719577,3.5000000000,10.0854508773,exit_right
66900,1,0.0000000000,0.0000000000,0.9404501223,0.0000000000,scatter
66900,2,0.9404501223,0.0000000000,2.5414989041,1.8493100512,scatter
66900,3,2.5414989041,1.8493100512,3.5000000000,1.9634082409,exit_right
67000,1,0.0000000000,0.0000000000,0.6690686422,0.0000000000,scatter
67000,2,0.6690686422,0.0000000000,0.0000000000,1.1027844213,exit_left
67100,1,0.0000000000,0.0000000000,1.7155163704,0.0000000000,scatter
67100,2,1.7155163704,0.0000000000,2.1063378060,-0.0608401630,absorb
67200,1,0.0000000000,0.0000000000,3.5000000000,0.0000000000,exit_right
67300,1,0.0000000000,0.0000000000,0.8259097427,0.0000000000,scatter
67300,2,0.8259097427,0.0000000000,0.9791629460,0.3780834085,scatter
67300,3,0.9791629460,0.3780834085,1.2490407461,0.5469189499,scatter
67300,4,1.2490407461,0.5469189499,0.7270673701,0.4511537844,absorb
67400,1,0.0000000000,0.0000000000,3.5000000000,0.0000000000,exit_right
67500,1,0.0000000000,0.0000000000,1.5996763249,0.0000000000,scatter
67500,2,1.5996763249,0.0000000000,0.9482304413,-0.6307330013,scatter
67500,3,0.9482304413,-0.6307330013,0.8748206449,-1.1211499865,absorb
67600,1,0.0000000000,0.0000000000,0.9064121416,0.0000000000,scatter
67600,2,0.9064121416,0.0000000000,0.9625150699,0.1397008116,scatter
67600,3,0.9625150699,0.1397008116,2.1477865990,0.9740843598,scatter
67600,4,2.1477865990,0.9740843598,1.1328423606,3.7729891097,scatter
67600,5,1.1328423606,3.7729891097,0.6762865297,3.3234196219,scatter
67600,6,0.6762865297,3.3234196219,0.5571459945,2.0258147147,scatter
67600,7,0.5571459945,2.0258147147,0.1053773377,3.8677689080,scatter
67600,8,0.1053773377,3.8677689080,0.5081549414,4.6176953425,scatter
67600,9,0.5081549414,4.6176953425,0.0000000000,6.7459350441,exit_left
67700,1,0.0000000000,0.0000000000,1.4227122011,0.0000000000,absorb
67800,1,0.0000000000,0.0000000000,3.5000000000,0.0000000000,exit_right
67900,1,0.0000000000,0.0000000000,3.5000000000,0.0000000000,exit_right
68000,1,0.0000000000,0.0000000000,0.5415946775,0.0000000000,scatter
68000,2,0.5415946775,0.0000000000,0.0000000000,-0.3321566729,exit_left
68100,1,0.0000000000,0.0000000000,3.2816790863,0.0000000000,scatter
68100,2,3.2816790863,0.0000000000,3.5000000000,0.0205768889,exit_right
68200,1,0.0000000000,0.0000000000,2.1540576762,0.0000000000,scatter
68200,2,2.1540576762,0.0000000000,2.1686285538,-0.1625044766,scatter
68200,3,2.1686285538,-0.1625044766,2.1255725412,-0.7811163259,scatter
68200,4,2.1255725412,-0.7811163259,2.6816604566,-0.5537326704,scatter
68200,5,2.6816604566,-0.5537326704,2.6896274944,-0.5411047845,scatter
68200,6,2.6896274944,-0.5411047845,1.6307166956,-6.0248482844,scatter
68200,7,1.6307166956,-6.0248482844,1.8016486215,-5.8473133739,scatter
68200,8,1.8016486215,-5.8473133739,1.6881971189,-7.6633952154,scatter
68200,9,1.6881971189,-7.6633952154,1.3232935421,-7.7159506670,scatter
68200,10,1.3232935421,-7.7159506670,2.8450409689,-9.0936276771,scatter
68200,11,2.8450409689,-9.0936276771,1.6653767641,-8.6580707812,scatter
68200,12,1.6653767641,-8.6580707812,3.5000000000,-7.4031619632,exit_right
68300,1,0.0000000000,0.0000000000,3.5000000000,0.0000000000,exit_right
68400,1,0.0000000000,0.0000000000,0.4600032201,0.0000000000,scatter
68400,2,0.4600032201,0.0000000000,0.0000000000,0.2593452715,exit_left
68500,1,0.0000000000,0.0000000000,1.9601594772,0.0000000000,scatter
68500,2,1.9601594772,0.0000000000,1.8405885686,1.6208618627,scatter
68500,3,1.8405885686,1.6208618627,2.5005167097,0.3752967336,scatter
68500,4,2.5005167097,0.3752967336,0.0000000000,-5.3600220327,exit_left
68600,1,0.0000000000,0.0000000000,1.1944707111,0.0000000000,scatter
68600,2,1.1944707111,0.0000000000,0.0000000000,0.2546296267,exit_left
68700,1,0.0000000000,0.0000000000,3.5000000000,0.0000000000,exit_right
68800,1,0.0000000000,0.0000000000,3.5000000000,0.0000000000,exit_right
68900,1,0.0000000000,0.0000000000,1.6387735570,0.0000000000,scatter
68900,2,1.6387735570,0.0000000000,3.5000000000,-1.6629591753,exit_right
69000,1,0.0000000000,0.0000000000,3.5000000000,0.0000000000,exit_right
69100,1,0.0000000000,0.0000000000,1.8048456545,0.0000000000,scatter
69100,2,1.8048456545,0.0000000000,0.3907474246,0.2492086931,scatter
69100,3,0.3907474246,0.2492086931,1.3989353192,0.2332733949,scatter
69100,4,1.3989353192,0.2332733949,1.5420621475,3.8094215036,scatter
69100,5,1.5420621475,3.8094215036,1.8310734794,3.9063888973,absorb
69200,1,0.0000000000,0.0000000000,0.6314340720,0.0000000000,scatter
69200,2,0.6314340720,0.0000000000,1.1899705580,-0.9235329791,scatter
69200,3,1.1899705580,-0.9235329791,1.5238576900,-1.2184020274,absorb
69300,1,0.0000000000,0.0000000000,0.7845799176,0.0000000000,absorb
69400,1,0.0000000000,0.0000000000,3.4555866456,0.0000000000,scatter
69400,2,3.4555866456,0.0000000000,1.3001454678,6.7378485905,absorb
69500,1,0.0000000000,0.0000000000,1.3881699162,0.0000000000,scatter
69500,2,1.3881699162,0.0000000000,1.5188917389,-0.5016640146,scatter
69500,3,1.5188917389,-0.5016640146,0.0000000000,-1.8240128700,exit_left
69600,1,0.0000000000,0.0000000000,1.1994944322,0.0000000000,scatter
69600,2,1.1994944322,0.0000000000,2.4481936911,-3.0447894399,scatter
69600,3,2.4481936911,-3.0447894399,3.5000000000,-3.4538616934,exit_right
69700,1,0.0000000000,0.0000000000,0.5043110916,0.0000000000,scatter
69700,2,0.5043110916,0.0000000000,1.3181059586,-2.5214971926,scatter
69700,3,1.3181059586,-2.5214971926,1.1806788904,-2.3785690597,scatter
69700,4,1.1806788904,-2.3785690597,3.1246690622,-1.7270325221,scatter
69700,5,3.1246690622,-1.7270325221,0.6134406050,-5.2622882268,scatter
69700,6,0.6134406050,-5.2622882268,0.6685479505,-5.4631282997,scatter
69700,7,0.6685479505,-5.4631282997,0.3004878789,-5.9714478975,scatter
69700,8,0.3004878789,-5.9714478975,0.6864123183,-6.0400036922,scatter
69700,9,0.6864123183,-6.0400036922,0.0000000000,-6.8218625674,exit_left
69800,1,0.0000000000,0.0000000000,0.2074936674,0.0000000000,scatter
69800,2,0.2074936674,0.0000000000,1.8643525883,0.6616645010,scatter
69800,3,1.8643525883,0.6616645010,0.7105658715,5.6147010743,scatter
69800,4,0.7105658715,5.6147010743,0.5798715144,8.1565262079,scatter
69800,5,0.5798715144,8.1565262079,0.8103533411,7.8072362641,scatter
69800,6,0.8103533411,7.8072362641,0.8784404919,9.3416402316,scatter
69800,7,0.8784404919,9.3416402316,0.1013883734,9.2207230552,scatter
69800,8,0.1013883734,9.2207230552,2.5331696421,9.0978259777,scatter
69800,9,2.5331696421,9.0978259777,2.6439072772,9.1828770920,scatter
69800,10,2.6439072772,9.1828770920,1.7785084247,7.2020701999,scatter
69800,11,1.7785084247,7.2020701999,3.5000000000,7.0193771465,exit_right
69900,1,0.0000000000,0.0000000000,3.5000000000,0.0000000000,exit_right
70000,1,0.0000000000,0.0000000000,3.5000000000,0.0000000000,exit_right
70100,1,0.0000000000,0.0000000000,1.0405278335,0.0000000000,absorb
70200,1,0.0000000000,0.0000000000,1.6474004311,0.0000000000,scatter
70200,2,1.6474004311,0.0000000000,0.0000000000,-1.7070202149,exit_left
70300,1,0.0000000000,0.0000000000,0.1930155958,0.0000000000,scatter
70300,2,0.1930155958,0.0000000000,0.0000000000,-0.0741648239,exit_left
70400,1,0.0000000000,0.0000000000,0.6314160373,0.0000000000,scatter
70400,2,0.6314160373,0.0000000000,2.1892271205,-1.2614967992,scatter
70400,3,2.1892271205,-1.2614967992,3.5000000000,-0.4398513445,exit_right
70500,1,0.0000000000,0.0000000000,0.5689740224,0.0000000000,scatter
70500,2,0.5689740224,0.0000000000,0.0000000000,-0.2474296071,exit_left
70600,1,0.0000000000,0.0000000000,1.2010196807,0.0000000000,scatter
70600,2,1.2010196807,0.0000000000,1.1687254107,-0.0791686413,scatter
70600,3,1.1687254107,-0.0791686413,1.6948638973,5.4738265190,scatter
70600,4,1.6948638973,5.4738265190,2.4914426179,6.4538895772,scatter
70600,5,2.4914426179,6.4538895772,3.5000000000,5.9109037853,exit_right
70700,1,0.0000000000,0.0000000000,0.4895831616,0.0000000000,scatter
70700,2,0.4895831616,0.0000000000,0.0000000000,0.0494251908,exit_left
70800,1,0.0000000000,0.0000000000,1.1198996704,0.0000000000,absorb
70900,1,0.0000000000,0.0000000000,0.0444607671,0.0000000000,scatter
70900,2,0.0444607671,0.0000000000,0.0000000000,0.0253111976,exit_left
71000,1,0.0000000000,0.0000000000,1.3544766346,0.0000000000,scatter
71000,2,1.3544766346,0.0000000000,0.0000000000,0.0853173124,exit_left
71100,1,0.0000000000,0.0000000000,1.0978309683,0.0000000000,scatter
71100,2,1.0978309683,0.0000000000,0.3390987172,-0.7433393156,scatter
71100,3,0.3390987172,-0.7433393156,1.6708656707,0.9368454962,scatter
71100,4,1.6708656707,0.9368454962,0.9990575449,-0.0092929054,scatter
71100,5,0.9990575449,-0.0092929054,1.2612815839,1.3108865555,scatter
71100,6,1.2612815839,1.3108865555,1.6598942610,1.0387898546,scatter
71100,7,1.6598942610,1.0387898546,0.0924306505,3.8354649130,scatter
71100,8,0.0924306505,3.8354649130,0.0476210430,2.7272158336,scatter
71100,9,0.0476210430,2.7272158336,0.4004294401,6.4459172058,scatter
71100,10,0.4004294401,6.4459172058,0.5076834138,6.5918686108,scatter
71100,11,0.5076834138,6.5918686108,3.5000000000,5.4329994902,exit_right
71200,1,0.0000000000,0.0000000000,3.4528206592,0.0000000000,absorb
71300,1,0.0000000000,0.0000000000,0.4448811245,0.0000000000,absorb
71400,1,0.0000000000,0.0000000000,3.5000000000,0.0000000000,exit_right
71500,1,0.0000000000,0.0000000000,0.4823900773,0.0000000000,absorb
71600,1,0.0000000000,0.0000000000,1.4868798505,0.0000000000,scatter
71600,2,1.4868798505,0.0000000000,1.5065515291,-0.0010272729,scatter
71600,3,1.5065515291,-0.0010272729,0.0000000000,0.9996548746,exit_left
71700,1,0.0000000000,0.0000000000,0.2161398747,0.0000000000,scatter
71700,2,0.2161398747,0.0000000000,0.1099894594,-0.1383287619,scatter
71700,3,0.1099894594,-0.1383287619,0.0000000000,-0.0098020635,exit_left
71800,1,0.0000000000,0.0000000000,0.0656191521,0.0000000000,scatter
71800,2,0.0656191521,0.0000000000,1.9919681105,3.9351099528,absorb
71900,1,0.0000000000,0.0000000000,0.3144443353,0.0000000000,scatter
71900,2,0.3144443353,0.0000000000,1.2922480023,0.8099039788,absorb
72000,1,0.0000000000,0.0000000000,3.3251521718,0.0000000000,scatter
72000,2,3.3251521718,0.0000000000,3.5000000000,0.2315461946,exit_right
72100,1,0.0000000000,0.0000000000,0.6620652625,0.0000000000,scatter
72100,2,0.6620652625,0.0000000000,0.0000000000,-0.2225942847,exit_left
72200,1,0.0000000000,0.0000000000,2.0496345880,0.0000000000,scatter
72200,2,2.0496345880,0.0000000000,0.0000000000,0.9976324273,exit_left
72300,1,0.0000000000,0.0000000000,2.2437539051,0.0000000000,absorb
72400,1,0.0000000000,0.0000000000,2.4988714325,0.0000000000,absorb
72500,1,0.0000000000,0.0000000000,0.2734884711,0.0000000000,scatter
72500,2,0.2734884711,0.0000000000,0.0000000000,0.0356639782,exit_left
72600,1,0.0000000000,0.0000000000,0.1851097720,0.0000000000,scatter
72600,2,0.1851097720,0.0000000000,0.1304182699,-0.4052145071,absorb
72700,1,0.0000000000,0.0000000000,1.2012037051,0.0000000000,scatter
72700,2,1.2012037051,0.0000000000,1.4462764693,-0.3804228641,absorb
72800,1,0.0000000000,0.0000000000,0.3242153994,0.0000000000,absorb
72900,1,0.0000000000,0.0000000000,0.2422070085,0.0000000000,scatter
72900,2,0.2422070085,0.0000000000,0.0262800029,2.1695690371,scatter
72900,3,0.0262800029,2.1695690371,0.0209159202,2.1750041233,scatter
72900,4,0.0209159202,2.1750041233,0.0000000000,2.1757189812,exit_left
73000,1,0.0000000000,0.0000000000,1.2397468368,0.0000000000,scatter
73000,2,1.2397468368,0.0000000000,1.0867586363,-0.4478723576,scatter
73000,3,1.0867586363,-0.4478723576,0.0000000000,-1.8881173826,exit_left
73100,1,0.0000000000,0.0000000000,1.1252720717,0.0000000000,scatter
73100,2,1.1252720717,0.0000000000,2.5339471853,-1.1011709124,scatter
73100,3,2.5339471853,-1.1011709124,0.9488303318,-3.1249683939,scatter
73100,4,0.9488303318,-3.1249683939,0.9663152616,-3.2329140430,scatter
73100,5,0.9663152616,-3.2329140430,2.5457873584,-7.8264662050,scatter
73100,6,2.5457873584,-7.8264662050,1.8797853808,-7.7774348816,scatter
73100,7,1.8797853808,-7.7774348816,0.7890585451,-7.4998667236,scatter
73100,8,0.7890585451,-7.4998667236,0.5437487605,-5.3217650228,scatter
73100,9,0.5437487605,-5.3217650228,0.0000000000,-5.3463545595,exit_left
73200,1,0.0000000000,0.0000000000,1.6537447333,0.0000000000,scatter
73200,2,1.6537447333,0.0000000000,1.4873675255,-0.6381349500,absorb
73300,1,0.0000000000,0.0000000000,0.8175422281,0.0000000000,scatter
73300,2,0.8175422281,0.0000000000,1.2162292462,1.4770293690,scatter
73300,3,1.2162292462,1.4770293690,0.9536731020,2.1248949249,scatter
73300,4,0.9536731020,2.1248949249,0.0000000000,3.2524088286,exit_left
73400,1,0.0000000000,0.0000000000,2.3605606096,0.0000000000,absorb
73500,1,0.0000000000,0.0000000000,3.5000000000,0.0000000000,exit_right
73600,1,0.0000000000,0.0000000000,3.1346248624,0.0000000000,scatter
73600,2,3.1346248624,0.0000000000,1.1903169769,2.1898253446,scatter
73600,3,1.1903169769,2.1898253446,0.7173946624,2.4480900885,scatter
73600,4,0.7173946624,2.4480900885,0.8856541995,-0.9874494011,scatter
73600,5,0.8856541995,-0.9874494011,1.2674462101,-0.7654490924,scatter
73600,6,1.2674462101,-0.7654490924,2.6172461276,-0.9398846652,scatter
73600,7,2.6172461276,-0.9398846652,3.1661017010,-7.3658519223,scatter
73600,8,3.1661017010,-7.3658519223,3.2089364852,-7.8140447107,scatter
73600,9,3.2089364852,-7.8140447107,0.8510843725,-6.9850526277,scatter
73600,10,0.8510843725,-6.9850526277,1.0819803287,-7.3505049397,absorb
73700,1,0.0000000000,0.0000000000,3.5000000000,0.0000000000,exit_right
73800,1,0.0000000000,0.0000000000,0.3883728949,0.0000000000,scatter
73800,2,0.3883728949,0.0000000000,1.1831431759,1.4158423300,scatter
73800,3,1.1831431759,1.4158423300,2.3689982533,2.5100935498,scatter
73800,4,2.3689982533,2.5100935498,0.9580258770,3.4281406597,scatter
73800,5,0.9580258770,3.4281406597,0.0000000000,4.6708695205,exit_left
73900,1,0.0000000000,0.0000000000,1.1379774713,0.0000000000,scatter
73900,2,1.1379774713,0.0000000000,1.7881338183,0.5511737045,scatter
73900,3,1.7881338183,0.5511737045,0.0000000000,3.0743828435,exit_left
74000,1,0.0000000000,0.0000000000,3.2890854612,0.0000000000,scatter
74000,2,3.2890854612,0.0000000000,3.5000000000,0.0653918257,exit_right
74100,1,0.0000000000,0.0000000000,3.5000000000,0.0000000000,exit_right
74200,1,0.0000000000,0.0000000000,0.1607839006,0.0000000000,scatter
74200,2,0.1607839006,0.0000000000,0.6380528190,0.0313856678,absorb
74300,1,0.0000000000,0.0000000000,2.1247583872,0.0000000000,scatter
74300,2,2.1247583872,0.0000000000,2.5059038737,-2.7968238289,scatter
74300,3,2.5059038737,-2.7968238289,2.2351560318,0.1405120898,scatter
74300,4,2.2351560318,0.1405120898,3.0189813852,1.4678378227,scatter
74300,5,3.0189813852,1.4678378227,1.3621899121,0.8876472535,scatter
74300,6,1.3621899121,0.8876472535,3.0905338906,3.0997448666,scatter
74300,7,3.0905338906,3.0997448666,3.1030192052,3.0980598833,scatter
74300,8,3.1030192052,3.0980598833,3.5000000000,3.9434659132,exit_right
74400,1,0.0000000000,0.0000000000,3.5000000000,0.0000000000,exit_right
74500,1,0.0000000000,0.0000000000,0.2463539894,0.0000000000,absorb
74600,1,0.0000000000,0.0000000000,3.5000000000,0.0000000000,exit_right
74700,1,0.0000000000,0.0000000000,2.9742953091,0.0000000000,absorb
74800,1,0.0000000000,0.0000000000,2.0354264829,0.0000000000,scatter
74800,2,2.0354264829,0.0000000000,1.5747839259,1.1423425445,scatter
74800,3,1.5747839259,1.1423425445,3.5000000000,1.1345764464,exit_right
74900,1,0.0000000000,0.0000000000,2.1981196985,0.0000000000,scatter
74900,2,2.1981196985,0.0000000000,3.5000000000,-1.9484431876,exit_right
75000,1,0.0000000000,0.0000000000,0.5607994215,0.0000000000,scatter
75000,2,0.5607994215,0.0000000000,1.7773266526,0.5283252483,scatter
75000,3,1.7773266526,0.5283252483,1.4219608616,0.2135538977,scatter
75000,4,1.4219608616,0.2135538977,0.0000000000,1.4179361105,exit_left
75100,1,0.0000000000,0.0000000000,2.7053796391,0.0000000000,absorb
75200,1,0.0000000000,0.0000000000,3.5000000000,0.0000000000,exit_right
75300,1,0.0000000000,0.0000000000,0.0626145410,0.0000000000,absorb
75400,1,0.0000000000,0.0000000000,0.6418195594,0.0000000000,scatter
75400,2,0.6418195594,0.0000000000,0.3257791481,1.0315621141,scatter
75400,3,0.3257791481,1.0315621141,0.0000000000,0.9919455679,exit_left
75500,1,0.0000000000,0.0000000000,1.3262130008,0.0000000000,absorb
75600,1,0.0000000000,0.0000000000,0.3488958365,0.0000000000,scatter
75600,2,0.3488958365,0.0000000000,0.4643611783,0.1463088200,scatter
75600,3,0.4643611783,0.1463088200,0.9582474256,-3.1799602361,scatter
75600,4,0.9582474256,-3.1799602361,0.5425504566,-3.3453623674,scatter
75600,5,0.5425504566,-3.3453623674,0.5405538047,-2.9459069510,scatter
75600,6,0.5405538047,-2.9459069510,0.8786331307,-2.9306555896,scatter
75600,7,0.8786331307,-2.9306555896,0.8305606150,-3.1248198212,absorb
75700,1,0.0000000000,0.0000000000,0.3294311448,0.0000000000,scatter
75700,2,0.3294311448,0.0000000000,0.2683612908,0.1159868990,scatter
75700,3,0.2683612908,0.1159868990,0.7680971544,-1.2218593090,scatter
75700,4,0.7680971544,-1.2218593090,0.0000000000,-0.7734905176,exit_left
75800,1,0.0000000000,0.0000000000,2.2909068770,0.0000000000,scatter
75800,2,2.2909068770,0.0000000000,1.6714200236,-1.5949688534,scatter
75800,3,1.6714200236,-1.5949688534,1.6840019308,-1.7157172201,scatter
75800,4,1.6840019308,-1.7157172201,1.6075370659,-1.2205014499,scatter
75800,5,1.6075370659,-1.2205014499,0.0000000000,-4.5256562156,exit_left
75900,1,0.0000000000,0.0000000000,2.2191140889,0.0000000000,scatter
75900,2,2.2191140889,0.0000000000,2.3246448286,-0.1752458750,scatter
75900,3,2.3246448286,-0.1752458750,1.6608363153,-1.8446254921,scatter
75900,4,1.6608363153,-1.8446254921,3.5000000000,-3.7694159268,exit_right
76000,1,0.0000000000,0.0000000000,0.8014120216,0.0000000000,absorb
76100,1,0.0000000000,0.0000000000,2.8234858600,0.0000000000,absorb
76200,1,0.0000000000,0.0000000000,0.9947688130,0.0000000000,scatter
76200,2,0.9947688130,0.0000000000,3.5000000000,0.9468674695,exit_right
76300,1,0.0000000000,0.0000000000,0.5096652241,0.0000000000,scatter
76300,2,0.5096652241,0.0000000000,0.0000000000,0.2872903122,exit_left
76400,1,0.0000000000,0.0000000000,0.5496972242,0.0000000000,absorb
76500,1,0.0000000000,0.0000000000,1.1759815284,0.0000000000,absorb
76600,1,0.0000000000,0.0000000000,2.3409220027,0.0000000000,scatter
76600,2,2.3409220027,0.0000000000,2.5312603656,-1.8703033111,scatter
76600,3,2.5312603656,-1.8703033111,1.6385223269,-0.5443786126,scatter
76600,4,1.6385223269,-0.5443786126,1.1760566332,-1.2275584553,scatter
76600,5,1.1760566332,-1.2275584553,2.5373155859,1.3061351478,absorb
76700,1,0.0000000000,0.0000000000,3.5000000000,0.0000000000,exit_right
76800,1,0.0000000000,0.0000000000,1.0930506245,0.0000000000,scatter
76800,2,1.0930506245,0.0000000000,2.3804629974,0.3458508024,scatter
76800,3,2.3804629974,0.3458508024,0.3099644447,-4.6537876215,absorb
76900,1,0.0000000000,0.0000000000,0.0521286885,0.0000000000,scatter
76900,2,0.0521286885,0.0000000000,0.2915520956,-0.1172661525,absorb
77000,1,0.0000000000,0.0000000000,0.6054957326,0.0000000000,absorb
77100,1,0.0000000000,0.0000000000,1.9386711520,0.0000000000,scatter
77100,2,1.9386711520,0.0000000000,2.7280601488,-1.1434217335,scatter
77100,3,2.7280601488,-1.1434217335,3.0467660811,-1.2723685437,scatter
77100,4,3.0467660811,-1.2723685437,3.5000000000,-1.5034446959,exit_right
77200,1,0.0000000000,0.0000000000,1.0800625110,0.0000000000,scatter
77200,2,1.0800625110,0.0000000000,1.4074052938,0.0477715384,absorb
77300,1,0.0000000000,0.0000000000,0.8861125213,0.0000000000,scatter
77300,2,0.8861125213,0.0000000000,0.0000000000,-1.8365889978,exit_left
77400,1,0.0000000000,0.0000000000,0.1001557184,0.0000000000,scatter
77400,2,0.1001557184,0.0000000000,0.0000000000,0.0411222442,exit_left
77500,1,0.0000000000,0.0000000000,3.5000000000,0.0000000000,exit_right
77600,1,0.0000000000,0.0000000000,2.0818050604,0.0000000000,scatter
77600,2,2.0818050604,0.0000000000,1.3354606739,-1.4974870449,scatter
77600,3,1.3354606739,-1.4974870449,0.0000000000,3.5976789928,exit_left
77700,1,0.0000000000,0.0000000000,0.6796731791,0.0000000000,scatter
77700,2,0.6796731791,0.0000000000,0.0000000000,-0.8587620613,exit_left
77800,1,0.0000000000,0.0000000000,0.9872292709,0.0000000000,scatter
77800,2,0.9872292709,0.0000000000,0.0000000000,-1.7470142698,exit_left
77900,1,0.0000000000,0.0000000000,3.5000000000,0.0000000000,exit_right
78000,1,0.0000000000,0.0000000000,3.2391632134,0.0000000000,absorb
78100,1,0.0000000000,0.0000000000,3.5000000000,0.0000000000,exit_right
78200,1,0.0000000000,0.0000000000,0.5622040342,0.0000000000,scatter
78200,2,0.5622040342,0.0000000000,0.0000000000,-0.1037351102,exit_left
78300,1,0.0000000000,0.0000000000,0.3522059090,0.0000000000,scatter
78300,2,0.3522059090,0.0000000000,0.8431657942,-0.0407005197,scatter
78300,3,0.8431657942,-0.0407005197,0.0000000000,0.8100483623,exit_left
78400,1,0.0000000000,0.0000000000,0.6760333484,0.0000000000,scatter
78400,2,0.6760333484,0.0000000000,0.0000000000,-0.3988525235,exit_left
78500,1,0.0000000000,0.0000000000,1.6684207406,0.0000000000,scatter
78500,2,1.6684207406,0.0000000000,0.0000000000,0.4533462587,exit_left
78600,1,0.0000000000,0.0000000000,0.3372709350,0.0000000000,scatter
78600,2,0.3372709350,0.0000000000,0.0000000000,0.8652190379,exit_left
78700,1,0.0000000000,0.0000000000,2.9004585428,0.0000000000,absorb
78800,1,0.0000000000,0.0000000000,3.5000000000,0.0000000000,exit_right
78900,1,0.0000000000,0.0000000000,1.9446156845,0.0000000000,scatter
78900,2,1.9446156845,0.0000000000,2.1356611673,-0.3257565593,absorb
79000,1,0.0000000000,0.0000000000,2.8497167490,0.0000000000,scatter
79000,2,2.8497167490,0.0000000000,3.5000000000,-0.7608338266,exit_right
79100,1,0.0000000000,0.0000000000,1.3185121194,0.0000000000,scatter
79100,2,1.3185121194,0.0000000000,0.1310927479,-1.7918019360,scatter
79100,3,0.1310927479,-1.7918019360,0.3070021991,-1.7165529986,scatter
79100,4,0.3070021991,-1.7165529986,2.6316700722,-1.9632203187,scatter
79100,5,2.6316700722,-1.9632203187,2.6905653796,-1.9974503684,absorb
79200,1,0.0000000000,0.0000000000,3.5000000000,0.0000000000,exit_right
79300,1,0.0000000000,0.0000000000,0.7254994050,0.0000000000,absorb
79400,1,0.0000000000,0.0000000000,0.5213241508,0.0000000000,scatter
79400,2,0.5213241508,0.0000000000,0.0000000000,1.4643478975,exit_left
79500,1,0.0000000000,0.0000000000,0.1171020342,0.0000000000,scatter
79500,2,0.1171020342,0.0000000000,2.0306493804,-0.9175858804,scatter
79500,3,2.0306493804,-0.9175858804,1.5728132226,-0.5583148090,scatter
79500,4,1.5728132226,-0.5583148090,2.9320497335,-1.1278449424,scatter
79500,5,2.9320497335,-1.1278449424,2.7869081259,-1.0575063438,scatter
79500,6,2.7869081259,-1.0575063438,1.5748385809,-1.3109887361,absorb
79600,1,0.0000000000,0.0000000000,3.5000000000,0.0000000000,exit_right
79700,1,0.0000000000,0.0000000000,3.5000000000,0.0000000000,exit_right
79800,1,0.0000000000,0.0000000000,2.5398713436,0.0000000000,scatter
79800,2,2.5398713436,0.0000000000,1.8120287315,0.5232574899,scatter
79800,3,1.8120287315,0.5232574899,3.5000000000,-0.1135908652,exit_right
79900,1,0.0000000000,0.0000000000,1.3315543054,0.0000000000,scatter
79900,2,1.3315543054,0.0000000000,1.9708743640,1.0121804113,scatter
79900,3,1.9708743640,1.0121804113,0.0000000000,0.5708289663,exit_left
80000,1,0.0000000000,0.0000000000,1.2422118139,0.0000000000,scatter
80000,2,1.2422118139,0.0000000000,1.0561805579,5.4246933819,absorb
80100,1,0.0000000000,0.0000000000,3.5000000000,0.0000000000,exit_right
80200,1,0.0000000000,0.0000000000,0.0487428855,0.0000000000,scatter
80200,2,0.0487428855,0.0000000000,0.0000000000,0.0693550747,exit_left
80300,1,0.0000000000,0.0000000000,3.5000000000,0.0000000000,exit_right
80400,1,0.0000000000,0.0000000000,0.3397611323,0.0000000000,scatter
80400,2,0.3397611323,0.0000000000,1.0399946786,-0.2118879163,scatter
80400,3,1.0399946786,-0.2118879163,0.0000000000,-0.3622422461,exit_left
80500,1,0.0000000000,0.0000000000,2.8198284254,0.0000000000,absorb
80600,1,0.0000000000,0.0000000000,0.7075099224,0.0000000000,scatter
80600,2,0.7075099224,0.0000000000,3.5000000000,-0.2472793821,exit_right
80700,1,0.0000000000,0.0000000000,0.9923709864,0.0000000000,scatter
80700,2,0.9923709864,0.0000000000,0.0000000000,0.4031983370,exit_left
80800,1,0.0000000000,0.0000000000,2.2222812534,0.0000000000,absorb
80900,1,0.0000000000,0.0000000000,3.5000000000,0.0000000000,exit_right
81000,1,0.0000000000,0.0000000000,3.5000000000,0.0000000000,exit_right
81100,1,0.0000000000,0.0000000000,1.3812620003,0.0000000000,scatter
81100,2,1.3812620003,0.0000000000,1.5234103989,-0.3108082641,scatter
81100,3,1.5234103989,-0.3108082641,3.3439354737,-0.1550771182,scatter
81100,4,3.3439354737,-0.1550771182,3.5000000000,0.0052268615,exit_right
81200,1,0.0000000000,0.0000000000,2.0833293397,0.0000000000,scatter
81200,2,2.0833293397,0.0000000000,2.2593625038,1.1626741309,scatter
81200,3,2.2593625038,1.1626741309,2.1714375820,1.1933489014,absorb
81300,1,0.0000000000,0.0000000000,0.2924909274,0.0000000000,scatter
81300,2,0.2924909274,0.0000000000,0.2373833854,0.0377823289,scatter
81300,3,0.2373833854,0.0377823289,2.2155985723,4.9818667583,absorb
81400,1,0.0000000000,0.0000000000,2.3619337597,0.0000000000,absorb
81500,1,0.0000000000,0.0000000000,0.0719005807,0.0000000000,scatter
81500,2,0.0719005807,0.0000000000,0.0000000000,0.1176328711,exit_left
81600,1,0.0000000000,0.0000000000,0.4441034036,0.0000000000,scatter
81600,2,0.4441034036,0.0000000000,3.3816080700,-2.4675548338,scatter
81600,3,3.3816080700,-2.4675548338,2.4479999215,-3.2190858508,absorb
81700,1,0.0000000000,0.0000000000,3.5000000000,0.0000000000,exit_right
81800,1,0.0000000000,0.0000000000,1.0182945290,0.0000000000,scatter
81800,2,1.0182945290,0.0000000000,0.0000000000,-1.4305920814,exit_left
81900,1,0.0000000000,0.0000000000,0.0713443388,0.0000000000,absorb
82000,1,0.0000000000,0.0000000000,0.0743828100,0.0000000000,scatter
82000,2,0.0743828100,0.0000000000,0.7099928739,0.7054427183,scatter
82000,3,0.7099928739,0.7054427183,0.0000000000,0.0708071467,exit_left
82100,1,0.0000000000,0.0000000000,2.8217709609,0.0000000000,scatter
82100,2,2.8217709609,0.0000000000,3.5000000000,0.3937402954,exit_right
82200,1,0.0000000000,0.0000000000,0.7697857021,0.0000000000,scatter
82200,2,0.7697857021,0.0000000000,0.0000000000,0.1161909110,exit_left
82300,1,0.0000000000,0.0000000000,2.0214318334,0.0000000000,scatter
82300,2,2.0214318334,0.0000000000,1.5923162240,0.2524305554,absorb
82400,1,0.0000000000,0.0000000000,3.5000000000,0.0000000000,exit_right
82500,1,0.0000000000,0.0000000000,3.5000000000,0.0000000000,exit_right
82600,1,0.0000000000,0.0000000000,2.8971950919,0.0000000000,absorb
82700,1,0.0000000000,0.0000000000,1.9243253747,0.0000000000,scatter
82700,2,1.9243253747,0.0000000000,3.0389507159,1.5293354003,scatter
82700,3,3.0389507159,1.5293354003,3.5000000000,0.6902734202,exit_right
82800,1,0.0000000000,0.0000000000,0.2379727329,0.0000000000,scatter
82800,2,0.2379727329,0.0000000000,0.5436233487,-0.0962213263,absorb
82900,1,0.0000000000,0.0000000000,0.4647487190,0.0000000000,absorb
83000,1,0.0000000000,0.0000000000,1.6867266352,0.0000000000,scatter
83000,2,1.6867266352,0.0000000000,2.2594833423,-1.9900345208,scatter
83000,3,2.2594833423,-1.9900345208,2.0648597792,-2.0274004984,scatter
83000,4,2.0648597792,-2.0274004984,1.6161771312,1.4140780323,scatter
83000,5,1.6161771312,1.4140780323,0.2483045891,5.3714217136,scatter
83000,6,0.2483045891,5.3714217136,0.0000000000,5.2855832293,exit_left
83100,1,0.0000000000,0.0000000000,0.1386528017,0.0000000000,scatter
83100,2,0.1386528017,0.0000000000,0.5138884482,-1.1577106547,scatter
83100,3,0.5138884482,-1.1577106547,0.2843516863,-1.0582964616,scatter
83100,4,0.2843516863,-1.0582964616,0.1637933152,-1.1654920618,scatter
83100,5,0.1637933152,-1.1654920618,0.0000000000,-1.2590365936,exit_left
83200,1,0.0000000000,0.0000000000,2.7531970447,0.0000000000,scatter
83200,2,2.7531970447,0.0000000000,1.2252437549,-1.4411134652,scatter
83200,3,1.2252437549,-1.4411134652,0.0000000000,-0.3827428072,exit_left
83300,1,0.0000000000,0.0000000000,1.3257111564,0.0000000000,scatter
83300,2,1.3257111564,0.0000000000,1.1451923707,0.5557239201,scatter
83300,3,1.1451923707,0.5557239201,3.5000000000,0.5717329456,exit_right
83400,1,0.0000000000,0.0000000000,0.6732389678,0.0000000000,scatter
83400,2,0.6732389678,0.0000000000,0.5239356230,-0.9929783047,scatter
83400,3,0.5239356230,-0.9929783047,0.4467814728,-0.5582682028,scatter
83400,4,0.4467814728,-0.5582682028,0.6785904936,-0.5034426059,scatter
83400,5,0.6785904936,-0.5034426059,2.7881503012,-3.1448029901,scatter
83400,6,2.7881503012,-3.1448029901,0.0000000000,-3.6114184374,exit_left
83500,1,0.0000000000,0.0000000000,3.5000000000,0.0000000000,exit_right
83600,1,0.0000000000,0.0000000000,1.4535610963,0.0000000000,absorb
83700,1,0.0000000000,0.0000000000,1.3362406609,0.0000000000,scatter
83700,2,1.3362406609,0.0000000000,1.4004560277,0.1881249134,scatter
83700,3,1.4004560277,0.1881249134,0.7020226318,0.3363907589,scatter
83700,4,0.7020226318,0.3363907589,0.0000000000,-0.3734464237,exit_left
83800,1,0.0000000000,0.0000000000,3.5000000000,0.0000000000,exit_right
83900,1,0.0000000000,0.0000000000,2.3878840539,0.0000000000,scatter
83900,2,2.3878840539,0.0000000000,3.2570184945,-0.5279483551,scatter
83900,3,3.2570184945,-0.5279483551,3.5000000000,0.0638709932,exit_right
84000,1,0.0000000000,0.0000000000,0.2134022378,0.0000000000,scatter
84000,2,0.2134022378,0.0000000000,1.1810388608,0.6956475273,scatter
84000,3,1.1810388608,0.6956475273,1.6305352632,1.1829137243,scatter
84000,4,1.6305352632,1.1829137243,1.6144475080,1.3483408820,scatter
84000,5,1.6144475080,1.3483408820,2.0294206334,2.0149437716,scatter
84000,6,2.0294206334,2.0149437716,0.0000000000,0.7411451677,exit_left
84100,1,0.0000000000,0.0000000000,0.8216490156,0.0000000000,scatter
84100,2,0.8216490156,0.0000000000,1.0870599042,-0.0756326370,scatter
84100,3,1.0870599042,-0.0756326370,0.9703302892,-0.9190351476,scatter
84100,4,0.9703302892,-0.9190351476,0.3381565616,-1.6352080459,scatter
84100,5,0.3381565616,-1.6352080459,0.0000000000,-1.7841020968,exit_left
84200,1,0.0000000000,0.0000000000,3.1642286627,0.0000000000,scatter
84200,2,3.1642286627,0.0000000000,2.5204072138,-0.4799379629,scatter
84200,3,2.5204072138,-0.4799379629,2.6589547495,-2.5753642918,scatter
84200,4,2.6589547495,-2.5753642918,0.9026968660,-3.9466806628,scatter
84200,5,0.9026968660,-3.9466806628,0.5856372716,-1.3073138434,absorb
84300,1,0.0000000000,0.0000000000,1.7675669069,0.0000000000,scatter
84300,2,1.7675669069,0.0000000000,2.3520965723,0.0328351662,scatter
84300,3,2.3520965723,0.0328351662,3.5000000000,-0.0944590279,exit_right
84400,1,0.0000000000,0.0000000000,3.5000000000,0.0000000000,exit_right
84500,1,0.0000000000,0.0000000000,2.2551059642,0.0000000000,scatter
84500,2,2.2551059642,0.0000000000,0.3980184026,1.1794858319,scatter
84500,3,0.3980184026,1.1794858319,0.5962190082,-1.7380658724,scatter
84500,4,0.5962190082,-1.7380658724,1.2474414248,-1.7845660835,scatter
84500,5,1.2474414248,-1.7845660835,0.9806064873,-2.4528243773,scatter
84500,6,0.9806064873,-2.4528243773,1.1165249818,-2.4392044731,absorb
84600,1,0.0000000000,0.0000000000,2.8246679762,0.0000000000,scatter
84600,2,2.8246679762,0.0000000000,2.4382533106,0.0299650000,scatter
84600,3,2.4382533106,0.0299650000,0.4272783810,3.6536246498,scatter
84600,4,0.4272783810,3.6536246498,0.5450893644,3.9892863977,scatter
84600,5,0.5450893644,3.9892863977,2.2072597241,5.6311556177,scatter
84600,6,2.2072597241,5.6311556177,1.7336633993,2.1401212372,absorb
84700,1,0.0000000000,0.0000000000,2.5852576159,0.0000000000,scatter
84700,2,2.5852576159,0.0000000000,3.5000000000,-0.0056971260,exit_right
84800,1,0.0000000000,0.0000000000,0.3205133824,0.0000000000,scatter
84800,2,0.3205133824,0.0000000000,0.2012409900,-1.1873002812,scatter
84800,3,0.2012409900,-1.1873002812,0.0338351089,-0.6730947543,scatter
84800,4,0.0338351089,-0.6730947543,1.4393914627,-1.7769499389,absorb
84900,1,0.0000000000,0.0000000000,0.6728998513,0.0000000000,scatter
84900,2,0.6728998513,0.0000000000,3.5000000000,-2.1273262494,exit_right
85000,1,0.0000000000,0.0000000000,1.3977742314,0.0000000000,scatter
85000,2,1.3977742314,0.0000000000,1.0257452348,0.1451863019,scatter
85000,3,1.0257452348,0.1451863019,2.9769851082,-0.9539995315,scatter
85000,4,2.9769851082,-0.9539995315,1.0397193949,-2.1272172125,scatter
85000,5,1.0397193949,-2.1272172125,0.0000000000,-0.4596790444,exit_left
85100,1,0.0000000000,0.0000000000,0.6614298330,0.0000000000,scatter
85100,2,0.6614298330,0.0000000000,2.3516548900,-2.7469477610,absorb
85200,1,0.0000000000,0.0000000000,2.2807314804,0.0000000000,scatter
85200,2,2.2807314804,0.0000000000,0.0000000000,-0.4455757007,exit_left
85300,1,0.0000000000,0.0000000000,1.2367791074,0.0000000000,absorb
85400,1,0.0000000000,0.0000000000,0.0780498125,0.0000000000,scatter
85400,2,0.0780498125,0.0000000000,0.8980311634,0.7584476248,scatter
85400,3,0.8980311634,0.7584476248,0.2172220766,0.4994552199,scatter
85400,4,0.2172220766,0.4994552199,0.9538261414,1.1998850357,scatter
85400,5,0.9538261414,1.1998850357,1.0040278552,1.0465688736,absorb
85500,1,0.0000000000,0.0000000000,0.0951612884,0.0000000000,scatter
85500,2,0.0951612884,0.0000000000,0.0000000000,-0.0190086411,exit_left
85600,1,0.0000000000,0.0000000000,0.5968835787,0.0000000000,scatter
85600,2,0.5968835787,0.0000000000,0.0000000000,1.1526784355,exit_left
85700,1,0.0000000000,0.0000000000,2.0762090186,0.0000000000,scatter
85700,2,2.0762090186,0.0000000000,0.0000000000,-1.6692768096,exit_left
85800,1,0.0000000000,0.0000000000,1.9869622817,0.0000000000,scatter
85800,2,1.9869622817,0.0000000000,3.1059406105,0.5160279484,scatter
85800,3,3.1059406105,0.5160279484,3.5000000000,1.8865089372,exit_right
85900,1,0.0000000000,0.0000000000,3.5000000000,0.0000000000,exit_right
86000,1,0.0000000000,0.0000000000,3.5000000000,0.0000000000,exit_right
86100,1,0.0000000000,0.0000000000,0.5466451285,0.0000000000,scatter
86100,2,0.5466451285,0.0000000000,0.5321500949,0.3105230507,scatter
86100,3,0.5321500949,0.3105230507,2.2476966561,4.9317740234,scatter
86100,4,2.2476966561,4.9317740234,3.5000000000,5.2908568403,exit_right
86200,1,0.0000000000,0.0000000000,1.1065635190,0.0000000000,absorb
86300,1,0.0000000000,0.0000000000,3.5000000000,0.0000000000,exit_right
86400,1,0.0000000000,0.0000000000,0.1631796562,0.0000000000,scatter
86400,2,0.1631796562,0.0000000000,0.0000000000,0.0035020686,exit_left
86500,1,0.0000000000,0.0000000000,0.0996187097,0.0000000000,absorb
86600,1,0.0000000000,0.0000000000,2.3416313742,0.0000000000,scatter
86600,2,2.3416313742,0.0000000000,0.0000000000,-2.0074726419,exit_left
86700,1,0.0000000000,0.0000000000,1.4935115382,0.0000000000,scatter
86700,2,1.4935115382,0.0000000000,0.6726662680,-0.5623007079,scatter
86700,3,0.6726662680,-0.5623007079,1.7227307465,1.3769691323,absorb
86800,1,0.0000000000,0.0000000000,0.6753968200,0.0000000000,scatter
86800,2,0.6753968200,0.0000000000,0.0000000000,0.2709966197,exit_left
86900,1,0.0000000000,0.0000000000,0.7914469795,0.0000000000,absorb
87000,1,0.0000000000,0.0000000000,3.0244992521,0.0000000000,absorb
87100,1,0.0000000000,0.0000000000,3.3000312853,0.0000000000,scatter
87100,2,3.3000312853,0.0000000000,1.8198854840,-2.3025285242,absorb
87200,1,0.0000000000,0.0000000000,3.5000000000,0.0000000000,exit_right
87300,1,0.0000000000,0.0000000000,1.1625141664,0.0000000000,absorb
87400,1,0.0000000000,0.0000000000,0.7228704119,0.0000000000,scatter
87400,2,0.7228704119,0.0000000000,0.0000000000,0.1158855404,exit_left
87500,1,0.0000000000,0.0000000000,1.6716840831,0.0000000000,scatter
87500,2,1.6716840831,0.0000000000,3.0413799044,0.1451155755,absorb
87600,1,0.0000000000,0.0000000000,0.0598688225,0.0000000000,absorb
87700,1,0.0000000000,0.0000000000,0.7065119400,0.0000000000,scatter
87700,2,0.7065119400,0.0000000000,0.7670856264,-0.1772068961,absorb
87800,1,0.0000000000,0.0000000000,1.7843941479,0.0000000000,scatter
87800,2,1.7843941479,0.0000000000,2.1650379673,-1.5308973688,scatter
87800,3,2.1650379673,-1.5308973688,2.4928728882,-2.6726024990,absorb
87900,1,0.0000000000,0.0000000000,1.6873897389,0.0000000000,scatter
87900,2,1.6873897389,0.0000000000,0.0000000000,-0.0433069259,exit_left
88000,1,0.0000000000,0.0000000000,2.2587722012,0.0000000000,absorb
88100,1,0.0000000000,0.0000000000,1.7449975453,0.0000000000,absorb
88200,1,0.0000000000,0.0000000000,3.5000000000,0.0000000000,exit_right
88300,1,0.0000000000,0.0000000000,1.1835901691,0.0000000000,absorb
88400,1,0.0000000000,0.0000000000,0.6758369035,0.0000000000,scatter
88400,2,0.6758369035,0.0000000000,0.8506432834,-0.1862025071,scatter
88400,3,0.8506432834,-0.1862025071,0.0000000000,-0.0190752936,exit_left
88500,1,0.0000000000,0.0000000000,1.0037213817,0.0000000000,scatter
88500,2,1.0037213817,0.0000000000,1.0196463684,0.0073979738,scatter
88500,3,1.0196463684,0.0073979738,0.0000000000,0.8152853398,exit_left
88600,1,0.0000000000,0.0000000000,3.1267345010,0.0000000000,absorb
88700,1,0.0000000000,0.0000000000,0.4234264153,0.0000000000,scatter
88700,2,0.4234264153,0.0000000000,1.1705232684,0.6837501378,absorb
88800,1,0.0000000000,0.0000000000,1.3148053244,0.0000000000,absorb
88900,1,0.0000000000,0.0000000000,3.5000000000,0.0000000000,exit_right
89000,1,0.0000000000,0.0000000000,3.5000000000,0.0000000000,exit_right
89100,1,0.0000000000,0.0000000000,1.4304309344,0.0000000000,scatter
89100,2,1.4304309344,0.0000000000,0.0000000000,-0.9554263604,exit_left
89200,1,0.0000000000,0.0000000000,0.8236735870,0.0000000000,absorb
89300,1,0.0000000000,0.0000000000,0.6695524014,0.0000000000,scatter
89300,2,0.6695524014,0.0000000000,0.0000000000,-0.3923630228,exit_left
89400,1,0.0000000000,0.0000000000,2.0431467588,0.0000000000,scatter
89400,2,2.0431467588,0.0000000000,3.4235312720,-0.7183591423,scatter
89400,3,3.4235312720,-0.7183591423,2.9857435215,-1.4346556529,scatter
89400,4,2.9857435215,-1.4346556529,2.4549042170,0.2194372076,scatter
89400,5,2.4549042170,0.2194372076,1.6051211938,1.7504237670,absorb
89500,1,0.0000000000,0.0000000000,1.9686993653,0.0000000000,scatter
89500,2,1.9686993653,0.0000000000,2.0145810463,0.0602849025,scatter
89500,3,2.0145810463,0.0602849025,2.0657334536,0.1304909678,scatter
89500,4,2.0657334536,0.1304909678,1.5189313599,2.5018907779,absorb
89600,1,0.0000000000,0.0000000000,0.7809377418,0.0000000000,scatter
89600,2,0.7809377418,0.0000000000,3.5000000000,1.6360825462,exit_right
89700,1,0.0000000000,0.0000000000,0.9590607840,0.0000000000,scatter
89700,2,0.9590607840,0.0000000000,0.9269366076,0.0217069147,scatter
89700,3,0.9269366076,0.0217069147,0.0000000000,0.7250699150,exit_left
89800,1,0.0000000000,0.0000000000,1.9432667839,0.0000000000,scatter
89800,2,1.9432667839,0.0000000000,3.5000000000,0.6846275277,exit_right
89900,1,0.0000000000,0.0000000000,1.8596971949,0.0000000000,scatter
89900,2,1.8596971949,0.0000000000,0.0000000000,1.4459527449,exit_left
90000,1,0.0000000000,0.0000000000,0.9393539508,0.0000000000,scatter
90000,2,0.9393539508,0.0000000000,1.4334495895,1.4454515290,absorb
90100,1,0.0000000000,0.0000000000,0.1441635194,0.0000000000,scatter
90100,2,0.1441635194,0.0000000000,0.0000000000,1.7913002295,exit_left
90200,1,0.0000000000,0.0000000000,3.5000000000,0.0000000000,exit_right
90300,1,0.0000000000,0.0000000000,0.6411792178,0.0000000000,scatter
90300,2,0.6411792178,0.0000000000,0.9075516317,-0.6912094580,absorb
90400,1,0.0000000000,0.0000000000,3.5000000000,0.0000000000,exit_right
90500,1,0.0000000000,0.0000000000,1.3584547416,0.0000000000,scatter
90500,2,1.3584547416,0.0000000000,2.9442699701,-1.6430720534,scatter
90500,3,2.9442699701,-1.6430720534,2.8418542824,-1.2292722429,scatter
90500,4,2.8418542824,-1.2292722429,2.3375483253,-0.8621382915,scatter
90500,5,2.3375483253,-0.8621382915,0.8764475735,-0.1866394455,absorb
90600,1,0.0000000000,0.0000000000,3.5000000000,0.0000000000,exit_right
90700,1,0.0000000000,0.0000000000,1.0140707285,0.0000000000,scatter
90700,2,1.0140707285,0.0000000000,0.1628946571,-1.7186397040,scatter
90700,3,0.1628946571,-1.7186397040,0.0000000000,-1.6978698795,exit_left
90800,1,0.0000000000,0.0000000000,1.3638835007,0.0000000000,scatter
90800,2,1.3638835007,0.0000000000,1.4828095631,0.0188763202,scatter
90800,3,1.4828095631,0.0188763202,2.1503426443,2.0387368452,scatter
90800,4,2.1503426443,2.0387368452,0.0000000000,0.1342047873,exit_left
90900,1,0.0000000000,0.0000000000,0.9171573492,0.0000000000,absorb
91000,1,0.0000000000,0.0000000000,2.8332938455,0.0000000000,scatter
91000,2,2.8332938455,0.0000000000,3.0815635381,-0.5283178056,scatter
91000,3,3.0815635381,-0.5283178056,3.5000000000,-2.2802105210,exit_right
91100,1,0.0000000000,0.0000000000,1.6357604747,0.0000000000,absorb
91200,1,0.0000000000,0.0000000000,0.4944961574,0.0000000000,scatter
91200,2,0.4944961574,0.0000000000,2.1498402808,-0.1124619568,scatter
91200,3,2.1498402808,-0.1124619568,1.9358104554,-0.1601403130,scatter
91200,4,1.9358104554,-0.1601403130,3.5000000000,-0.0733457884,exit_right
91300,1,0.0000000000,0.0000000000,2.4906257898,0.0000000000,scatter
91300,2,2.4906257898,0.0000000000,2.4099975283,0.1409270605,scatter
91300,3,2.4099975283,0.1409270605,2.2117751320,-2.0169791792,scatter
91300,4,2.2117751320,-2.0169791792,2.1518050226,-3.3787085635,scatter
91300,5,2.1518050226,-3.3787085635,2.3042707616,-3.4428330855,scatter
91300,6,2.3042707616,-3.4428330855,2.4403305770,-5.4254825464,scatter
91300,7,2.4403305770,-5.4254825464,0.6762313252,-7.3342759982,scatter
91300,8,0.6762313252,-7.3342759982,0.8405836556,-7.4336089366,scatter
91300,9,0.8405836556,-7.4336089366,0.0000000000,-7.8963330237,exit_left
91400,1,0.0000000000,0.0000000000,1.4907579686,0.0000000000,scatter
91400,2,1.4907579686,0.0000000000,1.0378968971,1.0740822336,scatter
91400,3,1.0378968971,1.0740822336,0.4677479087,1.7616522009,scatter
91400,4,0.4677479087,1.7616522009,0.5276811571,2.1125752384,scatter
91400,5,0.5276811571,2.1125752384,2.7262601003,1.9513766664,scatter
91400,6,2.7262601003,1.9513766664,3.1489011928,1.6738466571,absorb
91500,1,0.0000000000,0.0000000000,0.3485927452,0.0000000000,absorb
91600,1,0.0000000000,0.0000000000,2.1777271438,0.0000000000,scatter
91600,2,2.1777271438,0.0000000000,2.1046128903,0.1515107459,scatter
91600,3,2.1046128903,0.1515107459,2.1405933587,0.1625490580,scatter
91600,4,2.1405933587,0.1625490580,1.9792985528,-0.9116107045,scatter
91600,5,1.9792985528,-0.9116107045,3.5000000000,-1.4524094192,exit_right
91700,1,0.0000000000,0.0000000000,1.7104523016,0.0000000000,scatter
91700,2,1.7104523016,0.0000000000,1.5290080148,1.0633676812,scatter
91700,3,1.5290080148,1.0633676812,1.5371297164,1.0686046501,absorb
91800,1,0.0000000000,0.0000000000,3.5000000000,0.0000000000,exit_right
91900,1,0.0000000000,0.0000000000,0.2669955396,0.0000000000,scatter
91900,2,0.2669955396,0.0000000000,3.5000000000,2.9620624827,exit_right
92000,1,0.0000000000,0.0000000000,1.5201013416,0.0000000000,scatter
92000,2,1.5201013416,0.0000000000,3.5000000000,-1.1127430566,exit_right
92100,1,0.0000000000,0.0000000000,2.1341439211,0.0000000000,scatter
92100,2,2.1341439211,0.0000000000,2.5159495382,-0.4275691919,scatter
92100,3,2.5159495382,-0.4275691919,2.1435837615,-0.0539744963,scatter
92100,4,2.1435837615,-0.0539744963,2.0691672039,0.3595035310,scatter
92100,5,2.0691672039,0.3595035310,3.5000000000,5.5362150428,exit_right
92200,1,0.0000000000,0.0000000000,3.5000000000,0.0000000000,exit_right
92300,1,0.0000000000,0.0000000000,1.0440267338,0.0000000000,scatter
92300,2,1.0440267338,0.0000000000,0.6144358473,-0.3309921116,scatter
92300,3,0.6144358473,-0.3309921116,0.0000000000,0.1562205436,exit_left
92400,1,0.0000000000,0.0000000000,0.9731226660,0.0000000000,scatter
92400,2,0.9731226660,0.0000000000,1.0644332287,0.1740545596,scatter
92400,3,1.0644332287,0.1740545596,0.8720797103,0.5906242152,scatter
92400,4,0.8720797103,0.5906242152,0.9192626915,0.6109140646,scatter
92400,5,0.9192626915,0.6109140646,0.8555614955,2.7892623596,scatter
92400,6,0.8555614955,2.7892623596,0.9054551731,2.7872631824,scatter
92400,7,0.9054551731,2.7872631824,0.0000000000,2.2484855839,exit_left
92500,1,0.0000000000,0.0000000000,0.1048480128,0.0000000000,absorb
92600,1,0.0000000000,0.0000000000,1.4417690897,0.0000000000,scatter
92600,2,1.4417690897,0.0000000000,1.1973781420,-0.1829500467,scatter
92600,3,1.1973781420,-0.1829500467,1.4477266874,-1.7573413474,scatter
92600,4,1.4477266874,-1.7573413474,1.3636992601,-1.7556314020,absorb
92700,1,0.0000000000,0.0000000000,1.5780125838,0.0000000000,scatter
92700,2,1.5780125838,0.0000000000,1.0588031354,-2.3251837536,scatter
92700,3,1.0588031354,-2.3251837536,1.6316241244,-2.4373951241,scatter
92700,4,1.6316241244,-2.4373951241,1.9392715983,-1.3243375126,scatter
92700,5,1.9392715983,-1.3243375126,2.7118670816,-4.4739068157,scatter
92700,6,2.7118670816,-4.4739068157,2.9691520057,-4.7428830006,absorb
92800,1,0.0000000000,0.0000000000,1.1276343411,0.0000000000,absorb
92900,1,0.0000000000,0.0000000000,1.9061839830,0.0000000000,scatter
92900,2,1.9061839830,0.0000000000,1.4954919606,0.6779609817,scatter
92900,3,1.4954919606,0.6779609817,1.4146012562,0.6867667465,scatter
92900,4,1.4146012562,0.6867667465,0.0000000000,-0.2907339940,exit_left
93000,1,0.0000000000,0.0000000000,0.8496590565,0.0000000000,scatter
93000,2,0.8496590565,0.0000000000,3.5000000000,3.1263923116,exit_right
93100,1,0.0000000000,0.0000000000,0.0631115245,0.0000000000,scatter
93100,2,0.0631115245,0.0000000000,0.0786954887,0.0035998423,scatter
93100,3,0.0786954887,0.0035998423,0.0000000000,-0.0728618318,exit_left
93200,1,0.0000000000,0.0000000000,0.2353288019,0.0000000000,scatter
93200,2,0.2353288019,0.0000000000,0.0645829181,-0.5779464385,scatter
93200,3,0.0645829181,-0.5779464385,0.0000000000,-0.6198375187,exit_left
93300,1,0.0000000000,0.0000000000,0.4328941580,0.0000000000,scatter
93300,2,0.4328941580,0.0000000000,0.4824977240,-0.0819212921,absorb
93400,1,0.0000000000,0.0000000000,0.0643045016,0.0000000000,scatter
93400,2,0.0643045016,0.0000000000,0.0000000000,0.0036027262,exit_left
93500,1,0.0000000000,0.0000000000,0.6033558624,0.0000000000,scatter
93500,2,0.6033558624,0.0000000000,0.0000000000,-0.5443065414,exit_left
93600,1,0.0000000000,0.0000000000,0.1517793879,0.0000000000,absorb
93700,1,0.0000000000,0.0000000000,2.6599722092,0.0000000000,absorb
93800,1,0.0000000000,0.0000000000,3.2902418265,0.0000000000,absorb
93900,1,0.0000000000,0.0000000000,0.7788206273,0.0000000000,scatter
93900,2,0.7788206273,0.0000000000,0.0000000000,0.4991349239,exit_left
94000,1,0.0000000000,0.0000000000,2.8532006241,0.0000000000,scatter
94000,2,2.8532006241,0.0000000000,3.5000000000,-0.5381407588,exit_right
94100,1,0.0000000000,0.0000000000,0.3661259386,0.0000000000,scatter
94100,2,0.3661259386,0.0000000000,1.1444714239,-2.0407550214,scatter
94100,3,1.1444714239,-2.0407550214,1.7827603802,-1.4401568516,scatter
94100,4,1.7827603802,-1.4401568516,2.2753495602,-0.3244413859,scatter
94100,5,2.2753495602,-0.3244413859,3.5000000000,0.5817258872,exit_right
94200,1,0.0000000000,0.0000000000,3.5000000000,0.0000000000,exit_right
94300,1,0.0000000000,0.0000000000,0.9758836954,0.0000000000,scatter
94300,2,0.9758836954,0.0000000000,0.0000000000,1.9279295883,exit_left
94400,1,0.0000000000,0.0000000000,3.0898768053,0.0000000000,absorb
94500,1,0.0000000000,0.0000000000,0.1433756994,0.0000000000,scatter
94500,2,0.1433756994,0.0000000000,0.4960826927,-0.3508424881,absorb
94600,1,0.0000000000,0.0000000000,3.0912150699,0.0000000000,scatter
94600,2,3.0912150699,0.0000000000,0.7774067352,-3.2314314581,scatter
94600,3,0.7774067352,-3.2314314581,2.5851563763,-7.7900953593,scatter
94600,4,2.5851563763,-7.7900953593,1.7853096364,-6.7777795558,absorb
94700,1,0.0000000000,0.0000000000,3.5000000000,0.0000000000,exit_right
94800,1,0.0000000000,0.0000000000,3.3388514346,0.0000000000,scatter
94800,2,3.3388514346,0.0000000000,2.2436364236,0.9065969662,scatter
94800,3,2.2436364236,0.9065969662,2.1026430418,1.1981365766,scatter
94800,4,2.1026430418,1.1981365766,2.1383473400,0.7409998722,scatter
94800,5,2.1383473400,0.7409998722,1.7610088335,3.2182122704,scatter
94800,6,1.7610088335,3.2182122704,0.0000000000,3.5795629287,exit_left
94900,1,0.0000000000,0.0000000000,0.4634220811,0.0000000000,absorb
95000,1,0.0000000000,0.0000000000,1.0843639978,0.0000000000,scatter
95000,2,1.0843639978,0.0000000000,1.4426349764,0.6175821096,scatter
95000,3,1.4426349764,0.6175821096,0.2682729434,0.4548514425,scatter
95000,4,0.2682729434,0.4548514425,0.0000000000,0.2654900184,exit_left
95100,1,0.0000000000,0.0000000000,2.5755458687,0.0000000000,scatter
95100,2,2.5755458687,0.0000000000,2.3067999829,-0.5534801188,scatter
95100,3,2.3067999829,-0.5534801188,2.1566724480,-0.2031437708,absorb
95200,1,0.0000000000,0.0000000000,0.0984873438,0.0000000000,scatter
95200,2,0.0984873438,0.0000000000,0.0765078740,0.1009268116,scatter
95200,3,0.0765078740,0.1009268116,0.0000000000,-0.4199335264,exit_left
95300,1,0.0000000000,0.0000000000,2.7541312832,0.0000000000,scatter
95300,2,2.7541312832,0.0000000000,1.5536372500,-0.3216829591,scatter
95300,3,1.5536372500,-0.3216829591,1.4183046965,-1.4670673541,absorb
95400,1,0.0000000000,0.0000000000,3.3525043816,0.0000000000,scatter
95400,2,3.3525043816,0.0000000000,0.0000000000,-0.1455423058,exit_left
95500,1,0.0000000000,0.0000000000,0.5683275460,0.0000000000,scatter
95500,2,0.5683275460,0.0000000000,0.8615406454,0.0316908569,scatter
95500,3,0.8615406454,0.0316908569,0.4094500882,0.2163974807,scatter
95500,4,0.4094500882,0.2163974807,0.0000000000,0.6389913199,exit_left
95600,1,0.0000000000,0.0000000000,2.2358807071,0.0000000000,scatter
95600,2,2.2358807071,0.0000000000,2.6252454183,0.4750021784,scatter
95600,3,2.6252454183,0.4750021784,2.3903659267,1.8116821789,absorb
95700,1,0.0000000000,0.0000000000,1.0725199785,0.0000000000,absorb
95800,1,0.0000000000,0.0000000000,0.5906430120,0.0000000000,absorb
95900,1,0.0000000000,0.0000000000,0.5120796574,0.0000000000,scatter
95900,2,0.5120796574,0.0000000000,3.3326214509,-1.8900065380,scatter
95900,3,3.3326214509,-1.8900065380,3.5000000000,-2.0032946352,exit_right
96000,1,0.0000000000,0.0000000000,3.5000000000,0.0000000000,exit_right
96100,1,0.0000000000,0.0000000000,0.9937464284,0.0000000000,scatter
96100,2,0.9937464284,0.0000000000,2.6511772248,3.1491560160,absorb
96200,1,0.0000000000,0.0000000000,0.6320414296,0.0000000000,scatter
96200,2,0.6320414296,0.0000000000,0.8471126672,0.1218235128,scatter
96200,3,0.8471126672,0.1218235128,1.0274850350,-4.0729760555,scatter
96200,4,1.0274850350,-4.0729760555,1.0579645633,-4.1236895719,scatter
96200,5,1.0579645633,-4.1236895719,1.1352715056,-3.9406056387,scatter
96200,6,1.1352715056,-3.9406056387,1.1348006319,-3.6118924424,scatter
96200,7,1.1348006319,-3.6118924424,2.2719007455,-2.6117742573,scatter
96200,8,2.2719007455,-2.6117742573,2.6387410055,-3.6724904560,scatter
96200,9,2.6387410055,-3.6724904560,3.5000000000,-5.3613600027,exit_right
96300,1,0.0000000000,0.0000000000,0.6687146435,0.0000000000,scatter
96300,2,0.6687146435,0.0000000000,0.6818279811,0.0537194918,scatter
96300,3,0.6818279811,0.0537194918,1.1692075921,0.4207510075,scatter
96300,4,1.1692075921,0.4207510075,2.7313404815,2.5654859930,scatter
96300,5,2.7313404815,2.5654859930,0.5660120559,4.4072145767,scatter
96300,6,0.5660120559,4.4072145767,0.5495862441,4.4269086147,scatter
96300,7,0.5495862441,4.4269086147,0.0000000000,4.2772128546,exit_left
96400,1,0.0000000000,0.0000000000,1.1968271934,0.0000000000,scatter
96400,2,1.1968271934,0.0000000000,1.4330589743,0.9786851955,scatter
96400,3,1.4330589743,0.9786851955,2.2668630845,0.8565320498,scatter
96400,4,2.2668630845,0.8565320498,2.0079745048,4.0775426722,scatter
96400,5,2.0079745048,4.0775426722,3.5000000000,3.7165188567,exit_right
96500,1,0.0000000000,0.0000000000,3.5000000000,0.0000000000,exit_right
96600,1,0.0000000000,0.0000000000,3.5000000000,0.0000000000,exit_right
96700,1,0.0000000000,0.0000000000,2.3345368724,0.0000000000,scatter
96700,2,2.3345368724,0.0000000000,0.0000000000,-0.0886145420,exit_left
96800,1,0.0000000000,0.0000000000,0.1415349257,0.0000000000,scatter
96800,2,0.1415349257,0.0000000000,0.0000000000,-0.1795769774,exit_left
96900,1,0.0000000000,0.0000000000,0.4316523645,0.0000000000,absorb
97000,1,0.0000000000,0.0000000000,0.5897082432,0.0000000000,absorb
97100,1,0.0000000000,0.0000000000,0.3015370985,0.0000000000,absorb
97200,1,0.0000000000,0.0000000000,3.5000000000,0.0000000000,exit_right
97300,1,0.0000000000,0.0000000000,2.1517352659,0.0000000000,scatter
97300,2,2.1517352659,0.0000000000,2.2107723086,-0.5637211349,absorb
97400,1,0.0000000000,0.0000000000,0.0394365607,0.0000000000,scatter
97400,2,0.0394365607,0.0000000000,0.3904296450,-0.3679773785,scatter
97400,3,0.3904296450,-0.3679773785,1.2578116386,-0.9661703861,absorb
97500,1,0.0000000000,0.0000000000,0.4967870921,0.0000000000,scatter
97500,2,0.4967870921,0.0000000000,0.4918436425,-0.7691091120,scatter
97500,3,0.4918436425,-0.7691091120,0.0000000000,-1.3029521295,exit_left
97600,1,0.0000000000,0.0000000000,1.5060270761,0.0000000000,absorb
97700,1,0.0000000000,0.0000000000,1.3346411928,0.0000000000,scatter
97700,2,1.3346411928,0.0000000000,0.6039320168,0.0193150341,absorb
97800,1,0.0000000000,0.0000000000,3.5000000000,0.0000000000,exit_right
97900,1,0.0000000000,0.0000000000,1.3158208943,0.0000000000,scatter
97900,2,1.3158208943,0.0000000000,2.2296485986,0.7521536066,scatter
97900,3,2.2296485986,0.7521536066,2.2362637429,0.7498450926,scatter
97900,4,2.2362637429,0.7498450926,2.5420225876,0.5954050845,scatter
97900,5,2.5420225876,0.5954050845,2.4957537911,1.3690799402,scatter
97900,6,2.4957537911,1.3690799402,2.9489252131,0.4849187378,scatter
97900,7,2.9489252131,0.4849187378,3.0703436142,-0.1296187304,scatter
97900,8,3.0703436142,-0.1296187304,0.0000000000,0.7903215590,exit_left
98000,1,0.0000000000,0.0000000000,3.5000000000,0.0000000000,exit_right
98100,1,0.0000000000,0.0000000000,0.0086120456,0.0000000000,scatter
98100,2,0.0086120456,0.0000000000,0.0000000000,-0.0305951109,exit_left
98200,1,0.0000000000,0.0000000000,3.5000000000,0.0000000000,exit_right
98300,1,0.0000000000,0.0000000000,3.5000000000,0.0000000000,exit_right
98400,1,0.0000000000,0.0000000000,1.0975875811,0.0000000000,scatter
98400,2,1.0975875811,0.0000000000,0.1743394199,2.4850894297,absorb
98500,1,0.0000000000,0.0000000000,2.0728605611,0.0000000000,scatter
98500,2,2.0728605611,0.0000000000,2.9658041183,5.5130172516,scatter
98500,3,2.9658041183,5.5130172516,3.5000000000,3.8689128131,exit_right
98600,1,0.0000000000,0.0000000000,0.6348426135,0.0000000000,scatter
98600,2,0.6348426135,0.0000000000,0.3644859249,0.9699802558,scatter
98600,3,0.3644859249,0.9699802558,0.3665924194,0.9402262988,scatter
98600,4,0.3665924194,0.9402262988,0.0000000000,0.5380238962,exit_left
98700,1,0.0000000000,0.0000000000,1.9027118889,0.0000000000,scatter
98700,2,1.9027118889,0.0000000000,1.2376760177,-0.1197421778,scatter
98700,3,1.2376760177,-0.1197421778,1.3390270440,0.5669476396,absorb
98800,1,0.0000000000,0.0000000000,0.0789166437,0.0000000000,scatter
98800,2,0.0789166437,0.0000000000,0.0000000000,-0.0024154451,exit_left
98900,1,0.0000000000,0.0000000000,0.3516808174,0.0000000000,scatter
98900,2,0.3516808174,0.0000000000,1.5121892756,-1.2063625297,scatter
98900,3,1.5121892756,-1.2063625297,0.9410961355,-1.0091837626,scatter
98900,4,0.9410961355,-1.0091837626,1.4358739239,-0.6227978546,scatter
98900,5,1.4358739239,-0.6227978546,0.0000000000,-1.6583515070,exit_left
99000,1,0.0000000000,0.0000000000,1.9409850578,0.0000000000,scatter
99000,2,1.9409850578,0.0000000000,2.4189452373,-0.3493722199,scatter
99000,3,2.4189452373,-0.3493722199,2.4019425083,-0.8408599497,scatter
99000,4,2.4019425083,-0.8408599497,3.0822602187,-1.4286234567,absorb
99100,1,0.0000000000,0.0000000000,3.2989925645,0.0000000000,scatter
99100,2,3.2989925645,0.0000000000,2.6293042649,0.4777696015,scatter
99100,3,2.6293042649,0.4777696015,2.7094958685,0.4313160639,absorb
99200,1,0.0000000000,0.0000000000,3.5000000000,0.0000000000,exit_right
99300,1,0.0000000000,0.0000000000,0.3113369020,0.0000000000,absorb
99400,1,0.0000000000,0.0000000000,1.5675527768,0.0000000000,scatter
99400,2,1.5675527768,0.0000000000,3.3021574223,4.9667234207,scatter
99400,3,3.3021574223,4.9667234207,3.5000000000,5.1038983031,exit_right
99500,1,0.0000000000,0.0000000000,0.8454261150,0.0000000000,scatter
99500,2,0.8454261150,0.0000000000,0.8330305959,0.0269430023,absorb
99600,1,0.0000000000,0.0000000000,0.2857866445,0.0000000000,absorb
99700,1,0.0000000000,0.0000000000,0.0183010032,0.0000000000,absorb
99800,1,0.0000000000,0.0000000000,0.3876925357,0.0000000000,scatter
99800,2,0.3876925357,0.0000000000,2.1305690584,-1.0294635968,scatter
99800,3,2.1305690584,-1.0294635968,2.9135809970,-0.4661136352,scatter
99800,4,2.9135809970,-0.4661136352,2.9163470100,-0.4582336881,scatter
99800,5,2.9163470100,-0.4582336881,2.3891513720,-0.4951249685,scatter
99800,6,2.3891513720,-0.4951249685,0.9245525995,-2.0310436990,scatter
99800,7,0.9245525995,-2.0310436990,0.0000000000,-1.6325510378,exit_left
99900,1,0.0000000000,0.0000000000,1.3193669039,0.0000000000,scatter
99900,2,1.3193669039,0.0000000000,0.6781417798,0.6317332615,scatter
99900,3,0.6781417798,0.6317332615,0.0000000000,0.6982993648,exit_left
100000,1,0.0000000000,0.0000000000,0.3777447401,0.0000000000,scatter
100000,2,0.3777447401,0.0000000000,0.0000000000,0.0299248898,exit_left
