neutron_id,step,x_start,y_start,x_end,y_end,event
100,1,0.0000000000,0.0000000000,0.1236954640,0.0000000000,scatter
100,2,0.1236954640,0.0000000000,0.2702832549,-0.0049427765,scatter
100,3,0.2702832549,-0.0049427765,0.0000000000,-0.6240249774,exit_left
200,1,0.0000000000,0.0000000000,0.5339110649,0.0000000000,scatter
200,2,0.5339110649,0.0000000000,0.0000000000,0.1231860489,exit_left
300,1,0.0000000000,0.0000000000,1.2500000000,0.0000000000,exit_right
400,1,0.0000000000,0.0000000000,0.0782889697,0.0000000000,scatter
400,2,0.0782889697,0.0000000000,1.2500000000,-1.1151585610,exit_right
500,1,0.0000000000,0.0000000000,1.2500000000,0.0000000000,exit_right
600,1,0.0000000000,0.0000000000,1.0313972547,0.0000000000,scatter
600,2,1.0313972547,0.0000000000,1.2500000000,0.0226518725,exit_right
700,1,0.0000000000,0.0000000000,0.4662847767,0.0000000000,scatter
700,2,0.4662847767,0.0000000000,0.8147008822,0.6511968358,scatter
700,3,0.8147008822,0.6511968358,0.0000000000,0.8248561200,exit_left
800,1,0.0000000000,0.0000000000,0.2123817226,0.0000000000,scatter
800,2,0.2123817226,0.0000000000,0.0000000000,-0.3686275474,exit_left
900,1,0.0000000000,0.0000000000,1.2358850060,0.0000000000,scatter
900,2,1.2358850060,0.0000000000,1.2500000000,0.0079051925,exit_right
1000,1,0.0000000000,0.0000000000,1.2500000000,0.0000000000,exit_right
1100,1,0.0000000000,0.0000000000,1.2500000000,0.0000000000,exit_right
1200,1,0.0000000000,0.0000000000,1.2500000000,0.0000000000,exit_right
1300,1,0.0000000000,0.0000000000,1.2500000000,0.0000000000,exit_right
1400,1,0.0000000000,0.0000000000,1.2500000000,0.0000000000,exit_right
1500,1,0.0000000000,0.0000000000,1.1312198515,0.0000000000,absorb
1600,1,0.0000000000,0.0000000000,0.6065776023,0.0000000000,absorb
1700,1,0.0000000000,0.0000000000,1.2500000000,0.0000000000,exit_right
1800,1,0.0000000000,0.0000000000,0.0481544997,0.0000000000,scatter
1800,2,0.0481544997,0.0000000000,0.0000000000,-0.0007564436,exit_left
1900,1,0.0000000000,0.0000000000,1.0671680682,0.0000000000,scatter
1900,2,1.0671680682,0.0000000000,1.2500000000,0.0340325577,exit_right
2000,1,0.0000000000,0.0000000000,1.2500000000,0.0000000000,exit_right
2100,1,0.0000000000,0.0000000000,0.4657695355,0.0000000000,scatter
2100,2,0.4657695355,0.0000000000,0.0000000000,-0.0332561096,exit_left
2200,1,0.0000000000,0.0000000000,1.2500000000,0.0000000000,exit_right
2300,1,0.0000000000,0.0000000000,0.5448029166,0.0000000000,scatter
2300,2,0.5448029166,0.0000000000,1.2500000000,0.3181314540,exit_right
2400,1,0.0000000000,0.0000000000,1.2500000000,0.0000000000,exit_right
2500,1,0.0000000000,0.0000000000,1.2500000000,0.0000000000,exit_right
2600,1,0.0000000000,0.0000000000,1.2500000000,0.0000000000,exit_right
2700,1,0.0000000000,0.0000000000,1.2500000000,0.0000000000,exit_right
2800,1,0.0000000000,0.0000000000,0.8183113132,0.0000000000,scatter
2800,2,0.8183113132,0.0000000000,0.0000000000,-0.8917906299,exit_left
2900,1,0.0000000000,0.0000000000,0.5806431901,0.0000000000,scatter
2900,2,0.5806431901,0.0000000000,1.2500000000,1.2485069881,exit_right
3000,1,0.0000000000,0.0000000000,0.6157520283,0.0000000000,absorb
3100,1,0.0000000000,0.0000000000,0.4643900039,0.0000000000,scatter
3100,2,0.4643900039,0.0000000000,0.0000000000,1.1817213383,exit_left
3200,1,0.0000000000,0.0000000000,1.2500000000,0.0000000000,exit_right
3300,1,0.0000000000,0.0000000000,0.6835599336,0.0000000000,absorb
3400,1,0.0000000000,0.0000000000,0.4315711251,0.0000000000,scatter
3400,2,0.4315711251,0.0000000000,0.2169050654,0.3119062669,scatter
3400,3,0.2169050654,0.3119062669,0.0000000000,0.5665999002,exit_left
3500,1,0.0000000000,0.0000000000,1.2500000000,0.0000000000,exit_right
3600,1,0.0000000000,0.0000000000,1.2500000000,0.0000000000,exit_right
3700,1,0.0000000000,0.0000000000,1.2500000000,0.0000000000,exit_right
3800,1,0.0000000000,0.0000000000,1.2500000000,0.0000000000,exit_right
3900,1,0.0000000000,0.0000000000,0.6736081270,0.0000000000,scatter
3900,2,0.6736081270,0.0000000000,0.3140060401,-0.4818715913,scatter
3900,3,0.3140060401,-0.4818715913,1.1194363077,0.6046488696,scatter
3900,4,1.1194363077,0.6046488696,0.0000000000,0.7142679656,exit_left
4000,1,0.0000000000,0.0000000000,0.9407791102,0.0000000000,scatter
4000,2,0.9407791102,0.0000000000,0.0000000000,-0.5266604330,exit_left
4100,1,0.0000000000,0.0000000000,0.5646226437,0.0000000000,scatter
4100,2,0.5646226437,0.0000000000,1.0849893145,-0.3574537836,scatter
4100,3,1.0849893145,-0.3574537836,0.5176957343,-1.2425884247,scatter
4100,4,0.5176957343,-1.2425884247,1.2500000000,-0.9538177645,exit_right
4200,1,0.0000000000,0.0000000000,1.2500000000,0.0000000000,exit_right
4300,1,0.0000000000,0.0000000000,0.5163796415,0.0000000000,absorb
4400,1,0.0000000000,0.0000000000,0.5241928567,0.0000000000,scatter
4400,2,0.5241928567,0.0000000000,0.4931458302,0.0111369738,scatter
4400,3,0.4931458302,0.0111369738,0.3357565769,-0.0439582991,scatter
4400,4,0.3357565769,-0.0439582991,1.2500000000,1.9730937584,exit_right
4500,1,0.0000000000,0.0000000000,0.5767720650,0.0000000000,scatter
4500,2,0.5767720650,0.0000000000,1.2500000000,-0.8163671544,exit_right
4600,1,0.0000000000,0.0000000000,0.0217017729,0.0000000000,scatter
4600,2,0.0217017729,0.0000000000,1.2500000000,-0.9561106210,exit_right
4700,1,0.0000000000,0.0000000000,1.2500000000,0.0000000000,exit_right
4800,1,0.0000000000,0.0000000000,0.1611723778,0.0000000000,scatter
4800,2,0.1611723778,0.0000000000,0.0000000000,0.2224530884,exit_left
4900,1,0.0000000000,0.0000000000,0.6272212605,0.0000000000,scatter
4900,2,0.6272212605,0.0000000000,0.0000000000,0.5432493822,exit_left
5000,1,0.0000000000,0.0000000000,0.2095076328,0.0000000000,scatter
5000,2,0.2095076328,0.0000000000,1.2500000000,0.6974197986,exit_right
5100,1,0.0000000000,0.0000000000,1.2500000000,0.0000000000,exit_right
5200,1,0.0000000000,0.0000000000,0.8784833673,0.0000000000,scatter
5200,2,0.8784833673,0.0000000000,0.7270905003,-0.0806887919,scatter
5200,3,0.7270905003,-0.0806887919,0.0000000000,3.2038251117,exit_left
5300,1,0.0000000000,0.0000000000,1.2500000000,0.0000000000,exit_right
5400,1,0.0000000000,0.0000000000,1.2500000000,0.0000000000,exit_right
5500,1,0.0000000000,0.0000000000,1.2500000000,0.0000000000,exit_right
5600,1,0.0000000000,0.0000000000,1.2500000000,0.0000000000,exit_right
5700,1,0.0000000000,0.0000000000,1.2500000000,0.0000000000,exit_right
5800,1,0.0000000000,0.0000000000,1.2500000000,0.0000000000,exit_right
5900,1,0.0000000000,0.0000000000,1.1729033579,0.0000000000,absorb
6000,1,0.0000000000,0.0000000000,1.2500000000,0.0000000000,exit_right
6100,1,0.0000000000,0.0000000000,0.7429939722,0.0000000000,scatter
6100,2,0.7429939722,0.0000000000,0.8937509234,0.0465131183,scatter
6100,3,0.8937509234,0.0465131183,0.0000000000,0.6889850459,exit_left
6200,1,0.0000000000,0.0000000000,0.1071110077,0.0000000000,absorb
6300,1,0.0000000000,0.0000000000,1.2500000000,0.0000000000,exit_right
6400,1,0.0000000000,0.0000000000,0.5812629664,0.0000000000,absorb
6500,1,0.0000000000,0.0000000000,1.2500000000,0.0000000000,exit_right
6600,1,0.0000000000,0.0000000000,0.7667747822,0.0000000000,absorb
6700,1,0.0000000000,0.0000000000,1.2500000000,0.0000000000,exit_right
6800,1,0.0000000000,0.0000000000,0.8549486488,0.0000000000,scatter
6800,2,0.8549486488,0.0000000000,1.2500000000,-0.1445136904,exit_right
6900,1,0.0000000000,0.0000000000,1.2500000000,0.0000000000,exit_right
7000,1,0.0000000000,0.0000000000,1.2500000000,0.0000000000,exit_right
7100,1,0.0000000000,0.0000000000,1.2500000000,0.0000000000,exit_right
7200,1,0.0000000000,0.0000000000,1.2500000000,0.0000000000,exit_right
7300,1,0.0000000000,0.0000000000,1.2500000000,0.0000000000,exit_right
7400,1,0.0000000000,0.0000000000,1.2500000000,0.0000000000,exit_right
7500,1,0.0000000000,0.0000000000,1.2500000000,0.0000000000,exit_right
7600,1,0.0000000000,0.0000000000,1.2500000000,0.0000000000,exit_right
7700,1,0.0000000000,0.0000000000,0.9582207221,0.0000000000,absorb
7800,1,0.0000000000,0.0000000000,1.2500000000,0.0000000000,exit_right
7900,1,0.0000000000,0.0000000000,1.2500000000,0.0000000000,exit_right
8000,1,0.0000000000,0.0000000000,1.2500000000,0.0000000000,exit_right
8100,1,0.0000000000,0.0000000000,1.2500000000,0.0000000000,exit_right
8200,1,0.0000000000,0.0000000000,0.0365418196,0.0000000000,scatter
8200,2,0.0365418196,0.0000000000,0.4381557177,0.3499914815,scatter
8200,3,0.4381557177,0.3499914815,0.8755919891,0.9813437545,scatter
8200,4,0.8755919891,0.9813437545,1.2500000000,-0.0200118664,exit_right
8300,1,0.0000000000,0.0000000000,0.6817330230,0.0000000000,scatter
8300,2,0.6817330230,0.0000000000,0.7830349834,0.6288791013,scatter
8300,3,0.7830349834,0.6288791013,0.0000000000,-0.2264366557,exit_left
8400,1,0.0000000000,0.0000000000,0.7495848855,0.0000000000,scatter
8400,2,0.7495848855,0.0000000000,1.0703352142,-0.1613884005,scatter
8400,3,1.0703352142,-0.1613884005,1.2500000000,0.1020375729,exit_right
8500,1,0.0000000000,0.0000000000,1.2500000000,0.0000000000,exit_right
8600,1,0.0000000000,0.0000000000,1.2500000000,0.0000000000,exit_right
8700,1,0.0000000000,0.0000000000,1.2500000000,0.0000000000,exit_right
8800,1,0.0000000000,0.0000000000,1.2500000000,0.0000000000,exit_right
8900,1,0.0000000000,0.0000000000,1.2500000000,0.0000000000,exit_right
9000,1,0.0000000000,0.0000000000,1.2500000000,0.0000000000,exit_right
9100,1,0.0000000000,0.0000000000,0.4097833208,0.0000000000,scatter
9100,2,0.4097833208,0.0000000000,1.2500000000,-0.3172132727,exit_right
9200,1,0.0000000000,0.0000000000,1.2500000000,0.0000000000,exit_right
9300,1,0.0000000000,0.0000000000,1.2500000000,0.0000000000,exit_right
9400,1,0.0000000000,0.0000000000,1.2500000000,0.0000000000,exit_right
9500,1,0.0000000000,0.0000000000,1.2500000000,0.0000000000,exit_right
9600,1,0.0000000000,0.0000000000,0.5862569380,0.0000000000,absorb
9700,1,0.0000000000,0.0000000000,1.2500000000,0.0000000000,exit_right
9800,1,0.0000000000,0.0000000000,1.2500000000,0.0000000000,exit_right
9900,1,0.0000000000,0.0000000000,0.9320842050,0.0000000000,scatter
9900,2,0.9320842050,0.0000000000,0.6705095150,-0.1297812266,scatter
9900,3,0.6705095150,-0.1297812266,1.1517866087,1.1677795159,scatter
9900,4,1.1517866087,1.1677795159,0.0000000000,1.6490565848,exit_left
10000,1,0.0000000000,0.0000000000,0.6448136303,0.0000000000,scatter
10000,2,0.6448136303,0.0000000000,1.2500000000,0.1573686681,exit_right
10100,1,0.0000000000,0.0000000000,0.9787534959,0.0000000000,absorb
10200,1,0.0000000000,0.0000000000,0.9164895731,0.0000000000,scatter
10200,2,0.9164895731,0.0000000000,1.2500000000,-0.9762984359,exit_right
10300,1,0.0000000000,0.0000000000,0.9202755754,0.0000000000,scatter
10300,2,0.9202755754,0.0000000000,1.2500000000,-0.2181336426,exit_right
10400,1,0.0000000000,0.0000000000,1.2500000000,0.0000000000,exit_right
10500,1,0.0000000000,0.0000000000,0.3507445528,0.0000000000,scatter
10500,2,0.3507445528,0.0000000000,0.1957857365,-0.1840554483,scatter
10500,3,0.1957857365,-0.1840554483,1.2442338951,-0.0299104320,absorb
10600,1,0.0000000000,0.0000000000,1.2500000000,0.0000000000,exit_right
10700,1,0.0000000000,0.0000000000,1.2500000000,0.0000000000,exit_right
10800,1,0.0000000000,0.0000000000,1.2500000000,0.0000000000,exit_right
10900,1,0.0000000000,0.0000000000,1.2500000000,0.0000000000,exit_right
11000,1,0.0000000000,0.0000000000,1.2500000000,0.0000000000,exit_right
11100,1,0.0000000000,0.0000000000,1.2500000000,0.0000000000,exit_right
11200,1,0.0000000000,0.0000000000,1.2500000000,0.0000000000,exit_right
11300,1,0.0000000000,0.0000000000,1.2500000000,0.0000000000,exit_right
11400,1,0.0000000000,0.0000000000,1.2500000000,0.0000000000,exit_right
11500,1,0.0000000000,0.0000000000,1.2500000000,0.0000000000,exit_right
11600,1,0.0000000000,0.0000000000,1.2500000000,0.0000000000,exit_right
11700,1,0.0000000000,0.0000000000,1.2500000000,0.0000000000,exit_right
11800,1,0.0000000000,0.0000000000,1.2500000000,0.0000000000,exit_right
11900,1,0.0000000000,0.0000000000,1.2500000000,0.0000000000,exit_right
12000,1,0.0000000000,0.0000000000,1.2500000000,0.0000000000,exit_right
12100,1,0.0000000000,0.0000000000,0.0807184066,0.0000000000,scatter
12100,2,0.0807184066,0.0000000000,0.5208069481,0.2969534215,scatter
12100,3,0.5208069481,0.2969534215,0.9972165741,0.7024263853,scatter
12100,4,0.9972165741,0.7024263853,1.2500000000,0.7293950192,exit_right
12200,1,0.0000000000,0.0000000000,1.2500000000,0.0000000000,exit_right
12300,1,0.0000000000,0.0000000000,0.4479889039,0.0000000000,scatter
12300,2,0.4479889039,0.0000000000,1.2500000000,-1.0496884150,exit_right
12400,1,0.0000000000,0.0000000000,1.0857621091,0.0000000000,scatter
12400,2,1.0857621091,0.0000000000,0.0000000000,-0.2916718435,exit_left
12500,1,0.0000000000,0.0000000000,1.2500000000,0.0000000000,exit_right
12600,1,0.0000000000,0.0000000000,1.2500000000,0.0000000000,exit_right
12700,1,0.0000000000,0.0000000000,0.5844465172,0.0000000000,absorb
12800,1,0.0000000000,0.0000000000,1.2500000000,0.0000000000,exit_right
12900,1,0.0000000000,0.0000000000,0.3286439632,0.0000000000,scatter
12900,2,0.3286439632,0.0000000000,0.0000000000,0.0435638276,exit_left
13000,1,0.0000000000,0.0000000000,0.2377300039,0.0000000000,scatter
13000,2,0.2377300039,0.0000000000,0.0000000000,-0.0179339839,exit_left
13100,1,0.0000000000,0.0000000000,0.2241438953,0.0000000000,scatter
13100,2,0.2241438953,0.0000000000,1.2500000000,-1.2287808119,exit_right
13200,1,0.0000000000,0.0000000000,1.2500000000,0.0000000000,exit_right
13300,1,0.0000000000,0.0000000000,1.2500000000,0.0000000000,exit_right
13400,1,0.0000000000,0.0000000000,1.2500000000,0.0000000000,exit_right
13500,1,0.0000000000,0.0000000000,1.2500000000,0.0000000000,exit_right
13600,1,0.0000000000,0.0000000000,1.2500000000,0.0000000000,exit_right
13700,1,0.0000000000,0.0000000000,0.5473838809,0.0000000000,scatter
13700,2,0.5473838809,0.0000000000,1.2500000000,-0.4249207562,exit_right
13800,1,0.0000000000,0.0000000000,1.2500000000,0.0000000000,exit_right
13900,1,0.0000000000,0.0000000000,0.1493391044,0.0000000000,scatter
13900,2,0.1493391044,0.0000000000,0.0704705099,0.0276694357,scatter
13900,3,0.0704705099,0.0276694357,1.2500000000,-0.3673445392,exit_right
14000,1,0.0000000000,0.0000000000,0.1902527983,0.0000000000,scatter
14000,2,0.1902527983,0.0000000000,1.2500000000,0.3959297839,exit_right
14100,1,0.0000000000,0.0000000000,1.2500000000,0.0000000000,exit_right
14200,1,0.0000000000,0.0000000000,1.2134919362,0.0000000000,scatter
14200,2,1.2134919362,0.0000000000,0.0000000000,6.9619182874,exit_left
14300,1,0.0000000000,0.0000000000,0.9539996457,0.0000000000,scatter
14300,2,0.9539996457,0.0000000000,0.9065682531,0.0134271350,absorb
14400,1,0.0000000000,0.0000000000,0.5215711473,0.0000000000,absorb
14500,1,0.0000000000,0.0000000000,1.2500000000,0.0000000000,exit_right
14600,1,0.0000000000,0.0000000000,1.2500000000,0.0000000000,exit_right
14700,1,0.0000000000,0.0000000000,1.2500000000,0.0000000000,exit_right
14800,1,0.0000000000,0.0000000000,1.2500000000,0.0000000000,exit_right
14900,1,0.0000000000,0.0000000000,1.2500000000,0.0000000000,exit_right
15000,1,0.0000000000,0.0000000000,1.2500000000,0.0000000000,exit_right
15100,1,0.0000000000,0.0000000000,1.2500000000,0.0000000000,exit_right
15200,1,0.0000000000,0.0000000000,1.2500000000,0.0000000000,exit_right
15300,1,0.0000000000,0.0000000000,1.2375843658,0.0000000000,scatter
15300,2,1.2375843658,0.0000000000,0.0000000000,0.7449613698,exit_left
15400,1,0.0000000000,0.0000000000,0.6130963379,0.0000000000,scatter
15400,2,0.6130963379,0.0000000000,1.2500000000,1.3307267576,exit_right
15500,1,0.0000000000,0.0000000000,0.0291107333,0.0000000000,absorb
15600,1,0.0000000000,0.0000000000,0.6409209768,0.0000000000,scatter
15600,2,0.6409209768,0.0000000000,0.0000000000,-0.2780543990,exit_left
15700,1,0.0000000000,0.0000000000,1.0958941505,0.0000000000,scatter
15700,2,1.0958941505,0.0000000000,1.2500000000,-0.1415294731,exit_right
15800,1,0.0000000000,0.0000000000,1.2500000000,0.0000000000,exit_right
15900,1,0.0000000000,0.0000000000,1.0892040926,0.0000000000,absorb
16000,1,0.0000000000,0.0000000000,1.2500000000,0.0000000000,exit_right
16100,1,0.0000000000,0.0000000000,1.2500000000,0.0000000000,exit_right
16200,1,0.0000000000,0.0000000000,0.3783476822,0.0000000000,scatter
16200,2,0.3783476822,0.0000000000,0.7476757061,-2.3167273362,scatter
16200,3,0.7476757061,-2.3167273362,0.5145656105,-2.6212591370,scatter
16200,4,0.5145656105,-2.6212591370,1.2500000000,-2.4533960190,exit_right
16300,1,0.0000000000,0.0000000000,1.2500000000,0.0000000000,exit_right
16400,1,0.0000000000,0.0000000000,1.1156233123,0.0000000000,scatter
16400,2,1.1156233123,0.0000000000,0.0000000000,0.3934524419,exit_left
16500,1,0.0000000000,0.0000000000,1.2500000000,0.0000000000,exit_right
16600,1,0.0000000000,0.0000000000,1.2500000000,0.0000000000,exit_right
16700,1,0.0000000000,0.0000000000,1.2500000000,0.0000000000,exit_right
16800,1,0.0000000000,0.0000000000,0.1476181283,0.0000000000,absorb
16900,1,0.0000000000,0.0000000000,1.2500000000,0.0000000000,exit_right
17000,1,0.0000000000,0.0000000000,1.1384581929,0.0000000000,scatter
17000,2,1.1384581929,0.0000000000,1.2500000000,-0.0036631491,exit_right
17100,1,0.0000000000,0.0000000000,1.2500000000,0.0000000000,exit_right
17200,1,0.0000000000,0.0000000000,1.2500000000,0.0000000000,exit_right
17300,1,0.0000000000,0.0000000000,1.1801827735,0.0000000000,absorb
17400,1,0.0000000000,0.0000000000,1.2500000000,0.0000000000,exit_right
17500,1,0.0000000000,0.0000000000,1.2500000000,0.0000000000,exit_right
17600,1,0.0000000000,0.0000000000,0.2370960884,0.0000000000,scatter
17600,2,0.2370960884,0.0000000000,0.3886057946,-0.5410581323,scatter
17600,3,0.3886057946,-0.5410581323,0.9001334737,0.0144864873,scatter
17600,4,0.9001334737,0.0144864873,1.2500000000,-0.1705834929,exit_right
17700,1,0.0000000000,0.0000000000,0.4748700393,0.0000000000,scatter
17700,2,0.4748700393,0.0000000000,1.2500000000,0.9586653750,exit_right
17800,1,0.0000000000,0.0000000000,1.2500000000,0.0000000000,exit_right
17900,1,0.0000000000,0.0000000000,1.2500000000,0.0000000000,exit_right
18000,1,0.0000000000,0.0000000000,1.2500000000,0.0000000000,exit_right
18100,1,0.0000000000,0.0000000000,0.1783877192,0.0000000000,scatter
18100,2,0.1783877192,0.0000000000,0.0000000000,0.0636401408,exit_left
18200,1,0.0000000000,0.0000000000,1.2500000000,0.0000000000,exit_right
18300,1,0.0000000000,0.0000000000,1.2500000000,0.0000000000,exit_right
18400,1,0.0000000000,0.0000000000,1.2500000000,0.0000000000,exit_right
18500,1,0.0000000000,0.0000000000,0.4146426680,0.0000000000,scatter
18500,2,0.4146426680,0.0000000000,0.4239494436,0.8521080887,absorb
18600,1,0.0000000000,0.0000000000,0.5874743078,0.0000000000,absorb
18700,1,0.0000000000,0.0000000000,0.5688751096,0.0000000000,scatter
18700,2,0.5688751096,0.0000000000,0.5707166382,-0.3342828653,scatter
18700,3,0.5707166382,-0.3342828653,0.0012382434,2.1878207952,scatter
18700,4,0.0012382434,2.1878207952,0.0000000000,2.1891071838,exit_left
18800,1,0.0000000000,0.0000000000,1.2500000000,0.0000000000,exit_right
18900,1,0.0000000000,0.0000000000,1.2500000000,0.0000000000,exit_right
19000,1,0.0000000000,0.0000000000,0.1517966657,0.0000000000,scatter
19000,2,0.1517966657,0.0000000000,0.0000000000,0.3949052199,exit_left
19100,1,0.0000000000,0.0000000000,1.0012790598,0.0000000000,scatter
19100,2,1.0012790598,0.0000000000,0.0000000000,-0.1070268606,exit_left
19200,1,0.0000000000,0.0000000000,1.2500000000,0.0000000000,exit_right
19300,1,0.0000000000,0.0000000000,0.1675190552,0.0000000000,scatter
19300,2,0.1675190552,0.0000000000,0.0000000000,0.1136560433,exit_left
19400,1,0.0000000000,0.0000000000,1.0717871242,0.0000000000,scatter
19400,2,1.0717871242,0.0000000000,0.8426259036,-1.0682622752,scatter
19400,3,0.8426259036,-1.0682622752,0.5303094722,-0.9327359000,scatter
19400,4,0.5303094722,-0.9327359000,0.0000000000,-1.2137072528,exit_left
19500,1,0.0000000000,0.0000000000,1.2500000000,0.0000000000,exit_right
19600,1,0.0000000000,0.0000000000,1.2500000000,0.0000000000,exit_right
19700,1,0.0000000000,0.0000000000,1.2500000000,0.0000000000,exit_right
19800,1,0.0000000000,0.0000000000,1.2500000000,0.0000000000,exit_right
19900,1,0.0000000000,0.0000000000,0.2205606211,0.0000000000,absorb
20000,1,0.0000000000,0.0000000000,1.2500000000,0.0000000000,exit_right
20100,1,0.0000000000,0.0000000000,0.5760763262,0.0000000000,scatter
20100,2,0.5760763262,0.0000000000,1.2500000000,0.0452967332,exit_right
20200,1,0.0000000000,0.0000000000,1.2500000000,0.0000000000,exit_right
20300,1,0.0000000000,0.0000000000,1.2500000000,0.0000000000,exit_right
20400,1,0.0000000000,0.0000000000,1.2500000000,0.0000000000,exit_right
20500,1,0.0000000000,0.0000000000,1.2500000000,0.0000000000,exit_right
20600,1,0.0000000000,0.0000000000,1.2500000000,0.0000000000,exit_right
20700,1,0.0000000000,0.0000000000,1.2500000000,0.0000000000,exit_right
20800,1,0.0000000000,0.0000000000,1.2500000000,0.0000000000,exit_right
20900,1,0.0000000000,0.0000000000,0.0111404786,0.0000000000,scatter
20900,2,0.0111404786,0.0000000000,0.0633618576,-0.1319977048,scatter
20900,3,0.0633618576,-0.1319977048,1.2500000000,1.6578672261,exit_right
21000,1,0.0000000000,0.0000000000,1.2412284793,0.0000000000,scatter
21000,2,1.2412284793,0.0000000000,1.2500000000,-0.0272908920,exit_right
21100,1,0.0000000000,0.0000000000,1.2500000000,0.0000000000,exit_right
21200,1,0.0000000000,0.0000000000,1.1177303194,0.0000000000,scatter
21200,2,1.1177303194,0.0000000000,0.0000000000,-0.7304931215,exit_left
21300,1,0.0000000000,0.0000000000,0.6362531750,0.0000000000,scatter
21300,2,0.6362531750,0.0000000000,0.8951727085,-0.0559671543,absorb
21400,1,0.0000000000,0.0000000000,0.6109416034,0.0000000000,absorb
21500,1,0.0000000000,0.0000000000,0.6150526030,0.0000000000,scatter
21500,2,0.6150526030,0.0000000000,0.7129808442,-4.7411523064,scatter
21500,3,0.7129808442,-4.7411523064,0.9289472495,-4.9676929178,scatter
21500,4,0.9289472495,-4.9676929178,1.0880155094,-4.9957131378,scatter
21500,5,1.0880155094,-4.9957131378,1.0580280625,-4.2974565226,scatter
21500,6,1.0580280625,-4.2974565226,0.9182884072,-4.5845385980,scatter
21500,7,0.9182884072,-4.5845385980,0.6122068469,-4.0959057643,scatter
21500,8,0.6122068469,-4.0959057643,0.9724598715,-4.5773492076,scatter
21500,9,0.9724598715,-4.5773492076,0.2705817898,-4.4720154957,scatter
21500,10,0.2705817898,-4.4720154957,1.2500000000,-4.7624695438,exit_right
21600,1,0.0000000000,0.0000000000,0.6408775634,0.0000000000,absorb
21700,1,0.0000000000,0.0000000000,1.2500000000,0.0000000000,exit_right
21800,1,0.0000000000,0.0000000000,0.1505919907,0.0000000000,scatter
21800,2,0.1505919907,0.0000000000,0.0243296965,-1.3350920164,scatter
21800,3,0.0243296965,-1.3350920164,0.0000000000,-1.3474937177,exit_left
21900,1,0.0000000000,0.0000000000,1.2500000000,0.0000000000,exit_right
22000,1,0.0000000000,0.0000000000,1.2195789015,0.0000000000,scatter
22000,2,1.2195789015,0.0000000000,1.2500000000,0.0625482276,exit_right
22100,1,0.0000000000,0.0000000000,1.2500000000,0.0000000000,exit_right
22200,1,0.0000000000,0.0000000000,1.2500000000,0.0000000000,exit_right
22300,1,0.0000000000,0.0000000000,1.2500000000,0.0000000000,exit_right
22400,1,0.0000000000,0.0000000000,1.2500000000,0.0000000000,exit_right
22500,1,0.0000000000,0.0000000000,0.4305836130,0.0000000000,scatter
22500,2,0.4305836130,0.0000000000,0.0000000000,-0.1515429311,exit_left
22600,1,0.0000000000,0.0000000000,1.2500000000,0.0000000000,exit_right
22700,1,0.0000000000,0.0000000000,1.0802036104,0.0000000000,scatter
22700,2,1.0802036104,0.0000000000,1.0828258876,-0.1110128642,scatter
22700,3,1.0828258876,-0.1110128642,1.2500000000,0.3318693905,exit_right
22800,1,0.0000000000,0.0000000000,0.1219299568,0.0000000000,scatter
22800,2,0.1219299568,0.0000000000,1.0193335052,-0.1384429779,scatter
22800,3,1.0193335052,-0.1384429779,0.0000000000,0.8943756550,exit_left
22900,1,0.0000000000,0.0000000000,1.2445967042,0.0000000000,scatter
22900,2,1.2445967042,0.0000000000,0.0000000000,-0.8775294249,exit_left
23000,1,0.0000000000,0.0000000000,0.4560208402,0.0000000000,scatter
23000,2,0.4560208402,0.0000000000,1.2193405919,1.1032150629,scatter
23000,3,1.2193405919,1.1032150629,1.2500000000,1.0055717216,exit_right
23100,1,0.0000000000,0.0000000000,0.3604008461,0.0000000000,absorb
23200,1,0.0000000000,0.0000000000,0.8516362659,0.0000000000,scatter
23200,2,0.8516362659,0.0000000000,1.2500000000,0.0212216360,exit_right
23300,1,0.0000000000,0.0000000000,0.1559521630,0.0000000000,scatter
23300,2,0.1559521630,0.0000000000,1.2500000000,-3.7075704668,exit_right
23400,1,0.0000000000,0.0000000000,0.3828638103,0.0000000000,scatter
23400,2,0.3828638103,0.0000000000,0.8983009863,0.5764285065,scatter
23400,3,0.8983009863,0.5764285065,0.1925281968,1.2857673798,scatter
23400,4,0.1925281968,1.2857673798,0.0000000000,1.4338689698,exit_left
23500,1,0.0000000000,0.0000000000,1.2500000000,0.0000000000,exit_right
23600,1,0.0000000000,0.0000000000,1.1619271843,0.0000000000,scatter
23600,2,1.1619271843,0.0000000000,1.2500000000,0.0925442825,exit_right
23700,1,0.0000000000,0.0000000000,0.7973542878,0.0000000000,scatter
23700,2,0.7973542878,0.0000000000,0.0532770473,-0.5343204008,scatter
23700,3,0.0532770473,-0.5343204008,0.7681252441,-1.1779630005,scatter
23700,4,0.7681252441,-1.1779630005,1.2500000000,-1.3738051115,exit_right
23800,1,0.0000000000,0.0000000000,0.7741836969,0.0000000000,absorb
23900,1,0.0000000000,0.0000000000,0.7809061681,0.0000000000,scatter
23900,2,0.7809061681,0.0000000000,1.2500000000,0.7175065760,exit_right
24000,1,0.0000000000,0.0000000000,0.2953821099,0.0000000000,absorb
24100,1,0.0000000000,0.0000000000,1.2500000000,0.0000000000,exit_right
24200,1,0.0000000000,0.0000000000,0.2290173698,0.0000000000,scatter
24200,2,0.2290173698,0.0000000000,0.0000000000,-0.1383690432,exit_left
24300,1,0.0000000000,0.0000000000,0.1935251582,0.0000000000,absorb
24400,1,0.0000000000,0.0000000000,0.4087115250,0.0000000000,scatter
24400,2,0.4087115250,0.0000000000,0.0000000000,-1.1224438207,exit_left
24500,1,0.0000000000,0.0000000000,0.9495299734,0.0000000000,scatter
24500,2,0.9495299734,0.0000000000,0.1517162927,1.3652338471,scatter
24500,3,0.1517162927,1.3652338471,0.2855768978,1.3937958850,scatter
24500,4,0.2855768978,1.3937958850,1.2316697443,1.2607077634,scatter
24500,5,1.2316697443,1.2607077634,1.2418994564,1.2635372848,scatter
24500,6,1.2418994564,1.2635372848,0.0569575463,1.2459298428,scatter
24500,7,0.0569575463,1.2459298428,0.0000000000,1.2020341746,exit_left
24600,1,0.0000000000,0.0000000000,0.8278024839,0.0000000000,scatter
24600,2,0.8278024839,0.0000000000,1.2500000000,0.3399994404,exit_right
24700,1,0.0000000000,0.0000000000,0.1291686001,0.0000000000,scatter
24700,2,0.1291686001,0.0000000000,1.2500000000,-0.0970592580,exit_right
24800,1,0.0000000000,0.0000000000,0.8914236118,0.0000000000,scatter
24800,2,0.8914236118,0.0000000000,0.4264120905,0.6951239769,scatter
24800,3,0.4264120905,0.6951239769,0.2229910111,0.2638771997,scatter
24800,4,0.2229910111,0.2638771997,0.8255757770,-0.3119931394,scatter
24800,5,0.8255757770,-0.3119931394,1.2500000000,-1.6710863454,exit_right
24900,1,0.0000000000,0.0000000000,1.0055789168,0.0000000000,scatter
24900,2,1.0055789168,0.0000000000,0.7431085291,0.0302456955,absorb
25000,1,0.0000000000,0.0000000000,1.2500000000,0.0000000000,exit_right
25100,1,0.0000000000,0.0000000000,0.8566152752,0.0000000000,scatter
25100,2,0.8566152752,0.0000000000,0.6320055094,-0.2436943085,scatter
25100,3,0.6320055094,-0.2436943085,0.6288730165,-0.2434457179,scatter
25100,4,0.6288730165,-0.2434457179,0.2545161876,-0.0033282720,absorb
25200,1,0.0000000000,0.0000000000,1.2500000000,0.0000000000,exit_right
25300,1,0.0000000000,0.0000000000,1.2500000000,0.0000000000,exit_right
25400,1,0.0000000000,0.0000000000,1.2500000000,0.0000000000,exit_right
25500,1,0.0000000000,0.0000000000,1.2210712032,0.0000000000,scatter
25500,2,1.2210712032,0.0000000000,1.1782985281,-0.8252195780,scatter
25500,3,1.1782985281,-0.8252195780,0.0000000000,-1.2368658878,exit_left
25600,1,0.0000000000,0.0000000000,0.6907858004,0.0000000000,absorb
25700,1,0.0000000000,0.0000000000,0.0616246863,0.0000000000,scatter
25700,2,0.0616246863,0.0000000000,0.1494042530,0.4477273545,scatter
25700,3,0.1494042530,0.4477273545,1.2500000000,6.1442979695,exit_right
25800,1,0.0000000000,0.0000000000,0.5474954603,0.0000000000,scatter
25800,2,0.5474954603,0.0000000000,0.0000000000,0.2476554182,exit_left
25900,1,0.0000000000,0.0000000000,1.2500000000,0.0000000000,exit_right
26000,1,0.0000000000,0.0000000000,0.7281844752,0.0000000000,scatter
26000,2,0.7281844752,0.0000000000,0.0000000000,0.4294134848,exit_left
26100,1,0.0000000000,0.0000000000,0.2642563461,0.0000000000,scatter
26100,2,0.2642563461,0.0000000000,0.0000000000,-0.1933627760,exit_left
26200,1,0.0000000000,0.0000000000,1.2500000000,0.0000000000,exit_right
26300,1,0.0000000000,0.0000000000,0.6227499206,0.0000000000,absorb
26400,1,0.0000000000,0.0000000000,1.2500000000,0.0000000000,exit_right
26500,1,0.0000000000,0.0000000000,1.2500000000,0.0000000000,exit_right
26600,1,0.0000000000,0.0000000000,1.2500000000,0.0000000000,exit_right
26700,1,0.0000000000,0.0000000000,0.0350793368,0.0000000000,scatter
26700,2,0.0350793368,0.0000000000,0.0000000000,-0.0131318387,exit_left
26800,1,0.0000000000,0.0000000000,1.1099387193,0.0000000000,scatter
26800,2,1.1099387193,0.0000000000,0.0000000000,0.0737261324,exit_left
26900,1,0.0000000000,0.0000000000,0.4794620764,0.0000000000,scatter
26900,2,0.4794620764,0.0000000000,0.4753633159,-0.0100880995,scatter
26900,3,0.4753633159,-0.0100880995,0.6903967353,2.7127319553,absorb
27000,1,0.0000000000,0.0000000000,0.3273947140,0.0000000000,absorb
27100,1,0.0000000000,0.0000000000,1.2500000000,0.0000000000,exit_right
27200,1,0.0000000000,0.0000000000,0.1714938167,0.0000000000,scatter
27200,2,0.1714938167,0.0000000000,0.3202109939,-0.0918225189,scatter
27200,3,0.3202109939,-0.0918225189,1.2500000000,-1.8585428533,exit_right
27300,1,0.0000000000,0.0000000000,1.2500000000,0.0000000000,exit_right
27400,1,0.0000000000,0.0000000000,0.6252140822,0.0000000000,scatter
27400,2,0.6252140822,0.0000000000,0.7796989142,-0.4705699491,scatter
27400,3,0.7796989142,-0.4705699491,0.0285593197,4.6661611869,scatter
27400,4,0.0285593197,4.6661611869,0.0000000000,4.6685301816,exit_left
27500,1,0.0000000000,0.0000000000,0.0897174181,0.0000000000,scatter
27500,2,0.0897174181,0.0000000000,0.1489148271,0.2424261419,absorb
27600,1,0.0000000000,0.0000000000,0.8787404651,0.0000000000,scatter
27600,2,0.8787404651,0.0000000000,0.3247865660,-0.9730253902,scatter
27600,3,0.3247865660,-0.9730253902,0.0000000000,-1.3110118145,exit_left
27700,1,0.0000000000,0.0000000000,0.2921286583,0.0000000000,scatter
27700,2,0.2921286583,0.0000000000,0.0000000000,0.6364132174,exit_left
27800,1,0.0000000000,0.0000000000,1.2500000000,0.0000000000,exit_right
27900,1,0.0000000000,0.0000000000,1.2500000000,0.0000000000,exit_right
28000,1,0.0000000000,0.0000000000,0.8353723646,0.0000000000,scatter
28000,2,0.8353723646,0.0000000000,0.8046944587,-0.0659564415,scatter
28000,3,0.8046944587,-0.0659564415,1.2500000000,-0.0366866915,exit_right
28100,1,0.0000000000,0.0000000000,1.2500000000,0.0000000000,exit_right
28200,1,0.0000000000,0.0000000000,0.5337362684,0.0000000000,scatter
28200,2,0.5337362684,0.0000000000,0.0000000000,-0.0878087476,exit_left
28300,1,0.0000000000,0.0000000000,1.2500000000,0.0000000000,exit_right
28400,1,0.0000000000,0.0000000000,0.4630192781,0.0000000000,absorb
28500,1,0.0000000000,0.0000000000,0.0232947340,0.0000000000,scatter
28500,2,0.0232947340,0.0000000000,0.0000000000,0.2782016000,exit_left
28600,1,0.0000000000,0.0000000000,0.8846618552,0.0000000000,scatter
28600,2,0.8846618552,0.0000000000,1.2500000000,0.1865233109,exit_right
28700,1,0.0000000000,0.0000000000,1.2500000000,0.0000000000,exit_right
28800,1,0.0000000000,0.0000000000,0.4549730662,0.0000000000,scatter
28800,2,0.4549730662,0.0000000000,1.2500000000,-0.4983298095,exit_right
28900,1,0.0000000000,0.0000000000,0.6728730905,0.0000000000,scatter
28900,2,0.6728730905,0.0000000000,0.0000000000,-2.0083948235,exit_left
29000,1,0.0000000000,0.0000000000,0.4066735458,0.0000000000,scatter
29000,2,0.4066735458,0.0000000000,0.0000000000,0.2626647351,exit_left
29100,1,0.0000000000,0.0000000000,0.9422833346,0.0000000000,scatter
29100,2,0.9422833346,0.0000000000,0.0000000000,1.0970549580,exit_left
29200,1,0.0000000000,0.0000000000,0.1123380752,0.0000000000,scatter
29200,2,0.1123380752,0.0000000000,0.0000000000,0.2285311132,exit_left
29300,1,0.0000000000,0.0000000000,1.2500000000,0.0000000000,exit_right
29400,1,0.0000000000,0.0000000000,1.2500000000,0.0000000000,exit_right
29500,1,0.0000000000,0.0000000000,1.2500000000,0.0000000000,exit_right
29600,1,0.0000000000,0.0000000000,1.2500000000,0.0000000000,exit_right
29700,1,0.0000000000,0.0000000000,0.3793983506,0.0000000000,scatter
29700,2,0.3793983506,0.0000000000,0.4675003119,-0.2069176955,scatter
29700,3,0.4675003119,-0.2069176955,1.2500000000,1.0487625987,exit_right
29800,1,0.0000000000,0.0000000000,1.2500000000,0.0000000000,exit_right
29900,1,0.0000000000,0.0000000000,0.7563082779,0.0000000000,scatter
29900,2,0.7563082779,0.0000000000,0.7537114208,0.0048986558,absorb
30000,1,0.0000000000,0.0000000000,1.2500000000,0.0000000000,exit_right
30100,1,0.0000000000,0.0000000000,1.2500000000,0.0000000000,exit_right
30200,1,0.0000000000,0.0000000000,0.4922844557,0.0000000000,scatter
30200,2,0.4922844557,0.0000000000,0.9720532642,-0.1271352789,absorb
30300,1,0.0000000000,0.0000000000,1.2500000000,0.0000000000,exit_right
30400,1,0.0000000000,0.0000000000,1.2408768689,0.0000000000,scatter
30400,2,1.2408768689,0.0000000000,1.2500000000,-0.0380890953,exit_right
30500,1,0.0000000000,0.0000000000,0.9406580355,0.0000000000,scatter
30500,2,0.9406580355,0.0000000000,1.2500000000,-0.1995494942,exit_right
30600,1,0.0000000000,0.0000000000,0.4376126092,0.0000000000,absorb
30700,1,0.0000000000,0.0000000000,0.4315534604,0.0000000000,scatter
30700,2,0.4315534604,0.0000000000,0.2566081913,-0.2262707535,scatter
30700,3,0.2566081913,-0.2262707535,0.4135869099,-1.2861219046,scatter
30700,4,0.4135869099,-1.2861219046,0.9382483480,-1.9712787322,scatter
30700,5,0.9382483480,-1.9712787322,0.0000000000,9.1769615212,exit_left
30800,1,0.0000000000,0.0000000000,0.7846492177,0.0000000000,scatter
30800,2,0.7846492177,0.0000000000,0.5135362198,-1.3841624734,scatter
30800,3,0.5135362198,-1.3841624734,1.2500000000,-1.8654915477,exit_right
30900,1,0.0000000000,0.0000000000,1.2500000000,0.0000000000,exit_right
31000,1,0.0000000000,0.0000000000,1.2500000000,0.0000000000,exit_right
31100,1,0.0000000000,0.0000000000,1.2500000000,0.0000000000,exit_right
31200,1,0.0000000000,0.0000000000,1.2120614600,0.0000000000,scatter
31200,2,1.2120614600,0.0000000000,1.2069359585,-0.3898896803,scatter
31200,3,1.2069359585,-0.3898896803,1.1469409430,-0.6153825661,scatter
31200,4,1.1469409430,-0.6153825661,1.2500000000,-0.5973547758,exit_right
31300,1,0.0000000000,0.0000000000,0.3708812328,0.0000000000,scatter
31300,2,0.3708812328,0.0000000000,0.0000000000,-0.2966985333,exit_left
31400,1,0.0000000000,0.0000000000,1.2500000000,0.0000000000,exit_right
31500,1,0.0000000000,0.0000000000,1.2500000000,0.0000000000,exit_right
31600,1,0.0000000000,0.0000000000,0.2229879977,0.0000000000,scatter
31600,2,0.2229879977,0.0000000000,0.9750177836,2.4197245006,scatter
31600,3,0.9750177836,2.4197245006,1.2500000000,2.6152635505,exit_right
31700,1,0.0000000000,0.0000000000,1.0623140818,0.0000000000,scatter
31700,2,1.0623140818,0.0000000000,1.1629887790,0.0675210314,scatter
31700,3,1.1629887790,0.0675210314,0.8550780600,-0.0256132501,scatter
31700,4,0.8550780600,-0.0256132501,0.0000000000,-0.7290931113,exit_left
31800,1,0.0000000000,0.0000000000,0.3986280566,0.0000000000,scatter
31800,2,0.3986280566,0.0000000000,0.1563951962,-3.6254630966,scatter
31800,3,0.1563951962,-3.6254630966,1.2500000000,-6.2555836364,exit_right
31900,1,0.0000000000,0.0000000000,1.2500000000,0.0000000000,exit_right
32000,1,0.0000000000,0.0000000000,0.0145136540,0.0000000000,scatter
32000,2,0.0145136540,0.0000000000,1.2500000000,1.9856641514,exit_right
32100,1,0.0000000000,0.0000000000,0.1097778171,0.0000000000,scatter
32100,2,0.1097778171,0.0000000000,0.0832642254,-0.5050308143,scatter
32100,3,0.0832642254,-0.5050308143,0.4965746585,2.7300569921,absorb
32200,1,0.0000000000,0.0000000000,1.2500000000,0.0000000000,exit_right
32300,1,0.0000000000,0.0000000000,0.1273765515,0.0000000000,absorb
32400,1,0.0000000000,0.0000000000,1.2500000000,0.0000000000,exit_right
32500,1,0.0000000000,0.0000000000,1.2500000000,0.0000000000,exit_right
32600,1,0.0000000000,0.0000000000,0.2747489098,0.0000000000,scatter
32600,2,0.2747489098,0.0000000000,1.0392820003,-0.5163081556,scatter
32600,3,1.0392820003,-0.5163081556,0.8000941363,-0.6944691248,scatter
32600,4,0.8000941363,-0.6944691248,0.0000000000,-0.5361752143,exit_left
32700,1,0.0000000000,0.0000000000,1.1308055298,0.0000000000,scatter
32700,2,1.1308055298,0.0000000000,1.2500000000,0.0786110053,exit_right
32800,1,0.0000000000,0.0000000000,0.4563574750,0.0000000000,scatter
32800,2,0.4563574750,0.0000000000,0.0000000000,-0.3839068968,exit_left
32900,1,0.0000000000,0.0000000000,1.0317401237,0.0000000000,scatter
32900,2,1.0317401237,0.0000000000,1.1219692284,0.1220066532,scatter
32900,3,1.1219692284,0.1220066532,1.2500000000,0.2326784137,exit_right
33000,1,0.0000000000,0.0000000000,1.2500000000,0.0000000000,exit_right
33100,1,0.0000000000,0.0000000000,0.3610462562,0.0000000000,absorb
33200,1,0.0000000000,0.0000000000,0.5209259514,0.0000000000,scatter
33200,2,0.5209259514,0.0000000000,1.2500000000,-0.2146316659,exit_right
33300,1,0.0000000000,0.0000000000,1.1697003983,0.0000000000,absorb
33400,1,0.0000000000,0.0000000000,0.9451592939,0.0000000000,scatter
33400,2,0.9451592939,0.0000000000,1.2500000000,0.3564990482,exit_right
33500,1,0.0000000000,0.0000000000,1.2500000000,0.0000000000,exit_right
33600,1,0.0000000000,0.0000000000,1.2500000000,0.0000000000,exit_right
33700,1,0.0000000000,0.0000000000,1.2500000000,0.0000000000,exit_right
33800,1,0.0000000000,0.0000000000,1.2500000000,0.0000000000,exit_right
33900,1,0.0000000000,0.0000000000,0.0925682503,0.0000000000,scatter
33900,2,0.0925682503,0.0000000000,0.3143617632,-0.1738247215,absorb
34000,1,0.0000000000,0.0000000000,0.8656233709,0.0000000000,scatter
34000,2,0.8656233709,0.0000000000,1.2500000000,0.1962703631,exit_right
34100,1,0.0000000000,0.0000000000,0.2019939480,0.0000000000,scatter
34100,2,0.2019939480,0.0000000000,0.1567147297,1.4292264832,scatter
34100,3,0.1567147297,1.4292264832,0.1586548764,1.3001578422,scatter
34100,4,0.1586548764,1.3001578422,0.0000000000,1.4239111334,exit_left
34200,1,0.0000000000,0.0000000000,0.0826039746,0.0000000000,scatter
34200,2,0.0826039746,0.0000000000,1.2500000000,-0.5797753539,exit_right
34300,1,0.0000000000,0.0000000000,1.2500000000,0.0000000000,exit_right
34400,1,0.0000000000,0.0000000000,0.1562663379,0.0000000000,absorb
34500,1,0.0000000000,0.0000000000,1.2500000000,0.0000000000,exit_right
34600,1,0.0000000000,0.0000000000,1.2500000000,0.0000000000,exit_right
34700,1,0.0000000000,0.0000000000,1.2500000000,0.0000000000,exit_right
34800,1,0.0000000000,0.0000000000,1.2500000000,0.0000000000,exit_right
34900,1,0.0000000000,0.0000000000,1.2500000000,0.0000000000,exit_right
35000,1,0.0000000000,0.0000000000,1.2500000000,0.0000000000,exit_right
35100,1,0.0000000000,0.0000000000,1.2500000000,0.0000000000,exit_right
35200,1,0.0000000000,0.0000000000,1.2500000000,0.0000000000,exit_right
35300,1,0.0000000000,0.0000000000,1.2500000000,0.0000000000,exit_right
35400,1,0.0000000000,0.0000000000,0.0065294803,0.0000000000,scatter
35400,2,0.0065294803,0.0000000000,1.2500000000,0.7738293033,exit_right
35500,1,0.0000000000,0.0000000000,1.1752737262,0.0000000000,absorb
35600,1,0.0000000000,0.0000000000,0.1432108265,0.0000000000,absorb
35700,1,0.0000000000,0.0000000000,1.2500000000,0.0000000000,exit_right
35800,1,0.0000000000,0.0000000000,0.5556848298,0.0000000000,scatter
35800,2,0.5556848298,0.0000000000,1.2500000000,-0.3733019504,exit_right
35900,1,0.0000000000,0.0000000000,1.2500000000,0.0000000000,exit_right
36000,1,0.0000000000,0.0000000000,1.2500000000,0.0000000000,exit_right
36100,1,0.0000000000,0.0000000000,1.2500000000,0.0000000000,exit_right
36200,1,0.0000000000,0.0000000000,0.2823724625,0.0000000000,scatter
36200,2,0.2823724625,0.0000000000,0.0000000000,-0.0592042333,exit_left
36300,1,0.0000000000,0.0000000000,0.3409696203,0.0000000000,scatter
36300,2,0.3409696203,0.0000000000,1.2500000000,0.1627230280,exit_right
36400,1,0.0000000000,0.0000000000,1.2500000000,0.0000000000,exit_right
36500,1,0.0000000000,0.0000000000,1.2500000000,0.0000000000,exit_right
36600,1,0.0000000000,0.0000000000,1.2500000000,0.0000000000,exit_right
36700,1,0.0000000000,0.0000000000,1.2500000000,0.0000000000,exit_right
36800,1,0.0000000000,0.0000000000,0.2052470721,0.0000000000,scatter
36800,2,0.2052470721,0.0000000000,0.0000000000,0.1352184756,exit_left
36900,1,0.0000000000,0.0000000000,1.2500000000,0.0000000000,exit_right
37000,1,0.0000000000,0.0000000000,1.2500000000,0.0000000000,exit_right
37100,1,0.0000000000,0.0000000000,0.1408296127,0.0000000000,scatter
37100,2,0.1408296127,0.0000000000,1.2500000000,0.3658020737,exit_right
37200,1,0.0000000000,0.0000000000,1.2500000000,0.0000000000,exit_right
37300,1,0.0000000000,0.0000000000,0.3836545289,0.0000000000,scatter
37300,2,0.3836545289,0.0000000000,0.4226821391,0.1371704102,scatter
37300,3,0.4226821391,0.1371704102,0.9996281078,1.1615132627,scatter
37300,4,0.9996281078,1.1615132627,0.0000000000,1.4340773883,exit_left
37400,1,0.0000000000,0.0000000000,1.2500000000,0.0000000000,exit_right
37500,1,0.0000000000,0.0000000000,0.0134917197,0.0000000000,scatter
37500,2,0.0134917197,0.0000000000,0.0000000000,-0.0018293150,exit_left
37600,1,0.0000000000,0.0000000000,1.2500000000,0.0000000000,exit_right
37700,1,0.0000000000,0.0000000000,1.2500000000,0.0000000000,exit_right
37800,1,0.0000000000,0.0000000000,1.2500000000,0.0000000000,exit_right
37900,1,0.0000000000,0.0000000000,1.0640828190,0.0000000000,scatter
37900,2,1.0640828190,0.0000000000,1.2500000000,0.3167809834,exit_right
38000,1,0.0000000000,0.0000000000,0.0283526573,0.0000000000,scatter
38000,2,0.0283526573,0.0000000000,1.2500000000,0.8101191246,exit_right
38100,1,0.0000000000,0.0000000000,0.4412938772,0.0000000000,scatter
38100,2,0.4412938772,0.0000000000,0.0000000000,-0.4787601618,exit_left
38200,1,0.0000000000,0.0000000000,1.2500000000,0.0000000000,exit_right
38300,1,0.0000000000,0.0000000000,0.0587427605,0.0000000000,absorb
38400,1,0.0000000000,0.0000000000,0.6006369946,0.0000000000,absorb
38500,1,0.0000000000,0.0000000000,0.2043036561,0.0000000000,scatter
38500,2,0.2043036561,0.0000000000,0.6713028479,-0.3712379616,scatter
38500,3,0.6713028479,-0.3712379616,0.0000000000,0.0200454081,exit_left
38600,1,0.0000000000,0.0000000000,1.2500000000,0.0000000000,exit_right
38700,1,0.0000000000,0.0000000000,0.2548395687,0.0000000000,scatter
38700,2,0.2548395687,0.0000000000,0.0995436838,-0.9317870035,scatter
38700,3,0.0995436838,-0.9317870035,0.0000000000,-0.9728112640,exit_left
38800,1,0.0000000000,0.0000000000,1.2500000000,0.0000000000,exit_right
38900,1,0.0000000000,0.0000000000,1.0457732018,0.0000000000,scatter
38900,2,1.0457732018,0.0000000000,0.0000000000,0.3404043378,exit_left
39000,1,0.0000000000,0.0000000000,0.2721323876,0.0000000000,scatter
39000,2,0.2721323876,0.0000000000,1.2500000000,-2.9031001322,exit_right
39100,1,0.0000000000,0.0000000000,0.3168262787,0.0000000000,absorb
39200,1,0.0000000000,0.0000000000,1.2500000000,0.0000000000,exit_right
39300,1,0.0000000000,0.0000000000,0.2069135237,0.0000000000,scatter
39300,2,0.2069135237,0.0000000000,0.0432343776,-0.0897653705,scatter
39300,3,0.0432343776,-0.0897653705,1.2500000000,-0.1962799875,exit_right
39400,1,0.0000000000,0.0000000000,0.3987172404,0.0000000000,scatter
39400,2,0.3987172404,0.0000000000,0.3951588315,-0.0040460615,scatter
39400,3,0.3951588315,-0.0040460615,0.0000000000,0.2205283393,exit_left
39500,1,0.0000000000,0.0000000000,1.2500000000,0.0000000000,exit_right
39600,1,0.0000000000,0.0000000000,0.1868826323,0.0000000000,scatter
39600,2,0.1868826323,0.0000000000,0.0000000000,2.0460811650,exit_left
39700,1,0.0000000000,0.0000000000,0.1257112589,0.0000000000,scatter
39700,2,0.1257112589,0.0000000000,0.0000000000,0.2113760683,exit_left
39800,1,0.0000000000,0.0000000000,1.2500000000,0.0000000000,exit_right
39900,1,0.0000000000,0.0000000000,1.2500000000,0.0000000000,exit_right
40000,1,0.0000000000,0.0000000000,0.9093703247,0.0000000000,scatter
40000,2,0.9093703247,0.0000000000,1.2500000000,0.3258814969,exit_right
40100,1,0.0000000000,0.0000000000,0.0836034201,0.0000000000,scatter
40100,2,0.0836034201,0.0000000000,0.0000000000,0.0632749313,exit_left
40200,1,0.0000000000,0.0000000000,0.9055320213,0.0000000000,scatter
40200,2,0.9055320213,0.0000000000,1.2500000000,-0.6093312746,exit_right
40300,1,0.0000000000,0.0000000000,1.2500000000,0.0000000000,exit_right
40400,1,0.0000000000,0.0000000000,0.6704591330,0.0000000000,scatter
40400,2,0.6704591330,0.0000000000,0.6700802247,-0.0168402712,absorb
40500,1,0.0000000000,0.0000000000,1.2500000000,0.0000000000,exit_right
40600,1,0.0000000000,0.0000000000,1.2500000000,0.0000000000,exit_right
40700,1,0.0000000000,0.0000000000,1.2500000000,0.0000000000,exit_right
40800,1,0.0000000000,0.0000000000,1.2500000000,0.0000000000,exit_right
40900,1,0.0000000000,0.0000000000,1.2500000000,0.0000000000,exit_right
41000,1,0.0000000000,0.0000000000,0.3672817819,0.0000000000,scatter
41000,2,0.3672817819,0.0000000000,0.0000000000,0.1005403372,exit_left
41100,1,0.0000000000,0.0000000000,1.2500000000,0.0000000000,exit_right
41200,1,0.0000000000,0.0000000000,0.3277990755,0.0000000000,scatter
41200,2,0.3277990755,0.0000000000,0.0000000000,0.9698897705,exit_left
41300,1,0.0000000000,0.0000000000,0.0438213375,0.0000000000,absorb
41400,1,0.0000000000,0.0000000000,1.2500000000,0.0000000000,exit_right
41500,1,0.0000000000,0.0000000000,1.2500000000,0.0000000000,exit_right
41600,1,0.0000000000,0.0000000000,1.2500000000,0.0000000000,exit_right
41700,1,0.0000000000,0.0000000000,1.2500000000,0.0000000000,exit_right
41800,1,0.0000000000,0.0000000000,1.1503304286,0.0000000000,scatter
41800,2,1.1503304286,0.0000000000,1.2500000000,-0.0711281367,exit_right
41900,1,0.0000000000,0.0000000000,0.5088077026,0.0000000000,scatter
41900,2,0.5088077026,0.0000000000,0.0000000000,1.5859277211,exit_left
42000,1,0.0000000000,0.0000000000,0.3951213777,0.0000000000,scatter
42000,2,0.3951213777,0.0000000000,0.2556298782,-0.0592670715,absorb
42100,1,0.0000000000,0.0000000000,1.2500000000,0.0000000000,exit_right
42200,1,0.0000000000,0.0000000000,0.8096424195,0.0000000000,absorb
42300,1,0.0000000000,0.0000000000,0.1377295770,0.0000000000,scatter
42300,2,0.1377295770,0.0000000000,1.2500000000,0.4270436277,exit_right
42400,1,0.0000000000,0.0000000000,0.7848241028,0.0000000000,scatter
42400,2,0.7848241028,0.0000000000,0.8942231217,-0.0022141560,scatter
42400,3,0.8942231217,-0.0022141560,0.5913432686,0.0095103733,scatter
42400,4,0.5913432686,0.0095103733,0.8746617651,-0.4715725770,scatter
42400,5,0.8746617651,-0.4715725770,0.3885103871,-0.6677412115,scatter
42400,6,0.3885103871,-0.6677412115,0.3989043047,-0.6528636952,scatter
42400,7,0.3989043047,-0.6528636952,0.1798342553,-2.7527807687,absorb
42500,1,0.0000000000,0.0000000000,0.5384636085,0.0000000000,scatter
42500,2,0.5384636085,0.0000000000,1.2357565573,1.1069222648,scatter
42500,3,1.2357565573,1.1069222648,1.2500000000,1.0754118503,exit_right
42600,1,0.0000000000,0.0000000000,1.2500000000,0.0000000000,exit_right
42700,1,0.0000000000,0.0000000000,1.2500000000,0.0000000000,exit_right
42800,1,0.0000000000,0.0000000000,1.2500000000,0.0000000000,exit_right
42900,1,0.0000000000,0.0000000000,1.2500000000,0.0000000000,exit_right
43000,1,0.0000000000,0.0000000000,1.0583288342,0.0000000000,scatter
43000,2,1.0583288342,0.0000000000,0.9336011849,-1.5776942412,scatter
43000,3,0.9336011849,-1.5776942412,1.2500000000,-5.5171339961,exit_right
43100,1,0.0000000000,0.0000000000,1.2500000000,0.0000000000,exit_right
43200,1,0.0000000000,0.0000000000,1.2500000000,0.0000000000,exit_right
43300,1,0.0000000000,0.0000000000,0.2671875949,0.0000000000,absorb
43400,1,0.0000000000,0.0000000000,0.1625262021,0.0000000000,scatter
43400,2,0.1625262021,0.0000000000,0.0000000000,0.0391287674,exit_left
43500,1,0.0000000000,0.0000000000,1.2500000000,0.0000000000,exit_right
43600,1,0.0000000000,0.0000000000,1.2500000000,0.0000000000,exit_right
43700,1,0.0000000000,0.0000000000,1.2500000000,0.0000000000,exit_right
43800,1,0.0000000000,0.0000000000,1.2500000000,0.0000000000,exit_right
43900,1,0.0000000000,0.0000000000,1.2500000000,0.0000000000,exit_right
44000,1,0.0000000000,0.0000000000,1.2500000000,0.0000000000,exit_right
44100,1,0.0000000000,0.0000000000,0.7419686746,0.0000000000,absorb
44200,1,0.0000000000,0.0000000000,1.2500000000,0.0000000000,exit_right
44300,1,0.0000000000,0.0000000000,0.1017849793,0.0000000000,scatter
44300,2,0.1017849793,0.0000000000,0.0000000000,0.3149161277,exit_left
44400,1,0.0000000000,0.0000000000,1.2500000000,0.0000000000,exit_right
44500,1,0.0000000000,0.0000000000,0.9089044196,0.0000000000,scatter
44500,2,0.9089044196,0.0000000000,1.2500000000,0.6189487481,exit_right
44600,1,0.0000000000,0.0000000000,1.2500000000,0.0000000000,exit_right
44700,1,0.0000000000,0.0000000000,1.2500000000,0.0000000000,exit_right
44800,1,0.0000000000,0.0000000000,1.2500000000,0.0000000000,exit_right
44900,1,0.0000000000,0.0000000000,1.2500000000,0.0000000000,exit_right
45000,1,0.0000000000,0.0000000000,1.2500000000,0.0000000000,exit_right
45100,1,0.0000000000,0.0000000000,0.4275659290,0.0000000000,scatter
45100,2,0.4275659290,0.0000000000,0.3034046226,-0.0028238010,scatter
45100,3,0.3034046226,-0.0028238010,0.0000000000,-0.0032476493,exit_left
45200,1,0.0000000000,0.0000000000,1.2500000000,0.0000000000,exit_right
45300,1,0.0000000000,0.0000000000,1.2500000000,0.0000000000,exit_right
45400,1,0.0000000000,0.0000000000,0.7433916536,0.0000000000,scatter
45400,2,0.7433916536,0.0000000000,0.3536565070,-0.6497461676,absorb
45500,1,0.0000000000,0.0000000000,1.2500000000,0.0000000000,exit_right
45600,1,0.0000000000,0.0000000000,1.2500000000,0.0000000000,exit_right
45700,1,0.0000000000,0.0000000000,0.0200253277,0.0000000000,absorb
45800,1,0.0000000000,0.0000000000,1.2500000000,0.0000000000,exit_right
45900,1,0.0000000000,0.0000000000,1.1115908193,0.0000000000,scatter
45900,2,1.1115908193,0.0000000000,0.8652584788,1.2724764148,absorb
46000,1,0.0000000000,0.0000000000,1.2500000000,0.0000000000,exit_right
46100,1,0.0000000000,0.0000000000,1.2500000000,0.0000000000,exit_right
46200,1,0.0000000000,0.0000000000,0.1440450805,0.0000000000,scatter
46200,2,0.1440450805,0.0000000000,0.0000000000,0.4174937494,exit_left
46300,1,0.0000000000,0.0000000000,1.2500000000,0.0000000000,exit_right
46400,1,0.0000000000,0.0000000000,0.2413595042,0.0000000000,absorb
46500,1,0.0000000000,0.0000000000,1.2500000000,0.0000000000,exit_right
46600,1,0.0000000000,0.0000000000,0.5775371754,0.0000000000,absorb
46700,1,0.0000000000,0.0000000000,0.6186546762,0.0000000000,scatter
46700,2,0.6186546762,0.0000000000,0.4025420944,-0.1753420900,scatter
46700,3,0.4025420944,-0.1753420900,1.2500000000,-0.4132322448,exit_right
46800,1,0.0000000000,0.0000000000,1.2500000000,0.0000000000,exit_right
46900,1,0.0000000000,0.0000000000,1.2500000000,0.0000000000,exit_right
47000,1,0.0000000000,0.0000000000,1.2500000000,0.0000000000,exit_right
47100,1,0.0000000000,0.0000000000,1.2500000000,0.0000000000,exit_right
47200,1,0.0000000000,0.0000000000,1.2500000000,0.0000000000,exit_right
47300,1,0.0000000000,0.0000000000,1.2500000000,0.0000000000,exit_right
47400,1,0.0000000000,0.0000000000,0.7496377120,0.0000000000,absorb
47500,1,0.0000000000,0.0000000000,1.2500000000,0.0000000000,exit_right
47600,1,0.0000000000,0.0000000000,0.2999722881,0.0000000000,scatter
47600,2,0.2999722881,0.0000000000,0.0000000000,-0.3966654752,exit_left
47700,1,0.0000000000,0.0000000000,1.2500000000,0.0000000000,exit_right
47800,1,0.0000000000,0.0000000000,0.5456394576,0.0000000000,scatter
47800,2,0.5456394576,0.0000000000,1.0042856849,0.9570712694,scatter
47800,3,1.0042856849,0.9570712694,0.5814797619,4.5440623893,scatter
47800,4,0.5814797619,4.5440623893,0.6610068656,7.1357471732,scatter
47800,5,0.6610068656,7.1357471732,0.0000000000,8.1618832573,exit_left
47900,1,0.0000000000,0.0000000000,1.0721580396,0.0000000000,scatter
47900,2,1.0721580396,0.0000000000,1.0184176777,-0.0670026007,absorb
48000,1,0.0000000000,0.0000000000,1.2500000000,0.0000000000,exit_right
48100,1,0.0000000000,0.0000000000,1.2500000000,0.0000000000,exit_right
48200,1,0.0000000000,0.0000000000,1.2500000000,0.0000000000,exit_right
48300,1,0.0000000000,0.0000000000,1.2500000000,0.0000000000,exit_right
48400,1,0.0000000000,0.0000000000,1.2500000000,0.0000000000,exit_right
48500,1,0.0000000000,0.0000000000,0.1043516449,0.0000000000,scatter
48500,2,0.1043516449,0.0000000000,0.0000000000,-0.1343581867,exit_left
48600,1,0.0000000000,0.0000000000,0.5487581697,0.0000000000,scatter
48600,2,0.5487581697,0.0000000000,0.6735739624,-0.9128007023,scatter
48600,3,0.6735739624,-0.9128007023,0.0000000000,-2.9332063493,exit_left
48700,1,0.0000000000,0.0000000000,1.2500000000,0.0000000000,exit_right
48800,1,0.0000000000,0.0000000000,1.0796657750,0.0000000000,scatter
48800,2,1.0796657750,0.0000000000,0.0000000000,1.1677506824,exit_left
48900,1,0.0000000000,0.0000000000,1.2500000000,0.0000000000,exit_right
49000,1,0.0000000000,0.0000000000,0.5646159642,0.0000000000,scatter
49000,2,0.5646159642,0.0000000000,0.6596581807,-0.0555215562,scatter
49000,3,0.6596581807,-0.0555215562,1.2500000000,-0.0641188255,exit_right
49100,1,0.0000000000,0.0000000000,1.2500000000,0.0000000000,exit_right
49200,1,0.0000000000,0.0000000000,0.5087482672,0.0000000000,scatter
49200,2,0.5087482672,0.0000000000,0.7403964935,-0.1681404374,scatter
49200,3,0.7403964935,-0.1681404374,1.2500000000,-0.3682479008,exit_right
49300,1,0.0000000000,0.0000000000,0.6538202695,0.0000000000,absorb
49400,1,0.0000000000,0.0000000000,1.0164007764,0.0000000000,scatter
49400,2,1.0164007764,0.0000000000,0.8515217882,-0.3425569678,scatter
49400,3,0.8515217882,-0.3425569678,0.9056722680,-0.4376904160,scatter
49400,4,0.9056722680,-0.4376904160,1.1143802611,-0.5756816132,scatter
49400,5,1.1143802611,-0.5756816132,1.1848336202,-0.7414920871,scatter
49400,6,1.1848336202,-0.7414920871,1.1404475040,-1.6949307783,scatter
49400,7,1.1404475040,-1.6949307783,1.2500000000,-1.6807096899,exit_right
49500,1,0.0000000000,0.0000000000,0.0901456142,0.0000000000,scatter
49500,2,0.0901456142,0.0000000000,0.0000000000,-0.0071455172,exit_left
49600,1,0.0000000000,0.0000000000,1.2500000000,0.0000000000,exit_right
49700,1,0.0000000000,0.0000000000,1.2500000000,0.0000000000,exit_right
49800,1,0.0000000000,0.0000000000,0.3539027357,0.0000000000,scatter
49800,2,0.3539027357,0.0000000000,0.8073708966,0.4170486727,scatter
49800,3,0.8073708966,0.4170486727,1.2500000000,0.6590904391,exit_right
49900,1,0.0000000000,0.0000000000,0.4551585107,0.0000000000,scatter
49900,2,0.4551585107,0.0000000000,1.2500000000,-0.0912745486,exit_right
50000,1,0.0000000000,0.0000000000,0.1462829698,0.0000000000,absorb
50100,1,0.0000000000,0.0000000000,1.2500000000,0.0000000000,exit_right
50200,1,0.0000000000,0.0000000000,0.5368680289,0.0000000000,absorb
50300,1,0.0000000000,0.0000000000,1.2500000000,0.0000000000,exit_right
50400,1,0.0000000000,0.0000000000,1.2500000000,0.0000000000,exit_right
50500,1,0.0000000000,0.0000000000,0.2664313141,0.0000000000,scatter
50500,2,0.2664313141,0.0000000000,0.1723140209,-0.3953311677,scatter
50500,3,0.1723140209,-0.3953311677,0.0000000000,-1.0863999759,exit_left
50600,1,0.0000000000,0.0000000000,0.7970118198,0.0000000000,scatter
50600,2,0.7970118198,0.0000000000,0.3407113930,-0.1707422699,scatter
50600,3,0.3407113930,-0.1707422699,1.2500000000,-1.0058247847,exit_right
50700,1,0.0000000000,0.0000000000,1.2500000000,0.0000000000,exit_right
50800,1,0.0000000000,0.0000000000,0.0305537940,0.0000000000,scatter
50800,2,0.0305537940,0.0000000000,0.0000000000,0.0881283564,exit_left
50900,1,0.0000000000,0.0000000000,0.6320479523,0.0000000000,absorb
51000,1,0.0000000000,0.0000000000,0.2762965310,0.0000000000,scatter
51000,2,0.2762965310,0.0000000000,0.2910988419,-0.2734603137,absorb
51100,1,0.0000000000,0.0000000000,1.2500000000,0.0000000000,exit_right
51200,1,0.0000000000,0.0000000000,1.2500000000,0.0000000000,exit_right
51300,1,0.0000000000,0.0000000000,1.2500000000,0.0000000000,exit_right
51400,1,0.0000000000,0.0000000000,1.2500000000,0.0000000000,exit_right
51500,1,0.0000000000,0.0000000000,0.3939123213,0.0000000000,scatter
51500,2,0.3939123213,0.0000000000,0.0000000000,0.0584790665,exit_left
51600,1,0.0000000000,0.0000000000,0.2137307954,0.0000000000,scatter
51600,2,0.2137307954,0.0000000000,0.0000000000,-0.0325052738,exit_left
51700,1,0.0000000000,0.0000000000,1.2500000000,0.0000000000,exit_right
51800,1,0.0000000000,0.0000000000,0.1586521691,0.0000000000,scatter
51800,2,0.1586521691,0.0000000000,1.1010874613,0.4779032387,scatter
51800,3,1.1010874613,0.4779032387,1.2500000000,0.2571188291,exit_right
51900,1,0.0000000000,0.0000000000,1.2500000000,0.0000000000,exit_right
52000,1,0.0000000000,0.0000000000,0.6510205790,0.0000000000,scatter
52000,2,0.6510205790,0.0000000000,1.2500000000,0.0941422935,exit_right
52100,1,0.0000000000,0.0000000000,0.4788553703,0.0000000000,absorb
52200,1,0.0000000000,0.0000000000,0.9055033407,0.0000000000,scatter
52200,2,0.9055033407,0.0000000000,0.7382522499,-1.0441001261,scatter
52200,3,0.7382522499,-1.0441001261,1.0434981373,-2.9298324109,absorb
52300,1,0.0000000000,0.0000000000,0.3222165103,0.0000000000,scatter
52300,2,0.3222165103,0.0000000000,0.0000000000,0.0058804713,exit_left
52400,1,0.0000000000,0.0000000000,1.2500000000,0.0000000000,exit_right
52500,1,0.0000000000,0.0000000000,0.6817847474,0.0000000000,absorb
52600,1,0.0000000000,0.0000000000,1.2500000000,0.0000000000,exit_right
52700,1,0.0000000000,0.0000000000,1.2500000000,0.0000000000,exit_right
52800,1,0.0000000000,0.0000000000,0.1780476798,0.0000000000,absorb
52900,1,0.0000000000,0.0000000000,1.2500000000,0.0000000000,exit_right
53000,1,0.0000000000,0.0000000000,1.2500000000,0.0000000000,exit_right
53100,1,0.0000000000,0.0000000000,1.0406289340,0.0000000000,scatter
53100,2,1.0406289340,0.0000000000,0.7176956357,0.6683645535,scatter
53100,3,0.7176956357,0.6683645535,1.2500000000,0.4489018937,exit_right
53200,1,0.0000000000,0.0000000000,0.6120743288,0.0000000000,scatter
53200,2,0.6120743288,0.0000000000,1.0143440639,0.0241483212,scatter
53200,3,1.0143440639,0.0241483212,1.2500000000,0.0802114548,exit_right
53300,1,0.0000000000,0.0000000000,0.5704272015,0.0000000000,scatter
53300,2,0.5704272015,0.0000000000,1.2500000000,-0.3582588363,exit_right
53400,1,0.0000000000,0.0000000000,1.2500000000,0.0000000000,exit_right
53500,1,0.0000000000,0.0000000000,1.2500000000,0.0000000000,exit_right
53600,1,0.0000000000,0.0000000000,0.2661036572,0.0000000000,scatter
53600,2,0.2661036572,0.0000000000,0.4797722700,0.3782945506,scatter
53600,3,0.4797722700,0.3782945506,0.0000000000,0.5281854936,exit_left
53700,1,0.0000000000,0.0000000000,0.7964499676,0.0000000000,scatter
53700,2,0.7964499676,0.0000000000,0.9022955730,0.3762192004,scatter
53700,3,0.9022955730,0.3762192004,0.7397487773,0.4015832006,absorb
53800,1,0.0000000000,0.0000000000,1.2500000000,0.0000000000,exit_right
53900,1,0.0000000000,0.0000000000,1.2500000000,0.0000000000,exit_right
54000,1,0.0000000000,0.0000000000,1.2500000000,0.0000000000,exit_right
54100,1,0.0000000000,0.0000000000,0.4847606273,0.0000000000,scatter
54100,2,0.4847606273,0.0000000000,0.2503832578,-0.5389728813,absorb
54200,1,0.0000000000,0.0000000000,1.2500000000,0.0000000000,exit_right
54300,1,0.0000000000,0.0000000000,1.2500000000,0.0000000000,exit_right
54400,1,0.0000000000,0.0000000000,1.2500000000,0.0000000000,exit_right
54500,1,0.0000000000,0.0000000000,1.2500000000,0.0000000000,exit_right
54600,1,0.0000000000,0.0000000000,1.2500000000,0.0000000000,exit_right
54700,1,0.0000000000,0.0000000000,0.7918868777,0.0000000000,absorb
54800,1,0.0000000000,0.0000000000,0.3001788784,0.0000000000,absorb
54900,1,0.0000000000,0.0000000000,1.2500000000,0.0000000000,exit_right
55000,1,0.0000000000,0.0000000000,1.2500000000,0.0000000000,exit_right
55100,1,0.0000000000,0.0000000000,1.2500000000,0.0000000000,exit_right
55200,1,0.0000000000,0.0000000000,1.2500000000,0.0000000000,exit_right
55300,1,0.0000000000,0.0000000000,1.2500000000,0.0000000000,exit_right
55400,1,0.0000000000,0.0000000000,1.2500000000,0.0000000000,exit_right
55500,1,0.0000000000,0.0000000000,1.2500000000,0.0000000000,exit_right
55600,1,0.0000000000,0.0000000000,1.2500000000,0.0000000000,exit_right
55700,1,0.0000000000,0.0000000000,0.5832786363,0.0000000000,scatter
55700,2,0.5832786363,0.0000000000,0.5892373630,0.2040991836,scatter
55700,3,0.5892373630,0.2040991836,1.2500000000,0.3604863038,exit_right
55800,1,0.0000000000,0.0000000000,0.7899112607,0.0000000000,absorb
55900,1,0.0000000000,0.0000000000,1.2500000000,0.0000000000,exit_right
56000,1,0.0000000000,0.0000000000,1.2500000000,0.0000000000,exit_right
56100,1,0.0000000000,0.0000000000,1.2500000000,0.0000000000,exit_right
56200,1,0.0000000000,0.0000000000,1.2500000000,0.0000000000,exit_right
56300,1,0.0000000000,0.0000000000,0.6566756530,0.0000000000,scatter
56300,2,0.6566756530,0.0000000000,0.5663775027,0.0173268286,scatter
56300,3,0.5663775027,0.0173268286,1.2500000000,0.8142513548,exit_right
56400,1,0.0000000000,0.0000000000,0.0228148084,0.0000000000,scatter
56400,2,0.0228148084,0.0000000000,0.8445329242,3.5397888778,absorb
56500,1,0.0000000000,0.0000000000,1.2500000000,0.0000000000,exit_right
56600,1,0.0000000000,0.0000000000,1.0229971724,0.0000000000,scatter
56600,2,1.0229971724,0.0000000000,1.2500000000,0.4931521660,exit_right
56700,1,0.0000000000,0.0000000000,0.7554484759,0.0000000000,scatter
56700,2,0.7554484759,0.0000000000,0.8028849998,-0.2141747949,scatter
56700,3,0.8028849998,-0.2141747949,0.1892731948,-0.5183016172,scatter
56700,4,0.1892731948,-0.5183016172,0.3100455822,-4.8928576678,scatter
56700,5,0.3100455822,-4.8928576678,1.2491157767,-2.5687455346,scatter
56700,6,1.2491157767,-2.5687455346,0.0000000000,-1.2108626829,exit_left
56800,1,0.0000000000,0.0000000000,1.2500000000,0.0000000000,exit_right
56900,1,0.0000000000,0.0000000000,1.2500000000,0.0000000000,exit_right
57000,1,0.0000000000,0.0000000000,1.2500000000,0.0000000000,exit_right
57100,1,0.0000000000,0.0000000000,0.4192598470,0.0000000000,scatter
57100,2,0.4192598470,0.0000000000,0.1559431256,1.9842527306,scatter
57100,3,0.1559431256,1.9842527306,0.0000000000,2.3265257966,exit_left
57200,1,0.0000000000,0.0000000000,1.2500000000,0.0000000000,exit_right
57300,1,0.0000000000,0.0000000000,1.2177037238,0.0000000000,scatter
57300,2,1.2177037238,0.0000000000,1.2500000000,0.0166687639,exit_right
57400,1,0.0000000000,0.0000000000,1.2500000000,0.0000000000,exit_right
57500,1,0.0000000000,0.0000000000,1.2500000000,0.0000000000,exit_right
57600,1,0.0000000000,0.0000000000,1.2500000000,0.0000000000,exit_right
57700,1,0.0000000000,0.0000000000,0.6684330942,0.0000000000,absorb
57800,1,0.0000000000,0.0000000000,0.0393475144,0.0000000000,scatter
57800,2,0.0393475144,0.0000000000,0.5541997245,-0.1627346513,scatter
57800,3,0.5541997245,-0.1627346513,0.0000000000,-0.8081610512,exit_left
57900,1,0.0000000000,0.0000000000,0.0074772531,0.0000000000,scatter
57900,2,0.0074772531,0.0000000000,0.0000000000,-0.1590069351,exit_left
58000,1,0.0000000000,0.0000000000,1.0234114218,0.0000000000,absorb
58100,1,0.0000000000,0.0000000000,1.2500000000,0.0000000000,exit_right
58200,1,0.0000000000,0.0000000000,1.2500000000,0.0000000000,exit_right
58300,1,0.0000000000,0.0000000000,1.2500000000,0.0000000000,exit_right
58400,1,0.0000000000,0.0000000000,1.2500000000,0.0000000000,exit_right
58500,1,0.0000000000,0.0000000000,1.1556925986,0.0000000000,scatter
58500,2,1.1556925986,0.0000000000,1.0733962591,-0.0373688753,scatter
58500,3,1.0733962591,-0.0373688753,0.0913554738,0.5299674297,scatter
58500,4,0.0913554738,0.5299674297,0.0000000000,0.3879827699,exit_left
58600,1,0.0000000000,0.0000000000,1.0334909553,0.0000000000,scatter
58600,2,1.0334909553,0.0000000000,0.0000000000,0.0470762961,exit_left
58700,1,0.0000000000,0.0000000000,1.2500000000,0.0000000000,exit_right
58800,1,0.0000000000,0.0000000000,1.1403347524,0.0000000000,scatter
58800,2,1.1403347524,0.0000000000,1.2500000000,0.1410921246,exit_right
58900,1,0.0000000000,0.0000000000,1.2500000000,0.0000000000,exit_right
59000,1,0.0000000000,0.0000000000,0.4438868203,0.0000000000,scatter
59000,2,0.4438868203,0.0000000000,0.0000000000,0.2781064334,exit_left
59100,1,0.0000000000,0.0000000000,0.8644103841,0.0000000000,scatter
59100,2,0.8644103841,0.0000000000,1.2500000000,-0.1286999311,exit_right
59200,1,0.0000000000,0.0000000000,1.2500000000,0.0000000000,exit_right
59300,1,0.0000000000,0.0000000000,1.2500000000,0.0000000000,exit_right
59400,1,0.0000000000,0.0000000000,0.0886371310,0.0000000000,scatter
59400,2,0.0886371310,0.0000000000,0.0000000000,0.1149164876,exit_left
59500,1,0.0000000000,0.0000000000,0.7599414175,0.0000000000,scatter
59500,2,0.7599414175,0.0000000000,0.9124625897,-0.1568279767,scatter
59500,3,0.9124625897,-0.1568279767,1.2500000000,-0.0088432521,exit_right
59600,1,0.0000000000,0.0000000000,1.2500000000,0.0000000000,exit_right
59700,1,0.0000000000,0.0000000000,0.6545575186,0.0000000000,scatter
59700,2,0.6545575186,0.0000000000,0.0000000000,0.5587533015,exit_left
59800,1,0.0000000000,0.0000000000,1.1724655434,0.0000000000,scatter
59800,2,1.1724655434,0.0000000000,0.7882017551,0.9163428281,scatter
59800,3,0.7882017551,0.9163428281,1.0902560836,0.3440877278,absorb
59900,1,0.0000000000,0.0000000000,0.0990923499,0.0000000000,absorb
60000,1,0.0000000000,0.0000000000,1.2500000000,0.0000000000,exit_right
60100,1,0.0000000000,0.0000000000,0.9331125323,0.0000000000,scatter
60100,2,0.9331125323,0.0000000000,0.6727844665,-1.0097365348,scatter
60100,3,0.6727844665,-1.0097365348,1.2500000000,-0.6559906754,exit_right
60200,1,0.0000000000,0.0000000000,0.0234187555,0.0000000000,scatter
60200,2,0.0234187555,0.0000000000,1.2468976806,1.8350794598,absorb
60300,1,0.0000000000,0.0000000000,0.0119331276,0.0000000000,scatter
60300,2,0.0119331276,0.0000000000,0.0000000000,-0.0115158869,exit_left
60400,1,0.0000000000,0.0000000000,1.1461725185,0.0000000000,scatter
60400,2,1.1461725185,0.0000000000,1.2500000000,-0.2929024073,exit_right
60500,1,0.0000000000,0.0000000000,0.3750328976,0.0000000000,scatter
60500,2,0.3750328976,0.0000000000,1.2428504876,-2.1247364404,scatter
60500,3,1.2428504876,-2.1247364404,1.2500000000,-2.1200031909,exit_right
60600,1,0.0000000000,0.0000000000,1.2500000000,0.0000000000,exit_right
60700,1,0.0000000000,0.0000000000,1.2500000000,0.0000000000,exit_right
60800,1,0.0000000000,0.0000000000,1.2500000000,0.0000000000,exit_right
60900,1,0.0000000000,0.0000000000,1.2500000000,0.0000000000,exit_right
61000,1,0.0000000000,0.0000000000,1.2500000000,0.0000000000,exit_right
61100,1,0.0000000000,0.0000000000,1.2500000000,0.0000000000,exit_right
61200,1,0.0000000000,0.0000000000,1.2500000000,0.0000000000,exit_right
61300,1,0.0000000000,0.0000000000,1.2500000000,0.0000000000,exit_right
61400,1,0.0000000000,0.0000000000,1.0551205872,0.0000000000,scatter
61400,2,1.0551205872,0.0000000000,0.8225019562,-0.2330685449,scatter
61400,3,0.8225019562,-0.2330685449,0.2822148373,-6.3213318181,scatter
61400,4,0.2822148373,-6.3213318181,0.0000000000,-6.3397234770,exit_left
61500,1,0.0000000000,0.0000000000,1.2500000000,0.0000000000,exit_right
61600,1,0.0000000000,0.0000000000,0.2568233072,0.0000000000,absorb
61700,1,0.0000000000,0.0000000000,1.2500000000,0.0000000000,exit_right
61800,1,0.0000000000,0.0000000000,0.4715190291,0.0000000000,scatter
61800,2,0.4715190291,0.0000000000,0.4820228689,0.0139024941,scatter
61800,3,0.4820228689,0.0139024941,0.5924919523,-1.8491238131,scatter
61800,4,0.5924919523,-1.8491238131,0.7226748135,-1.7870159017,scatter
61800,5,0.7226748135,-1.7870159017,0.8919346432,-1.9555082387,scatter
61800,6,0.8919346432,-1.9555082387,0.0000000000,-2.4123215116,exit_left
61900,1,0.0000000000,0.0000000000,1.2500000000,0.0000000000,exit_right
62000,1,0.0000000000,0.0000000000,1.2500000000,0.0000000000,exit_right
62100,1,0.0000000000,0.0000000000,1.2500000000,0.0000000000,exit_right
62200,1,0.0000000000,0.0000000000,0.0139979154,0.0000000000,scatter
62200,2,0.0139979154,0.0000000000,0.0000000000,0.0075227304,exit_left
62300,1,0.0000000000,0.0000000000,1.2500000000,0.0000000000,exit_right
62400,1,0.0000000000,0.0000000000,1.2500000000,0.0000000000,exit_right
62500,1,0.0000000000,0.0000000000,0.4879745812,0.0000000000,scatter
62500,2,0.4879745812,0.0000000000,0.0000000000,-0.2153899613,exit_left
62600,1,0.0000000000,0.0000000000,1.2500000000,0.0000000000,exit_right
62700,1,0.0000000000,0.0000000000,1.2500000000,0.0000000000,exit_right
62800,1,0.0000000000,0.0000000000,0.5350930760,0.0000000000,scatter
62800,2,0.5350930760,0.0000000000,1.2500000000,0.1906672984,exit_right
62900,1,0.0000000000,0.0000000000,1.2500000000,0.0000000000,exit_right
63000,1,0.0000000000,0.0000000000,1.2500000000,0.0000000000,exit_right
63100,1,0.0000000000,0.0000000000,1.2500000000,0.0000000000,exit_right
63200,1,0.0000000000,0.0000000000,1.2500000000,0.0000000000,exit_right
63300,1,0.0000000000,0.0000000000,0.9745878794,0.0000000000,scatter
63300,2,0.9745878794,0.0000000000,0.0000000000,-0.0540621603,exit_left
63400,1,0.0000000000,0.0000000000,0.5671238652,0.0000000000,scatter
63400,2,0.5671238652,0.0000000000,0.0000000000,-0.1611502970,exit_left
63500,1,0.0000000000,0.0000000000,0.1801673813,0.0000000000,absorb
63600,1,0.0000000000,0.0000000000,1.2500000000,0.0000000000,exit_right
63700,1,0.0000000000,0.0000000000,0.4606765521,0.0000000000,scatter
63700,2,0.4606765521,0.0000000000,0.0000000000,-0.1503099277,exit_left
63800,1,0.0000000000,0.0000000000,0.2076368887,0.0000000000,scatter
63800,2,0.2076368887,0.0000000000,0.0000000000,0.3069728669,exit_left
63900,1,0.0000000000,0.0000000000,0.3873302425,0.0000000000,scatter
63900,2,0.3873302425,0.0000000000,0.6381290947,0.6841924478,scatter
63900,3,0.6381290947,0.6841924478,1.2500000000,0.4241002017,exit_right
64000,1,0.0000000000,0.0000000000,0.7855159713,0.0000000000,scatter
64000,2,0.7855159713,0.0000000000,0.0000000000,0.6934485041,exit_left
64100,1,0.0000000000,0.0000000000,1.2500000000,0.0000000000,exit_right
64200,1,0.0000000000,0.0000000000,1.2500000000,0.0000000000,exit_right
64300,1,0.0000000000,0.0000000000,1.2500000000,0.0000000000,exit_right
64400,1,0.0000000000,0.0000000000,0.3670657407,0.0000000000,scatter
64400,2,0.3670657407,0.0000000000,1.0757871117,0.7221143658,absorb
64500,1,0.0000000000,0.0000000000,0.5884642023,0.0000000000,absorb
64600,1,0.0000000000,0.0000000000,0.0962310311,0.0000000000,scatter
64600,2,0.0962310311,0.0000000000,0.0000000000,-0.1100759511,exit_left
64700,1,0.0000000000,0.0000000000,0.2476814531,0.0000000000,absorb
64800,1,0.0000000000,0.0000000000,0.7668904102,0.0000000000,absorb
64900,1,0.0000000000,0.0000000000,1.2500000000,0.0000000000,exit_right
65000,1,0.0000000000,0.0000000000,1.2500000000,0.0000000000,exit_right
65100,1,0.0000000000,0.0000000000,1.2500000000,0.0000000000,exit_right
65200,1,0.0000000000,0.0000000000,1.2500000000,0.0000000000,exit_right
65300,1,0.0000000000,0.0000000000,1.2500000000,0.0000000000,exit_right
65400,1,0.0000000000,0.0000000000,1.2500000000,0.0000000000,exit_right
65500,1,0.0000000000,0.0000000000,1.2500000000,0.0000000000,exit_right
65600,1,0.0000000000,0.0000000000,1.2500000000,0.0000000000,exit_right
65700,1,0.0000000000,0.0000000000,1.2500000000,0.0000000000,exit_right
65800,1,0.0000000000,0.0000000000,1.2500000000,0.0000000000,exit_right
65900,1,0.0000000000,0.0000000000,0.6015437220,0.0000000000,scatter
65900,2,0.6015437220,0.0000000000,0.5182268682,0.0017695703,scatter
65900,3,0.5182268682,0.0017695703,0.0000000000,-0.2343148479,exit_left
66000,1,0.0000000000,0.0000000000,0.2952208893,0.0000000000,scatter
66000,2,0.2952208893,0.0000000000,0.0386956903,-0.8378676927,scatter
66000,3,0.0386956903,-0.8378676927,0.0000000000,-0.8589187885,exit_left
66100,1,0.0000000000,0.0000000000,0.0040744238,0.0000000000,scatter
66100,2,0.0040744238,0.0000000000,0.0000000000,-0.0062938133,exit_left
66200,1,0.0000000000,0.0000000000,0.2059674426,0.0000000000,absorb
66300,1,0.0000000000,0.0000000000,1.2500000000,0.0000000000,exit_right
66400,1,0.0000000000,0.0000000000,1.2500000000,0.0000000000,exit_right
66500,1,0.0000000000,0.0000000000,1.2500000000,0.0000000000,exit_right
66600,1,0.0000000000,0.0000000000,1.2500000000,0.0000000000,exit_right
66700,1,0.0000000000,0.0000000000,1.2500000000,0.0000000000,exit_right
66800,1,0.0000000000,0.0000000000,0.3153622251,0.0000000000,absorb
66900,1,0.0000000000,0.0000000000,1.2500000000,0.0000000000,exit_right
67000,1,0.0000000000,0.0000000000,0.9017980528,0.0000000000,scatter
67000,2,0.9017980528,0.0000000000,1.2500000000,-0.6517183416,exit_right
67100,1,0.0000000000,0.0000000000,1.2500000000,0.0000000000,exit_right
67200,1,0.0000000000,0.0000000000,1.2500000000,0.0000000000,exit_right
67300,1,0.0000000000,0.0000000000,0.2283791521,0.0000000000,scatter
67300,2,0.2283791521,0.0000000000,0.0000000000,-0.1435345320,exit_left
67400,1,0.0000000000,0.0000000000,1.2500000000,0.0000000000,exit_right
67500,1,0.0000000000,0.0000000000,1.2500000000,0.0000000000,exit_right
67600,1,0.0000000000,0.0000000000,1.2500000000,0.0000000000,exit_right
67700,1,0.0000000000,0.0000000000,1.2500000000,0.0000000000,exit_right
67800,1,0.0000000000,0.0000000000,0.7838354401,0.0000000000,scatter
67800,2,0.7838354401,0.0000000000,0.0000000000,-0.2474932197,exit_left
67900,1,0.0000000000,0.0000000000,0.3233201498,0.0000000000,scatter
67900,2,0.3233201498,0.0000000000,0.1538313199,0.0880596463,scatter
67900,3,0.1538313199,0.0880596463,1.2500000000,0.2599812058,exit_right
68000,1,0.0000000000,0.0000000000,1.2500000000,0.0000000000,exit_right
68100,1,0.0000000000,0.0000000000,0.1360688779,0.0000000000,scatter
68100,2,0.1360688779,0.0000000000,0.1357283371,0.0001628854,scatter
68100,3,0.1357283371,0.0001628854,0.0735195289,-0.0157548600,absorb
68200,1,0.0000000000,0.0000000000,1.2500000000,0.0000000000,exit_right
68300,1,0.0000000000,0.0000000000,1.2500000000,0.0000000000,exit_right
68400,1,0.0000000000,0.0000000000,1.2500000000,0.0000000000,exit_right
68500,1,0.0000000000,0.0000000000,1.2500000000,0.0000000000,exit_right
68600,1,0.0000000000,0.0000000000,1.2500000000,0.0000000000,exit_right
68700,1,0.0000000000,0.0000000000,1.2500000000,0.0000000000,exit_right
68800,1,0.0000000000,0.0000000000,1.2500000000,0.0000000000,exit_right
68900,1,0.0000000000,0.0000000000,0.6408255364,0.0000000000,scatter
68900,2,0.6408255364,0.0000000000,0.0000000000,0.8764040512,exit_left
69000,1,0.0000000000,0.0000000000,0.0183995553,0.0000000000,absorb
69100,1,0.0000000000,0.0000000000,1.0612007461,0.0000000000,scatter
69100,2,1.0612007461,0.0000000000,1.2500000000,0.0580849010,exit_right
69200,1,0.0000000000,0.0000000000,1.2500000000,0.0000000000,exit_right
69300,1,0.0000000000,0.0000000000,0.4169517853,0.0000000000,scatter
69300,2,0.4169517853,0.0000000000,0.0000000000,-0.5887244585,exit_left
69400,1,0.0000000000,0.0000000000,0.1646198398,0.0000000000,scatter
69400,2,0.1646198398,0.0000000000,0.0000000000,-0.0292763029,exit_left
69500,1,0.0000000000,0.0000000000,0.8079029162,0.0000000000,scatter
69500,2,0.8079029162,0.0000000000,0.0000000000,-0.4211316095,exit_left
69600,1,0.0000000000,0.0000000000,0.2819290991,0.0000000000,absorb
69700,1,0.0000000000,0.0000000000,1.1573010065,0.0000000000,scatter
69700,2,1.1573010065,0.0000000000,0.0000000000,-1.5309642917,exit_left
69800,1,0.0000000000,0.0000000000,0.9045818282,0.0000000000,scatter
69800,2,0.9045818282,0.0000000000,1.2500000000,0.8003379737,exit_right
69900,1,0.0000000000,0.0000000000,0.9666511242,0.0000000000,scatter
69900,2,0.9666511242,0.0000000000,0.7560381914,-0.3521696024,scatter
69900,3,0.7560381914,-0.3521696024,0.0000000000,-0.1728262305,exit_left
70000,1,0.0000000000,0.0000000000,1.2500000000,0.0000000000,exit_right
70100,1,0.0000000000,0.0000000000,0.4339038281,0.0000000000,scatter
70100,2,0.4339038281,0.0000000000,0.0000000000,-0.0590447282,exit_left
70200,1,0.0000000000,0.0000000000,0.4029444987,0.0000000000,scatter
70200,2,0.4029444987,0.0000000000,0.6028200798,0.1389675885,scatter
70200,3,0.6028200798,0.1389675885,0.0000000000,-0.8621248489,exit_left
70300,1,0.0000000000,0.0000000000,0.2436086353,0.0000000000,absorb
70400,1,0.0000000000,0.0000000000,1.2500000000,0.0000000000,exit_right
70500,1,0.0000000000,0.0000000000,0.2328968789,0.0000000000,scatter
70500,2,0.2328968789,0.0000000000,1.2500000000,0.2887253960,exit_right
70600,1,0.0000000000,0.0000000000,1.2500000000,0.0000000000,exit_right
70700,1,0.0000000000,0.0000000000,1.2500000000,0.0000000000,exit_right
70800,1,0.0000000000,0.0000000000,1.2500000000,0.0000000000,exit_right
70900,1,0.0000000000,0.0000000000,0.7502174738,0.0000000000,absorb
71000,1,0.0000000000,0.0000000000,0.6516494338,0.0000000000,scatter
71000,2,0.6516494338,0.0000000000,0.4812103080,0.1326981211,scatter
71000,3,0.4812103080,0.1326981211,0.0000000000,0.0518768362,exit_left
71100,1,0.0000000000,0.0000000000,1.2500000000,0.0000000000,exit_right
71200,1,0.0000000000,0.0000000000,0.3344448154,0.0000000000,scatter
71200,2,0.3344448154,0.0000000000,0.9553338491,-1.3037605204,absorb
71300,1,0.0000000000,0.0000000000,1.2500000000,0.0000000000,exit_right
71400,1,0.0000000000,0.0000000000,0.9407040330,0.0000000000,scatter
71400,2,0.9407040330,0.0000000000,0.0000000000,0.4603530629,exit_left
71500,1,0.0000000000,0.0000000000,1.2500000000,0.0000000000,exit_right
71600,1,0.0000000000,0.0000000000,1.2500000000,0.0000000000,exit_right
71700,1,0.0000000000,0.0000000000,0.2303167896,0.0000000000,scatter
71700,2,0.2303167896,0.0000000000,0.5597534444,3.1361551845,scatter
71700,3,0.5597534444,3.1361551845,0.5022914107,4.0441390014,scatter
71700,4,0.5022914107,4.0441390014,0.1442098840,3.9165678840,scatter
71700,5,0.1442098840,3.9165678840,1.2500000000,5.0284871661,exit_right
71800,1,0.0000000000,0.0000000000,0.5160497379,0.0000000000,scatter
71800,2,0.5160497379,0.0000000000,0.2156904179,-0.0270470269,scatter
71800,3,0.2156904179,-0.0270470269,1.2500000000,1.1813688565,exit_right
71900,1,0.0000000000,0.0000000000,1.2500000000,0.0000000000,exit_right
72000,1,0.0000000000,0.0000000000,1.2500000000,0.0000000000,exit_right
72100,1,0.0000000000,0.0000000000,0.2366670950,0.0000000000,absorb
72200,1,0.0000000000,0.0000000000,1.2500000000,0.0000000000,exit_right
72300,1,0.0000000000,0.0000000000,1.2421756394,0.0000000000,scatter
72300,2,1.2421756394,0.0000000000,1.0037279021,0.6029233983,scatter
72300,3,1.0037279021,0.6029233983,1.2500000000,0.4021322776,exit_right
72400,1,0.0000000000,0.0000000000,1.0440240088,0.0000000000,absorb
72500,1,0.0000000000,0.0000000000,0.3532455237,0.0000000000,absorb
72600,1,0.0000000000,0.0000000000,0.1398299995,0.0000000000,scatter
72600,2,0.1398299995,0.0000000000,0.5387560262,0.1303433533,scatter
72600,3,0.5387560262,0.1303433533,0.0000000000,0.5714393437,exit_left
72700,1,0.0000000000,0.0000000000,1.2500000000,0.0000000000,exit_right
72800,1,0.0000000000,0.0000000000,0.5568790735,0.0000000000,scatter
72800,2,0.5568790735,0.0000000000,1.2500000000,0.1772206510,exit_right
72900,1,0.0000000000,0.0000000000,1.2500000000,0.0000000000,exit_right
73000,1,0.0000000000,0.0000000000,1.2500000000,0.0000000000,exit_right
73100,1,0.0000000000,0.0000000000,1.2500000000,0.0000000000,exit_right
73200,1,0.0000000000,0.0000000000,1.2500000000,0.0000000000,exit_right
73300,1,0.0000000000,0.0000000000,0.2737717716,0.0000000000,scatter
73300,2,0.2737717716,0.0000000000,0.0000000000,0.0750937643,exit_left
73400,1,0.0000000000,0.0000000000,1.2500000000,0.0000000000,exit_right
73500,1,0.0000000000,0.0000000000,0.2918316375,0.0000000000,scatter
73500,2,0.2918316375,0.0000000000,0.9947743102,1.1530071868,absorb
73600,1,0.0000000000,0.0000000000,0.2633241383,0.0000000000,scatter
73600,2,0.2633241383,0.0000000000,0.2539499190,-0.0422900138,absorb
73700,1,0.0000000000,0.0000000000,0.2005418252,0.0000000000,scatter
73700,2,0.2005418252,0.0000000000,1.2500000000,-3.6594551137,exit_right
73800,1,0.0000000000,0.0000000000,0.5989387208,0.0000000000,scatter
73800,2,0.5989387208,0.0000000000,0.8896851901,0.0768589508,scatter
73800,3,0.8896851901,0.0768589508,0.0000000000,0.4710660534,exit_left
73900,1,0.0000000000,0.0000000000,0.9665078993,0.0000000000,scatter
73900,2,0.9665078993,0.0000000000,0.0000000000,0.0639036067,exit_left
74000,1,0.0000000000,0.0000000000,1.2500000000,0.0000000000,exit_right
74100,1,0.0000000000,0.0000000000,0.4147787068,0.0000000000,scatter
74100,2,0.4147787068,0.0000000000,0.5031255971,-0.1605825070,scatter
74100,3,0.5031255971,-0.1605825070,1.2500000000,0.6517210739,exit_right
74200,1,0.0000000000,0.0000000000,1.2500000000,0.0000000000,exit_right
74300,1,0.0000000000,0.0000000000,1.2500000000,0.0000000000,exit_right
74400,1,0.0000000000,0.0000000000,1.1228325091,0.0000000000,scatter
74400,2,1.1228325091,0.0000000000,0.3109383986,-0.6245951538,absorb
74500,1,0.0000000000,0.0000000000,1.2500000000,0.0000000000,exit_right
74600,1,0.0000000000,0.0000000000,0.2413004524,0.0000000000,scatter
74600,2,0.2413004524,0.0000000000,0.0000000000,-0.0534000279,exit_left
74700,1,0.0000000000,0.0000000000,1.2500000000,0.0000000000,exit_right
74800,1,0.0000000000,0.0000000000,1.2500000000,0.0000000000,exit_right
74900,1,0.0000000000,0.0000000000,0.8416489585,0.0000000000,scatter
74900,2,0.8416489585,0.0000000000,0.3878823221,-0.3388513136,scatter
74900,3,0.3878823221,-0.3388513136,0.0000000000,-0.9549089492,exit_left
75000,1,0.0000000000,0.0000000000,0.5479342450,0.0000000000,scatter
75000,2,0.5479342450,0.0000000000,1.2500000000,0.4838966543,exit_right
75100,1,0.0000000000,0.0000000000,1.2500000000,0.0000000000,exit_right
75200,1,0.0000000000,0.0000000000,1.2500000000,0.0000000000,exit_right
75300,1,0.0000000000,0.0000000000,0.0091049837,0.0000000000,scatter
75300,2,0.0091049837,0.0000000000,0.0000000000,-0.0081108816,exit_left
75400,1,0.0000000000,0.0000000000,1.2500000000,0.0000000000,exit_right
75500,1,0.0000000000,0.0000000000,1.2500000000,0.0000000000,exit_right
75600,1,0.0000000000,0.0000000000,1.2500000000,0.0000000000,exit_right
75700,1,0.0000000000,0.0000000000,0.3837529609,0.0000000000,scatter
75700,2,0.3837529609,0.0000000000,0.6987578658,2.7726067363,scatter
75700,3,0.6987578658,2.7726067363,1.2500000000,1.9512708844,exit_right
75800,1,0.0000000000,0.0000000000,0.6456551756,0.0000000000,scatter
75800,2,0.6456551756,0.0000000000,1.2500000000,-0.0411212218,exit_right
75900,1,0.0000000000,0.0000000000,0.8122148485,0.0000000000,scatter
75900,2,0.8122148485,0.0000000000,0.9059171321,0.2520378346,absorb
76000,1,0.0000000000,0.0000000000,0.7687575058,0.0000000000,scatter
76000,2,0.7687575058,0.0000000000,1.2500000000,0.2587322442,exit_right
76100,1,0.0000000000,0.0000000000,1.2500000000,0.0000000000,exit_right
76200,1,0.0000000000,0.0000000000,1.2500000000,0.0000000000,exit_right
76300,1,0.0000000000,0.0000000000,1.2500000000,0.0000000000,exit_right
76400,1,0.0000000000,0.0000000000,1.2500000000,0.0000000000,exit_right
76500,1,0.0000000000,0.0000000000,1.2500000000,0.0000000000,exit_right
76600,1,0.0000000000,0.0000000000,1.2500000000,0.0000000000,exit_right
76700,1,0.0000000000,0.0000000000,0.1095028933,0.0000000000,scatter
76700,2,0.1095028933,0.0000000000,0.0000000000,-0.2848901357,exit_left
76800,1,0.0000000000,0.0000000000,0.6638651901,0.0000000000,scatter
76800,2,0.6638651901,0.0000000000,0.0000000000,-0.3648696047,exit_left
76900,1,0.0000000000,0.0000000000,0.5855266638,0.0000000000,scatter
76900,2,0.5855266638,0.0000000000,0.6058687368,-0.1242164237,scatter
76900,3,0.6058687368,-0.1242164237,0.4299143403,4.1250079081,scatter
76900,4,0.4299143403,4.1250079081,0.0000000000,4.3323640149,exit_left
77000,1,0.0000000000,0.0000000000,0.8050748142,0.0000000000,scatter
77000,2,0.8050748142,0.0000000000,0.0000000000,-3.0141151847,exit_left
77100,1,0.0000000000,0.0000000000,1.1326040000,0.0000000000,absorb
77200,1,0.0000000000,0.0000000000,0.4819870781,0.0000000000,scatter
77200,2,0.4819870781,0.0000000000,1.2500000000,0.0864069462,exit_right
77300,1,0.0000000000,0.0000000000,1.2500000000,0.0000000000,exit_right
77400,1,0.0000000000,0.0000000000,1.2500000000,0.0000000000,exit_right
77500,1,0.0000000000,0.0000000000,0.1615732063,0.0000000000,scatter
77500,2,0.1615732063,0.0000000000,0.5824299519,0.1658325032,scatter
77500,3,0.5824299519,0.1658325032,1.2500000000,-0.0357020885,exit_right
77600,1,0.0000000000,0.0000000000,1.2500000000,0.0000000000,exit_right
77700,1,0.0000000000,0.0000000000,0.5563665516,0.0000000000,absorb
77800,1,0.0000000000,0.0000000000,0.1858195683,0.0000000000,scatter
77800,2,0.1858195683,0.0000000000,1.2500000000,0.3390965428,exit_right
77900,1,0.0000000000,0.0000000000,0.4131040218,0.0000000000,scatter
77900,2,0.4131040218,0.0000000000,1.2500000000,1.3030579856,exit_right
78000,1,0.0000000000,0.0000000000,1.2500000000,0.0000000000,exit_right
78100,1,0.0000000000,0.0000000000,1.2500000000,0.0000000000,exit_right
78200,1,0.0000000000,0.0000000000,1.1219964049,0.0000000000,scatter
78200,2,1.1219964049,0.0000000000,1.2500000000,0.0527553460,exit_right
78300,1,0.0000000000,0.0000000000,0.0107401066,0.0000000000,scatter
78300,2,0.0107401066,0.0000000000,1.2500000000,-1.2669300859,exit_right
78400,1,0.0000000000,0.0000000000,1.2500000000,0.0000000000,exit_right
78500,1,0.0000000000,0.0000000000,1.2500000000,0.0000000000,exit_right
78600,1,0.0000000000,0.0000000000,0.0632807628,0.0000000000,scatter
78600,2,0.0632807628,0.0000000000,0.0000000000,0.0284921830,exit_left
78700,1,0.0000000000,0.0000000000,1.2500000000,0.0000000000,exit_right
78800,1,0.0000000000,0.0000000000,1.2500000000,0.0000000000,exit_right
78900,1,0.0000000000,0.0000000000,1.2500000000,0.0000000000,exit_right
79000,1,0.0000000000,0.0000000000,1.2500000000,0.0000000000,exit_right
79100,1,0.0000000000,0.0000000000,1.2500000000,0.0000000000,exit_right
79200,1,0.0000000000,0.0000000000,1.2500000000,0.0000000000,exit_right
79300,1,0.0000000000,0.0000000000,0.8549203275,0.0000000000,scatter
79300,2,0.8549203275,0.0000000000,1.2500000000,-0.3141367840,exit_right
79400,1,0.0000000000,0.0000000000,1.2500000000,0.0000000000,exit_right
79500,1,0.0000000000,0.0000000000,0.5070127417,0.0000000000,scatter
79500,2,0.5070127417,0.0000000000,0.6748686235,-0.0007547290,scatter
79500,3,0.6748686235,-0.0007547290,0.1831123958,0.4087155626,scatter
79500,4,0.1831123958,0.4087155626,1.2500000000,-0.0585259358,exit_right
79600,1,0.0000000000,0.0000000000,1.2500000000,0.0000000000,exit_right
79700,1,0.0000000000,0.0000000000,0.6814371697,0.0000000000,scatter
79700,2,0.6814371697,0.0000000000,1.2500000000,0.2697725973,exit_right
79800,1,0.0000000000,0.0000000000,1.0116337052,0.0000000000,absorb
79900,1,0.0000000000,0.0000000000,1.2500000000,0.0000000000,exit_right
80000,1,0.0000000000,0.0000000000,0.2483950138,0.0000000000,scatter
80000,2,0.2483950138,0.0000000000,0.0651995566,-0.2915388397,absorb
80100,1,0.0000000000,0.0000000000,1.2500000000,0.0000000000,exit_right
80200,1,0.0000000000,0.0000000000,1.2500000000,0.0000000000,exit_right
80300,1,0.0000000000,0.0000000000,1.2500000000,0.0000000000,exit_right
80400,1,0.0000000000,0.0000000000,1.2500000000,0.0000000000,exit_right
80500,1,0.0000000000,0.0000000000,1.2500000000,0.0000000000,exit_right
80600,1,0.0000000000,0.0000000000,1.2500000000,0.0000000000,exit_right
80700,1,0.0000000000,0.0000000000,0.3795339113,0.0000000000,scatter
80700,2,0.3795339113,0.0000000000,0.4309881173,0.0306949983,scatter
80700,3,0.4309881173,0.0306949983,0.3998403692,-0.0979744116,scatter
80700,4,0.3998403692,-0.0979744116,0.0000000000,0.0697141604,exit_left
80800,1,0.0000000000,0.0000000000,1.2500000000,0.0000000000,exit_right
80900,1,0.0000000000,0.0000000000,1.2500000000,0.0000000000,exit_right
81000,1,0.0000000000,0.0000000000,1.2500000000,0.0000000000,exit_right
81100,1,0.0000000000,0.0000000000,0.6039328817,0.0000000000,absorb
81200,1,0.0000000000,0.0000000000,1.2500000000,0.0000000000,exit_right
81300,1,0.0000000000,0.0000000000,0.5585893745,0.0000000000,scatter
81300,2,0.5585893745,0.0000000000,0.0000000000,-0.4016892112,exit_left
81400,1,0.0000000000,0.0000000000,1.2500000000,0.0000000000,exit_right
81500,1,0.0000000000,0.0000000000,1.2500000000,0.0000000000,exit_right
81600,1,0.0000000000,0.0000000000,1.2500000000,0.0000000000,exit_right
81700,1,0.0000000000,0.0000000000,1.1166562455,0.0000000000,scatter
81700,2,1.1166562455,0.0000000000,1.2500000000,0.1027262137,exit_right
81800,1,0.0000000000,0.0000000000,0.3592344876,0.0000000000,scatter
81800,2,0.3592344876,0.0000000000,1.2500000000,0.1105835011,exit_right
81900,1,0.0000000000,0.0000000000,0.0982652346,0.0000000000,scatter
81900,2,0.0982652346,0.0000000000,0.0194247566,2.0781274214,absorb
82000,1,0.0000000000,0.0000000000,0.9548028998,0.0000000000,scatter
82000,2,0.9548028998,0.0000000000,0.8682580137,-0.0021351521,scatter
82000,3,0.8682580137,-0.0021351521,1.2500000000,0.7131884167,exit_right
82100,1,0.0000000000,0.0000000000,1.0706789457,0.0000000000,scatter
82100,2,1.0706789457,0.0000000000,1.2500000000,-0.0997138192,exit_right
82200,1,0.0000000000,0.0000000000,1.2500000000,0.0000000000,exit_right
82300,1,0.0000000000,0.0000000000,1.0250034619,0.0000000000,absorb
82400,1,0.0000000000,0.0000000000,0.1093109974,0.0000000000,scatter
82400,2,0.1093109974,0.0000000000,0.1676088809,2.9093804459,scatter
82400,3,0.1676088809,2.9093804459,0.1067949080,2.0061728477,scatter
82400,4,0.1067949080,2.0061728477,0.0000000000,2.1398409231,exit_left
82500,1,0.0000000000,0.0000000000,1.2500000000,0.0000000000,exit_right
82600,1,0.0000000000,0.0000000000,1.2500000000,0.0000000000,exit_right
82700,1,0.0000000000,0.0000000000,1.1497245296,0.0000000000,absorb
82800,1,0.0000000000,0.0000000000,0.3753676237,0.0000000000,scatter
82800,2,0.3753676237,0.0000000000,0.5234171247,-0.1251156601,absorb
82900,1,0.0000000000,0.0000000000,1.2500000000,0.0000000000,exit_right
83000,1,0.0000000000,0.0000000000,1.2500000000,0.0000000000,exit_right
83100,1,0.0000000000,0.0000000000,1.0450490997,0.0000000000,absorb
83200,1,0.0000000000,0.0000000000,0.3011628629,0.0000000000,scatter
83200,2,0.3011628629,0.0000000000,0.0000000000,-0.4071555908,exit_left
83300,1,0.0000000000,0.0000000000,1.2500000000,0.0000000000,exit_right
83400,1,0.0000000000,0.0000000000,1.2500000000,0.0000000000,exit_right
83500,1,0.0000000000,0.0000000000,1.2500000000,0.0000000000,exit_right
83600,1,0.0000000000,0.0000000000,0.2095077383,0.0000000000,scatter
83600,2,0.2095077383,0.0000000000,0.0000000000,0.8886470201,exit_left
83700,1,0.0000000000,0.0000000000,1.0709060330,0.0000000000,scatter
83700,2,1.0709060330,0.0000000000,1.2500000000,0.2141271210,exit_right
83800,1,0.0000000000,0.0000000000,1.2500000000,0.0000000000,exit_right
83900,1,0.0000000000,0.0000000000,0.5833506063,0.0000000000,scatter
83900,2,0.5833506063,0.0000000000,1.0082872453,2.1506046755,scatter
83900,3,1.0082872453,2.1506046755,1.1775065172,0.1272186379,scatter
83900,4,1.1775065172,0.1272186379,1.0661481976,-0.4950270350,scatter
83900,5,1.0661481976,-0.4950270350,0.0598677183,0.2846475567,scatter
83900,6,0.0598677183,0.2846475567,0.2133971345,0.3632546650,scatter
83900,7,0.2133971345,0.3632546650,0.0000000000,0.6584205138,exit_left
84000,1,0.0000000000,0.0000000000,0.6834418218,0.0000000000,absorb
84100,1,0.0000000000,0.0000000000,0.4788094009,0.0000000000,scatter
84100,2,0.4788094009,0.0000000000,0.2287685383,-0.3184253061,scatter
84100,3,0.2287685383,-0.3184253061,0.1897131045,-1.3043355710,scatter
84100,4,0.1897131045,-1.3043355710,0.6279721593,-2.8716944397,scatter
84100,5,0.6279721593,-2.8716944397,1.2500000000,-3.0610101329,exit_right
84200,1,0.0000000000,0.0000000000,1.2500000000,0.0000000000,exit_right
84300,1,0.0000000000,0.0000000000,1.2500000000,0.0000000000,exit_right
84400,1,0.0000000000,0.0000000000,1.2500000000,0.0000000000,exit_right
84500,1,0.0000000000,0.0000000000,0.0575391309,0.0000000000,scatter
84500,2,0.0575391309,0.0000000000,0.0000000000,-0.0298152409,exit_left
84600,1,0.0000000000,0.0000000000,1.2500000000,0.0000000000,exit_right
84700,1,0.0000000000,0.0000000000,1.2500000000,0.0000000000,exit_right
84800,1,0.0000000000,0.0000000000,0.6967167897,0.0000000000,scatter
84800,2,0.6967167897,0.0000000000,0.4532598162,0.1662788834,scatter
84800,3,0.4532598162,0.1662788834,1.2500000000,0.0030924632,exit_right
84900,1,0.0000000000,0.0000000000,1.2500000000,0.0000000000,exit_right
85000,1,0.0000000000,0.0000000000,1.2469416225,0.0000000000,scatter
85000,2,1.2469416225,0.0000000000,1.2500000000,-0.0109596692,exit_right
85100,1,0.0000000000,0.0000000000,1.2500000000,0.0000000000,exit_right
85200,1,0.0000000000,0.0000000000,0.4852842975,0.0000000000,absorb
85300,1,0.0000000000,0.0000000000,1.2500000000,0.0000000000,exit_right
85400,1,0.0000000000,0.0000000000,1.2500000000,0.0000000000,exit_right
85500,1,0.0000000000,0.0000000000,1.2500000000,0.0000000000,exit_right
85600,1,0.0000000000,0.0000000000,1.2500000000,0.0000000000,exit_right
85700,1,0.0000000000,0.0000000000,1.2500000000,0.0000000000,exit_right
85800,1,0.0000000000,0.0000000000,1.2500000000,0.0000000000,exit_right
85900,1,0.0000000000,0.0000000000,0.3716702352,0.0000000000,scatter
85900,2,0.3716702352,0.0000000000,0.0000000000,-0.5570735951,exit_left
86000,1,0.0000000000,0.0000000000,1.2500000000,0.0000000000,exit_right
86100,1,0.0000000000,0.0000000000,1.2500000000,0.0000000000,exit_right
86200,1,0.0000000000,0.0000000000,0.4456501345,0.0000000000,absorb
86300,1,0.0000000000,0.0000000000,1.2500000000,0.0000000000,exit_right
86400,1,0.0000000000,0.0000000000,0.6934054850,0.0000000000,scatter
86400,2,0.6934054850,0.0000000000,0.0000000000,-0.1619453158,exit_left
86500,1,0.0000000000,0.0000000000,1.1831533629,0.0000000000,scatter
86500,2,1.1831533629,0.0000000000,1.2500000000,-0.0535694780,exit_right
86600,1,0.0000000000,0.0000000000,1.2500000000,0.0000000000,exit_right
86700,1,0.0000000000,0.0000000000,1.2500000000,0.0000000000,exit_right
86800,1,0.0000000000,0.0000000000,0.6436900028,0.0000000000,scatter
86800,2,0.6436900028,0.0000000000,0.1888759552,-0.0828195700,scatter
86800,3,0.1888759552,-0.0828195700,1.2490838369,1.6932403606,scatter
86800,4,1.2490838369,1.6932403606,1.2436279036,2.2124117418,absorb
86900,1,0.0000000000,0.0000000000,1.2500000000,0.0000000000,exit_right
87000,1,0.0000000000,0.0000000000,1.2500000000,0.0000000000,exit_right
87100,1,0.0000000000,0.0000000000,1.2500000000,0.0000000000,exit_right
87200,1,0.0000000000,0.0000000000,1.2500000000,0.0000000000,exit_right
87300,1,0.0000000000,0.0000000000,0.9738867266,0.0000000000,scatter
87300,2,0.9738867266,0.0000000000,0.9957690658,-0.0174931155,scatter
87300,3,0.9957690658,-0.0174931155,0.0000000000,1.0829050101,exit_left
87400,1,0.0000000000,0.0000000000,1.2500000000,0.0000000000,exit_right
87500,1,0.0000000000,0.0000000000,0.9590638138,0.0000000000,absorb
87600,1,0.0000000000,0.0000000000,1.2500000000,0.0000000000,exit_right
87700,1,0.0000000000,0.0000000000,1.2500000000,0.0000000000,exit_right
87800,1,0.0000000000,0.0000000000,1.2500000000,0.0000000000,exit_right
87900,1,0.0000000000,0.0000000000,1.2500000000,0.0000000000,exit_right
88000,1,0.0000000000,0.0000000000,0.5803749805,0.0000000000,scatter
88000,2,0.5803749805,0.0000000000,0.2878875812,0.6259379287,scatter
88000,3,0.2878875812,0.6259379287,0.8225504950,0.8576261866,scatter
88000,4,0.8225504950,0.8576261866,1.2500000000,0.5432434189,exit_right
88100,1,0.0000000000,0.0000000000,1.2500000000,0.0000000000,exit_right
88200,1,0.0000000000,0.0000000000,0.4365402217,0.0000000000,absorb
88300,1,0.0000000000,0.0000000000,1.2500000000,0.0000000000,exit_right
88400,1,0.0000000000,0.0000000000,1.2500000000,0.0000000000,exit_right
88500,1,0.0000000000,0.0000000000,0.8974074037,0.0000000000,scatter
88500,2,0.8974074037,0.0000000000,1.2500000000,0.0045859293,exit_right
88600,1,0.0000000000,0.0000000000,1.2500000000,0.0000000000,exit_right
88700,1,0.0000000000,0.0000000000,1.2500000000,0.0000000000,exit_right
88800,1,0.0000000000,0.0000000000,0.5302395103,0.0000000000,absorb
88900,1,0.0000000000,0.0000000000,1.2500000000,0.0000000000,exit_right
89000,1,0.0000000000,0.0000000000,0.4452001516,0.0000000000,scatter
89000,2,0.4452001516,0.0000000000,0.4585271853,0.0164090324,absorb
89100,1,0.0000000000,0.0000000000,1.2500000000,0.0000000000,exit_right
89200,1,0.0000000000,0.0000000000,1.2500000000,0.0000000000,exit_right
89300,1,0.0000000000,0.0000000000,1.2500000000,0.0000000000,exit_right
89400,1,0.0000000000,0.0000000000,0.3250520818,0.0000000000,scatter
89400,2,0.3250520818,0.0000000000,1.2089133712,-0.3624218643,absorb
89500,1,0.0000000000,0.0000000000,1.0659753274,0.0000000000,scatter
89500,2,1.0659753274,0.0000000000,1.2500000000,0.0591612243,exit_right
89600,1,0.0000000000,0.0000000000,1.2500000000,0.0000000000,exit_right
89700,1,0.0000000000,0.0000000000,1.2500000000,0.0000000000,exit_right
89800,1,0.0000000000,0.0000000000,1.2427316544,0.0000000000,scatter
89800,2,1.2427316544,0.0000000000,1.1007894023,-0.0569547570,scatter
89800,3,1.1007894023,-0.0569547570,0.0000000000,-0.8873106215,exit_left
89900,1,0.0000000000,0.0000000000,0.0590565940,0.0000000000,scatter
89900,2,0.0590565940,0.0000000000,0.0000000000,0.0413701501,exit_left
90000,1,0.0000000000,0.0000000000,0.9217749431,0.0000000000,scatter
90000,2,0.9217749431,0.0000000000,0.8273463873,1.4157022573,scatter
90000,3,0.8273463873,1.4157022573,0.2075918121,1.6341089687,scatter
90000,4,0.2075918121,1.6341089687,0.2103049796,2.9491227351,absorb
90100,1,0.0000000000,0.0000000000,1.2500000000,0.0000000000,exit_right
90200,1,0.0000000000,0.0000000000,1.2500000000,0.0000000000,exit_right
90300,1,0.0000000000,0.0000000000,0.7272206413,0.0000000000,scatter
90300,2,0.7272206413,0.0000000000,0.0000000000,-0.6157533768,exit_left
90400,1,0.0000000000,0.0000000000,1.2500000000,0.0000000000,exit_right
90500,1,0.0000000000,0.0000000000,1.2500000000,0.0000000000,exit_right
90600,1,0.0000000000,0.0000000000,0.6349391350,0.0000000000,scatter
90600,2,0.6349391350,0.0000000000,0.7486798210,-1.0004485937,scatter
90600,3,0.7486798210,-1.0004485937,0.0000000000,-0.3495972206,exit_left
90700,1,0.0000000000,0.0000000000,0.2623377708,0.0000000000,scatter
90700,2,0.2623377708,0.0000000000,0.4169076047,0.6650756223,absorb
90800,1,0.0000000000,0.0000000000,1.2500000000,0.0000000000,exit_right
90900,1,0.0000000000,0.0000000000,1.2500000000,0.0000000000,exit_right
91000,1,0.0000000000,0.0000000000,1.2500000000,0.0000000000,exit_right
91100,1,0.0000000000,0.0000000000,1.2500000000,0.0000000000,exit_right
91200,1,0.0000000000,0.0000000000,1.2500000000,0.0000000000,exit_right
91300,1,0.0000000000,0.0000000000,1.2500000000,0.0000000000,exit_right
91400,1,0.0000000000,0.0000000000,1.2500000000,0.0000000000,exit_right
91500,1,0.0000000000,0.0000000000,1.2500000000,0.0000000000,exit_right
91600,1,0.0000000000,0.0000000000,0.7092454154,0.0000000000,scatter
91600,2,0.7092454154,0.0000000000,0.2634292602,0.0243141839,scatter
91600,3,0.2634292602,0.0243141839,0.8282280814,0.0200356510,absorb
91700,1,0.0000000000,0.0000000000,1.2500000000,0.0000000000,exit_right
91800,1,0.0000000000,0.0000000000,1.2500000000,0.0000000000,exit_right
91900,1,0.0000000000,0.0000000000,0.7791080280,0.0000000000,scatter
91900,2,0.7791080280,0.0000000000,1.2500000000,-0.7551651583,exit_right
92000,1,0.0000000000,0.0000000000,0.3964929135,0.0000000000,scatter
92000,2,0.3964929135,0.0000000000,0.8506853661,-1.0853149488,scatter
92000,3,0.8506853661,-1.0853149488,1.1738551968,-0.8665134830,scatter
92000,4,1.1738551968,-0.8665134830,1.2500000000,-0.9920142637,exit_right
92100,1,0.0000000000,0.0000000000,0.0614263696,0.0000000000,absorb
92200,1,0.0000000000,0.0000000000,0.1786705688,0.0000000000,scatter
92200,2,0.1786705688,0.0000000000,0.5109949770,-0.5599215170,absorb
92300,1,0.0000000000,0.0000000000,1.2500000000,0.0000000000,exit_right
92400,1,0.0000000000,0.0000000000,1.2500000000,0.0000000000,exit_right
92500,1,0.0000000000,0.0000000000,1.2500000000,0.0000000000,exit_right
92600,1,0.0000000000,0.0000000000,0.2091971055,0.0000000000,scatter
92600,2,0.2091971055,0.0000000000,0.4122004990,3.3193225863,scatter
92600,3,0.4122004990,3.3193225863,0.4040588446,3.3493660468,scatter
92600,4,0.4040588446,3.3493660468,0.3082413807,2.6838049426,absorb
92700,1,0.0000000000,0.0000000000,1.2500000000,0.0000000000,exit_right
92800,1,0.0000000000,0.0000000000,0.2301289873,0.0000000000,absorb
92900,1,0.0000000000,0.0000000000,1.2500000000,0.0000000000,exit_right
93000,1,0.0000000000,0.0000000000,1.2500000000,0.0000000000,exit_right
93100,1,0.0000000000,0.0000000000,0.6541633515,0.0000000000,scatter
93100,2,0.6541633515,0.0000000000,1.2500000000,-1.3511533814,exit_right
93200,1,0.0000000000,0.0000000000,1.2500000000,0.0000000000,exit_right
93300,1,0.0000000000,0.0000000000,1.2500000000,0.0000000000,exit_right
93400,1,0.0000000000,0.0000000000,1.2500000000,0.0000000000,exit_right
93500,1,0.0000000000,0.0000000000,1.2500000000,0.0000000000,exit_right
93600,1,0.0000000000,0.0000000000,1.2500000000,0.0000000000,exit_right
93700,1,0.0000000000,0.0000000000,1.2500000000,0.0000000000,exit_right
93800,1,0.0000000000,0.0000000000,1.1837441816,0.0000000000,scatter
93800,2,1.1837441816,0.0000000000,0.7181365346,-0.3834469697,absorb
93900,1,0.0000000000,0.0000000000,0.3030194595,0.0000000000,scatter
93900,2,0.3030194595,0.0000000000,0.0723728244,0.2330825957,scatter
93900,3,0.0723728244,0.2330825957,0.2904676433,0.3048467917,absorb
94000,1,0.0000000000,0.0000000000,0.4043275551,0.0000000000,scatter
94000,2,0.4043275551,0.0000000000,0.4609240497,0.1363869550,scatter
94000,3,0.4609240497,0.1363869550,1.2500000000,1.0070741174,exit_right
94100,1,0.0000000000,0.0000000000,0.4785303122,0.0000000000,absorb
94200,1,0.0000000000,0.0000000000,0.2357536889,0.0000000000,scatter
94200,2,0.2357536889,0.0000000000,0.1252637814,0.2254335262,scatter
94200,3,0.1252637814,0.2254335262,0.1214228156,0.3995902982,scatter
94200,4,0.1214228156,0.3995902982,0.0000000000,-0.3841778998,exit_left
94300,1,0.0000000000,0.0000000000,1.2500000000,0.0000000000,exit_right
94400,1,0.0000000000,0.0000000000,1.2500000000,0.0000000000,exit_right
94500,1,0.0000000000,0.0000000000,0.9176270392,0.0000000000,scatter
94500,2,0.9176270392,0.0000000000,0.1866405786,0.4222447313,absorb
94600,1,0.0000000000,0.0000000000,0.4471669785,0.0000000000,scatter
94600,2,0.4471669785,0.0000000000,0.9485368138,-0.7938797226,scatter
94600,3,0.9485368138,-0.7938797226,1.0136194093,0.3121882041,absorb
94700,1,0.0000000000,0.0000000000,0.0388344630,0.0000000000,scatter
94700,2,0.0388344630,0.0000000000,0.0000000000,-0.1122169989,exit_left
94800,1,0.0000000000,0.0000000000,1.2500000000,0.0000000000,exit_right
94900,1,0.0000000000,0.0000000000,1.2500000000,0.0000000000,exit_right
95000,1,0.0000000000,0.0000000000,1.2500000000,0.0000000000,exit_right
95100,1,0.0000000000,0.0000000000,1.2500000000,0.0000000000,exit_right
95200,1,0.0000000000,0.0000000000,1.2500000000,0.0000000000,exit_right
95300,1,0.0000000000,0.0000000000,1.2500000000,0.0000000000,exit_right
95400,1,0.0000000000,0.0000000000,1.2500000000,0.0000000000,exit_right
95500,1,0.0000000000,0.0000000000,1.2500000000,0.0000000000,exit_right
95600,1,0.0000000000,0.0000000000,1.2500000000,0.0000000000,exit_right
95700,1,0.0000000000,0.0000000000,0.7957218955,0.0000000000,absorb
95800,1,0.0000000000,0.0000000000,0.3528458086,0.0000000000,scatter
95800,2,0.3528458086,0.0000000000,1.2274504874,-2.1643307071,scatter
95800,3,1.2274504874,-2.1643307071,0.0000000000,-2.8931393661,exit_left
95900,1,0.0000000000,0.0000000000,1.1501035685,0.0000000000,scatter
95900,2,1.1501035685,0.0000000000,0.0129065945,4.3951369064,scatter
95900,3,0.0129065945,4.3951369064,0.0000000000,4.3772853343,exit_left
96000,1,0.0000000000,0.0000000000,0.8277224209,0.0000000000,scatter
96000,2,0.8277224209,0.0000000000,0.0000000000,-1.8078986543,exit_left
96100,1,0.0000000000,0.0000000000,1.2500000000,0.0000000000,exit_right
96200,1,0.0000000000,0.0000000000,1.2500000000,0.0000000000,exit_right
96300,1,0.0000000000,0.0000000000,0.3816506762,0.0000000000,scatter
96300,2,0.3816506762,0.0000000000,1.2500000000,0.4105876241,exit_right
96400,1,0.0000000000,0.0000000000,1.2500000000,0.0000000000,exit_right
96500,1,0.0000000000,0.0000000000,1.2500000000,0.0000000000,exit_right
96600,1,0.0000000000,0.0000000000,1.2500000000,0.0000000000,exit_right
96700,1,0.0000000000,0.0000000000,1.2500000000,0.0000000000,exit_right
96800,1,0.0000000000,0.0000000000,1.2500000000,0.0000000000,exit_right
96900,1,0.0000000000,0.0000000000,1.2500000000,0.0000000000,exit_right
97000,1,0.0000000000,0.0000000000,0.6360803021,0.0000000000,absorb
97100,1,0.0000000000,0.0000000000,1.0141879980,0.0000000000,scatter
97100,2,1.0141879980,0.0000000000,0.0000000000,-0.0158051191,exit_left
97200,1,0.0000000000,0.0000000000,1.2500000000,0.0000000000,exit_right
97300,1,0.0000000000,0.0000000000,1.2500000000,0.0000000000,exit_right
97400,1,0.0000000000,0.0000000000,1.2500000000,0.0000000000,exit_right
97500,1,0.0000000000,0.0000000000,1.2500000000,0.0000000000,exit_right
97600,1,0.0000000000,0.0000000000,0.1613015229,0.0000000000,absorb
97700,1,0.0000000000,0.0000000000,1.2500000000,0.0000000000,exit_right
97800,1,0.0000000000,0.0000000000,0.0475278746,0.0000000000,scatter
97800,2,0.0475278746,0.0000000000,0.0207098139,1.0968889051,absorb
97900,1,0.0000000000,0.0000000000,1.0153210999,0.0000000000,scatter
97900,2,1.0153210999,0.0000000000,0.9459168632,-0.0797772632,scatter
97900,3,0.9459168632,-0.0797772632,0.9958297125,-0.2685287276,scatter
97900,4,0.9958297125,-0.2685287276,0.7768607887,-0.3095285970,absorb
98000,1,0.0000000000,0.0000000000,1.2500000000,0.0000000000,exit_right
98100,1,0.0000000000,0.0000000000,1.2500000000,0.0000000000,exit_right
98200,1,0.0000000000,0.0000000000,1.2500000000,0.0000000000,exit_right
98300,1,0.0000000000,0.0000000000,1.2500000000,0.0000000000,exit_right
98400,1,0.0000000000,0.0000000000,1.2500000000,0.0000000000,exit_right
98500,1,0.0000000000,0.0000000000,1.0940841795,0.0000000000,scatter
98500,2,1.0940841795,0.0000000000,0.0000000000,0.1464847561,exit_left
98600,1,0.0000000000,0.0000000000,0.2082403610,0.0000000000,scatter
98600,2,0.2082403610,0.0000000000,0.7263145580,-0.1330298937,scatter
98600,3,0.7263145580,-0.1330298937,0.0452375733,-4.5006736083,scatter
98600,4,0.0452375733,-4.5006736083,0.6729322758,-5.1569369942,absorb
98700,1,0.0000000000,0.0000000000,0.2492569883,0.0000000000,scatter
98700,2,0.2492569883,0.0000000000,0.3479840640,-0.1118866128,scatter
98700,3,0.3479840640,-0.1118866128,0.0000000000,-0.3872234053,exit_left
98800,1,0.0000000000,0.0000000000,1.2500000000,0.0000000000,exit_right
98900,1,0.0000000000,0.0000000000,1.2161342599,0.0000000000,scatter
98900,2,1.2161342599,0.0000000000,1.2500000000,0.1345612713,exit_right
99000,1,0.0000000000,0.0000000000,0.2537598616,0.0000000000,scatter
99000,2,0.2537598616,0.0000000000,1.2500000000,-0.0755955992,exit_right
99100,1,0.0000000000,0.0000000000,0.4684688601,0.0000000000,scatter
99100,2,0.4684688601,0.0000000000,0.0000000000,-0.5129392296,exit_left
99200,1,0.0000000000,0.0000000000,0.0021876117,0.0000000000,scatter
99200,2,0.0021876117,0.0000000000,1.2500000000,0.4354725882,exit_right
99300,1,0.0000000000,0.0000000000,1.2500000000,0.0000000000,exit_right
99400,1,0.0000000000,0.0000000000,0.4250998565,0.0000000000,scatter
99400,2,0.4250998565,0.0000000000,0.0000000000,-0.2740752168,exit_left
99500,1,0.0000000000,0.0000000000,1.2500000000,0.0000000000,exit_right
99600,1,0.0000000000,0.0000000000,1.2500000000,0.0000000000,exit_right
99700,1,0.0000000000,0.0000000000,0.7882201857,0.0000000000,scatter
99700,2,0.7882201857,0.0000000000,1.2500000000,-0.0087863634,exit_right
99800,1,0.0000000000,0.0000000000,1.2500000000,0.0000000000,exit_right
99900,1,0.0000000000,0.0000000000,1.2500000000,0.0000000000,exit_right
100000,1,0.0000000000,0.0000000000,1.2500000000,0.0000000000,exit_right
