neutron_id,step,x_start,y_start,x_end,y_end,event
100,1,0.0000000000,0.0000000000,1.0000000000,0.0000000000,exit_right
200,1,0.0000000000,0.0000000000,1.0000000000,0.0000000000,exit_right
300,1,0.0000000000,0.0000000000,1.0000000000,0.0000000000,exit_right
400,1,0.0000000000,0.0000000000,1.0000000000,0.0000000000,exit_right
500,1,0.0000000000,0.0000000000,0.9131014690,0.0000000000,absorb
600,1,0.0000000000,0.0000000000,1.0000000000,0.0000000000,exit_right
700,1,0.0000000000,0.0000000000,1.0000000000,0.0000000000,exit_right
800,1,0.0000000000,0.0000000000,0.4802154178,0.0000000000,scatter
800,2,0.4802154178,0.0000000000,0.5762357889,0.6521531543,scatter
800,3,0.5762357889,0.6521531543,0.0000000000,1.3859748171,exit_left
900,1,0.0000000000,0.0000000000,1.0000000000,0.0000000000,exit_right
1000,1,0.0000000000,0.0000000000,1.0000000000,0.0000000000,exit_right
1100,1,0.0000000000,0.0000000000,1.0000000000,0.0000000000,exit_right
1200,1,0.0000000000,0.0000000000,1.0000000000,0.0000000000,exit_right
1300,1,0.0000000000,0.0000000000,0.8128027049,0.0000000000,absorb
1400,1,0.0000000000,0.0000000000,0.6830917361,0.0000000000,scatter
1400,2,0.6830917361,0.0000000000,0.5670129420,-3.0624288465,scatter
1400,3,0.5670129420,-3.0624288465,1.0000000000,-2.3841324299,exit_right
1500,1,0.0000000000,0.0000000000,1.0000000000,0.0000000000,exit_right
1600,1,0.0000000000,0.0000000000,1.0000000000,0.0000000000,exit_right
1700,1,0.0000000000,0.0000000000,1.0000000000,0.0000000000,exit_right
1800,1,0.0000000000,0.0000000000,1.0000000000,0.0000000000,exit_right
1900,1,0.0000000000,0.0000000000,0.7457251512,0.0000000000,absorb
2000,1,0.0000000000,0.0000000000,1.0000000000,0.0000000000,exit_right
2100,1,0.0000000000,0.0000000000,1.0000000000,0.0000000000,exit_right
2200,1,0.0000000000,0.0000000000,1.0000000000,0.0000000000,exit_right
2300,1,0.0000000000,0.0000000000,1.0000000000,0.0000000000,exit_right
2400,1,0.0000000000,0.0000000000,0.7746533602,0.0000000000,scatter
2400,2,0.7746533602,0.0000000000,0.0000000000,0.2808172219,exit_left
2500,1,0.0000000000,0.0000000000,0.9319588320,0.0000000000,scatter
2500,2,0.9319588320,0.0000000000,1.0000000000,-0.1560591677,exit_right
2600,1,0.0000000000,0.0000000000,1.0000000000,0.0000000000,exit_right
2700,1,0.0000000000,0.0000000000,1.0000000000,0.0000000000,exit_right
2800,1,0.0000000000,0.0000000000,1.0000000000,0.0000000000,exit_right
2900,1,0.0000000000,0.0000000000,1.0000000000,0.0000000000,exit_right
3000,1,0.0000000000,0.0000000000,0.6898605896,0.0000000000,absorb
3100,1,0.0000000000,0.0000000000,0.7215945297,0.0000000000,absorb
3200,1,0.0000000000,0.0000000000,1.0000000000,0.0000000000,exit_right
3300,1,0.0000000000,0.0000000000,0.6927813227,0.0000000000,scatter
3300,2,0.6927813227,0.0000000000,1.0000000000,-0.0676577111,exit_right
3400,1,0.0000000000,0.0000000000,0.2344350687,0.0000000000,scatter
3400,2,0.2344350687,0.0000000000,1.0000000000,-0.0958649247,exit_right
3500,1,0.0000000000,0.0000000000,1.0000000000,0.0000000000,exit_right
3600,1,0.0000000000,0.0000000000,1.0000000000,0.0000000000,exit_right
3700,1,0.0000000000,0.0000000000,0.8286353369,0.0000000000,scatter
3700,2,0.8286353369,0.0000000000,0.0000000000,1.7676407752,exit_left
3800,1,0.0000000000,0.0000000000,1.0000000000,0.0000000000,exit_right
3900,1,0.0000000000,0.0000000000,0.6257054472,0.0000000000,scatter
3900,2,0.6257054472,0.0000000000,0.0000000000,0.1056152381,exit_left
4000,1,0.0000000000,0.0000000000,1.0000000000,0.0000000000,exit_right
4100,1,0.0000000000,0.0000000000,1.0000000000,0.0000000000,exit_right
4200,1,0.0000000000,0.0000000000,0.9300253156,0.0000000000,scatter
4200,2,0.9300253156,0.0000000000,1.0000000000,-0.1082408651,exit_right
4300,1,0.0000000000,0.0000000000,1.0000000000,0.0000000000,exit_right
4400,1,0.0000000000,0.0000000000,1.0000000000,0.0000000000,exit_right
4500,1,0.0000000000,0.0000000000,0.2254785275,0.0000000000,scatter
4500,2,0.2254785275,0.0000000000,0.0000000000,0.0801558663,exit_left
4600,1,0.0000000000,0.0000000000,0.0880900659,0.0000000000,scatter
4600,2,0.0880900659,0.0000000000,0.0000000000,-0.1205773217,exit_left
4700,1,0.0000000000,0.0000000000,1.0000000000,0.0000000000,exit_right
4800,1,0.0000000000,0.0000000000,1.0000000000,0.0000000000,exit_right
4900,1,0.0000000000,0.0000000000,0.5291069770,0.0000000000,scatter
4900,2,0.5291069770,0.0000000000,1.0000000000,-0.8811302904,exit_right
5000,1,0.0000000000,0.0000000000,1.0000000000,0.0000000000,exit_right
5100,1,0.0000000000,0.0000000000,1.0000000000,0.0000000000,exit_right
5200,1,0.0000000000,0.0000000000,1.0000000000,0.0000000000,exit_right
5300,1,0.0000000000,0.0000000000,0.0067305916,0.0000000000,absorb
5400,1,0.0000000000,0.0000000000,1.0000000000,0.0000000000,exit_right
5500,1,0.0000000000,0.0000000000,1.0000000000,0.0000000000,exit_right
5600,1,0.0000000000,0.0000000000,1.0000000000,0.0000000000,exit_right
5700,1,0.0000000000,0.0000000000,1.0000000000,0.0000000000,exit_right
5800,1,0.0000000000,0.0000000000,1.0000000000,0.0000000000,exit_right
5900,1,0.0000000000,0.0000000000,1.0000000000,0.0000000000,exit_right
6000,1,0.0000000000,0.0000000000,0.0583372229,0.0000000000,scatter
6000,2,0.0583372229,0.0000000000,1.0000000000,-0.1370084137,exit_right
6100,1,0.0000000000,0.0000000000,1.0000000000,0.0000000000,exit_right
6200,1,0.0000000000,0.0000000000,0.1322743330,0.0000000000,scatter
6200,2,0.1322743330,0.0000000000,1.0000000000,0.5015480847,exit_right
6300,1,0.0000000000,0.0000000000,0.6327892124,0.0000000000,scatter
6300,2,0.6327892124,0.0000000000,1.0000000000,0.3144892854,exit_right
6400,1,0.0000000000,0.0000000000,1.0000000000,0.0000000000,exit_right
6500,1,0.0000000000,0.0000000000,0.3705450183,0.0000000000,scatter
6500,2,0.3705450183,0.0000000000,1.0000000000,0.4043693577,exit_right
6600,1,0.0000000000,0.0000000000,1.0000000000,0.0000000000,exit_right
6700,1,0.0000000000,0.0000000000,0.3124519668,0.0000000000,absorb
6800,1,0.0000000000,0.0000000000,0.8929223766,0.0000000000,scatter
6800,2,0.8929223766,0.0000000000,1.0000000000,-1.1858869814,exit_right
6900,1,0.0000000000,0.0000000000,0.8809325053,0.0000000000,scatter
6900,2,0.8809325053,0.0000000000,1.0000000000,0.0362496684,exit_right
7000,1,0.0000000000,0.0000000000,1.0000000000,0.0000000000,exit_right
7100,1,0.0000000000,0.0000000000,0.7015721115,0.0000000000,scatter
7100,2,0.7015721115,0.0000000000,1.0000000000,1.5884108807,exit_right
7200,1,0.0000000000,0.0000000000,0.7726746152,0.0000000000,scatter
7200,2,0.7726746152,0.0000000000,0.8605655707,-3.0570984607,absorb
7300,1,0.0000000000,0.0000000000,0.3249881640,0.0000000000,scatter
7300,2,0.3249881640,0.0000000000,1.0000000000,0.0290832110,exit_right
7400,1,0.0000000000,0.0000000000,1.0000000000,0.0000000000,exit_right
7500,1,0.0000000000,0.0000000000,1.0000000000,0.0000000000,exit_right
7600,1,0.0000000000,0.0000000000,0.3490622289,0.0000000000,absorb
7700,1,0.0000000000,0.0000000000,1.0000000000,0.0000000000,exit_right
7800,1,0.0000000000,0.0000000000,0.2898805708,0.0000000000,scatter
7800,2,0.2898805708,0.0000000000,0.0000000000,0.2390006371,exit_left
7900,1,0.0000000000,0.0000000000,1.0000000000,0.0000000000,exit_right
8000,1,0.0000000000,0.0000000000,0.2045770655,0.0000000000,scatter
8000,2,0.2045770655,0.0000000000,0.0000000000,0.0984544464,exit_left
8100,1,0.0000000000,0.0000000000,1.0000000000,0.0000000000,exit_right
8200,1,0.0000000000,0.0000000000,0.4082009289,0.0000000000,scatter
8200,2,0.4082009289,0.0000000000,1.0000000000,-0.2976371711,exit_right
8300,1,0.0000000000,0.0000000000,1.0000000000,0.0000000000,exit_right
8400,1,0.0000000000,0.0000000000,0.3972613371,0.0000000000,scatter
8400,2,0.3972613371,0.0000000000,0.0000000000,-0.1708102147,exit_left
8500,1,0.0000000000,0.0000000000,1.0000000000,0.0000000000,exit_right
8600,1,0.0000000000,0.0000000000,0.1898620286,0.0000000000,scatter
8600,2,0.1898620286,0.0000000000,0.2323669908,0.0049239480,absorb
8700,1,0.0000000000,0.0000000000,1.0000000000,0.0000000000,exit_right
8800,1,0.0000000000,0.0000000000,0.0066257094,0.0000000000,scatter
8800,2,0.0066257094,0.0000000000,0.0000000000,-0.0031385846,exit_left
8900,1,0.0000000000,0.0000000000,0.1053707290,0.0000000000,scatter
8900,2,0.1053707290,0.0000000000,0.3750468441,-0.0864193930,scatter
8900,3,0.3750468441,-0.0864193930,0.4431326696,-4.6654328245,scatter
8900,4,0.4431326696,-4.6654328245,0.4202079404,-1.2566407505,scatter
8900,5,0.4202079404,-1.2566407505,0.2448429709,-1.0054290255,absorb
9000,1,0.0000000000,0.0000000000,1.0000000000,0.0000000000,exit_right
9100,1,0.0000000000,0.0000000000,1.0000000000,0.0000000000,exit_right
9200,1,0.0000000000,0.0000000000,1.0000000000,0.0000000000,exit_right
9300,1,0.0000000000,0.0000000000,0.6438457808,0.0000000000,absorb
9400,1,0.0000000000,0.0000000000,1.0000000000,0.0000000000,exit_right
9500,1,0.0000000000,0.0000000000,1.0000000000,0.0000000000,exit_right
9600,1,0.0000000000,0.0000000000,0.1786713357,0.0000000000,scatter
9600,2,0.1786713357,0.0000000000,0.1028945342,-0.0614077170,scatter
9600,3,0.1028945342,-0.0614077170,0.0000000000,0.4079495962,exit_left
9700,1,0.0000000000,0.0000000000,0.6803442281,0.0000000000,scatter
9700,2,0.6803442281,0.0000000000,0.0000000000,-0.6949813258,exit_left
9800,1,0.0000000000,0.0000000000,0.9285545121,0.0000000000,scatter
9800,2,0.9285545121,0.0000000000,0.0561071301,-0.0418014520,absorb
9900,1,0.0000000000,0.0000000000,1.0000000000,0.0000000000,exit_right
10000,1,0.0000000000,0.0000000000,0.0047480145,0.0000000000,absorb
10100,1,0.0000000000,0.0000000000,0.1757886823,0.0000000000,scatter
10100,2,0.1757886823,0.0000000000,0.1945633708,-0.5363849803,scatter
10100,3,0.1945633708,-0.5363849803,0.0000000000,-0.6984028814,exit_left
10200,1,0.0000000000,0.0000000000,1.0000000000,0.0000000000,exit_right
10300,1,0.0000000000,0.0000000000,0.5264966717,0.0000000000,absorb
10400,1,0.0000000000,0.0000000000,1.0000000000,0.0000000000,exit_right
10500,1,0.0000000000,0.0000000000,1.0000000000,0.0000000000,exit_right
10600,1,0.0000000000,0.0000000000,0.3351455541,0.0000000000,scatter
10600,2,0.3351455541,0.0000000000,1.0000000000,-0.4006661569,exit_right
10700,1,0.0000000000,0.0000000000,0.1786819520,0.0000000000,scatter
10700,2,0.1786819520,0.0000000000,1.0000000000,0.6006787807,exit_right
10800,1,0.0000000000,0.0000000000,0.1987428677,0.0000000000,scatter
10800,2,0.1987428677,0.0000000000,0.0000000000,0.0659558569,exit_left
10900,1,0.0000000000,0.0000000000,1.0000000000,0.0000000000,exit_right
11000,1,0.0000000000,0.0000000000,0.2999300148,0.0000000000,absorb
11100,1,0.0000000000,0.0000000000,1.0000000000,0.0000000000,exit_right
11200,1,0.0000000000,0.0000000000,0.1814045123,0.0000000000,scatter
11200,2,0.1814045123,0.0000000000,1.0000000000,0.0664950195,exit_right
11300,1,0.0000000000,0.0000000000,1.0000000000,0.0000000000,exit_right
11400,1,0.0000000000,0.0000000000,1.0000000000,0.0000000000,exit_right
11500,1,0.0000000000,0.0000000000,1.0000000000,0.0000000000,exit_right
11600,1,0.0000000000,0.0000000000,0.8090322477,0.0000000000,scatter
11600,2,0.8090322477,0.0000000000,0.1381350582,-0.4698359702,absorb
11700,1,0.0000000000,0.0000000000,1.0000000000,0.0000000000,exit_right
11800,1,0.0000000000,0.0000000000,1.0000000000,0.0000000000,exit_right
11900,1,0.0000000000,0.0000000000,1.0000000000,0.0000000000,exit_right
12000,1,0.0000000000,0.0000000000,0.0262252737,0.0000000000,scatter
12000,2,0.0262252737,0.0000000000,0.0000000000,-0.0082515644,exit_left
12100,1,0.0000000000,0.0000000000,1.0000000000,0.0000000000,exit_right
12200,1,0.0000000000,0.0000000000,0.6170580371,0.0000000000,scatter
12200,2,0.6170580371,0.0000000000,0.5023035136,1.1344866645,absorb
12300,1,0.0000000000,0.0000000000,0.0431935998,0.0000000000,scatter
12300,2,0.0431935998,0.0000000000,0.0920191228,-0.1701215367,scatter
12300,3,0.0920191228,-0.1701215367,0.0000000000,-0.0620977661,exit_left
12400,1,0.0000000000,0.0000000000,1.0000000000,0.0000000000,exit_right
12500,1,0.0000000000,0.0000000000,0.0768880028,0.0000000000,scatter
12500,2,0.0768880028,0.0000000000,0.0000000000,0.0309936882,exit_left
12600,1,0.0000000000,0.0000000000,0.3645591518,0.0000000000,scatter
12600,2,0.3645591518,0.0000000000,1.0000000000,0.0986555136,exit_right
12700,1,0.0000000000,0.0000000000,0.2531491570,0.0000000000,scatter
12700,2,0.2531491570,0.0000000000,0.6777463874,7.4479580131,scatter
12700,3,0.6777463874,7.4479580131,0.7990085863,7.1446992912,scatter
12700,4,0.7990085863,7.1446992912,1.0000000000,7.4464759857,exit_right
12800,1,0.0000000000,0.0000000000,0.7642470974,0.0000000000,scatter
12800,2,0.7642470974,0.0000000000,0.0000000000,0.3096213512,exit_left
12900,1,0.0000000000,0.0000000000,0.6342444937,0.0000000000,scatter
12900,2,0.6342444937,0.0000000000,1.0000000000,0.1376542910,exit_right
13000,1,0.0000000000,0.0000000000,1.0000000000,0.0000000000,exit_right
13100,1,0.0000000000,0.0000000000,0.4009415368,0.0000000000,scatter
13100,2,0.4009415368,0.0000000000,1.0000000000,0.4111818181,exit_right
13200,1,0.0000000000,0.0000000000,0.7713294986,0.0000000000,scatter
13200,2,0.7713294986,0.0000000000,0.1193006516,-0.0259427798,absorb
13300,1,0.0000000000,0.0000000000,1.0000000000,0.0000000000,exit_right
13400,1,0.0000000000,0.0000000000,1.0000000000,0.0000000000,exit_right
13500,1,0.0000000000,0.0000000000,0.7875249691,0.0000000000,scatter
13500,2,0.7875249691,0.0000000000,0.0000000000,0.7507196913,exit_left
13600,1,0.0000000000,0.0000000000,0.2986001021,0.0000000000,absorb
13700,1,0.0000000000,0.0000000000,1.0000000000,0.0000000000,exit_right
13800,1,0.0000000000,0.0000000000,1.0000000000,0.0000000000,exit_right
13900,1,0.0000000000,0.0000000000,1.0000000000,0.0000000000,exit_right
14000,1,0.0000000000,0.0000000000,0.3694388915,0.0000000000,scatter
14000,2,0.3694388915,0.0000000000,0.0000000000,-0.1185196304,exit_left
14100,1,0.0000000000,0.0000000000,0.5322775517,0.0000000000,scatter
14100,2,0.5322775517,0.0000000000,0.4639968128,0.5942147532,scatter
14100,3,0.4639968128,0.5942147532,0.0000000000,0.8329324358,exit_left
14200,1,0.0000000000,0.0000000000,1.0000000000,0.0000000000,exit_right
14300,1,0.0000000000,0.0000000000,1.0000000000,0.0000000000,exit_right
14400,1,0.0000000000,0.0000000000,0.8949972140,0.0000000000,scatter
14400,2,0.8949972140,0.0000000000,0.0000000000,-0.3301544594,exit_left
14500,1,0.0000000000,0.0000000000,0.2452272166,0.0000000000,scatter
14500,2,0.2452272166,0.0000000000,0.3680444048,-0.7568347718,scatter
14500,3,0.3680444048,-0.7568347718,0.0000000000,-1.5878284193,exit_left
14600,1,0.0000000000,0.0000000000,0.8053828276,0.0000000000,scatter
14600,2,0.8053828276,0.0000000000,0.0775178109,0.1613624388,scatter
14600,3,0.0775178109,0.1613624388,0.0000000000,0.0704258478,exit_left
14700,1,0.0000000000,0.0000000000,1.0000000000,0.0000000000,exit_right
14800,1,0.0000000000,0.0000000000,0.5290649425,0.0000000000,scatter
14800,2,0.5290649425,0.0000000000,1.0000000000,-0.2528304820,exit_right
14900,1,0.0000000000,0.0000000000,1.0000000000,0.0000000000,exit_right
15000,1,0.0000000000,0.0000000000,0.2864188967,0.0000000000,absorb
15100,1,0.0000000000,0.0000000000,1.0000000000,0.0000000000,exit_right
15200,1,0.0000000000,0.0000000000,1.0000000000,0.0000000000,exit_right
15300,1,0.0000000000,0.0000000000,1.0000000000,0.0000000000,exit_right
15400,1,0.0000000000,0.0000000000,1.0000000000,0.0000000000,exit_right
15500,1,0.0000000000,0.0000000000,0.9694168330,0.0000000000,scatter
15500,2,0.9694168330,0.0000000000,1.0000000000,-0.0533100785,exit_right
15600,1,0.0000000000,0.0000000000,1.0000000000,0.0000000000,exit_right
15700,1,0.0000000000,0.0000000000,1.0000000000,0.0000000000,exit_right
15800,1,0.0000000000,0.0000000000,1.0000000000,0.0000000000,exit_right
15900,1,0.0000000000,0.0000000000,1.0000000000,0.0000000000,exit_right
16000,1,0.0000000000,0.0000000000,1.0000000000,0.0000000000,exit_right
16100,1,0.0000000000,0.0000000000,1.0000000000,0.0000000000,exit_right
16200,1,0.0000000000,0.0000000000,1.0000000000,0.0000000000,exit_right
16300,1,0.0000000000,0.0000000000,0.7706642599,0.0000000000,absorb
16400,1,0.0000000000,0.0000000000,0.8778536090,0.0000000000,absorb
16500,1,0.0000000000,0.0000000000,0.2084118304,0.0000000000,absorb
16600,1,0.0000000000,0.0000000000,0.5658483752,0.0000000000,scatter
16600,2,0.5658483752,0.0000000000,0.0000000000,2.3379465952,exit_left
16700,1,0.0000000000,0.0000000000,0.2020090327,0.0000000000,scatter
16700,2,0.2020090327,0.0000000000,0.0000000000,-0.1637144895,exit_left
16800,1,0.0000000000,0.0000000000,0.3600979031,0.0000000000,absorb
16900,1,0.0000000000,0.0000000000,0.5050441331,0.0000000000,scatter
16900,2,0.5050441331,0.0000000000,0.0000000000,-1.3273442215,exit_left
17000,1,0.0000000000,0.0000000000,0.1712229191,0.0000000000,scatter
17000,2,0.1712229191,0.0000000000,0.1359172593,-0.0895618038,scatter
17000,3,0.1359172593,-0.0895618038,0.0000000000,-0.0563377050,exit_left
17100,1,0.0000000000,0.0000000000,1.0000000000,0.0000000000,exit_right
17200,1,0.0000000000,0.0000000000,0.2038525291,0.0000000000,scatter
17200,2,0.2038525291,0.0000000000,0.8329661768,-1.4835603388,scatter
17200,3,0.8329661768,-1.4835603388,1.0000000000,-1.3269155563,exit_right
17300,1,0.0000000000,0.0000000000,1.0000000000,0.0000000000,exit_right
17400,1,0.0000000000,0.0000000000,0.0949389174,0.0000000000,scatter
17400,2,0.0949389174,0.0000000000,1.0000000000,0.3092251110,exit_right
17500,1,0.0000000000,0.0000000000,1.0000000000,0.0000000000,exit_right
17600,1,0.0000000000,0.0000000000,1.0000000000,0.0000000000,exit_right
17700,1,0.0000000000,0.0000000000,1.0000000000,0.0000000000,exit_right
17800,1,0.0000000000,0.0000000000,0.6946094058,0.0000000000,absorb
17900,1,0.0000000000,0.0000000000,1.0000000000,0.0000000000,exit_right
18000,1,0.0000000000,0.0000000000,1.0000000000,0.0000000000,exit_right
18100,1,0.0000000000,0.0000000000,0.4331219589,0.0000000000,scatter
18100,2,0.4331219589,0.0000000000,0.0000000000,0.1797183110,exit_left
18200,1,0.0000000000,0.0000000000,1.0000000000,0.0000000000,exit_right
18300,1,0.0000000000,0.0000000000,1.0000000000,0.0000000000,exit_right
18400,1,0.0000000000,0.0000000000,1.0000000000,0.0000000000,exit_right
18500,1,0.0000000000,0.0000000000,0.9015760378,0.0000000000,scatter
18500,2,0.9015760378,0.0000000000,0.8049172054,0.5580967833,absorb
18600,1,0.0000000000,0.0000000000,0.2163275353,0.0000000000,absorb
18700,1,0.0000000000,0.0000000000,0.1997423113,0.0000000000,absorb
18800,1,0.0000000000,0.0000000000,0.6610148249,0.0000000000,scatter
18800,2,0.6610148249,0.0000000000,1.0000000000,-0.7886249559,exit_right
18900,1,0.0000000000,0.0000000000,1.0000000000,0.0000000000,exit_right
19000,1,0.0000000000,0.0000000000,1.0000000000,0.0000000000,exit_right
19100,1,0.0000000000,0.0000000000,0.9876478008,0.0000000000,scatter
19100,2,0.9876478008,0.0000000000,1.0000000000,0.0307392447,exit_right
19200,1,0.0000000000,0.0000000000,1.0000000000,0.0000000000,exit_right
19300,1,0.0000000000,0.0000000000,0.3264348078,0.0000000000,absorb
19400,1,0.0000000000,0.0000000000,1.0000000000,0.0000000000,exit_right
19500,1,0.0000000000,0.0000000000,0.1038057612,0.0000000000,scatter
19500,2,0.1038057612,0.0000000000,0.4180711650,0.5890952752,scatter
19500,3,0.4180711650,0.5890952752,0.0000000000,1.0457910967,exit_left
19600,1,0.0000000000,0.0000000000,1.0000000000,0.0000000000,exit_right
19700,1,0.0000000000,0.0000000000,1.0000000000,0.0000000000,exit_right
19800,1,0.0000000000,0.0000000000,1.0000000000,0.0000000000,exit_right
19900,1,0.0000000000,0.0000000000,0.5710817471,0.0000000000,scatter
19900,2,0.5710817471,0.0000000000,0.7909293712,4.3678834349,scatter
19900,3,0.7909293712,4.3678834349,0.1343420349,4.5578850641,scatter
19900,4,0.1343420349,4.5578850641,0.1547086002,4.4944667374,scatter
19900,5,0.1547086002,4.4944667374,0.8800630992,3.8357446531,scatter
19900,6,0.8800630992,3.8357446531,0.0000000000,3.9414721507,exit_left
20000,1,0.0000000000,0.0000000000,1.0000000000,0.0000000000,exit_right
20100,1,0.0000000000,0.0000000000,1.0000000000,0.0000000000,exit_right
20200,1,0.0000000000,0.0000000000,1.0000000000,0.0000000000,exit_right
20300,1,0.0000000000,0.0000000000,1.0000000000,0.0000000000,exit_right
20400,1,0.0000000000,0.0000000000,1.0000000000,0.0000000000,exit_right
20500,1,0.0000000000,0.0000000000,1.0000000000,0.0000000000,exit_right
20600,1,0.0000000000,0.0000000000,1.0000000000,0.0000000000,exit_right
20700,1,0.0000000000,0.0000000000,0.3313010955,0.0000000000,scatter
20700,2,0.3313010955,0.0000000000,0.0560395340,0.2160283667,scatter
20700,3,0.0560395340,0.2160283667,0.0000000000,0.2455506452,exit_left
20800,1,0.0000000000,0.0000000000,1.0000000000,0.0000000000,exit_right
20900,1,0.0000000000,0.0000000000,1.0000000000,0.0000000000,exit_right
21000,1,0.0000000000,0.0000000000,1.0000000000,0.0000000000,exit_right
21100,1,0.0000000000,0.0000000000,0.4025888905,0.0000000000,scatter
21100,2,0.4025888905,0.0000000000,0.0000000000,0.3168219551,exit_left
21200,1,0.0000000000,0.0000000000,0.2356895309,0.0000000000,scatter
21200,2,0.2356895309,0.0000000000,0.4468864152,-0.4090634754,scatter
21200,3,0.4468864152,-0.4090634754,0.3992873736,-0.3510276644,scatter
21200,4,0.3992873736,-0.3510276644,0.0000000000,-0.5406089328,exit_left
21300,1,0.0000000000,0.0000000000,0.9097978749,0.0000000000,scatter
21300,2,0.9097978749,0.0000000000,0.0000000000,0.7686824353,exit_left
21400,1,0.0000000000,0.0000000000,0.4397876327,0.0000000000,scatter
21400,2,0.4397876327,0.0000000000,1.0000000000,0.2329027553,exit_right
21500,1,0.0000000000,0.0000000000,0.3246817670,0.0000000000,scatter
21500,2,0.3246817670,0.0000000000,0.8667655294,0.7414205094,absorb
21600,1,0.0000000000,0.0000000000,0.3083221820,0.0000000000,scatter
21600,2,0.3083221820,0.0000000000,1.0000000000,0.5184321372,exit_right
21700,1,0.0000000000,0.0000000000,0.9669075133,0.0000000000,absorb
21800,1,0.0000000000,0.0000000000,1.0000000000,0.0000000000,exit_right
21900,1,0.0000000000,0.0000000000,1.0000000000,0.0000000000,exit_right
22000,1,0.0000000000,0.0000000000,1.0000000000,0.0000000000,exit_right
22100,1,0.0000000000,0.0000000000,1.0000000000,0.0000000000,exit_right
22200,1,0.0000000000,0.0000000000,0.2320934048,0.0000000000,scatter
22200,2,0.2320934048,0.0000000000,0.0392815285,2.0950938389,scatter
22200,3,0.0392815285,2.0950938389,1.0000000000,0.7555700716,exit_right
22300,1,0.0000000000,0.0000000000,1.0000000000,0.0000000000,exit_right
22400,1,0.0000000000,0.0000000000,0.1376231502,0.0000000000,scatter
22400,2,0.1376231502,0.0000000000,1.0000000000,-0.9429262703,exit_right
22500,1,0.0000000000,0.0000000000,0.1605681099,0.0000000000,scatter
22500,2,0.1605681099,0.0000000000,1.0000000000,0.0495543387,exit_right
22600,1,0.0000000000,0.0000000000,0.7657237204,0.0000000000,absorb
22700,1,0.0000000000,0.0000000000,1.0000000000,0.0000000000,exit_right
22800,1,0.0000000000,0.0000000000,1.0000000000,0.0000000000,exit_right
22900,1,0.0000000000,0.0000000000,1.0000000000,0.0000000000,exit_right
23000,1,0.0000000000,0.0000000000,0.3473863823,0.0000000000,absorb
23100,1,0.0000000000,0.0000000000,1.0000000000,0.0000000000,exit_right
23200,1,0.0000000000,0.0000000000,1.0000000000,0.0000000000,exit_right
23300,1,0.0000000000,0.0000000000,0.2369362051,0.0000000000,scatter
23300,2,0.2369362051,0.0000000000,1.0000000000,-0.2697101259,exit_right
23400,1,0.0000000000,0.0000000000,1.0000000000,0.0000000000,exit_right
23500,1,0.0000000000,0.0000000000,1.0000000000,0.0000000000,exit_right
23600,1,0.0000000000,0.0000000000,1.0000000000,0.0000000000,exit_right
23700,1,0.0000000000,0.0000000000,0.8453380965,0.0000000000,scatter
23700,2,0.8453380965,0.0000000000,0.8062103802,-2.3154771537,absorb
23800,1,0.0000000000,0.0000000000,1.0000000000,0.0000000000,exit_right
23900,1,0.0000000000,0.0000000000,1.0000000000,0.0000000000,exit_right
24000,1,0.0000000000,0.0000000000,1.0000000000,0.0000000000,exit_right
24100,1,0.0000000000,0.0000000000,1.0000000000,0.0000000000,exit_right
24200,1,0.0000000000,0.0000000000,1.0000000000,0.0000000000,exit_right
24300,1,0.0000000000,0.0000000000,0.5022440009,0.0000000000,scatter
24300,2,0.5022440009,0.0000000000,0.6661492897,-0.4879453006,absorb
24400,1,0.0000000000,0.0000000000,1.0000000000,0.0000000000,exit_right
24500,1,0.0000000000,0.0000000000,1.0000000000,0.0000000000,exit_right
24600,1,0.0000000000,0.0000000000,0.3163656971,0.0000000000,scatter
24600,2,0.3163656971,0.0000000000,0.0000000000,-0.2835639292,exit_left
24700,1,0.0000000000,0.0000000000,1.0000000000,0.0000000000,exit_right
24800,1,0.0000000000,0.0000000000,0.4006606048,0.0000000000,scatter
24800,2,0.4006606048,0.0000000000,0.2015775623,-0.4690363246,scatter
24800,3,0.2015775623,-0.4690363246,0.0000000000,-1.0932642645,exit_left
24900,1,0.0000000000,0.0000000000,1.0000000000,0.0000000000,exit_right
25000,1,0.0000000000,0.0000000000,1.0000000000,0.0000000000,exit_right
25100,1,0.0000000000,0.0000000000,0.6820302875,0.0000000000,scatter
25100,2,0.6820302875,0.0000000000,1.0000000000,0.1078715498,exit_right
25200,1,0.0000000000,0.0000000000,0.0002514664,0.0000000000,scatter
25200,2,0.0002514664,0.0000000000,0.0000000000,-0.0017586562,exit_left
25300,1,0.0000000000,0.0000000000,0.7184208094,0.0000000000,absorb
25400,1,0.0000000000,0.0000000000,1.0000000000,0.0000000000,exit_right
25500,1,0.0000000000,0.0000000000,0.0211342313,0.0000000000,scatter
25500,2,0.0211342313,0.0000000000,1.0000000000,-0.0868338765,exit_right
25600,1,0.0000000000,0.0000000000,1.0000000000,0.0000000000,exit_right
25700,1,0.0000000000,0.0000000000,1.0000000000,0.0000000000,exit_right
25800,1,0.0000000000,0.0000000000,1.0000000000,0.0000000000,exit_right
25900,1,0.0000000000,0.0000000000,0.5540517626,0.0000000000,absorb
26000,1,0.0000000000,0.0000000000,1.0000000000,0.0000000000,exit_right
26100,1,0.0000000000,0.0000000000,1.0000000000,0.0000000000,exit_right
26200,1,0.0000000000,0.0000000000,1.0000000000,0.0000000000,exit_right
26300,1,0.0000000000,0.0000000000,1.0000000000,0.0000000000,exit_right
26400,1,0.0000000000,0.0000000000,1.0000000000,0.0000000000,exit_right
26500,1,0.0000000000,0.0000000000,0.3664593372,0.0000000000,scatter
26500,2,0.3664593372,0.0000000000,0.0000000000,-0.2998939978,exit_left
26600,1,0.0000000000,0.0000000000,1.0000000000,0.0000000000,exit_right
26700,1,0.0000000000,0.0000000000,1.0000000000,0.0000000000,exit_right
26800,1,0.0000000000,0.0000000000,1.0000000000,0.0000000000,exit_right
26900,1,0.0000000000,0.0000000000,1.0000000000,0.0000000000,exit_right
27000,1,0.0000000000,0.0000000000,0.9937042397,0.0000000000,scatter
27000,2,0.9937042397,0.0000000000,1.0000000000,-0.0128389055,exit_right
27100,1,0.0000000000,0.0000000000,1.0000000000,0.0000000000,exit_right
27200,1,0.0000000000,0.0000000000,1.0000000000,0.0000000000,exit_right
27300,1,0.0000000000,0.0000000000,0.3400817114,0.0000000000,absorb
27400,1,0.0000000000,0.0000000000,1.0000000000,0.0000000000,exit_right
27500,1,0.0000000000,0.0000000000,0.3182328722,0.0000000000,absorb
27600,1,0.0000000000,0.0000000000,0.4877813658,0.0000000000,scatter
27600,2,0.4877813658,0.0000000000,0.0000000000,-0.6784771142,exit_left
27700,1,0.0000000000,0.0000000000,0.2420411860,0.0000000000,scatter
27700,2,0.2420411860,0.0000000000,0.1079664245,-0.1055746550,absorb
27800,1,0.0000000000,0.0000000000,1.0000000000,0.0000000000,exit_right
27900,1,0.0000000000,0.0000000000,0.0103214307,0.0000000000,scatter
27900,2,0.0103214307,0.0000000000,0.4627476865,0.4718834315,absorb
28000,1,0.0000000000,0.0000000000,1.0000000000,0.0000000000,exit_right
28100,1,0.0000000000,0.0000000000,1.0000000000,0.0000000000,exit_right
28200,1,0.0000000000,0.0000000000,0.5716364100,0.0000000000,scatter
28200,2,0.5716364100,0.0000000000,0.3942075839,-1.1266736448,scatter
28200,3,0.3942075839,-1.1266736448,1.0000000000,-0.3575693243,exit_right
28300,1,0.0000000000,0.0000000000,1.0000000000,0.0000000000,exit_right
28400,1,0.0000000000,0.0000000000,0.5510845106,0.0000000000,scatter
28400,2,0.5510845106,0.0000000000,1.0000000000,-0.3871388913,exit_right
28500,1,0.0000000000,0.0000000000,0.4499133964,0.0000000000,scatter
28500,2,0.4499133964,0.0000000000,0.8655648776,-0.6058098991,scatter
28500,3,0.8655648776,-0.6058098991,1.0000000000,-0.3457073373,exit_right
28600,1,0.0000000000,0.0000000000,0.4772399163,0.0000000000,scatter
28600,2,0.4772399163,0.0000000000,0.0146828304,-0.3095163987,scatter
28600,3,0.0146828304,-0.3095163987,1.0000000000,-1.1092659869,exit_right
28700,1,0.0000000000,0.0000000000,1.0000000000,0.0000000000,exit_right
28800,1,0.0000000000,0.0000000000,0.2139378099,0.0000000000,absorb
28900,1,0.0000000000,0.0000000000,1.0000000000,0.0000000000,exit_right
29000,1,0.0000000000,0.0000000000,0.7989516419,0.0000000000,scatter
29000,2,0.7989516419,0.0000000000,0.8423230576,-1.4470348185,scatter
29000,3,0.8423230576,-1.4470348185,1.0000000000,-1.6571935992,exit_right
29100,1,0.0000000000,0.0000000000,0.3261160862,0.0000000000,scatter
29100,2,0.3261160862,0.0000000000,0.1593285510,1.2769941473,absorb
29200,1,0.0000000000,0.0000000000,1.0000000000,0.0000000000,exit_right
29300,1,0.0000000000,0.0000000000,1.0000000000,0.0000000000,exit_right
29400,1,0.0000000000,0.0000000000,0.1404037212,0.0000000000,scatter
29400,2,0.1404037212,0.0000000000,0.0000000000,0.1332779121,exit_left
29500,1,0.0000000000,0.0000000000,0.9667166772,0.0000000000,scatter
29500,2,0.9667166772,0.0000000000,1.0000000000,0.0631266651,exit_right
29600,1,0.0000000000,0.0000000000,1.0000000000,0.0000000000,exit_right
29700,1,0.0000000000,0.0000000000,1.0000000000,0.0000000000,exit_right
29800,1,0.0000000000,0.0000000000,0.0392779484,0.0000000000,absorb
29900,1,0.0000000000,0.0000000000,0.4159766429,0.0000000000,scatter
29900,2,0.4159766429,0.0000000000,0.4175544208,-0.6880513856,scatter
29900,3,0.4175544208,-0.6880513856,0.0070656591,-0.7409138023,scatter
29900,4,0.0070656591,-0.7409138023,0.0000000000,-0.7242728936,exit_left
30000,1,0.0000000000,0.0000000000,1.0000000000,0.0000000000,exit_right
30100,1,0.0000000000,0.0000000000,1.0000000000,0.0000000000,exit_right
30200,1,0.0000000000,0.0000000000,1.0000000000,0.0000000000,exit_right
30300,1,0.0000000000,0.0000000000,0.3039725455,0.0000000000,absorb
30400,1,0.0000000000,0.0000000000,1.0000000000,0.0000000000,exit_right
30500,1,0.0000000000,0.0000000000,1.0000000000,0.0000000000,exit_right
30600,1,0.0000000000,0.0000000000,1.0000000000,0.0000000000,exit_right
30700,1,0.0000000000,0.0000000000,1.0000000000,0.0000000000,exit_right
30800,1,0.0000000000,0.0000000000,0.9247177774,0.0000000000,scatter
30800,2,0.9247177774,0.0000000000,0.3015232649,0.9139039795,scatter
30800,3,0.3015232649,0.9139039795,0.0000000000,0.4052717103,exit_left
30900,1,0.0000000000,0.0000000000,1.0000000000,0.0000000000,exit_right
31000,1,0.0000000000,0.0000000000,1.0000000000,0.0000000000,exit_right
31100,1,0.0000000000,0.0000000000,1.0000000000,0.0000000000,exit_right
31200,1,0.0000000000,0.0000000000,0.7851252991,0.0000000000,scatter
31200,2,0.7851252991,0.0000000000,0.0000000000,1.5647591383,exit_left
31300,1,0.0000000000,0.0000000000,1.0000000000,0.0000000000,exit_right
31400,1,0.0000000000,0.0000000000,1.0000000000,0.0000000000,exit_right
31500,1,0.0000000000,0.0000000000,1.0000000000,0.0000000000,exit_right
31600,1,0.0000000000,0.0000000000,0.0945950711,0.0000000000,scatter
31600,2,0.0945950711,0.0000000000,0.0564841386,1.0961517323,scatter
31600,3,0.0564841386,1.0961517323,1.0000000000,1.1450387691,exit_right
31700,1,0.0000000000,0.0000000000,1.0000000000,0.0000000000,exit_right
31800,1,0.0000000000,0.0000000000,0.2806037195,0.0000000000,scatter
31800,2,0.2806037195,0.0000000000,0.0000000000,0.0709884172,exit_left
31900,1,0.0000000000,0.0000000000,0.5907877435,0.0000000000,scatter
31900,2,0.5907877435,0.0000000000,0.0000000000,0.3057465671,exit_left
32000,1,0.0000000000,0.0000000000,1.0000000000,0.0000000000,exit_right
32100,1,0.0000000000,0.0000000000,1.0000000000,0.0000000000,exit_right
32200,1,0.0000000000,0.0000000000,1.0000000000,0.0000000000,exit_right
32300,1,0.0000000000,0.0000000000,0.2536436621,0.0000000000,scatter
32300,2,0.2536436621,0.0000000000,0.0000000000,-2.6005104222,exit_left
32400,1,0.0000000000,0.0000000000,1.0000000000,0.0000000000,exit_right
32500,1,0.0000000000,0.0000000000,1.0000000000,0.0000000000,exit_right
32600,1,0.0000000000,0.0000000000,1.0000000000,0.0000000000,exit_right
32700,1,0.0000000000,0.0000000000,0.1105587606,0.0000000000,scatter
32700,2,0.1105587606,0.0000000000,0.4349371608,0.1090930195,absorb
32800,1,0.0000000000,0.0000000000,1.0000000000,0.0000000000,exit_right
32900,1,0.0000000000,0.0000000000,0.0940574116,0.0000000000,scatter
32900,2,0.0940574116,0.0000000000,0.1762696788,0.0080010598,scatter
32900,3,0.1762696788,0.0080010598,1.0000000000,2.2170658253,exit_right
33000,1,0.0000000000,0.0000000000,1.0000000000,0.0000000000,exit_right
33100,1,0.0000000000,0.0000000000,0.6656868937,0.0000000000,scatter
33100,2,0.6656868937,0.0000000000,0.0000000000,0.2649537674,exit_left
33200,1,0.0000000000,0.0000000000,1.0000000000,0.0000000000,exit_right
33300,1,0.0000000000,0.0000000000,0.1514691307,0.0000000000,absorb
33400,1,0.0000000000,0.0000000000,0.4910757471,0.0000000000,scatter
33400,2,0.4910757471,0.0000000000,0.0000000000,0.3139435254,exit_left
33500,1,0.0000000000,0.0000000000,0.1519333258,0.0000000000,scatter
33500,2,0.1519333258,0.0000000000,0.0000000000,-0.0124813326,exit_left
33600,1,0.0000000000,0.0000000000,1.0000000000,0.0000000000,exit_right
33700,1,0.0000000000,0.0000000000,1.0000000000,0.0000000000,exit_right
33800,1,0.0000000000,0.0000000000,1.0000000000,0.0000000000,exit_right
33900,1,0.0000000000,0.0000000000,1.0000000000,0.0000000000,exit_right
34000,1,0.0000000000,0.0000000000,0.8028575429,0.0000000000,scatter
34000,2,0.8028575429,0.0000000000,0.5986684691,0.1031835683,scatter
34000,3,0.5986684691,0.1031835683,0.9919168513,1.6559330188,scatter
34000,4,0.9919168513,1.6559330188,0.4809070935,1.8839725312,scatter
34000,5,0.4809070935,1.8839725312,0.0000000000,2.0247916541,exit_left
34100,1,0.0000000000,0.0000000000,1.0000000000,0.0000000000,exit_right
34200,1,0.0000000000,0.0000000000,1.0000000000,0.0000000000,exit_right
34300,1,0.0000000000,0.0000000000,1.0000000000,0.0000000000,exit_right
34400,1,0.0000000000,0.0000000000,1.0000000000,0.0000000000,exit_right
34500,1,0.0000000000,0.0000000000,0.0720720802,0.0000000000,scatter
34500,2,0.0720720802,0.0000000000,0.6049705891,-2.8590919935,scatter
34500,3,0.6049705891,-2.8590919935,0.1822727936,-3.7430872884,scatter
34500,4,0.1822727936,-3.7430872884,0.3635212783,0.6647018707,scatter
34500,5,0.3635212783,0.6647018707,1.0000000000,0.4557471773,exit_right
34600,1,0.0000000000,0.0000000000,1.0000000000,0.0000000000,exit_right
34700,1,0.0000000000,0.0000000000,0.1461704049,0.0000000000,scatter
34700,2,0.1461704049,0.0000000000,0.0000000000,0.3972708525,exit_left
34800,1,0.0000000000,0.0000000000,1.0000000000,0.0000000000,exit_right
34900,1,0.0000000000,0.0000000000,1.0000000000,0.0000000000,exit_right
35000,1,0.0000000000,0.0000000000,1.0000000000,0.0000000000,exit_right
35100,1,0.0000000000,0.0000000000,1.0000000000,0.0000000000,exit_right
35200,1,0.0000000000,0.0000000000,1.0000000000,0.0000000000,exit_right
35300,1,0.0000000000,0.0000000000,1.0000000000,0.0000000000,exit_right
35400,1,0.0000000000,0.0000000000,0.8087895517,0.0000000000,scatter
35400,2,0.8087895517,0.0000000000,0.8938337939,-0.0486800669,scatter
35400,3,0.8938337939,-0.0486800669,0.9450455748,-0.4426524044,scatter
35400,4,0.9450455748,-0.4426524044,0.7269530286,-0.4780465468,scatter
35400,5,0.7269530286,-0.4780465468,1.0000000000,-0.3393939526,exit_right
35500,1,0.0000000000,0.0000000000,1.0000000000,0.0000000000,exit_right
35600,1,0.0000000000,0.0000000000,1.0000000000,0.0000000000,exit_right
35700,1,0.0000000000,0.0000000000,0.3037393382,0.0000000000,scatter
35700,2,0.3037393382,0.0000000000,0.0000000000,0.2062204851,exit_left
35800,1,0.0000000000,0.0000000000,1.0000000000,0.0000000000,exit_right
35900,1,0.0000000000,0.0000000000,1.0000000000,0.0000000000,exit_right
36000,1,0.0000000000,0.0000000000,0.8156399150,0.0000000000,scatter
36000,2,0.8156399150,0.0000000000,0.6963276153,-0.6477261211,scatter
36000,3,0.6963276153,-0.6477261211,1.0000000000,-0.8033364325,exit_right
36100,1,0.0000000000,0.0000000000,0.7952464621,0.0000000000,scatter
36100,2,0.7952464621,0.0000000000,0.0000000000,-0.2036679240,exit_left
36200,1,0.0000000000,0.0000000000,1.0000000000,0.0000000000,exit_right
36300,1,0.0000000000,0.0000000000,1.0000000000,0.0000000000,exit_right
36400,1,0.0000000000,0.0000000000,0.7869155798,0.0000000000,scatter
36400,2,0.7869155798,0.0000000000,0.6657634125,-0.1667278208,scatter
36400,3,0.6657634125,-0.1667278208,1.0000000000,-0.1830451599,exit_right
36500,1,0.0000000000,0.0000000000,0.7078225571,0.0000000000,scatter
36500,2,0.7078225571,0.0000000000,0.0000000000,0.1391627744,exit_left
36600,1,0.0000000000,0.0000000000,1.0000000000,0.0000000000,exit_right
36700,1,0.0000000000,0.0000000000,1.0000000000,0.0000000000,exit_right
36800,1,0.0000000000,0.0000000000,1.0000000000,0.0000000000,exit_right
36900,1,0.0000000000,0.0000000000,1.0000000000,0.0000000000,exit_right
37000,1,0.0000000000,0.0000000000,1.0000000000,0.0000000000,exit_right
37100,1,0.0000000000,0.0000000000,0.9711843082,0.0000000000,scatter
37100,2,0.9711843082,0.0000000000,0.0000000000,-0.5265752849,exit_left
37200,1,0.0000000000,0.0000000000,1.0000000000,0.0000000000,exit_right
37300,1,0.0000000000,0.0000000000,0.3317800418,0.0000000000,scatter
37300,2,0.3317800418,0.0000000000,1.0000000000,0.0911776415,exit_right
37400,1,0.0000000000,0.0000000000,0.5159191866,0.0000000000,scatter
37400,2,0.5159191866,0.0000000000,0.0000000000,0.1996973633,exit_left
37500,1,0.0000000000,0.0000000000,0.2559230565,0.0000000000,scatter
37500,2,0.2559230565,0.0000000000,1.0000000000,-0.0928246437,exit_right
37600,1,0.0000000000,0.0000000000,1.0000000000,0.0000000000,exit_right
37700,1,0.0000000000,0.0000000000,1.0000000000,0.0000000000,exit_right
37800,1,0.0000000000,0.0000000000,0.6546159866,0.0000000000,scatter
37800,2,0.6546159866,0.0000000000,0.0000000000,0.3219297815,exit_left
37900,1,0.0000000000,0.0000000000,0.1346371580,0.0000000000,scatter
37900,2,0.1346371580,0.0000000000,0.0000000000,-0.0768737320,exit_left
38000,1,0.0000000000,0.0000000000,1.0000000000,0.0000000000,exit_right
38100,1,0.0000000000,0.0000000000,0.3985005526,0.0000000000,scatter
38100,2,0.3985005526,0.0000000000,0.0000000000,0.1761060651,exit_left
38200,1,0.0000000000,0.0000000000,1.0000000000,0.0000000000,exit_right
38300,1,0.0000000000,0.0000000000,0.1642136617,0.0000000000,absorb
38400,1,0.0000000000,0.0000000000,0.6952696850,0.0000000000,scatter
38400,2,0.6952696850,0.0000000000,0.0000000000,-0.2881140183,exit_left
38500,1,0.0000000000,0.0000000000,1.0000000000,0.0000000000,exit_right
38600,1,0.0000000000,0.0000000000,1.0000000000,0.0000000000,exit_right
38700,1,0.0000000000,0.0000000000,1.0000000000,0.0000000000,exit_right
38800,1,0.0000000000,0.0000000000,0.2216106230,0.0000000000,scatter
38800,2,0.2216106230,0.0000000000,0.0689887886,-0.2647097158,scatter
38800,3,0.0689887886,-0.2647097158,0.0000000000,-0.1737975453,exit_left
38900,1,0.0000000000,0.0000000000,1.0000000000,0.0000000000,exit_right
39000,1,0.0000000000,0.0000000000,1.0000000000,0.0000000000,exit_right
39100,1,0.0000000000,0.0000000000,1.0000000000,0.0000000000,exit_right
39200,1,0.0000000000,0.0000000000,1.0000000000,0.0000000000,exit_right
39300,1,0.0000000000,0.0000000000,0.0662697729,0.0000000000,scatter
39300,2,0.0662697729,0.0000000000,0.0000000000,0.0347315070,exit_left
39400,1,0.0000000000,0.0000000000,1.0000000000,0.0000000000,exit_right
39500,1,0.0000000000,0.0000000000,1.0000000000,0.0000000000,exit_right
39600,1,0.0000000000,0.0000000000,1.0000000000,0.0000000000,exit_right
39700,1,0.0000000000,0.0000000000,0.6342008529,0.0000000000,absorb
39800,1,0.0000000000,0.0000000000,1.0000000000,0.0000000000,exit_right
39900,1,0.0000000000,0.0000000000,1.0000000000,0.0000000000,exit_right
40000,1,0.0000000000,0.0000000000,1.0000000000,0.0000000000,exit_right
40100,1,0.0000000000,0.0000000000,0.1721589726,0.0000000000,scatter
40100,2,0.1721589726,0.0000000000,0.3666349560,-1.1305355208,scatter
40100,3,0.3666349560,-1.1305355208,1.0000000000,-2.1380700167,exit_right
40200,1,0.0000000000,0.0000000000,0.3171635584,0.0000000000,scatter
40200,2,0.3171635584,0.0000000000,1.0000000000,-0.6584602568,exit_right
40300,1,0.0000000000,0.0000000000,1.0000000000,0.0000000000,exit_right
40400,1,0.0000000000,0.0000000000,1.0000000000,0.0000000000,exit_right
40500,1,0.0000000000,0.0000000000,1.0000000000,0.0000000000,exit_right
40600,1,0.0000000000,0.0000000000,0.1635351192,0.0000000000,scatter
40600,2,0.1635351192,0.0000000000,0.2780133687,-0.0488874920,absorb
40700,1,0.0000000000,0.0000000000,1.0000000000,0.0000000000,exit_right
40800,1,0.0000000000,0.0000000000,0.4319349031,0.0000000000,absorb
40900,1,0.0000000000,0.0000000000,0.6938266623,0.0000000000,scatter
40900,2,0.6938266623,0.0000000000,0.7179862216,0.5495109818,scatter
40900,3,0.7179862216,0.5495109818,0.0000000000,0.0159043260,exit_left
41000,1,0.0000000000,0.0000000000,0.0889143968,0.0000000000,scatter
41000,2,0.0889143968,0.0000000000,0.0454346204,0.0392861051,scatter
41000,3,0.0454346204,0.0392861051,0.0000000000,0.0753769526,exit_left
41100,1,0.0000000000,0.0000000000,0.1277651403,0.0000000000,absorb
41200,1,0.0000000000,0.0000000000,1.0000000000,0.0000000000,exit_right
41300,1,0.0000000000,0.0000000000,1.0000000000,0.0000000000,exit_right
41400,1,0.0000000000,0.0000000000,1.0000000000,0.0000000000,exit_right
41500,1,0.0000000000,0.0000000000,0.0600365016,0.0000000000,scatter
41500,2,0.0600365016,0.0000000000,0.0000000000,0.1886835742,exit_left
41600,1,0.0000000000,0.0000000000,1.0000000000,0.0000000000,exit_right
41700,1,0.0000000000,0.0000000000,1.0000000000,0.0000000000,exit_right
41800,1,0.0000000000,0.0000000000,0.0364001185,0.0000000000,scatter
41800,2,0.0364001185,0.0000000000,0.1063479699,-1.3093288280,scatter
41800,3,0.1063479699,-1.3093288280,0.0000000000,-1.1793230512,exit_left
41900,1,0.0000000000,0.0000000000,0.0904800804,0.0000000000,scatter
41900,2,0.0904800804,0.0000000000,0.0000000000,-0.1558731955,exit_left
42000,1,0.0000000000,0.0000000000,1.0000000000,0.0000000000,exit_right
42100,1,0.0000000000,0.0000000000,0.0190297376,0.0000000000,scatter
42100,2,0.0190297376,0.0000000000,1.0000000000,-0.4511329665,exit_right
42200,1,0.0000000000,0.0000000000,1.0000000000,0.0000000000,exit_right
42300,1,0.0000000000,0.0000000000,1.0000000000,0.0000000000,exit_right
42400,1,0.0000000000,0.0000000000,1.0000000000,0.0000000000,exit_right
42500,1,0.0000000000,0.0000000000,1.0000000000,0.0000000000,exit_right
42600,1,0.0000000000,0.0000000000,0.0759051234,0.0000000000,scatter
42600,2,0.0759051234,0.0000000000,0.2263457623,-0.3308837109,scatter
42600,3,0.2263457623,-0.3308837109,0.2547132953,-0.3357766459,absorb
42700,1,0.0000000000,0.0000000000,1.0000000000,0.0000000000,exit_right
42800,1,0.0000000000,0.0000000000,0.7776156560,0.0000000000,scatter
42800,2,0.7776156560,0.0000000000,0.3036044739,-0.2581969153,absorb
42900,1,0.0000000000,0.0000000000,0.4795249894,0.0000000000,scatter
42900,2,0.4795249894,0.0000000000,1.0000000000,-0.0785717221,exit_right
43000,1,0.0000000000,0.0000000000,1.0000000000,0.0000000000,exit_right
43100,1,0.0000000000,0.0000000000,0.8886492656,0.0000000000,scatter
43100,2,0.8886492656,0.0000000000,1.0000000000,-0.0168405234,exit_right
43200,1,0.0000000000,0.0000000000,1.0000000000,0.0000000000,exit_right
43300,1,0.0000000000,0.0000000000,1.0000000000,0.0000000000,exit_right
43400,1,0.0000000000,0.0000000000,0.6745248746,0.0000000000,scatter
43400,2,0.6745248746,0.0000000000,0.6722833053,0.0007007201,scatter
43400,3,0.6722833053,0.0007007201,1.0000000000,0.0166343198,exit_right
43500,1,0.0000000000,0.0000000000,1.0000000000,0.0000000000,exit_right
43600,1,0.0000000000,0.0000000000,0.1607720899,0.0000000000,scatter
43600,2,0.1607720899,0.0000000000,1.0000000000,0.4094762424,exit_right
43700,1,0.0000000000,0.0000000000,1.0000000000,0.0000000000,exit_right
43800,1,0.0000000000,0.0000000000,1.0000000000,0.0000000000,exit_right
43900,1,0.0000000000,0.0000000000,1.0000000000,0.0000000000,exit_right
44000,1,0.0000000000,0.0000000000,1.0000000000,0.0000000000,exit_right
44100,1,0.0000000000,0.0000000000,1.0000000000,0.0000000000,exit_right
44200,1,0.0000000000,0.0000000000,1.0000000000,0.0000000000,exit_right
44300,1,0.0000000000,0.0000000000,1.0000000000,0.0000000000,exit_right
44400,1,0.0000000000,0.0000000000,0.2230420237,0.0000000000,scatter
44400,2,0.2230420237,0.0000000000,0.0530239164,0.2256798937,scatter
44400,3,0.0530239164,0.2256798937,0.9181475059,-0.2039379903,scatter
44400,4,0.9181475059,-0.2039379903,1.0000000000,-0.2660302880,exit_right
44500,1,0.0000000000,0.0000000000,0.3252547734,0.0000000000,scatter
44500,2,0.3252547734,0.0000000000,1.0000000000,-0.0383045193,exit_right
44600,1,0.0000000000,0.0000000000,1.0000000000,0.0000000000,exit_right
44700,1,0.0000000000,0.0000000000,1.0000000000,0.0000000000,exit_right
44800,1,0.0000000000,0.0000000000,0.9389600660,0.0000000000,scatter
44800,2,0.9389600660,0.0000000000,0.0000000000,0.7311780105,exit_left
44900,1,0.0000000000,0.0000000000,0.7672458030,0.0000000000,scatter
44900,2,0.7672458030,0.0000000000,1.0000000000,0.1216367147,exit_right
45000,1,0.0000000000,0.0000000000,1.0000000000,0.0000000000,exit_right
45100,1,0.0000000000,0.0000000000,1.0000000000,0.0000000000,exit_right
45200,1,0.0000000000,0.0000000000,0.5613600712,0.0000000000,scatter
45200,2,0.5613600712,0.0000000000,0.5795920456,-0.9985822694,scatter
45200,3,0.5795920456,-0.9985822694,0.5905294020,-0.9897784653,scatter
45200,4,0.5905294020,-0.9897784653,1.0000000000,-0.3399912946,exit_right
45300,1,0.0000000000,0.0000000000,1.0000000000,0.0000000000,exit_right
45400,1,0.0000000000,0.0000000000,1.0000000000,0.0000000000,exit_right
45500,1,0.0000000000,0.0000000000,1.0000000000,0.0000000000,exit_right
45600,1,0.0000000000,0.0000000000,1.0000000000,0.0000000000,exit_right
45700,1,0.0000000000,0.0000000000,0.0737045055,0.0000000000,scatter
45700,2,0.0737045055,0.0000000000,1.0000000000,2.3439055979,exit_right
45800,1,0.0000000000,0.0000000000,1.0000000000,0.0000000000,exit_right
45900,1,0.0000000000,0.0000000000,1.0000000000,0.0000000000,exit_right
46000,1,0.0000000000,0.0000000000,1.0000000000,0.0000000000,exit_right
46100,1,0.0000000000,0.0000000000,1.0000000000,0.0000000000,exit_right
46200,1,0.0000000000,0.0000000000,1.0000000000,0.0000000000,exit_right
46300,1,0.0000000000,0.0000000000,0.7635470972,0.0000000000,scatter
46300,2,0.7635470972,0.0000000000,0.0000000000,1.6306282263,exit_left
46400,1,0.0000000000,0.0000000000,0.5837950758,0.0000000000,scatter
46400,2,0.5837950758,0.0000000000,1.0000000000,-0.2310488806,exit_right
46500,1,0.0000000000,0.0000000000,0.7677616198,0.0000000000,scatter
46500,2,0.7677616198,0.0000000000,1.0000000000,-1.3896373368,exit_right
46600,1,0.0000000000,0.0000000000,0.0544278615,0.0000000000,absorb
46700,1,0.0000000000,0.0000000000,0.2198136108,0.0000000000,scatter
46700,2,0.2198136108,0.0000000000,0.3695620079,-0.7207073499,scatter
46700,3,0.3695620079,-0.7207073499,1.0000000000,-0.3464917959,exit_right
46800,1,0.0000000000,0.0000000000,1.0000000000,0.0000000000,exit_right
46900,1,0.0000000000,0.0000000000,1.0000000000,0.0000000000,exit_right
47000,1,0.0000000000,0.0000000000,0.4553977287,0.0000000000,scatter
47000,2,0.4553977287,0.0000000000,0.4903298456,0.0554069148,absorb
47100,1,0.0000000000,0.0000000000,1.0000000000,0.0000000000,exit_right
47200,1,0.0000000000,0.0000000000,1.0000000000,0.0000000000,exit_right
47300,1,0.0000000000,0.0000000000,1.0000000000,0.0000000000,exit_right
47400,1,0.0000000000,0.0000000000,1.0000000000,0.0000000000,exit_right
47500,1,0.0000000000,0.0000000000,0.0794667888,0.0000000000,scatter
47500,2,0.0794667888,0.0000000000,1.0000000000,-0.0565093791,exit_right
47600,1,0.0000000000,0.0000000000,1.0000000000,0.0000000000,exit_right
47700,1,0.0000000000,0.0000000000,0.7825184368,0.0000000000,absorb
47800,1,0.0000000000,0.0000000000,1.0000000000,0.0000000000,exit_right
47900,1,0.0000000000,0.0000000000,1.0000000000,0.0000000000,exit_right
48000,1,0.0000000000,0.0000000000,1.0000000000,0.0000000000,exit_right
48100,1,0.0000000000,0.0000000000,1.0000000000,0.0000000000,exit_right
48200,1,0.0000000000,0.0000000000,0.1673628296,0.0000000000,scatter
48200,2,0.1673628296,0.0000000000,0.0000000000,0.1297254766,exit_left
48300,1,0.0000000000,0.0000000000,0.5549093208,0.0000000000,absorb
48400,1,0.0000000000,0.0000000000,0.8738932003,0.0000000000,scatter
48400,2,0.8738932003,0.0000000000,0.0000000000,0.2085369992,exit_left
48500,1,0.0000000000,0.0000000000,0.8760324896,0.0000000000,scatter
48500,2,0.8760324896,0.0000000000,0.0000000000,0.4356278293,exit_left
48600,1,0.0000000000,0.0000000000,1.0000000000,0.0000000000,exit_right
48700,1,0.0000000000,0.0000000000,1.0000000000,0.0000000000,exit_right
48800,1,0.0000000000,0.0000000000,0.0036527724,0.0000000000,scatter
48800,2,0.0036527724,0.0000000000,0.0000000000,-0.0021665690,exit_left
48900,1,0.0000000000,0.0000000000,0.8977731480,0.0000000000,absorb
49000,1,0.0000000000,0.0000000000,1.0000000000,0.0000000000,exit_right
49100,1,0.0000000000,0.0000000000,1.0000000000,0.0000000000,exit_right
49200,1,0.0000000000,0.0000000000,1.0000000000,0.0000000000,exit_right
49300,1,0.0000000000,0.0000000000,0.3258799264,0.0000000000,absorb
49400,1,0.0000000000,0.0000000000,1.0000000000,0.0000000000,exit_right
49500,1,0.0000000000,0.0000000000,0.9117967270,0.0000000000,scatter
49500,2,0.9117967270,0.0000000000,1.0000000000,0.4086061185,exit_right
49600,1,0.0000000000,0.0000000000,1.0000000000,0.0000000000,exit_right
49700,1,0.0000000000,0.0000000000,1.0000000000,0.0000000000,exit_right
49800,1,0.0000000000,0.0000000000,0.4168721848,0.0000000000,scatter
49800,2,0.4168721848,0.0000000000,1.0000000000,0.0579599693,exit_right
49900,1,0.0000000000,0.0000000000,1.0000000000,0.0000000000,exit_right
50000,1,0.0000000000,0.0000000000,0.9876032685,0.0000000000,scatter
50000,2,0.9876032685,0.0000000000,0.9530727085,0.0480485919,scatter
50000,3,0.9530727085,0.0480485919,0.4018661533,0.0448752779,scatter
50000,4,0.4018661533,0.0448752779,0.2837352403,1.9608336582,scatter
50000,5,0.2837352403,1.9608336582,1.0000000000,1.3571077284,exit_right
50100,1,0.0000000000,0.0000000000,1.0000000000,0.0000000000,exit_right
50200,1,0.0000000000,0.0000000000,1.0000000000,0.0000000000,exit_right
50300,1,0.0000000000,0.0000000000,0.4312618638,0.0000000000,scatter
50300,2,0.4312618638,0.0000000000,0.0000000000,0.0464579871,exit_left
50400,1,0.0000000000,0.0000000000,1.0000000000,0.0000000000,exit_right
50500,1,0.0000000000,0.0000000000,1.0000000000,0.0000000000,exit_right
50600,1,0.0000000000,0.0000000000,0.2292736355,0.0000000000,scatter
50600,2,0.2292736355,0.0000000000,0.0000000000,-0.5573692084,exit_left
50700,1,0.0000000000,0.0000000000,1.0000000000,0.0000000000,exit_right
50800,1,0.0000000000,0.0000000000,1.0000000000,0.0000000000,exit_right
50900,1,0.0000000000,0.0000000000,1.0000000000,0.0000000000,exit_right
51000,1,0.0000000000,0.0000000000,1.0000000000,0.0000000000,exit_right
51100,1,0.0000000000,0.0000000000,1.0000000000,0.0000000000,exit_right
51200,1,0.0000000000,0.0000000000,1.0000000000,0.0000000000,exit_right
51300,1,0.0000000000,0.0000000000,1.0000000000,0.0000000000,exit_right
51400,1,0.0000000000,0.0000000000,1.0000000000,0.0000000000,exit_right
51500,1,0.0000000000,0.0000000000,0.9644161914,0.0000000000,scatter
51500,2,0.9644161914,0.0000000000,0.9346430932,-0.1359102448,scatter
51500,3,0.9346430932,-0.1359102448,1.0000000000,-0.1160459103,exit_right
51600,1,0.0000000000,0.0000000000,1.0000000000,0.0000000000,exit_right
51700,1,0.0000000000,0.0000000000,1.0000000000,0.0000000000,exit_right
51800,1,0.0000000000,0.0000000000,1.0000000000,0.0000000000,exit_right
51900,1,0.0000000000,0.0000000000,1.0000000000,0.0000000000,exit_right
52000,1,0.0000000000,0.0000000000,0.4038312745,0.0000000000,scatter
52000,2,0.4038312745,0.0000000000,1.0000000000,0.5151747977,exit_right
52100,1,0.0000000000,0.0000000000,1.0000000000,0.0000000000,exit_right
52200,1,0.0000000000,0.0000000000,0.2953109226,0.0000000000,absorb
52300,1,0.0000000000,0.0000000000,0.1541083816,0.0000000000,scatter
52300,2,0.1541083816,0.0000000000,0.2073377300,0.2441375360,scatter
52300,3,0.2073377300,0.2441375360,0.0000000000,0.2625653588,exit_left
52400,1,0.0000000000,0.0000000000,1.0000000000,0.0000000000,exit_right
52500,1,0.0000000000,0.0000000000,1.0000000000,0.0000000000,exit_right
52600,1,0.0000000000,0.0000000000,1.0000000000,0.0000000000,exit_right
52700,1,0.0000000000,0.0000000000,0.8970326241,0.0000000000,scatter
52700,2,0.8970326241,0.0000000000,0.0000000000,-0.2653887437,exit_left
52800,1,0.0000000000,0.0000000000,1.0000000000,0.0000000000,exit_right
52900,1,0.0000000000,0.0000000000,1.0000000000,0.0000000000,exit_right
53000,1,0.0000000000,0.0000000000,0.7339231011,0.0000000000,scatter
53000,2,0.7339231011,0.0000000000,0.0000000000,-0.5648986109,exit_left
53100,1,0.0000000000,0.0000000000,0.2233070395,0.0000000000,scatter
53100,2,0.2233070395,0.0000000000,0.1088616779,-0.0225050238,scatter
53100,3,0.1088616779,-0.0225050238,0.0000000000,-0.0060714069,exit_left
53200,1,0.0000000000,0.0000000000,0.1505640694,0.0000000000,scatter
53200,2,0.1505640694,0.0000000000,0.0000000000,0.1348214317,exit_left
53300,1,0.0000000000,0.0000000000,0.4773664937,0.0000000000,scatter
53300,2,0.4773664937,0.0000000000,0.0000000000,0.1936747574,exit_left
53400,1,0.0000000000,0.0000000000,0.0965666212,0.0000000000,scatter
53400,2,0.0965666212,0.0000000000,0.6386562344,-0.8016454704,scatter
53400,3,0.6386562344,-0.8016454704,1.0000000000,-0.3273960860,exit_right
53500,1,0.0000000000,0.0000000000,1.0000000000,0.0000000000,exit_right
53600,1,0.0000000000,0.0000000000,1.0000000000,0.0000000000,exit_right
53700,1,0.0000000000,0.0000000000,0.5376236216,0.0000000000,scatter
53700,2,0.5376236216,0.0000000000,1.0000000000,-0.5369361577,exit_right
53800,1,0.0000000000,0.0000000000,0.3213230974,0.0000000000,scatter
53800,2,0.3213230974,0.0000000000,0.3754358328,-0.0394008182,scatter
53800,3,0.3754358328,-0.0394008182,0.0000000000,0.0426063686,exit_left
53900,1,0.0000000000,0.0000000000,1.0000000000,0.0000000000,exit_right
54000,1,0.0000000000,0.0000000000,1.0000000000,0.0000000000,exit_right
54100,1,0.0000000000,0.0000000000,1.0000000000,0.0000000000,exit_right
54200,1,0.0000000000,0.0000000000,0.8695906095,0.0000000000,scatter
54200,2,0.8695906095,0.0000000000,0.5066822724,-0.3342482422,absorb
54300,1,0.0000000000,0.0000000000,0.8333322999,0.0000000000,scatter
54300,2,0.8333322999,0.0000000000,1.0000000000,-0.0837925575,exit_right
54400,1,0.0000000000,0.0000000000,1.0000000000,0.0000000000,exit_right
54500,1,0.0000000000,0.0000000000,1.0000000000,0.0000000000,exit_right
54600,1,0.0000000000,0.0000000000,1.0000000000,0.0000000000,exit_right
54700,1,0.0000000000,0.0000000000,0.3248977982,0.0000000000,absorb
54800,1,0.0000000000,0.0000000000,0.3046905712,0.0000000000,absorb
54900,1,0.0000000000,0.0000000000,1.0000000000,0.0000000000,exit_right
55000,1,0.0000000000,0.0000000000,0.6400801265,0.0000000000,absorb
55100,1,0.0000000000,0.0000000000,0.6634710908,0.0000000000,scatter
55100,2,0.6634710908,0.0000000000,0.0000000000,-0.0205837066,exit_left
55200,1,0.0000000000,0.0000000000,1.0000000000,0.0000000000,exit_right
55300,1,0.0000000000,0.0000000000,0.5592469116,0.0000000000,scatter
55300,2,0.5592469116,0.0000000000,0.0000000000,-0.3387483186,exit_left
55400,1,0.0000000000,0.0000000000,0.2071959692,0.0000000000,scatter
55400,2,0.2071959692,0.0000000000,0.0658550806,-0.1558422686,scatter
55400,3,0.0658550806,-0.1558422686,0.0803582160,-0.2925186767,scatter
55400,4,0.0803582160,-0.2925186767,0.2735508328,-0.4790164580,scatter
55400,5,0.2735508328,-0.4790164580,1.0000000000,-1.3881075800,exit_right
55500,1,0.0000000000,0.0000000000,1.0000000000,0.0000000000,exit_right
55600,1,0.0000000000,0.0000000000,1.0000000000,0.0000000000,exit_right
55700,1,0.0000000000,0.0000000000,1.0000000000,0.0000000000,exit_right
55800,1,0.0000000000,0.0000000000,0.3004438296,0.0000000000,scatter
55800,2,0.3004438296,0.0000000000,0.0000000000,-0.1055631909,exit_left
55900,1,0.0000000000,0.0000000000,1.0000000000,0.0000000000,exit_right
56000,1,0.0000000000,0.0000000000,0.7060804978,0.0000000000,absorb
56100,1,0.0000000000,0.0000000000,1.0000000000,0.0000000000,exit_right
56200,1,0.0000000000,0.0000000000,1.0000000000,0.0000000000,exit_right
56300,1,0.0000000000,0.0000000000,0.0128268018,0.0000000000,scatter
56300,2,0.0128268018,0.0000000000,0.0000000000,-0.0759018494,exit_left
56400,1,0.0000000000,0.0000000000,1.0000000000,0.0000000000,exit_right
56500,1,0.0000000000,0.0000000000,1.0000000000,0.0000000000,exit_right
56600,1,0.0000000000,0.0000000000,1.0000000000,0.0000000000,exit_right
56700,1,0.0000000000,0.0000000000,1.0000000000,0.0000000000,exit_right
56800,1,0.0000000000,0.0000000000,0.4353852533,0.0000000000,scatter
56800,2,0.4353852533,0.0000000000,0.0000000000,0.7461881898,exit_left
56900,1,0.0000000000,0.0000000000,1.0000000000,0.0000000000,exit_right
57000,1,0.0000000000,0.0000000000,1.0000000000,0.0000000000,exit_right
57100,1,0.0000000000,0.0000000000,1.0000000000,0.0000000000,exit_right
57200,1,0.0000000000,0.0000000000,0.4016762616,0.0000000000,scatter
57200,2,0.4016762616,0.0000000000,0.0527872057,-0.0289100543,scatter
57200,3,0.0527872057,-0.0289100543,0.0119274806,-0.1005708468,scatter
57200,4,0.0119274806,-0.1005708468,1.0000000000,0.0964785337,exit_right
57300,1,0.0000000000,0.0000000000,0.4482191392,0.0000000000,scatter
57300,2,0.4482191392,0.0000000000,1.0000000000,-0.0856236951,exit_right
57400,1,0.0000000000,0.0000000000,0.7007541371,0.0000000000,scatter
57400,2,0.7007541371,0.0000000000,0.7361098516,-0.0094234167,scatter
57400,3,0.7361098516,-0.0094234167,0.8662194458,0.8612738096,absorb
57500,1,0.0000000000,0.0000000000,0.5654677056,0.0000000000,scatter
57500,2,0.5654677056,0.0000000000,0.0000000000,0.1034358803,exit_left
57600,1,0.0000000000,0.0000000000,1.0000000000,0.0000000000,exit_right
57700,1,0.0000000000,0.0000000000,1.0000000000,0.0000000000,exit_right
57800,1,0.0000000000,0.0000000000,1.0000000000,0.0000000000,exit_right
57900,1,0.0000000000,0.0000000000,1.0000000000,0.0000000000,exit_right
58000,1,0.0000000000,0.0000000000,1.0000000000,0.0000000000,exit_right
58100,1,0.0000000000,0.0000000000,0.2122057733,0.0000000000,scatter
58100,2,0.2122057733,0.0000000000,0.5106331365,1.5610326456,absorb
58200,1,0.0000000000,0.0000000000,0.8145425946,0.0000000000,scatter
58200,2,0.8145425946,0.0000000000,1.0000000000,-0.3580466508,exit_right
58300,1,0.0000000000,0.0000000000,1.0000000000,0.0000000000,exit_right
58400,1,0.0000000000,0.0000000000,1.0000000000,0.0000000000,exit_right
58500,1,0.0000000000,0.0000000000,1.0000000000,0.0000000000,exit_right
58600,1,0.0000000000,0.0000000000,1.0000000000,0.0000000000,exit_right
58700,1,0.0000000000,0.0000000000,0.3209901587,0.0000000000,scatter
58700,2,0.3209901587,0.0000000000,0.0000000000,-0.0850579835,exit_left
58800,1,0.0000000000,0.0000000000,1.0000000000,0.0000000000,exit_right
58900,1,0.0000000000,0.0000000000,0.5663549863,0.0000000000,scatter
58900,2,0.5663549863,0.0000000000,0.0000000000,0.3980640839,exit_left
59000,1,0.0000000000,0.0000000000,1.0000000000,0.0000000000,exit_right
59100,1,0.0000000000,0.0000000000,1.0000000000,0.0000000000,exit_right
59200,1,0.0000000000,0.0000000000,1.0000000000,0.0000000000,exit_right
59300,1,0.0000000000,0.0000000000,0.2101483729,0.0000000000,scatter
59300,2,0.2101483729,0.0000000000,0.0000000000,-0.3682766148,exit_left
59400,1,0.0000000000,0.0000000000,0.6231758757,0.0000000000,scatter
59400,2,0.6231758757,0.0000000000,0.4345740643,-0.1656446882,scatter
59400,3,0.4345740643,-0.1656446882,1.0000000000,-2.3479726081,exit_right
59500,1,0.0000000000,0.0000000000,0.0306463223,0.0000000000,absorb
59600,1,0.0000000000,0.0000000000,0.8523662033,0.0000000000,scatter
59600,2,0.8523662033,0.0000000000,0.0185458353,1.5480250076,scatter
59600,3,0.0185458353,1.5480250076,0.0000000000,1.5327080445,exit_left
59700,1,0.0000000000,0.0000000000,1.0000000000,0.0000000000,exit_right
59800,1,0.0000000000,0.0000000000,0.9819045534,0.0000000000,scatter
59800,2,0.9819045534,0.0000000000,0.9282436643,-0.6417533106,scatter
59800,3,0.9282436643,-0.6417533106,0.8865377676,-0.9518416736,scatter
59800,4,0.8865377676,-0.9518416736,1.0000000000,0.2008113417,exit_right
59900,1,0.0000000000,0.0000000000,1.0000000000,0.0000000000,exit_right
60000,1,0.0000000000,0.0000000000,1.0000000000,0.0000000000,exit_right
60100,1,0.0000000000,0.0000000000,0.0196586721,0.0000000000,absorb
60200,1,0.0000000000,0.0000000000,0.0038294588,0.0000000000,scatter
60200,2,0.0038294588,0.0000000000,0.0000000000,0.0013410506,exit_left
60300,1,0.0000000000,0.0000000000,0.1882312094,0.0000000000,scatter
60300,2,0.1882312094,0.0000000000,0.4609304604,-1.5898684673,scatter
60300,3,0.4609304604,-1.5898684673,0.8212755965,-0.9579076349,scatter
60300,4,0.8212755965,-0.9579076349,0.0000000000,-4.2397987957,exit_left
60400,1,0.0000000000,0.0000000000,0.0112987004,0.0000000000,absorb
60500,1,0.0000000000,0.0000000000,0.5052232930,0.0000000000,absorb
60600,1,0.0000000000,0.0000000000,1.0000000000,0.0000000000,exit_right
60700,1,0.0000000000,0.0000000000,0.8552819798,0.0000000000,scatter
60700,2,0.8552819798,0.0000000000,1.0000000000,-0.1766972399,exit_right
60800,1,0.0000000000,0.0000000000,1.0000000000,0.0000000000,exit_right
60900,1,0.0000000000,0.0000000000,1.0000000000,0.0000000000,exit_right
61000,1,0.0000000000,0.0000000000,1.0000000000,0.0000000000,exit_right
61100,1,0.0000000000,0.0000000000,1.0000000000,0.0000000000,exit_right
61200,1,0.0000000000,0.0000000000,1.0000000000,0.0000000000,exit_right
61300,1,0.0000000000,0.0000000000,1.0000000000,0.0000000000,exit_right
61400,1,0.0000000000,0.0000000000,0.0797308978,0.0000000000,scatter
61400,2,0.0797308978,0.0000000000,0.0000000000,0.1531300384,exit_left
61500,1,0.0000000000,0.0000000000,1.0000000000,0.0000000000,exit_right
61600,1,0.0000000000,0.0000000000,1.0000000000,0.0000000000,exit_right
61700,1,0.0000000000,0.0000000000,1.0000000000,0.0000000000,exit_right
61800,1,0.0000000000,0.0000000000,1.0000000000,0.0000000000,exit_right
61900,1,0.0000000000,0.0000000000,1.0000000000,0.0000000000,exit_right
62000,1,0.0000000000,0.0000000000,1.0000000000,0.0000000000,exit_right
62100,1,0.0000000000,0.0000000000,1.0000000000,0.0000000000,exit_right
62200,1,0.0000000000,0.0000000000,1.0000000000,0.0000000000,exit_right
62300,1,0.0000000000,0.0000000000,0.5945077835,0.0000000000,scatter
62300,2,0.5945077835,0.0000000000,1.0000000000,0.8215215982,exit_right
62400,1,0.0000000000,0.0000000000,1.0000000000,0.0000000000,exit_right
62500,1,0.0000000000,0.0000000000,0.3871518166,0.0000000000,scatter
62500,2,0.3871518166,0.0000000000,0.4164405342,0.1215377601,scatter
62500,3,0.4164405342,0.1215377601,0.0000000000,1.5858573879,exit_left
62600,1,0.0000000000,0.0000000000,1.0000000000,0.0000000000,exit_right
62700,1,0.0000000000,0.0000000000,1.0000000000,0.0000000000,exit_right
62800,1,0.0000000000,0.0000000000,0.5331143755,0.0000000000,scatter
62800,2,0.5331143755,0.0000000000,1.0000000000,-0.1273342443,exit_right
62900,1,0.0000000000,0.0000000000,1.0000000000,0.0000000000,exit_right
63000,1,0.0000000000,0.0000000000,1.0000000000,0.0000000000,exit_right
63100,1,0.0000000000,0.0000000000,1.0000000000,0.0000000000,exit_right
63200,1,0.0000000000,0.0000000000,0.9957187264,0.0000000000,scatter
63200,2,0.9957187264,0.0000000000,0.7736602756,1.5075857271,scatter
63200,3,0.7736602756,1.5075857271,1.0000000000,1.5358021672,exit_right
63300,1,0.0000000000,0.0000000000,0.5663420831,0.0000000000,absorb
63400,1,0.0000000000,0.0000000000,1.0000000000,0.0000000000,exit_right
63500,1,0.0000000000,0.0000000000,1.0000000000,0.0000000000,exit_right
63600,1,0.0000000000,0.0000000000,0.3341230616,0.0000000000,scatter
63600,2,0.3341230616,0.0000000000,0.0000000000,0.2919946149,exit_left
63700,1,0.0000000000,0.0000000000,0.4554900043,0.0000000000,scatter
63700,2,0.4554900043,0.0000000000,0.3816162390,-0.6616750832,scatter
63700,3,0.3816162390,-0.6616750832,0.0000000000,-1.8491058273,exit_left
63800,1,0.0000000000,0.0000000000,0.5721374354,0.0000000000,scatter
63800,2,0.5721374354,0.0000000000,0.0000000000,-1.9087796497,exit_left
63900,1,0.0000000000,0.0000000000,1.0000000000,0.0000000000,exit_right
64000,1,0.0000000000,0.0000000000,1.0000000000,0.0000000000,exit_right
64100,1,0.0000000000,0.0000000000,1.0000000000,0.0000000000,exit_right
64200,1,0.0000000000,0.0000000000,1.0000000000,0.0000000000,exit_right
64300,1,0.0000000000,0.0000000000,0.9885347609,0.0000000000,absorb
64400,1,0.0000000000,0.0000000000,1.0000000000,0.0000000000,exit_right
64500,1,0.0000000000,0.0000000000,1.0000000000,0.0000000000,exit_right
64600,1,0.0000000000,0.0000000000,1.0000000000,0.0000000000,exit_right
64700,1,0.0000000000,0.0000000000,0.9379213972,0.0000000000,scatter
64700,2,0.9379213972,0.0000000000,0.9050807413,-0.0350379560,scatter
64700,3,0.9050807413,-0.0350379560,1.0000000000,0.1775496659,exit_right
64800,1,0.0000000000,0.0000000000,0.7668673223,0.0000000000,absorb
64900,1,0.0000000000,0.0000000000,1.0000000000,0.0000000000,exit_right
65000,1,0.0000000000,0.0000000000,1.0000000000,0.0000000000,exit_right
65100,1,0.0000000000,0.0000000000,1.0000000000,0.0000000000,exit_right
65200,1,0.0000000000,0.0000000000,1.0000000000,0.0000000000,exit_right
65300,1,0.0000000000,0.0000000000,0.3471057814,0.0000000000,scatter
65300,2,0.3471057814,0.0000000000,1.0000000000,0.3426646234,exit_right
65400,1,0.0000000000,0.0000000000,0.2241221724,0.0000000000,scatter
65400,2,0.2241221724,0.0000000000,1.0000000000,0.7650808162,exit_right
65500,1,0.0000000000,0.0000000000,1.0000000000,0.0000000000,exit_right
65600,1,0.0000000000,0.0000000000,1.0000000000,0.0000000000,exit_right
65700,1,0.0000000000,0.0000000000,0.3595194330,0.0000000000,scatter
65700,2,0.3595194330,0.0000000000,0.0000000000,-0.3046677179,exit_left
65800,1,0.0000000000,0.0000000000,0.0550148144,0.0000000000,scatter
65800,2,0.0550148144,0.0000000000,0.0000000000,0.0381393383,exit_left
65900,1,0.0000000000,0.0000000000,1.0000000000,0.0000000000,exit_right
66000,1,0.0000000000,0.0000000000,1.0000000000,0.0000000000,exit_right
66100,1,0.0000000000,0.0000000000,1.0000000000,0.0000000000,exit_right
66200,1,0.0000000000,0.0000000000,1.0000000000,0.0000000000,exit_right
66300,1,0.0000000000,0.0000000000,0.1913095695,0.0000000000,scatter
66300,2,0.1913095695,0.0000000000,1.0000000000,-1.2062474430,exit_right
66400,1,0.0000000000,0.0000000000,0.1697881088,0.0000000000,scatter
66400,2,0.1697881088,0.0000000000,1.0000000000,1.2237044928,exit_right
66500,1,0.0000000000,0.0000000000,0.4063768857,0.0000000000,scatter
66500,2,0.4063768857,0.0000000000,0.0000000000,-0.5237314058,exit_left
66600,1,0.0000000000,0.0000000000,1.0000000000,0.0000000000,exit_right
66700,1,0.0000000000,0.0000000000,1.0000000000,0.0000000000,exit_right
66800,1,0.0000000000,0.0000000000,1.0000000000,0.0000000000,exit_right
66900,1,0.0000000000,0.0000000000,0.8038081042,0.0000000000,scatter
66900,2,0.8038081042,0.0000000000,1.0000000000,0.0299532027,exit_right
67000,1,0.0000000000,0.0000000000,0.9383628316,0.0000000000,absorb
67100,1,0.0000000000,0.0000000000,1.0000000000,0.0000000000,exit_right
67200,1,0.0000000000,0.0000000000,1.0000000000,0.0000000000,exit_right
67300,1,0.0000000000,0.0000000000,1.0000000000,0.0000000000,exit_right
67400,1,0.0000000000,0.0000000000,1.0000000000,0.0000000000,exit_right
67500,1,0.0000000000,0.0000000000,1.0000000000,0.0000000000,exit_right
67600,1,0.0000000000,0.0000000000,1.0000000000,0.0000000000,exit_right
67700,1,0.0000000000,0.0000000000,0.3729620632,0.0000000000,absorb
67800,1,0.0000000000,0.0000000000,1.0000000000,0.0000000000,exit_right
67900,1,0.0000000000,0.0000000000,1.0000000000,0.0000000000,exit_right
68000,1,0.0000000000,0.0000000000,1.0000000000,0.0000000000,exit_right
68100,1,0.0000000000,0.0000000000,1.0000000000,0.0000000000,exit_right
68200,1,0.0000000000,0.0000000000,1.0000000000,0.0000000000,exit_right
68300,1,0.0000000000,0.0000000000,1.0000000000,0.0000000000,exit_right
68400,1,0.0000000000,0.0000000000,1.0000000000,0.0000000000,exit_right
68500,1,0.0000000000,0.0000000000,1.0000000000,0.0000000000,exit_right
68600,1,0.0000000000,0.0000000000,1.0000000000,0.0000000000,exit_right
68700,1,0.0000000000,0.0000000000,1.0000000000,0.0000000000,exit_right
68800,1,0.0000000000,0.0000000000,1.0000000000,0.0000000000,exit_right
68900,1,0.0000000000,0.0000000000,1.0000000000,0.0000000000,exit_right
69000,1,0.0000000000,0.0000000000,0.2783021933,0.0000000000,scatter
69000,2,0.2783021933,0.0000000000,1.0000000000,-1.9946698944,exit_right
69100,1,0.0000000000,0.0000000000,1.0000000000,0.0000000000,exit_right
69200,1,0.0000000000,0.0000000000,1.0000000000,0.0000000000,exit_right
69300,1,0.0000000000,0.0000000000,1.0000000000,0.0000000000,exit_right
69400,1,0.0000000000,0.0000000000,0.7008848886,0.0000000000,scatter
69400,2,0.7008848886,0.0000000000,0.9097065994,0.1574963109,scatter
69400,3,0.9097065994,0.1574963109,1.0000000000,0.2121728898,exit_right
69500,1,0.0000000000,0.0000000000,0.2968828188,0.0000000000,scatter
69500,2,0.2968828188,0.0000000000,0.7305231495,1.7616204318,scatter
69500,3,0.7305231495,1.7616204318,0.6767898105,1.8747202295,scatter
69500,4,0.6767898105,1.8747202295,0.0000000000,4.3948745825,exit_left
69600,1,0.0000000000,0.0000000000,1.0000000000,0.0000000000,exit_right
69700,1,0.0000000000,0.0000000000,0.2743478229,0.0000000000,scatter
69700,2,0.2743478229,0.0000000000,0.6382369897,-0.8547661910,absorb
69800,1,0.0000000000,0.0000000000,1.0000000000,0.0000000000,exit_right
69900,1,0.0000000000,0.0000000000,1.0000000000,0.0000000000,exit_right
70000,1,0.0000000000,0.0000000000,0.2739212350,0.0000000000,scatter
70000,2,0.2739212350,0.0000000000,0.3249531654,1.0790182140,absorb
70100,1,0.0000000000,0.0000000000,0.3410902174,0.0000000000,absorb
70200,1,0.0000000000,0.0000000000,0.5990181411,0.0000000000,scatter
70200,2,0.5990181411,0.0000000000,0.0000000000,0.1132432208,exit_left
70300,1,0.0000000000,0.0000000000,0.7123919415,0.0000000000,scatter
70300,2,0.7123919415,0.0000000000,1.0000000000,-0.0602369345,exit_right
70400,1,0.0000000000,0.0000000000,1.0000000000,0.0000000000,exit_right
70500,1,0.0000000000,0.0000000000,1.0000000000,0.0000000000,exit_right
70600,1,0.0000000000,0.0000000000,1.0000000000,0.0000000000,exit_right
70700,1,0.0000000000,0.0000000000,0.7547973051,0.0000000000,scatter
70700,2,0.7547973051,0.0000000000,1.0000000000,0.3053490060,exit_right
70800,1,0.0000000000,0.0000000000,1.0000000000,0.0000000000,exit_right
70900,1,0.0000000000,0.0000000000,1.0000000000,0.0000000000,exit_right
71000,1,0.0000000000,0.0000000000,1.0000000000,0.0000000000,exit_right
71100,1,0.0000000000,0.0000000000,1.0000000000,0.0000000000,exit_right
71200,1,0.0000000000,0.0000000000,1.0000000000,0.0000000000,exit_right
71300,1,0.0000000000,0.0000000000,0.0653238591,0.0000000000,scatter
71300,2,0.0653238591,0.0000000000,0.0000000000,-0.1144663910,exit_left
71400,1,0.0000000000,0.0000000000,1.0000000000,0.0000000000,exit_right
71500,1,0.0000000000,0.0000000000,0.6057871811,0.0000000000,scatter
71500,2,0.6057871811,0.0000000000,0.0000000000,0.8590348402,exit_left
71600,1,0.0000000000,0.0000000000,1.0000000000,0.0000000000,exit_right
71700,1,0.0000000000,0.0000000000,0.6033264550,0.0000000000,absorb
71800,1,0.0000000000,0.0000000000,0.6506592528,0.0000000000,scatter
71800,2,0.6506592528,0.0000000000,0.0000000000,-0.3026432148,exit_left
71900,1,0.0000000000,0.0000000000,1.0000000000,0.0000000000,exit_right
72000,1,0.0000000000,0.0000000000,0.6356383368,0.0000000000,scatter
72000,2,0.6356383368,0.0000000000,0.6300056013,0.1421443521,scatter
72000,3,0.6300056013,0.1421443521,1.0000000000,0.6297308624,exit_right
72100,1,0.0000000000,0.0000000000,1.0000000000,0.0000000000,exit_right
72200,1,0.0000000000,0.0000000000,0.1521258713,0.0000000000,scatter
72200,2,0.1521258713,0.0000000000,0.8495727777,0.3681188397,scatter
72200,3,0.8495727777,0.3681188397,0.9729166416,0.3574074519,scatter
72200,4,0.9729166416,0.3574074519,1.0000000000,0.3833926802,exit_right
72300,1,0.0000000000,0.0000000000,1.0000000000,0.0000000000,exit_right
72400,1,0.0000000000,0.0000000000,1.0000000000,0.0000000000,exit_right
72500,1,0.0000000000,0.0000000000,1.0000000000,0.0000000000,exit_right
72600,1,0.0000000000,0.0000000000,1.0000000000,0.0000000000,exit_right
72700,1,0.0000000000,0.0000000000,0.0241103515,0.0000000000,scatter
72700,2,0.0241103515,0.0000000000,1.0000000000,-0.9526140932,exit_right
72800,1,0.0000000000,0.0000000000,0.8153015372,0.0000000000,absorb
72900,1,0.0000000000,0.0000000000,0.0128644485,0.0000000000,scatter
72900,2,0.0128644485,0.0000000000,0.0000000000,0.0017084154,exit_left
73000,1,0.0000000000,0.0000000000,1.0000000000,0.0000000000,exit_right
73100,1,0.0000000000,0.0000000000,0.0777829316,0.0000000000,absorb
73200,1,0.0000000000,0.0000000000,1.0000000000,0.0000000000,exit_right
73300,1,0.0000000000,0.0000000000,0.6558700719,0.0000000000,absorb
73400,1,0.0000000000,0.0000000000,1.0000000000,0.0000000000,exit_right
73500,1,0.0000000000,0.0000000000,0.2998996031,0.0000000000,scatter
73500,2,0.2998996031,0.0000000000,0.0000000000,-0.2393897677,exit_left
73600,1,0.0000000000,0.0000000000,0.9137055730,0.0000000000,scatter
73600,2,0.9137055730,0.0000000000,0.3698731326,0.0379547207,scatter
73600,3,0.3698731326,0.0379547207,0.4937679569,0.7710543510,scatter
73600,4,0.4937679569,0.7710543510,1.0000000000,-0.9794128119,exit_right
73700,1,0.0000000000,0.0000000000,0.4470827284,0.0000000000,scatter
73700,2,0.4470827284,0.0000000000,0.6205264800,-3.1898168860,scatter
73700,3,0.6205264800,-3.1898168860,0.0000000000,-2.8696730150,exit_left
73800,1,0.0000000000,0.0000000000,1.0000000000,0.0000000000,exit_right
73900,1,0.0000000000,0.0000000000,0.3739295717,0.0000000000,scatter
73900,2,0.3739295717,0.0000000000,1.0000000000,0.4377904217,exit_right
74000,1,0.0000000000,0.0000000000,1.0000000000,0.0000000000,exit_right
74100,1,0.0000000000,0.0000000000,1.0000000000,0.0000000000,exit_right
74200,1,0.0000000000,0.0000000000,1.0000000000,0.0000000000,exit_right
74300,1,0.0000000000,0.0000000000,0.0436584240,0.0000000000,absorb
74400,1,0.0000000000,0.0000000000,0.0100346129,0.0000000000,scatter
74400,2,0.0100346129,0.0000000000,0.4058073967,0.8243138080,scatter
74400,3,0.4058073967,0.8243138080,0.0000000000,0.8678096314,exit_left
74500,1,0.0000000000,0.0000000000,0.0514189866,0.0000000000,scatter
74500,2,0.0514189866,0.0000000000,0.0000000000,-0.0417432355,exit_left
74600,1,0.0000000000,0.0000000000,1.0000000000,0.0000000000,exit_right
74700,1,0.0000000000,0.0000000000,1.0000000000,0.0000000000,exit_right
74800,1,0.0000000000,0.0000000000,1.0000000000,0.0000000000,exit_right
74900,1,0.0000000000,0.0000000000,0.2529625891,0.0000000000,scatter
74900,2,0.2529625891,0.0000000000,0.0000000000,-0.3271722495,exit_left
75000,1,0.0000000000,0.0000000000,0.2581312336,0.0000000000,scatter
75000,2,0.2581312336,0.0000000000,1.0000000000,-0.2126277652,exit_right
75100,1,0.0000000000,0.0000000000,1.0000000000,0.0000000000,exit_right
75200,1,0.0000000000,0.0000000000,0.0606474958,0.0000000000,scatter
75200,2,0.0606474958,0.0000000000,0.8972486324,0.8167265771,scatter
75200,3,0.8972486324,0.8167265771,0.7216251365,0.5341307764,scatter
75200,4,0.7216251365,0.5341307764,1.0000000000,0.6041769772,exit_right
75300,1,0.0000000000,0.0000000000,1.0000000000,0.0000000000,exit_right
75400,1,0.0000000000,0.0000000000,0.0691466329,0.0000000000,scatter
75400,2,0.0691466329,0.0000000000,1.0000000000,-0.4509432626,exit_right
75500,1,0.0000000000,0.0000000000,0.1788590065,0.0000000000,scatter
75500,2,0.1788590065,0.0000000000,1.0000000000,0.4437301433,exit_right
75600,1,0.0000000000,0.0000000000,1.0000000000,0.0000000000,exit_right
75700,1,0.0000000000,0.0000000000,0.7782950432,0.0000000000,absorb
75800,1,0.0000000000,0.0000000000,1.0000000000,0.0000000000,exit_right
75900,1,0.0000000000,0.0000000000,1.0000000000,0.0000000000,exit_right
76000,1,0.0000000000,0.0000000000,0.0522702829,0.0000000000,absorb
76100,1,0.0000000000,0.0000000000,0.9212886004,0.0000000000,scatter
76100,2,0.9212886004,0.0000000000,1.0000000000,0.0321408017,exit_right
76200,1,0.0000000000,0.0000000000,0.9300737203,0.0000000000,scatter
76200,2,0.9300737203,0.0000000000,0.0000000000,-0.8559021926,exit_left
76300,1,0.0000000000,0.0000000000,1.0000000000,0.0000000000,exit_right
76400,1,0.0000000000,0.0000000000,0.4325490038,0.0000000000,absorb
76500,1,0.0000000000,0.0000000000,1.0000000000,0.0000000000,exit_right
76600,1,0.0000000000,0.0000000000,1.0000000000,0.0000000000,exit_right
76700,1,0.0000000000,0.0000000000,0.6476641559,0.0000000000,scatter
76700,2,0.6476641559,0.0000000000,1.0000000000,4.1478000754,exit_right
76800,1,0.0000000000,0.0000000000,0.5539869438,0.0000000000,scatter
76800,2,0.5539869438,0.0000000000,1.0000000000,1.6879164293,exit_right
76900,1,0.0000000000,0.0000000000,1.0000000000,0.0000000000,exit_right
77000,1,0.0000000000,0.0000000000,0.9971243897,0.0000000000,scatter
77000,2,0.9971243897,0.0000000000,1.0000000000,0.4161737438,exit_right
77100,1,0.0000000000,0.0000000000,0.0482923467,0.0000000000,scatter
77100,2,0.0482923467,0.0000000000,1.0000000000,0.3408141266,exit_right
77200,1,0.0000000000,0.0000000000,1.0000000000,0.0000000000,exit_right
77300,1,0.0000000000,0.0000000000,1.0000000000,0.0000000000,exit_right
77400,1,0.0000000000,0.0000000000,0.1453237195,0.0000000000,scatter
77400,2,0.1453237195,0.0000000000,1.0000000000,0.5363583847,exit_right
77500,1,0.0000000000,0.0000000000,0.4155585608,0.0000000000,scatter
77500,2,0.4155585608,0.0000000000,0.0000000000,-0.4197671681,exit_left
77600,1,0.0000000000,0.0000000000,1.0000000000,0.0000000000,exit_right
77700,1,0.0000000000,0.0000000000,1.0000000000,0.0000000000,exit_right
77800,1,0.0000000000,0.0000000000,0.4984949737,0.0000000000,scatter
77800,2,0.4984949737,0.0000000000,0.0000000000,-0.0438258868,exit_left
77900,1,0.0000000000,0.0000000000,0.1831988191,0.0000000000,absorb
78000,1,0.0000000000,0.0000000000,1.0000000000,0.0000000000,exit_right
78100,1,0.0000000000,0.0000000000,0.3111828589,0.0000000000,absorb
78200,1,0.0000000000,0.0000000000,1.0000000000,0.0000000000,exit_right
78300,1,0.0000000000,0.0000000000,1.0000000000,0.0000000000,exit_right
78400,1,0.0000000000,0.0000000000,1.0000000000,0.0000000000,exit_right
78500,1,0.0000000000,0.0000000000,1.0000000000,0.0000000000,exit_right
78600,1,0.0000000000,0.0000000000,0.0590651868,0.0000000000,scatter
78600,2,0.0590651868,0.0000000000,0.3629774307,-0.1948479316,scatter
78600,3,0.3629774307,-0.1948479316,0.7865885977,0.7064692686,scatter
78600,4,0.7865885977,0.7064692686,0.0000000000,1.0764202126,exit_left
78700,1,0.0000000000,0.0000000000,0.1182311427,0.0000000000,scatter
78700,2,0.1182311427,0.0000000000,0.4107818074,-0.8886259584,scatter
78700,3,0.4107818074,-0.8886259584,1.0000000000,2.8283106973,exit_right
78800,1,0.0000000000,0.0000000000,1.0000000000,0.0000000000,exit_right
78900,1,0.0000000000,0.0000000000,1.0000000000,0.0000000000,exit_right
79000,1,0.0000000000,0.0000000000,1.0000000000,0.0000000000,exit_right
79100,1,0.0000000000,0.0000000000,1.0000000000,0.0000000000,exit_right
79200,1,0.0000000000,0.0000000000,1.0000000000,0.0000000000,exit_right
79300,1,0.0000000000,0.0000000000,1.0000000000,0.0000000000,exit_right
79400,1,0.0000000000,0.0000000000,1.0000000000,0.0000000000,exit_right
79500,1,0.0000000000,0.0000000000,0.0051892944,0.0000000000,scatter
79500,2,0.0051892944,0.0000000000,0.0000000000,-0.0019270014,exit_left
79600,1,0.0000000000,0.0000000000,1.0000000000,0.0000000000,exit_right
79700,1,0.0000000000,0.0000000000,1.0000000000,0.0000000000,exit_right
79800,1,0.0000000000,0.0000000000,0.6856552074,0.0000000000,absorb
79900,1,0.0000000000,0.0000000000,0.7708035966,0.0000000000,scatter
79900,2,0.7708035966,0.0000000000,1.0000000000,0.0324198061,exit_right
80000,1,0.0000000000,0.0000000000,0.6599229108,0.0000000000,scatter
80000,2,0.6599229108,0.0000000000,0.3562313026,0.4960784421,scatter
80000,3,0.3562313026,0.4960784421,0.3952836442,0.5324344644,scatter
80000,4,0.3952836442,0.5324344644,1.0000000000,0.7147790618,exit_right
80100,1,0.0000000000,0.0000000000,0.0803628298,0.0000000000,scatter
80100,2,0.0803628298,0.0000000000,0.0000000000,-0.0000381846,exit_left
80200,1,0.0000000000,0.0000000000,1.0000000000,0.0000000000,exit_right
80300,1,0.0000000000,0.0000000000,1.0000000000,0.0000000000,exit_right
80400,1,0.0000000000,0.0000000000,0.0433989403,0.0000000000,scatter
80400,2,0.0433989403,0.0000000000,0.0000000000,0.0371746539,exit_left
80500,1,0.0000000000,0.0000000000,1.0000000000,0.0000000000,exit_right
80600,1,0.0000000000,0.0000000000,1.0000000000,0.0000000000,exit_right
80700,1,0.0000000000,0.0000000000,0.2334874464,0.0000000000,scatter
80700,2,0.2334874464,0.0000000000,1.0000000000,0.2495322394,exit_right
80800,1,0.0000000000,0.0000000000,1.0000000000,0.0000000000,exit_right
80900,1,0.0000000000,0.0000000000,0.4079105357,0.0000000000,absorb
81000,1,0.0000000000,0.0000000000,1.0000000000,0.0000000000,exit_right
81100,1,0.0000000000,0.0000000000,0.9660372238,0.0000000000,absorb
81200,1,0.0000000000,0.0000000000,0.4118258552,0.0000000000,scatter
81200,2,0.4118258552,0.0000000000,0.5149070862,0.1183422299,absorb
81300,1,0.0000000000,0.0000000000,1.0000000000,0.0000000000,exit_right
81400,1,0.0000000000,0.0000000000,1.0000000000,0.0000000000,exit_right
81500,1,0.0000000000,0.0000000000,1.0000000000,0.0000000000,exit_right
81600,1,0.0000000000,0.0000000000,1.0000000000,0.0000000000,exit_right
81700,1,0.0000000000,0.0000000000,0.7371699514,0.0000000000,scatter
81700,2,0.7371699514,0.0000000000,0.0000000000,1.0589712183,exit_left
81800,1,0.0000000000,0.0000000000,1.0000000000,0.0000000000,exit_right
81900,1,0.0000000000,0.0000000000,0.1710423719,0.0000000000,scatter
81900,2,0.1710423719,0.0000000000,0.5150531194,0.2510617246,scatter
81900,3,0.5150531194,0.2510617246,0.0000000000,0.8638121640,exit_left
82000,1,0.0000000000,0.0000000000,1.0000000000,0.0000000000,exit_right
82100,1,0.0000000000,0.0000000000,0.0199729440,0.0000000000,scatter
82100,2,0.0199729440,0.0000000000,0.0000000000,0.0119984012,exit_left
82200,1,0.0000000000,0.0000000000,0.3354660318,0.0000000000,absorb
82300,1,0.0000000000,0.0000000000,1.0000000000,0.0000000000,exit_right
82400,1,0.0000000000,0.0000000000,0.5795126984,0.0000000000,scatter
82400,2,0.5795126984,0.0000000000,0.0000000000,0.0914670044,exit_left
82500,1,0.0000000000,0.0000000000,1.0000000000,0.0000000000,exit_right
82600,1,0.0000000000,0.0000000000,1.0000000000,0.0000000000,exit_right
82700,1,0.0000000000,0.0000000000,0.2815136265,0.0000000000,scatter
82700,2,0.2815136265,0.0000000000,0.0000000000,-0.1530076550,exit_left
82800,1,0.0000000000,0.0000000000,1.0000000000,0.0000000000,exit_right
82900,1,0.0000000000,0.0000000000,1.0000000000,0.0000000000,exit_right
83000,1,0.0000000000,0.0000000000,1.0000000000,0.0000000000,exit_right
83100,1,0.0000000000,0.0000000000,0.6961002858,0.0000000000,scatter
83100,2,0.6961002858,0.0000000000,0.8859280410,-0.0554344974,scatter
83100,3,0.8859280410,-0.0554344974,0.9488526136,-0.0266962562,scatter
83100,4,0.9488526136,-0.0266962562,0.0000000000,0.2433040898,exit_left
83200,1,0.0000000000,0.0000000000,0.4085907577,0.0000000000,scatter
83200,2,0.4085907577,0.0000000000,0.4118207604,-0.1153849473,scatter
83200,3,0.4118207604,-0.1153849473,1.0000000000,-0.1480571034,exit_right
83300,1,0.0000000000,0.0000000000,1.0000000000,0.0000000000,exit_right
83400,1,0.0000000000,0.0000000000,1.0000000000,0.0000000000,exit_right
83500,1,0.0000000000,0.0000000000,1.0000000000,0.0000000000,exit_right
83600,1,0.0000000000,0.0000000000,1.0000000000,0.0000000000,exit_right
83700,1,0.0000000000,0.0000000000,1.0000000000,0.0000000000,exit_right
83800,1,0.0000000000,0.0000000000,1.0000000000,0.0000000000,exit_right
83900,1,0.0000000000,0.0000000000,1.0000000000,0.0000000000,exit_right
84000,1,0.0000000000,0.0000000000,1.0000000000,0.0000000000,exit_right
84100,1,0.0000000000,0.0000000000,1.0000000000,0.0000000000,exit_right
84200,1,0.0000000000,0.0000000000,1.0000000000,0.0000000000,exit_right
84300,1,0.0000000000,0.0000000000,0.9536083048,0.0000000000,scatter
84300,2,0.9536083048,0.0000000000,0.0000000000,0.3187811013,exit_left
84400,1,0.0000000000,0.0000000000,0.6924295353,0.0000000000,scatter
84400,2,0.6924295353,0.0000000000,0.2866271773,-0.4280328909,scatter
84400,3,0.2866271773,-0.4280328909,0.0000000000,0.5767364542,exit_left
84500,1,0.0000000000,0.0000000000,0.9224480863,0.0000000000,scatter
84500,2,0.9224480863,0.0000000000,0.4440281949,2.4593642863,scatter
84500,3,0.4440281949,2.4593642863,1.0000000000,1.2955194482,exit_right
84600,1,0.0000000000,0.0000000000,0.5823074298,0.0000000000,scatter
84600,2,0.5823074298,0.0000000000,0.4864031921,0.1185190810,scatter
84600,3,0.4864031921,0.1185190810,1.0000000000,1.4832166838,exit_right
84700,1,0.0000000000,0.0000000000,0.4552217631,0.0000000000,scatter
84700,2,0.4552217631,0.0000000000,0.4174992966,-0.2630410669,scatter
84700,3,0.4174992966,-0.2630410669,0.4222271232,-0.2632432378,scatter
84700,4,0.4222271232,-0.2632432378,0.0000000000,-0.5820948626,exit_left
84800,1,0.0000000000,0.0000000000,1.0000000000,0.0000000000,exit_right
84900,1,0.0000000000,0.0000000000,0.2005542581,0.0000000000,scatter
84900,2,0.2005542581,0.0000000000,1.0000000000,-0.1060523904,exit_right
85000,1,0.0000000000,0.0000000000,1.0000000000,0.0000000000,exit_right
85100,1,0.0000000000,0.0000000000,1.0000000000,0.0000000000,exit_right
85200,1,0.0000000000,0.0000000000,1.0000000000,0.0000000000,exit_right
85300,1,0.0000000000,0.0000000000,1.0000000000,0.0000000000,exit_right
85400,1,0.0000000000,0.0000000000,1.0000000000,0.0000000000,exit_right
85500,1,0.0000000000,0.0000000000,1.0000000000,0.0000000000,exit_right
85600,1,0.0000000000,0.0000000000,1.0000000000,0.0000000000,exit_right
85700,1,0.0000000000,0.0000000000,0.6543826869,0.0000000000,scatter
85700,2,0.6543826869,0.0000000000,0.7520497911,0.2653221312,scatter
85700,3,0.7520497911,0.2653221312,1.0000000000,0.0662307793,exit_right
85800,1,0.0000000000,0.0000000000,0.1683377779,0.0000000000,absorb
85900,1,0.0000000000,0.0000000000,0.1350467729,0.0000000000,scatter
85900,2,0.1350467729,0.0000000000,0.4202891129,-0.1346541377,scatter
85900,3,0.4202891129,-0.1346541377,1.0000000000,0.3634383248,exit_right
86000,1,0.0000000000,0.0000000000,1.0000000000,0.0000000000,exit_right
86100,1,0.0000000000,0.0000000000,0.5994178905,0.0000000000,scatter
86100,2,0.5994178905,0.0000000000,0.9300078598,0.5777410652,scatter
86100,3,0.9300078598,0.5777410652,1.0000000000,0.5347466519,exit_right
86200,1,0.0000000000,0.0000000000,1.0000000000,0.0000000000,exit_right
86300,1,0.0000000000,0.0000000000,1.0000000000,0.0000000000,exit_right
86400,1,0.0000000000,0.0000000000,1.0000000000,0.0000000000,exit_right
86500,1,0.0000000000,0.0000000000,0.0485045024,0.0000000000,scatter
86500,2,0.0485045024,0.0000000000,0.3286679577,-0.0274501631,scatter
86500,3,0.3286679577,-0.0274501631,0.0000000000,-2.3953612810,exit_left
86600,1,0.0000000000,0.0000000000,0.8026188309,0.0000000000,scatter
86600,2,0.8026188309,0.0000000000,0.2908972892,-0.9120994336,scatter
86600,3,0.2908972892,-0.9120994336,0.3679276873,-1.1532402102,absorb
86700,1,0.0000000000,0.0000000000,1.0000000000,0.0000000000,exit_right
86800,1,0.0000000000,0.0000000000,0.6804089789,0.0000000000,scatter
86800,2,0.6804089789,0.0000000000,1.0000000000,0.0821390133,exit_right
86900,1,0.0000000000,0.0000000000,0.2152718447,0.0000000000,scatter
86900,2,0.2152718447,0.0000000000,0.1789884005,1.5498828015,scatter
86900,3,0.1789884005,1.5498828015,0.0000000000,1.5428569162,exit_left
87000,1,0.0000000000,0.0000000000,1.0000000000,0.0000000000,exit_right
87100,1,0.0000000000,0.0000000000,1.0000000000,0.0000000000,exit_right
87200,1,0.0000000000,0.0000000000,1.0000000000,0.0000000000,exit_right
87300,1,0.0000000000,0.0000000000,0.2277813637,0.0000000000,scatter
87300,2,0.2277813637,0.0000000000,1.0000000000,1.3136205299,exit_right
87400,1,0.0000000000,0.0000000000,0.0355323918,0.0000000000,scatter
87400,2,0.0355323918,0.0000000000,1.0000000000,0.5482081664,exit_right
87500,1,0.0000000000,0.0000000000,0.4913677060,0.0000000000,scatter
87500,2,0.4913677060,0.0000000000,0.5167532469,0.0071101350,scatter
87500,3,0.5167532469,0.0071101350,0.1162704777,-0.0782700335,scatter
87500,4,0.1162704777,-0.0782700335,0.7470351788,-0.4660988508,scatter
87500,5,0.7470351788,-0.4660988508,0.2577983017,-0.1712228221,scatter
87500,6,0.2577983017,-0.1712228221,0.3308057189,-1.5054153789,absorb
87600,1,0.0000000000,0.0000000000,1.0000000000,0.0000000000,exit_right
87700,1,0.0000000000,0.0000000000,1.0000000000,0.0000000000,exit_right
87800,1,0.0000000000,0.0000000000,0.2129630996,0.0000000000,scatter
87800,2,0.2129630996,0.0000000000,0.0000000000,-0.2106850228,exit_left
87900,1,0.0000000000,0.0000000000,1.0000000000,0.0000000000,exit_right
88000,1,0.0000000000,0.0000000000,1.0000000000,0.0000000000,exit_right
88100,1,0.0000000000,0.0000000000,0.9177340133,0.0000000000,scatter
88100,2,0.9177340133,0.0000000000,0.9027904881,0.1870653303,scatter
88100,3,0.9027904881,0.1870653303,0.9064085452,0.2088700446,scatter
88100,4,0.9064085452,0.2088700446,1.0000000000,-0.0281501162,exit_right
88200,1,0.0000000000,0.0000000000,0.7117992152,0.0000000000,scatter
88200,2,0.7117992152,0.0000000000,0.8128677730,0.5224695204,absorb
88300,1,0.0000000000,0.0000000000,1.0000000000,0.0000000000,exit_right
88400,1,0.0000000000,0.0000000000,1.0000000000,0.0000000000,exit_right
88500,1,0.0000000000,0.0000000000,1.0000000000,0.0000000000,exit_right
88600,1,0.0000000000,0.0000000000,0.5360809356,0.0000000000,scatter
88600,2,0.5360809356,0.0000000000,0.0000000000,-0.6744204193,exit_left
88700,1,0.0000000000,0.0000000000,1.0000000000,0.0000000000,exit_right
88800,1,0.0000000000,0.0000000000,1.0000000000,0.0000000000,exit_right
88900,1,0.0000000000,0.0000000000,1.0000000000,0.0000000000,exit_right
89000,1,0.0000000000,0.0000000000,0.5597214240,0.0000000000,scatter
89000,2,0.5597214240,0.0000000000,0.0490787032,0.0222678483,scatter
89000,3,0.0490787032,0.0222678483,0.0000000000,0.0469591065,exit_left
89100,1,0.0000000000,0.0000000000,0.0372507309,0.0000000000,absorb
89200,1,0.0000000000,0.0000000000,1.0000000000,0.0000000000,exit_right
89300,1,0.0000000000,0.0000000000,1.0000000000,0.0000000000,exit_right
89400,1,0.0000000000,0.0000000000,1.0000000000,0.0000000000,exit_right
89500,1,0.0000000000,0.0000000000,1.0000000000,0.0000000000,exit_right
89600,1,0.0000000000,0.0000000000,1.0000000000,0.0000000000,exit_right
89700,1,0.0000000000,0.0000000000,0.0317536492,0.0000000000,scatter
89700,2,0.0317536492,0.0000000000,0.0000000000,-0.0027710694,exit_left
89800,1,0.0000000000,0.0000000000,1.0000000000,0.0000000000,exit_right
89900,1,0.0000000000,0.0000000000,1.0000000000,0.0000000000,exit_right
90000,1,0.0000000000,0.0000000000,1.0000000000,0.0000000000,exit_right
90100,1,0.0000000000,0.0000000000,0.7935720692,0.0000000000,scatter
90100,2,0.7935720692,0.0000000000,0.7937198613,0.0003209768,scatter
90100,3,0.7937198613,0.0003209768,1.0000000000,-0.3554471139,exit_right
90200,1,0.0000000000,0.0000000000,1.0000000000,0.0000000000,exit_right
90300,1,0.0000000000,0.0000000000,1.0000000000,0.0000000000,exit_right
90400,1,0.0000000000,0.0000000000,0.8047230948,0.0000000000,scatter
90400,2,0.8047230948,0.0000000000,0.0000000000,0.0314960069,exit_left
90500,1,0.0000000000,0.0000000000,1.0000000000,0.0000000000,exit_right
90600,1,0.0000000000,0.0000000000,1.0000000000,0.0000000000,exit_right
90700,1,0.0000000000,0.0000000000,0.5175792375,0.0000000000,scatter
90700,2,0.5175792375,0.0000000000,1.0000000000,-0.4665554802,exit_right
90800,1,0.0000000000,0.0000000000,1.0000000000,0.0000000000,exit_right
90900,1,0.0000000000,0.0000000000,1.0000000000,0.0000000000,exit_right
91000,1,0.0000000000,0.0000000000,0.1407733679,0.0000000000,scatter
91000,2,0.1407733679,0.0000000000,0.0000000000,0.1636943430,exit_left
91100,1,0.0000000000,0.0000000000,0.1210425874,0.0000000000,scatter
91100,2,0.1210425874,0.0000000000,0.7986310169,2.3532777497,scatter
91100,3,0.7986310169,2.3532777497,1.0000000000,2.3585595812,exit_right
91200,1,0.0000000000,0.0000000000,1.0000000000,0.0000000000,exit_right
91300,1,0.0000000000,0.0000000000,0.2358842389,0.0000000000,scatter
91300,2,0.2358842389,0.0000000000,0.0000000000,0.4048438187,exit_left
91400,1,0.0000000000,0.0000000000,0.2187785945,0.0000000000,scatter
91400,2,0.2187785945,0.0000000000,0.5138322446,0.4644268630,scatter
91400,3,0.5138322446,0.4644268630,0.0000000000,-0.4518554806,exit_left
91500,1,0.0000000000,0.0000000000,1.0000000000,0.0000000000,exit_right
91600,1,0.0000000000,0.0000000000,1.0000000000,0.0000000000,exit_right
91700,1,0.0000000000,0.0000000000,1.0000000000,0.0000000000,exit_right
91800,1,0.0000000000,0.0000000000,0.4518717795,0.0000000000,scatter
91800,2,0.4518717795,0.0000000000,1.0000000000,-1.4974830578,exit_right
91900,1,0.0000000000,0.0000000000,1.0000000000,0.0000000000,exit_right
92000,1,0.0000000000,0.0000000000,1.0000000000,0.0000000000,exit_right
92100,1,0.0000000000,0.0000000000,1.0000000000,0.0000000000,exit_right
92200,1,0.0000000000,0.0000000000,0.4348117758,0.0000000000,scatter
92200,2,0.4348117758,0.0000000000,0.0000000000,0.0173371877,exit_left
92300,1,0.0000000000,0.0000000000,1.0000000000,0.0000000000,exit_right
92400,1,0.0000000000,0.0000000000,1.0000000000,0.0000000000,exit_right
92500,1,0.0000000000,0.0000000000,1.0000000000,0.0000000000,exit_right
92600,1,0.0000000000,0.0000000000,1.0000000000,0.0000000000,exit_right
92700,1,0.0000000000,0.0000000000,1.0000000000,0.0000000000,exit_right
92800,1,0.0000000000,0.0000000000,1.0000000000,0.0000000000,exit_right
92900,1,0.0000000000,0.0000000000,1.0000000000,0.0000000000,exit_right
93000,1,0.0000000000,0.0000000000,0.8813252774,0.0000000000,scatter
93000,2,0.8813252774,0.0000000000,0.8996871873,0.0224135959,scatter
93000,3,0.8996871873,0.0224135959,0.4901155683,1.3119969446,scatter
93000,4,0.4901155683,1.3119969446,0.0198286552,1.3484493364,scatter
93000,5,0.0198286552,1.3484493364,0.9004508705,-2.2251860228,scatter
93000,6,0.9004508705,-2.2251860228,0.6267921065,-2.3058061257,scatter
93000,7,0.6267921065,-2.3058061257,0.6475478803,-2.3724140125,absorb
93100,1,0.0000000000,0.0000000000,0.9311655280,0.0000000000,scatter
93100,2,0.9311655280,0.0000000000,0.2078959275,-2.7657247591,scatter
93100,3,0.2078959275,-2.7657247591,0.9656728920,2.0445621267,scatter
93100,4,0.9656728920,2.0445621267,0.8818007423,2.1340843896,scatter
93100,5,0.8818007423,2.1340843896,0.2102800676,2.2899789569,scatter
93100,6,0.2102800676,2.2899789569,1.0000000000,2.9359025430,exit_right
93200,1,0.0000000000,0.0000000000,1.0000000000,0.0000000000,exit_right
93300,1,0.0000000000,0.0000000000,1.0000000000,0.0000000000,exit_right
93400,1,0.0000000000,0.0000000000,1.0000000000,0.0000000000,exit_right
93500,1,0.0000000000,0.0000000000,0.4112881248,0.0000000000,scatter
93500,2,0.4112881248,0.0000000000,0.4298244431,0.7771129190,scatter
93500,3,0.4298244431,0.7771129190,1.0000000000,1.1974346678,exit_right
93600,1,0.0000000000,0.0000000000,1.0000000000,0.0000000000,exit_right
93700,1,0.0000000000,0.0000000000,1.0000000000,0.0000000000,exit_right
93800,1,0.0000000000,0.0000000000,0.5170832421,0.0000000000,scatter
93800,2,0.5170832421,0.0000000000,0.2183425520,0.3634028185,scatter
93800,3,0.2183425520,0.3634028185,1.0000000000,1.1229685042,exit_right
93900,1,0.0000000000,0.0000000000,1.0000000000,0.0000000000,exit_right
94000,1,0.0000000000,0.0000000000,0.1070513898,0.0000000000,scatter
94000,2,0.1070513898,0.0000000000,1.0000000000,-0.3643685172,exit_right
94100,1,0.0000000000,0.0000000000,0.7198754609,0.0000000000,scatter
94100,2,0.7198754609,0.0000000000,1.0000000000,0.3492672913,exit_right
94200,1,0.0000000000,0.0000000000,1.0000000000,0.0000000000,exit_right
94300,1,0.0000000000,0.0000000000,0.1644382547,0.0000000000,scatter
94300,2,0.1644382547,0.0000000000,1.0000000000,-0.1979310994,exit_right
94400,1,0.0000000000,0.0000000000,1.0000000000,0.0000000000,exit_right
94500,1,0.0000000000,0.0000000000,0.8774558061,0.0000000000,scatter
94500,2,0.8774558061,0.0000000000,1.0000000000,-0.2424368832,exit_right
94600,1,0.0000000000,0.0000000000,1.0000000000,0.0000000000,exit_right
94700,1,0.0000000000,0.0000000000,0.5087988203,0.0000000000,absorb
94800,1,0.0000000000,0.0000000000,0.8916376984,0.0000000000,scatter
94800,2,0.8916376984,0.0000000000,1.0000000000,0.0332458149,exit_right
94900,1,0.0000000000,0.0000000000,1.0000000000,0.0000000000,exit_right
95000,1,0.0000000000,0.0000000000,0.6083011682,0.0000000000,scatter
95000,2,0.6083011682,0.0000000000,0.4546334257,-1.9526753982,absorb
95100,1,0.0000000000,0.0000000000,0.3005828579,0.0000000000,scatter
95100,2,0.3005828579,0.0000000000,0.4210515304,-0.2038035429,scatter
95100,3,0.4210515304,-0.2038035429,0.5060305888,-0.3960012129,scatter
95100,4,0.5060305888,-0.3960012129,0.4224353689,-1.6635472873,scatter
95100,5,0.4224353689,-1.6635472873,0.0000000000,-1.8352235967,exit_left
95200,1,0.0000000000,0.0000000000,0.2994273678,0.0000000000,absorb
95300,1,0.0000000000,0.0000000000,0.6691966500,0.0000000000,scatter
95300,2,0.6691966500,0.0000000000,1.0000000000,-0.0028247821,exit_right
95400,1,0.0000000000,0.0000000000,1.0000000000,0.0000000000,exit_right
95500,1,0.0000000000,0.0000000000,1.0000000000,0.0000000000,exit_right
95600,1,0.0000000000,0.0000000000,0.5105368252,0.0000000000,scatter
95600,2,0.5105368252,0.0000000000,0.0000000000,0.2029661248,exit_left
95700,1,0.0000000000,0.0000000000,0.3199740298,0.0000000000,scatter
95700,2,0.3199740298,0.0000000000,0.0000000000,-0.2544513383,exit_left
95800,1,0.0000000000,0.0000000000,1.0000000000,0.0000000000,exit_right
95900,1,0.0000000000,0.0000000000,1.0000000000,0.0000000000,exit_right
96000,1,0.0000000000,0.0000000000,1.0000000000,0.0000000000,exit_right
96100,1,0.0000000000,0.0000000000,0.4478821155,0.0000000000,scatter
96100,2,0.4478821155,0.0000000000,0.0000000000,-0.7265893397,exit_left
96200,1,0.0000000000,0.0000000000,1.0000000000,0.0000000000,exit_right
96300,1,0.0000000000,0.0000000000,1.0000000000,0.0000000000,exit_right
96400,1,0.0000000000,0.0000000000,1.0000000000,0.0000000000,exit_right
96500,1,0.0000000000,0.0000000000,1.0000000000,0.0000000000,exit_right
96600,1,0.0000000000,0.0000000000,1.0000000000,0.0000000000,exit_right
96700,1,0.0000000000,0.0000000000,0.9432252349,0.0000000000,scatter
96700,2,0.9432252349,0.0000000000,0.5910601033,2.2945679664,absorb
96800,1,0.0000000000,0.0000000000,1.0000000000,0.0000000000,exit_right
96900,1,0.0000000000,0.0000000000,1.0000000000,0.0000000000,exit_right
97000,1,0.0000000000,0.0000000000,1.0000000000,0.0000000000,exit_right
97100,1,0.0000000000,0.0000000000,1.0000000000,0.0000000000,exit_right
97200,1,0.0000000000,0.0000000000,0.0425766952,0.0000000000,scatter
97200,2,0.0425766952,0.0000000000,0.4357000167,3.1236569380,scatter
97200,3,0.4357000167,3.1236569380,0.3950581540,2.9357066082,scatter
97200,4,0.3950581540,2.9357066082,0.9703323438,3.0542579011,absorb
97300,1,0.0000000000,0.0000000000,1.0000000000,0.0000000000,exit_right
97400,1,0.0000000000,0.0000000000,1.0000000000,0.0000000000,exit_right
97500,1,0.0000000000,0.0000000000,1.0000000000,0.0000000000,exit_right
97600,1,0.0000000000,0.0000000000,1.0000000000,0.0000000000,exit_right
97700,1,0.0000000000,0.0000000000,1.0000000000,0.0000000000,exit_right
97800,1,0.0000000000,0.0000000000,1.0000000000,0.0000000000,exit_right
97900,1,0.0000000000,0.0000000000,0.0324522305,0.0000000000,scatter
97900,2,0.0324522305,0.0000000000,0.4665879832,-1.6234408720,scatter
97900,3,0.4665879832,-1.6234408720,0.5233415094,-0.3869079471,scatter
97900,4,0.5233415094,-0.3869079471,0.6939342796,-0.4573662113,scatter
97900,5,0.6939342796,-0.4573662113,1.0000000000,-0.4692637316,exit_right
98000,1,0.0000000000,0.0000000000,0.0663161110,0.0000000000,scatter
98000,2,0.0663161110,0.0000000000,1.0000000000,0.0692725836,exit_right
98100,1,0.0000000000,0.0000000000,1.0000000000,0.0000000000,exit_right
98200,1,0.0000000000,0.0000000000,0.2817502040,0.0000000000,scatter
98200,2,0.2817502040,0.0000000000,0.0000000000,0.1355264384,exit_left
98300,1,0.0000000000,0.0000000000,1.0000000000,0.0000000000,exit_right
98400,1,0.0000000000,0.0000000000,0.8830606658,0.0000000000,scatter
98400,2,0.8830606658,0.0000000000,0.6641646588,0.0558320021,scatter
98400,3,0.6641646588,0.0558320021,1.0000000000,-0.7276719521,exit_right
98500,1,0.0000000000,0.0000000000,0.3635374134,0.0000000000,scatter
98500,2,0.3635374134,0.0000000000,0.7842520978,0.1864129004,scatter
98500,3,0.7842520978,0.1864129004,0.0000000000,1.6022534747,exit_left
98600,1,0.0000000000,0.0000000000,0.4633070228,0.0000000000,scatter
98600,2,0.4633070228,0.0000000000,0.4957906421,-0.0177441174,scatter
98600,3,0.4957906421,-0.0177441174,0.8794686138,0.1838051316,scatter
98600,4,0.8794686138,0.1838051316,0.9840383656,-0.2768295884,scatter
98600,5,0.9840383656,-0.2768295884,1.0000000000,-0.2894076857,exit_right
98700,1,0.0000000000,0.0000000000,0.3660544027,0.0000000000,scatter
98700,2,0.3660544027,0.0000000000,0.2146090322,-0.0600577021,scatter
98700,3,0.2146090322,-0.0600577021,0.6786844895,-1.4409687234,scatter
98700,4,0.6786844895,-1.4409687234,0.9908561224,-1.4652796730,scatter
98700,5,0.9908561224,-1.4652796730,1.0000000000,-1.4564878825,exit_right
98800,1,0.0000000000,0.0000000000,1.0000000000,0.0000000000,exit_right
98900,1,0.0000000000,0.0000000000,1.0000000000,0.0000000000,exit_right
99000,1,0.0000000000,0.0000000000,0.6979031508,0.0000000000,scatter
99000,2,0.6979031508,0.0000000000,0.5364467976,0.0239075765,scatter
99000,3,0.5364467976,0.0239075765,1.0000000000,-3.2334141605,exit_right
99100,1,0.0000000000,0.0000000000,1.0000000000,0.0000000000,exit_right
99200,1,0.0000000000,0.0000000000,0.4292407138,0.0000000000,scatter
99200,2,0.4292407138,0.0000000000,0.0000000000,-0.8665992294,exit_left
99300,1,0.0000000000,0.0000000000,0.0985438051,0.0000000000,scatter
99300,2,0.0985438051,0.0000000000,0.8325622356,-1.7526040454,scatter
99300,3,0.8325622356,-1.7526040454,1.0000000000,-1.4989092163,exit_right
99400,1,0.0000000000,0.0000000000,1.0000000000,0.0000000000,exit_right
99500,1,0.0000000000,0.0000000000,0.2897895383,0.0000000000,scatter
99500,2,0.2897895383,0.0000000000,0.1308185596,0.0974201513,scatter
99500,3,0.1308185596,0.0974201513,1.0000000000,0.7380891752,exit_right
99600,1,0.0000000000,0.0000000000,0.0194646104,0.0000000000,scatter
99600,2,0.0194646104,0.0000000000,0.0000000000,-0.0302804582,exit_left
99700,1,0.0000000000,0.0000000000,0.0619987851,0.0000000000,scatter
99700,2,0.0619987851,0.0000000000,0.0000000000,0.1206991665,exit_left
99800,1,0.0000000000,0.0000000000,1.0000000000,0.0000000000,exit_right
99900,1,0.0000000000,0.0000000000,1.0000000000,0.0000000000,exit_right
100000,1,0.0000000000,0.0000000000,0.5358354145,0.0000000000,scatter
100000,2,0.5358354145,0.0000000000,1.0000000000,-0.8888287436,exit_right
