neutron_id,step,x_start,y_start,x_end,y_end,event
100,1,0.0000000000,0.0000000000,2.7500000000,0.0000000000,exit_right
200,1,0.0000000000,0.0000000000,2.7500000000,0.0000000000,exit_right
300,1,0.0000000000,0.0000000000,0.2641451384,0.0000000000,scatter
300,2,0.2641451384,0.0000000000,0.1066513105,0.0291466100,scatter
300,3,0.1066513105,0.0291466100,0.7243586096,-3.4024855827,scatter
300,4,0.7243586096,-3.4024855827,0.7597536338,-2.8379105385,scatter
300,5,0.7597536338,-2.8379105385,2.7500000000,-6.6814695394,exit_right
400,1,0.0000000000,0.0000000000,0.8662172114,0.0000000000,scatter
400,2,0.8662172114,0.0000000000,0.3650659768,0.6474311188,scatter
400,3,0.3650659768,0.6474311188,0.1505289399,3.1105883416,absorb
500,1,0.0000000000,0.0000000000,0.7643785917,0.0000000000,absorb
600,1,0.0000000000,0.0000000000,0.7664998503,0.0000000000,absorb
700,1,0.0000000000,0.0000000000,2.6276082892,0.0000000000,scatter
700,2,2.6276082892,0.0000000000,0.9608008421,1.8505802629,scatter
700,3,0.9608008421,1.8505802629,0.9679752164,1.9537384484,scatter
700,4,0.9679752164,1.9537384484,1.2897533136,2.0535589023,scatter
700,5,1.2897533136,2.0535589023,1.8440842753,2.8881041893,scatter
700,6,1.8440842753,2.8881041893,0.0000000000,1.7828402331,exit_left
800,1,0.0000000000,0.0000000000,0.2016325009,0.0000000000,scatter
800,2,0.2016325009,0.0000000000,0.0000000000,1.0694939117,exit_left
900,1,0.0000000000,0.0000000000,2.7500000000,0.0000000000,exit_right
1000,1,0.0000000000,0.0000000000,2.7500000000,0.0000000000,exit_right
1100,1,0.0000000000,0.0000000000,2.0778742010,0.0000000000,scatter
1100,2,2.0778742010,0.0000000000,0.0000000000,-0.3193103992,exit_left
1200,1,0.0000000000,0.0000000000,2.6889309876,0.0000000000,scatter
1200,2,2.6889309876,0.0000000000,2.7500000000,-0.0406145805,exit_right
1300,1,0.0000000000,0.0000000000,0.4227883433,0.0000000000,scatter
1300,2,0.4227883433,0.0000000000,0.2765654637,-0.7308285349,scatter
1300,3,0.2765654637,-0.7308285349,2.7500000000,0.4068645825,exit_right
1400,1,0.0000000000,0.0000000000,0.4202892392,0.0000000000,absorb
1500,1,0.0000000000,0.0000000000,0.0902955634,0.0000000000,scatter
1500,2,0.0902955634,0.0000000000,0.2334181424,0.0611828894,scatter
1500,3,0.2334181424,0.0611828894,0.0000000000,0.1214541055,exit_left
1600,1,0.0000000000,0.0000000000,0.8976097534,0.0000000000,scatter
1600,2,0.8976097534,0.0000000000,0.3702295341,0.0183092488,scatter
1600,3,0.3702295341,0.0183092488,0.6134606095,0.2084662595,scatter
1600,4,0.6134606095,0.2084662595,0.0000000000,-0.2516404484,exit_left
1700,1,0.0000000000,0.0000000000,1.7532013135,0.0000000000,scatter
1700,2,1.7532013135,0.0000000000,2.7500000000,-0.2258696457,exit_right
1800,1,0.0000000000,0.0000000000,0.8978000561,0.0000000000,scatter
1800,2,0.8978000561,0.0000000000,0.6410699375,0.3473960456,scatter
1800,3,0.6410699375,0.3473960456,1.9023495597,2.9475545594,scatter
1800,4,1.9023495597,2.9475545594,1.5182372516,2.9847418981,absorb
1900,1,0.0000000000,0.0000000000,2.3739864099,0.0000000000,scatter
1900,2,2.3739864099,0.0000000000,2.3053160055,-0.1182006717,scatter
1900,3,2.3053160055,-0.1182006717,1.5331740077,-0.5855098000,scatter
1900,4,1.5331740077,-0.5855098000,2.6301224640,-1.0981112790,scatter
1900,5,2.6301224640,-1.0981112790,2.7500000000,-1.3459092475,exit_right
2000,1,0.0000000000,0.0000000000,1.9486213774,0.0000000000,scatter
2000,2,1.9486213774,0.0000000000,1.4382017484,-0.9158683968,scatter
2000,3,1.4382017484,-0.9158683968,2.7500000000,-2.0463116363,exit_right
2100,1,0.0000000000,0.0000000000,1.1638789585,0.0000000000,scatter
2100,2,1.1638789585,0.0000000000,1.0562012379,-0.2829913764,scatter
2100,3,1.0562012379,-0.2829913764,1.1304513626,-0.6302209165,scatter
2100,4,1.1304513626,-0.6302209165,2.7500000000,-2.1862287419,exit_right
2200,1,0.0000000000,0.0000000000,1.6206149445,0.0000000000,scatter
2200,2,1.6206149445,0.0000000000,0.0000000000,0.3987423789,exit_left
2300,1,0.0000000000,0.0000000000,0.4241837147,0.0000000000,scatter
2300,2,0.4241837147,0.0000000000,0.5363722879,-0.1524824594,absorb
2400,1,0.0000000000,0.0000000000,2.7500000000,0.0000000000,exit_right
2500,1,0.0000000000,0.0000000000,0.8535469427,0.0000000000,scatter
2500,2,0.8535469427,0.0000000000,1.9737765840,-1.4946225844,scatter
2500,3,1.9737765840,-1.4946225844,0.8309178208,1.5474432849,scatter
2500,4,0.8309178208,1.5474432849,2.7500000000,1.4605211550,exit_right
2600,1,0.0000000000,0.0000000000,1.6680088746,0.0000000000,absorb
2700,1,0.0000000000,0.0000000000,1.1421334395,0.0000000000,scatter
2700,2,1.1421334395,0.0000000000,1.0473272220,-1.9219165154,scatter
2700,3,1.0473272220,-1.9219165154,2.5838181844,-2.6370847473,scatter
2700,4,2.5838181844,-2.6370847473,2.7500000000,-2.4124898669,exit_right
2800,1,0.0000000000,0.0000000000,1.3615806117,0.0000000000,scatter
2800,2,1.3615806117,0.0000000000,1.4931237407,2.0164093298,absorb
2900,1,0.0000000000,0.0000000000,2.7500000000,0.0000000000,exit_right
3000,1,0.0000000000,0.0000000000,2.7500000000,0.0000000000,exit_right
3100,1,0.0000000000,0.0000000000,0.5201424447,0.0000000000,scatter
3100,2,0.5201424447,0.0000000000,0.3301600212,0.1875926157,absorb
3200,1,0.0000000000,0.0000000000,0.4427267568,0.0000000000,scatter
3200,2,0.4427267568,0.0000000000,0.4552631385,-4.3550795002,absorb
3300,1,0.0000000000,0.0000000000,2.7500000000,0.0000000000,exit_right
3400,1,0.0000000000,0.0000000000,2.2632332622,0.0000000000,scatter
3400,2,2.2632332622,0.0000000000,2.2358474855,-0.0248978846,scatter
3400,3,2.2358474855,-0.0248978846,2.7500000000,-0.0934446751,exit_right
3500,1,0.0000000000,0.0000000000,1.2118558584,0.0000000000,scatter
3500,2,1.2118558584,0.0000000000,2.7500000000,3.5269773148,exit_right
3600,1,0.0000000000,0.0000000000,0.7042654963,0.0000000000,scatter
3600,2,0.7042654963,0.0000000000,0.3216976332,-0.2514692325,scatter
3600,3,0.3216976332,-0.2514692325,0.3320443702,-0.2437637349,scatter
3600,4,0.3320443702,-0.2437637349,0.6059005224,0.0412481768,scatter
3600,5,0.6059005224,0.0412481768,0.7002688745,-1.1460770748,scatter
3600,6,0.7002688745,-1.1460770748,0.0000000000,0.0708837093,exit_left
3700,1,0.0000000000,0.0000000000,0.3877914436,0.0000000000,scatter
3700,2,0.3877914436,0.0000000000,0.5417570529,0.4314939236,scatter
3700,3,0.5417570529,0.4314939236,2.7500000000,0.7665439662,exit_right
3800,1,0.0000000000,0.0000000000,1.6840978152,0.0000000000,scatter
3800,2,1.6840978152,0.0000000000,0.5422246065,-2.5209791775,scatter
3800,3,0.5422246065,-2.5209791775,0.5331905167,-2.4198496039,scatter
3800,4,0.5331905167,-2.4198496039,0.0000000000,-1.8331518241,exit_left
3900,1,0.0000000000,0.0000000000,2.7500000000,0.0000000000,exit_right
4000,1,0.0000000000,0.0000000000,0.9964450329,0.0000000000,scatter
4000,2,0.9964450329,0.0000000000,1.1790415789,-0.0010805946,scatter
4000,3,1.1790415789,-0.0010805946,0.0000000000,-0.2333512721,exit_left
4100,1,0.0000000000,0.0000000000,0.3613955934,0.0000000000,scatter
4100,2,0.3613955934,0.0000000000,0.0354061422,0.1144514244,scatter
4100,3,0.0354061422,0.1144514244,1.2909028463,0.5375735814,absorb
4200,1,0.0000000000,0.0000000000,1.0308564547,0.0000000000,scatter
4200,2,1.0308564547,0.0000000000,0.0000000000,-1.3899060027,exit_left
4300,1,0.0000000000,0.0000000000,1.7640180134,0.0000000000,scatter
4300,2,1.7640180134,0.0000000000,2.1329052734,1.0980019807,scatter
4300,3,2.1329052734,1.0980019807,2.7500000000,1.8900205273,exit_right
4400,1,0.0000000000,0.0000000000,1.8909967795,0.0000000000,scatter
4400,2,1.8909967795,0.0000000000,1.7034922363,0.3906146070,scatter
4400,3,1.7034922363,0.3906146070,0.8459313741,2.4983826766,scatter
4400,4,0.8459313741,2.4983826766,2.7500000000,-3.7087874436,exit_right
4500,1,0.0000000000,0.0000000000,2.7500000000,0.0000000000,exit_right
4600,1,0.0000000000,0.0000000000,1.6212689187,0.0000000000,scatter
4600,2,1.6212689187,0.0000000000,1.7946307865,-1.2572460370,scatter
4600,3,1.7946307865,-1.2572460370,2.7500000000,-1.6376882006,exit_right
4700,1,0.0000000000,0.0000000000,0.8981798623,0.0000000000,absorb
4800,1,0.0000000000,0.0000000000,2.7500000000,0.0000000000,exit_right
4900,1,0.0000000000,0.0000000000,2.7500000000,0.0000000000,exit_right
5000,1,0.0000000000,0.0000000000,0.2372804438,0.0000000000,scatter
5000,2,0.2372804438,0.0000000000,1.2347083473,0.0321085615,absorb
5100,1,0.0000000000,0.0000000000,0.5158195750,0.0000000000,scatter
5100,2,0.5158195750,0.0000000000,0.6543474798,0.0537261465,scatter
5100,3,0.6543474798,0.0537261465,1.0555338650,7.4021493490,scatter
5100,4,1.0555338650,7.4021493490,2.5060543194,7.1705748711,absorb
5200,1,0.0000000000,0.0000000000,0.9141579484,0.0000000000,scatter
5200,2,0.9141579484,0.0000000000,1.3833095501,0.1354831860,scatter
5200,3,1.3833095501,0.1354831860,0.0000000000,-0.0610143292,exit_left
5300,1,0.0000000000,0.0000000000,0.8737131289,0.0000000000,scatter
5300,2,0.8737131289,0.0000000000,0.9418185496,-0.0279868998,absorb
5400,1,0.0000000000,0.0000000000,2.7500000000,0.0000000000,exit_right
5500,1,0.0000000000,0.0000000000,2.6257203316,0.0000000000,scatter
5500,2,2.6257203316,0.0000000000,2.5100290960,0.3019614286,absorb
5600,1,0.0000000000,0.0000000000,0.7559336294,0.0000000000,scatter
5600,2,0.7559336294,0.0000000000,2.7500000000,0.4629875348,exit_right
5700,1,0.0000000000,0.0000000000,2.7500000000,0.0000000000,exit_right
5800,1,0.0000000000,0.0000000000,0.2944481496,0.0000000000,scatter
5800,2,0.2944481496,0.0000000000,0.0000000000,0.0347812967,exit_left
5900,1,0.0000000000,0.0000000000,2.7500000000,0.0000000000,exit_right
6000,1,0.0000000000,0.0000000000,0.6596454600,0.0000000000,scatter
6000,2,0.6596454600,0.0000000000,0.3228985892,-0.1569775288,scatter
6000,3,0.3228985892,-0.1569775288,0.0000000000,0.3157522690,exit_left
6100,1,0.0000000000,0.0000000000,1.6483878740,0.0000000000,absorb
6200,1,0.0000000000,0.0000000000,2.7500000000,0.0000000000,exit_right
6300,1,0.0000000000,0.0000000000,0.5329542918,0.0000000000,scatter
6300,2,0.5329542918,0.0000000000,2.4537306346,2.4046339913,scatter
6300,3,2.4537306346,2.4046339913,2.3825545733,2.3682869801,scatter
6300,4,2.3825545733,2.3682869801,2.2024405848,2.4401886523,scatter
6300,5,2.2024405848,2.4401886523,0.7678653313,2.9554517247,scatter
6300,6,0.7678653313,2.9554517247,0.0000000000,2.9598448213,exit_left
6400,1,0.0000000000,0.0000000000,1.6468381466,0.0000000000,scatter
6400,2,1.6468381466,0.0000000000,0.0000000000,-1.0419715524,exit_left
6500,1,0.0000000000,0.0000000000,2.2669931829,0.0000000000,scatter
6500,2,2.2669931829,0.0000000000,2.2959694020,0.1622188216,scatter
6500,3,2.2959694020,0.1622188216,2.0109783424,1.8053077353,scatter
6500,4,2.0109783424,1.8053077353,2.3684121397,1.9884929105,absorb
6600,1,0.0000000000,0.0000000000,0.7035980003,0.0000000000,scatter
6600,2,0.7035980003,0.0000000000,0.0000000000,0.1176610444,exit_left
6700,1,0.0000000000,0.0000000000,2.7500000000,0.0000000000,exit_right
6800,1,0.0000000000,0.0000000000,2.7500000000,0.0000000000,exit_right
6900,1,0.0000000000,0.0000000000,0.0083021489,0.0000000000,scatter
6900,2,0.0083021489,0.0000000000,1.2533718397,1.0992021371,scatter
6900,3,1.2533718397,1.0992021371,0.5690435215,2.2423756976,scatter
6900,4,0.5690435215,2.2423756976,0.7362855682,3.0894928729,scatter
6900,5,0.7362855682,3.0894928729,2.0066291939,1.4253500239,scatter
6900,6,2.0066291939,1.4253500239,2.1971076770,1.3952050818,absorb
7000,1,0.0000000000,0.0000000000,0.2646622083,0.0000000000,scatter
7000,2,0.2646622083,0.0000000000,0.2603869668,0.4052928270,absorb
7100,1,0.0000000000,0.0000000000,1.1363619230,0.0000000000,scatter
7100,2,1.1363619230,0.0000000000,0.0000000000,-0.9773621880,exit_left
7200,1,0.0000000000,0.0000000000,0.1993023887,0.0000000000,absorb
7300,1,0.0000000000,0.0000000000,1.9187336925,0.0000000000,scatter
7300,2,1.9187336925,0.0000000000,1.6740668655,0.2599096478,absorb
7400,1,0.0000000000,0.0000000000,1.0330730817,0.0000000000,scatter
7400,2,1.0330730817,0.0000000000,1.5946004808,-0.3033589038,scatter
7400,3,1.5946004808,-0.3033589038,1.7108114570,-0.4093109621,absorb
7500,1,0.0000000000,0.0000000000,2.7500000000,0.0000000000,exit_right
7600,1,0.0000000000,0.0000000000,0.5670491441,0.0000000000,absorb
7700,1,0.0000000000,0.0000000000,0.5323796588,0.0000000000,scatter
7700,2,0.5323796588,0.0000000000,0.5774408311,0.3435167073,scatter
7700,3,0.5774408311,0.3435167073,1.4690073546,-3.9162763973,scatter
7700,4,1.4690073546,-3.9162763973,2.4085171437,-5.4360540152,absorb
7800,1,0.0000000000,0.0000000000,1.6373927594,0.0000000000,absorb
7900,1,0.0000000000,0.0000000000,0.3737850415,0.0000000000,scatter
7900,2,0.3737850415,0.0000000000,0.0000000000,0.2477182969,exit_left
8000,1,0.0000000000,0.0000000000,0.9919016560,0.0000000000,absorb
8100,1,0.0000000000,0.0000000000,0.8735829872,0.0000000000,scatter
8100,2,0.8735829872,0.0000000000,2.0531442077,3.8903027386,scatter
8100,3,2.0531442077,3.8903027386,2.1766328623,3.9297449847,scatter
8100,4,2.1766328623,3.9297449847,2.7500000000,4.3550284181,exit_right
8200,1,0.0000000000,0.0000000000,2.7500000000,0.0000000000,exit_right
8300,1,0.0000000000,0.0000000000,1.0672495103,0.0000000000,absorb
8400,1,0.0000000000,0.0000000000,0.5615582339,0.0000000000,scatter
8400,2,0.5615582339,0.0000000000,0.0000000000,0.3507943557,exit_left
8500,1,0.0000000000,0.0000000000,0.6789376081,0.0000000000,scatter
8500,2,0.6789376081,0.0000000000,0.0000000000,-0.4790215480,exit_left
8600,1,0.0000000000,0.0000000000,2.7500000000,0.0000000000,exit_right
8700,1,0.0000000000,0.0000000000,1.5880577059,0.0000000000,scatter
8700,2,1.5880577059,0.0000000000,0.0000000000,0.0265320596,exit_left
8800,1,0.0000000000,0.0000000000,1.6730233234,0.0000000000,scatter
8800,2,1.6730233234,0.0000000000,1.6708880274,-0.0055366272,scatter
8800,3,1.6708880274,-0.0055366272,1.8803296623,0.0972768907,scatter
8800,4,1.8803296623,0.0972768907,1.6273431804,-0.4338511481,scatter
8800,5,1.6273431804,-0.4338511481,2.1136032676,-0.0595635479,absorb
8900,1,0.0000000000,0.0000000000,2.7500000000,0.0000000000,exit_right
9000,1,0.0000000000,0.0000000000,0.5920053156,0.0000000000,scatter
9000,2,0.5920053156,0.0000000000,2.4841047041,0.8355409529,scatter
9000,3,2.4841047041,0.8355409529,2.7500000000,0.6900093032,exit_right
9100,1,0.0000000000,0.0000000000,0.6901422180,0.0000000000,scatter
9100,2,0.6901422180,0.0000000000,0.2513745689,-0.0878256761,scatter
9100,3,0.2513745689,-0.0878256761,0.0000000000,-0.0738830302,exit_left
9200,1,0.0000000000,0.0000000000,0.0222073728,0.0000000000,scatter
9200,2,0.0222073728,0.0000000000,0.0000000000,-0.0576134756,exit_left
9300,1,0.0000000000,0.0000000000,0.9150379327,0.0000000000,scatter
9300,2,0.9150379327,0.0000000000,0.0000000000,-0.1834646686,exit_left
9400,1,0.0000000000,0.0000000000,0.5874818148,0.0000000000,scatter
9400,2,0.5874818148,0.0000000000,0.6344409995,0.5771679512,scatter
9400,3,0.6344409995,0.5771679512,2.7500000000,0.4508566249,exit_right
9500,1,0.0000000000,0.0000000000,1.6753611201,0.0000000000,scatter
9500,2,1.6753611201,0.0000000000,1.7271047091,-0.0670078988,absorb
9600,1,0.0000000000,0.0000000000,0.3642286744,0.0000000000,scatter
9600,2,0.3642286744,0.0000000000,0.0754095859,0.1751963773,scatter
9600,3,0.0754095859,0.1751963773,0.8840126662,2.3693101738,scatter
9600,4,0.8840126662,2.3693101738,0.8446718370,2.3941119468,scatter
9600,5,0.8446718370,2.3941119468,0.0000000000,1.5368544346,exit_left
9700,1,0.0000000000,0.0000000000,1.5192696144,0.0000000000,scatter
9700,2,1.5192696144,0.0000000000,0.7547485416,-0.0956767888,scatter
9700,3,0.7547485416,-0.0956767888,0.0000000000,0.8888561457,exit_left
9800,1,0.0000000000,0.0000000000,2.7500000000,0.0000000000,exit_right
9900,1,0.0000000000,0.0000000000,0.3980550968,0.0000000000,scatter
9900,2,0.3980550968,0.0000000000,0.8721065515,-0.4531441241,absorb
10000,1,0.0000000000,0.0000000000,0.1744924378,0.0000000000,scatter
10000,2,0.1744924378,0.0000000000,0.0000000000,0.0288872025,exit_left
10100,1,0.0000000000,0.0000000000,0.7123562215,0.0000000000,scatter
10100,2,0.7123562215,0.0000000000,0.3556766445,0.6963435539,absorb
10200,1,0.0000000000,0.0000000000,0.7354387265,0.0000000000,scatter
10200,2,0.7354387265,0.0000000000,0.0000000000,-0.4688403438,exit_left
10300,1,0.0000000000,0.0000000000,2.7500000000,0.0000000000,exit_right
10400,1,0.0000000000,0.0000000000,2.7500000000,0.0000000000,exit_right
10500,1,0.0000000000,0.0000000000,0.0165164181,0.0000000000,scatter
10500,2,0.0165164181,0.0000000000,0.0000000000,0.0396469404,exit_left
10600,1,0.0000000000,0.0000000000,2.7500000000,0.0000000000,exit_right
10700,1,0.0000000000,0.0000000000,0.1785657781,0.0000000000,scatter
10700,2,0.1785657781,0.0000000000,0.3380549949,1.6267246848,scatter
10700,3,0.3380549949,1.6267246848,0.0000000000,1.5779882232,exit_left
10800,1,0.0000000000,0.0000000000,1.3229713494,0.0000000000,scatter
10800,2,1.3229713494,0.0000000000,0.0000000000,-0.6238781270,exit_left
10900,1,0.0000000000,0.0000000000,2.7500000000,0.0000000000,exit_right
11000,1,0.0000000000,0.0000000000,2.4797817829,0.0000000000,scatter
11000,2,2.4797817829,0.0000000000,2.5333906394,-0.0540634456,scatter
11000,3,2.5333906394,-0.0540634456,2.7500000000,-0.9978163652,exit_right
11100,1,0.0000000000,0.0000000000,2.7500000000,0.0000000000,exit_right
11200,1,0.0000000000,0.0000000000,2.7500000000,0.0000000000,exit_right
11300,1,0.0000000000,0.0000000000,2.7500000000,0.0000000000,exit_right
11400,1,0.0000000000,0.0000000000,2.7500000000,0.0000000000,exit_right
11500,1,0.0000000000,0.0000000000,0.8660236076,0.0000000000,scatter
11500,2,0.8660236076,0.0000000000,0.0000000000,0.8555950887,exit_left
11600,1,0.0000000000,0.0000000000,1.1753798398,0.0000000000,absorb
11700,1,0.0000000000,0.0000000000,0.0266674355,0.0000000000,absorb
11800,1,0.0000000000,0.0000000000,0.3933239597,0.0000000000,absorb
11900,1,0.0000000000,0.0000000000,2.7500000000,0.0000000000,exit_right
12000,1,0.0000000000,0.0000000000,0.6170431416,0.0000000000,absorb
12100,1,0.0000000000,0.0000000000,0.5183929455,0.0000000000,scatter
12100,2,0.5183929455,0.0000000000,0.1729622704,1.2748161789,scatter
12100,3,0.1729622704,1.2748161789,2.7500000000,3.7479974169,exit_right
12200,1,0.0000000000,0.0000000000,1.9346517725,0.0000000000,scatter
12200,2,1.9346517725,0.0000000000,2.7500000000,-0.2824960661,exit_right
12300,1,0.0000000000,0.0000000000,1.2358467861,0.0000000000,absorb
12400,1,0.0000000000,0.0000000000,1.5178112813,0.0000000000,scatter
12400,2,1.5178112813,0.0000000000,1.1142676592,-1.8359829141,absorb
12500,1,0.0000000000,0.0000000000,0.3217577246,0.0000000000,scatter
12500,2,0.3217577246,0.0000000000,0.0000000000,0.6112222546,exit_left
12600,1,0.0000000000,0.0000000000,2.7500000000,0.0000000000,exit_right
12700,1,0.0000000000,0.0000000000,0.8412683103,0.0000000000,scatter
12700,2,0.8412683103,0.0000000000,0.0000000000,-1.5112598692,exit_left
12800,1,0.0000000000,0.0000000000,2.7500000000,0.0000000000,exit_right
12900,1,0.0000000000,0.0000000000,0.2819930580,0.0000000000,scatter
12900,2,0.2819930580,0.0000000000,0.0000000000,-1.0754462051,exit_left
13000,1,0.0000000000,0.0000000000,2.3204145765,0.0000000000,scatter
13000,2,2.3204145765,0.0000000000,2.7500000000,-0.0546248645,exit_right
13100,1,0.0000000000,0.0000000000,0.7500398050,0.0000000000,scatter
13100,2,0.7500398050,0.0000000000,0.7842840488,-0.0324214173,scatter
13100,3,0.7842840488,-0.0324214173,0.3870050763,-0.4214523928,scatter
13100,4,0.3870050763,-0.4214523928,0.4202919446,-0.5237263113,scatter
13100,5,0.4202919446,-0.5237263113,0.0000000000,-0.6190680414,exit_left
13200,1,0.0000000000,0.0000000000,0.4411604052,0.0000000000,scatter
13200,2,0.4411604052,0.0000000000,0.6501535475,0.1392672438,scatter
13200,3,0.6501535475,0.1392672438,0.0000000000,-0.1836648577,exit_left
13300,1,0.0000000000,0.0000000000,0.1717424753,0.0000000000,absorb
13400,1,0.0000000000,0.0000000000,0.3167612125,0.0000000000,scatter
13400,2,0.3167612125,0.0000000000,0.0000000000,-2.9815078900,exit_left
13500,1,0.0000000000,0.0000000000,0.3898136255,0.0000000000,absorb
13600,1,0.0000000000,0.0000000000,0.0138843161,0.0000000000,absorb
13700,1,0.0000000000,0.0000000000,2.7500000000,0.0000000000,exit_right
13800,1,0.0000000000,0.0000000000,0.6219805708,0.0000000000,scatter
13800,2,0.6219805708,0.0000000000,0.0000000000,0.2738762362,exit_left
13900,1,0.0000000000,0.0000000000,2.7500000000,0.0000000000,exit_right
14000,1,0.0000000000,0.0000000000,2.0055037098,0.0000000000,scatter
14000,2,2.0055037098,0.0000000000,0.6784247554,0.6545779241,scatter
14000,3,0.6784247554,0.6545779241,0.5628730017,2.7549874152,scatter
14000,4,0.5628730017,2.7549874152,0.0000000000,2.8154396059,exit_left
14100,1,0.0000000000,0.0000000000,0.7045320559,0.0000000000,scatter
14100,2,0.7045320559,0.0000000000,0.2633515322,0.1450064208,scatter
14100,3,0.2633515322,0.1450064208,0.0000000000,0.2374134481,exit_left
14200,1,0.0000000000,0.0000000000,0.4257940549,0.0000000000,scatter
14200,2,0.4257940549,0.0000000000,0.2793414390,-0.1058831411,scatter
14200,3,0.2793414390,-0.1058831411,0.0000000000,0.3689801700,exit_left
14300,1,0.0000000000,0.0000000000,0.3497040018,0.0000000000,scatter
14300,2,0.3497040018,0.0000000000,0.2251891873,-1.9746331719,scatter
14300,3,0.2251891873,-1.9746331719,0.2644620382,-1.9999887554,scatter
14300,4,0.2644620382,-1.9999887554,0.6108655213,-1.2710132597,scatter
14300,5,0.6108655213,-1.2710132597,0.0000000000,-0.2182767353,exit_left
14400,1,0.0000000000,0.0000000000,0.4079261553,0.0000000000,scatter
14400,2,0.4079261553,0.0000000000,0.6063313538,-1.4837244993,scatter
14400,3,0.6063313538,-1.4837244993,0.5432868295,-1.5365421955,scatter
14400,4,0.5432868295,-1.5365421955,0.6107163464,-4.4960568784,absorb
14500,1,0.0000000000,0.0000000000,1.9475729718,0.0000000000,scatter
14500,2,1.9475729718,0.0000000000,1.9308010768,0.2059353234,scatter
14500,3,1.9308010768,0.2059353234,0.0000000000,0.1659623119,exit_left
14600,1,0.0000000000,0.0000000000,1.0636089207,0.0000000000,scatter
14600,2,1.0636089207,0.0000000000,1.9988671027,2.9625763104,scatter
14600,3,1.9988671027,2.9625763104,2.0450675197,3.2166753240,absorb
14700,1,0.0000000000,0.0000000000,0.5612094822,0.0000000000,absorb
14800,1,0.0000000000,0.0000000000,2.0406647281,0.0000000000,scatter
14800,2,2.0406647281,0.0000000000,2.0062797605,0.0049518176,scatter
14800,3,2.0062797605,0.0049518176,1.7841801591,-0.1187523213,scatter
14800,4,1.7841801591,-0.1187523213,2.5647932106,1.1573297140,scatter
14800,5,2.5647932106,1.1573297140,2.5000277040,1.0733925797,scatter
14800,6,2.5000277040,1.0733925797,2.7500000000,1.2548541682,exit_right
14900,1,0.0000000000,0.0000000000,2.7500000000,0.0000000000,exit_right
15000,1,0.0000000000,0.0000000000,0.0733017312,0.0000000000,scatter
15000,2,0.0733017312,0.0000000000,0.0000000000,-0.1224660361,exit_left
15100,1,0.0000000000,0.0000000000,0.5017360330,0.0000000000,scatter
15100,2,0.5017360330,0.0000000000,0.0000000000,-0.5612726902,exit_left
15200,1,0.0000000000,0.0000000000,2.7500000000,0.0000000000,exit_right
15300,1,0.0000000000,0.0000000000,0.1931592201,0.0000000000,absorb
15400,1,0.0000000000,0.0000000000,2.7500000000,0.0000000000,exit_right
15500,1,0.0000000000,0.0000000000,1.2723231526,0.0000000000,scatter
15500,2,1.2723231526,0.0000000000,0.9337151249,-0.1388731555,scatter
15500,3,0.9337151249,-0.1388731555,1.0137808493,-0.2636075494,scatter
15500,4,1.0137808493,-0.2636075494,0.9866749218,-0.1615596859,scatter
15500,5,0.9866749218,-0.1615596859,0.9845722525,-0.2260725474,scatter
15500,6,0.9845722525,-0.2260725474,0.0000000000,-0.3450512627,exit_left
15600,1,0.0000000000,0.0000000000,1.9456114113,0.0000000000,scatter
15600,2,1.9456114113,0.0000000000,2.3961627750,1.5254649368,scatter
15600,3,2.3961627750,1.5254649368,2.4038201359,1.3054536315,absorb
15700,1,0.0000000000,0.0000000000,2.7500000000,0.0000000000,exit_right
15800,1,0.0000000000,0.0000000000,2.7500000000,0.0000000000,exit_right
15900,1,0.0000000000,0.0000000000,0.5000280794,0.0000000000,scatter
15900,2,0.5000280794,0.0000000000,1.2039772169,0.8740096331,absorb
16000,1,0.0000000000,0.0000000000,0.2311262168,0.0000000000,scatter
16000,2,0.2311262168,0.0000000000,0.2156905120,0.1455385305,scatter
16000,3,0.2156905120,0.1455385305,0.0000000000,0.4061636765,exit_left
16100,1,0.0000000000,0.0000000000,0.3932934626,0.0000000000,scatter
16100,2,0.3932934626,0.0000000000,0.0000000000,0.2399005388,exit_left
16200,1,0.0000000000,0.0000000000,2.0103457595,0.0000000000,scatter
16200,2,2.0103457595,0.0000000000,1.4989313425,0.1993164430,absorb
16300,1,0.0000000000,0.0000000000,2.6106376785,0.0000000000,absorb
16400,1,0.0000000000,0.0000000000,2.7500000000,0.0000000000,exit_right
16500,1,0.0000000000,0.0000000000,0.7582275664,0.0000000000,scatter
16500,2,0.7582275664,0.0000000000,0.6616556427,0.3435813818,absorb
16600,1,0.0000000000,0.0000000000,0.0999885709,0.0000000000,absorb
16700,1,0.0000000000,0.0000000000,0.7637315572,0.0000000000,scatter
16700,2,0.7637315572,0.0000000000,1.3792034125,-0.5493759975,absorb
16800,1,0.0000000000,0.0000000000,0.5557851607,0.0000000000,absorb
16900,1,0.0000000000,0.0000000000,0.4479121515,0.0000000000,absorb
17000,1,0.0000000000,0.0000000000,2.0122238173,0.0000000000,scatter
17000,2,2.0122238173,0.0000000000,1.6652000467,-0.5921028471,scatter
17000,3,1.6652000467,-0.5921028471,2.7500000000,-0.8040910143,exit_right
17100,1,0.0000000000,0.0000000000,0.8702540085,0.0000000000,scatter
17100,2,0.8702540085,0.0000000000,1.7038524736,0.0258899670,scatter
17100,3,1.7038524736,0.0258899670,1.6033492309,0.1489728039,absorb
17200,1,0.0000000000,0.0000000000,0.2075543050,0.0000000000,scatter
17200,2,0.2075543050,0.0000000000,0.4348439199,-1.0671939010,scatter
17200,3,0.4348439199,-1.0671939010,0.0581437759,-1.8670563543,scatter
17200,4,0.0581437759,-1.8670563543,0.3434503331,-2.5591120942,scatter
17200,5,0.3434503331,-2.5591120942,0.0000000000,-2.6874498478,exit_left
17300,1,0.0000000000,0.0000000000,1.7605604069,0.0000000000,scatter
17300,2,1.7605604069,0.0000000000,1.7262596310,-0.0175404282,scatter
17300,3,1.7262596310,-0.0175404282,2.2860323715,3.4946769110,scatter
17300,4,2.2860323715,3.4946769110,2.7500000000,3.6602152335,exit_right
17400,1,0.0000000000,0.0000000000,0.1546658025,0.0000000000,scatter
17400,2,0.1546658025,0.0000000000,0.7741590766,-0.6111669655,absorb
17500,1,0.0000000000,0.0000000000,0.7881072721,0.0000000000,absorb
17600,1,0.0000000000,0.0000000000,1.4553778002,0.0000000000,scatter
17600,2,1.4553778002,0.0000000000,0.1567930463,1.4470964070,scatter
17600,3,0.1567930463,1.4470964070,0.0000000000,1.3284239471,exit_left
17700,1,0.0000000000,0.0000000000,0.3157662342,0.0000000000,scatter
17700,2,0.3157662342,0.0000000000,0.1821216106,0.0633565297,scatter
17700,3,0.1821216106,0.0633565297,0.5853672731,-0.6658970492,scatter
17700,4,0.5853672731,-0.6658970492,0.7107995851,-0.6475951112,scatter
17700,5,0.7107995851,-0.6475951112,0.0000000000,-1.2500006857,exit_left
17800,1,0.0000000000,0.0000000000,1.5464991712,0.0000000000,scatter
17800,2,1.5464991712,0.0000000000,1.4467890686,-0.3894573296,absorb
17900,1,0.0000000000,0.0000000000,2.2507455124,0.0000000000,scatter
17900,2,2.2507455124,0.0000000000,2.4152673233,-0.0345280322,scatter
17900,3,2.4152673233,-0.0345280322,2.7500000000,-0.1132271844,exit_right
18000,1,0.0000000000,0.0000000000,2.6979225969,0.0000000000,scatter
18000,2,2.6979225969,0.0000000000,1.3687951019,-2.6177593235,scatter
18000,3,1.3687951019,-2.6177593235,1.7130498637,-1.9049861350,scatter
18000,4,1.7130498637,-1.9049861350,1.6822284838,-2.3296384294,scatter
18000,5,1.6822284838,-2.3296384294,1.0375330845,-2.1519002968,scatter
18000,6,1.0375330845,-2.1519002968,0.0000000000,-3.6361954713,exit_left
18100,1,0.0000000000,0.0000000000,0.2743300409,0.0000000000,scatter
18100,2,0.2743300409,0.0000000000,0.3651143131,0.7486689787,scatter
18100,3,0.3651143131,0.7486689787,0.0000000000,-0.6343894343,exit_left
18200,1,0.0000000000,0.0000000000,2.7500000000,0.0000000000,exit_right
18300,1,0.0000000000,0.0000000000,0.6015463955,0.0000000000,scatter
18300,2,0.6015463955,0.0000000000,2.7500000000,-0.1961958536,exit_right
18400,1,0.0000000000,0.0000000000,1.1638258061,0.0000000000,scatter
18400,2,1.1638258061,0.0000000000,1.5570823750,0.1227498404,scatter
18400,3,1.5570823750,0.1227498404,1.3176892953,-0.0074061085,absorb
18500,1,0.0000000000,0.0000000000,0.4433296501,0.0000000000,scatter
18500,2,0.4433296501,0.0000000000,0.7800000508,0.8726722872,scatter
18500,3,0.7800000508,0.8726722872,0.7665679216,0.8283470598,scatter
18500,4,0.7665679216,0.8283470598,0.0000000000,2.1104527053,exit_left
18600,1,0.0000000000,0.0000000000,1.8721096319,0.0000000000,scatter
18600,2,1.8721096319,0.0000000000,1.9961450357,0.2470601896,scatter
18600,3,1.9961450357,0.2470601896,0.0000000000,0.3243227785,exit_left
18700,1,0.0000000000,0.0000000000,1.2056015839,0.0000000000,absorb
18800,1,0.0000000000,0.0000000000,2.7500000000,0.0000000000,exit_right
18900,1,0.0000000000,0.0000000000,2.1271198903,0.0000000000,scatter
18900,2,2.1271198903,0.0000000000,2.6728318659,-0.3982124315,scatter
18900,3,2.6728318659,-0.3982124315,2.7500000000,-0.5654866748,exit_right
19000,1,0.0000000000,0.0000000000,2.7500000000,0.0000000000,exit_right
19100,1,0.0000000000,0.0000000000,1.1539378088,0.0000000000,scatter
19100,2,1.1539378088,0.0000000000,0.0000000000,-3.1095940127,exit_left
19200,1,0.0000000000,0.0000000000,0.9953949480,0.0000000000,absorb
19300,1,0.0000000000,0.0000000000,1.2659551736,0.0000000000,absorb
19400,1,0.0000000000,0.0000000000,2.7500000000,0.0000000000,exit_right
19500,1,0.0000000000,0.0000000000,0.9814693570,0.0000000000,scatter
19500,2,0.9814693570,0.0000000000,1.2532947081,-1.4054058998,scatter
19500,3,1.2532947081,-1.4054058998,0.0000000000,-2.7597822839,exit_left
19600,1,0.0000000000,0.0000000000,2.7500000000,0.0000000000,exit_right
19700,1,0.0000000000,0.0000000000,2.7092011233,0.0000000000,scatter
19700,2,2.7092011233,0.0000000000,2.7500000000,-0.0004008834,exit_right
19800,1,0.0000000000,0.0000000000,0.8460056324,0.0000000000,scatter
19800,2,0.8460056324,0.0000000000,0.5931904926,0.1946960705,scatter
19800,3,0.5931904926,0.1946960705,2.7500000000,1.9800278411,exit_right
19900,1,0.0000000000,0.0000000000,2.4213389928,0.0000000000,scatter
19900,2,2.4213389928,0.0000000000,0.0000000000,-1.3545223729,exit_left
20000,1,0.0000000000,0.0000000000,0.2967102284,0.0000000000,scatter
20000,2,0.2967102284,0.0000000000,0.0000000000,-0.1702503242,exit_left
20100,1,0.0000000000,0.0000000000,2.7500000000,0.0000000000,exit_right
20200,1,0.0000000000,0.0000000000,1.1721903113,0.0000000000,scatter
20200,2,1.1721903113,0.0000000000,1.4439300822,-1.2457204621,scatter
20200,3,1.4439300822,-1.2457204621,1.1815898960,-2.1862449702,scatter
20200,4,1.1815898960,-2.1862449702,0.0000000000,-3.2992977258,exit_left
20300,1,0.0000000000,0.0000000000,0.5315235797,0.0000000000,scatter
20300,2,0.5315235797,0.0000000000,0.5981977437,-0.6272370786,scatter
20300,3,0.5981977437,-0.6272370786,0.8946309205,-1.1630356363,absorb
20400,1,0.0000000000,0.0000000000,2.7500000000,0.0000000000,exit_right
20500,1,0.0000000000,0.0000000000,2.7500000000,0.0000000000,exit_right
20600,1,0.0000000000,0.0000000000,2.7500000000,0.0000000000,exit_right
20700,1,0.0000000000,0.0000000000,1.2979435310,0.0000000000,absorb
20800,1,0.0000000000,0.0000000000,1.6420933079,0.0000000000,scatter
20800,2,1.6420933079,0.0000000000,2.7500000000,-1.8641646750,exit_right
20900,1,0.0000000000,0.0000000000,0.2723339438,0.0000000000,scatter
20900,2,0.2723339438,0.0000000000,2.2609120899,-1.8206459854,scatter
20900,3,2.2609120899,-1.8206459854,2.2794787966,-1.7934448513,scatter
20900,4,2.2794787966,-1.7934448513,2.7500000000,-2.0827370769,exit_right
21000,1,0.0000000000,0.0000000000,1.1330213022,0.0000000000,scatter
21000,2,1.1330213022,0.0000000000,0.0000000000,0.3481589060,exit_left
21100,1,0.0000000000,0.0000000000,0.1152493098,0.0000000000,scatter
21100,2,0.1152493098,0.0000000000,2.0405367573,2.4739758394,scatter
21100,3,2.0405367573,2.4739758394,2.7500000000,2.7142137744,exit_right
21200,1,0.0000000000,0.0000000000,0.7199624469,0.0000000000,scatter
21200,2,0.7199624469,0.0000000000,1.4214078939,-0.0937044316,scatter
21200,3,1.4214078939,-0.0937044316,2.7500000000,-0.2120795148,exit_right
21300,1,0.0000000000,0.0000000000,1.9305740630,0.0000000000,absorb
21400,1,0.0000000000,0.0000000000,1.4255744551,0.0000000000,scatter
21400,2,1.4255744551,0.0000000000,2.7500000000,0.0916902623,exit_right
21500,1,0.0000000000,0.0000000000,1.4111862728,0.0000000000,scatter
21500,2,1.4111862728,0.0000000000,0.8829730195,0.2809966033,scatter
21500,3,0.8829730195,0.2809966033,1.2062606315,-0.1122455695,scatter
21500,4,1.2062606315,-0.1122455695,2.3839269689,-0.8350404269,absorb
21600,1,0.0000000000,0.0000000000,2.7500000000,0.0000000000,exit_right
21700,1,0.0000000000,0.0000000000,0.2836044481,0.0000000000,scatter
21700,2,0.2836044481,0.0000000000,0.3308220056,-1.1625496168,absorb
21800,1,0.0000000000,0.0000000000,0.9896275623,0.0000000000,scatter
21800,2,0.9896275623,0.0000000000,1.0206162812,-0.0568633665,scatter
21800,3,1.0206162812,-0.0568633665,1.0084155685,0.1279092936,scatter
21800,4,1.0084155685,0.1279092936,1.4398406181,2.4068828146,scatter
21800,5,1.4398406181,2.4068828146,0.3501865831,2.4864660723,scatter
21800,6,0.3501865831,2.4864660723,1.6606917501,2.6562286947,absorb
21900,1,0.0000000000,0.0000000000,0.8751015285,0.0000000000,absorb
22000,1,0.0000000000,0.0000000000,1.8550424563,0.0000000000,scatter
22000,2,1.8550424563,0.0000000000,2.7500000000,0.5433399736,exit_right
22100,1,0.0000000000,0.0000000000,0.5407554764,0.0000000000,absorb
22200,1,0.0000000000,0.0000000000,2.7500000000,0.0000000000,exit_right
22300,1,0.0000000000,0.0000000000,2.7500000000,0.0000000000,exit_right
22400,1,0.0000000000,0.0000000000,1.3413705379,0.0000000000,scatter
22400,2,1.3413705379,0.0000000000,1.5567225125,0.1179579140,scatter
22400,3,1.5567225125,0.1179579140,0.0000000000,-1.3010209564,exit_left
22500,1,0.0000000000,0.0000000000,0.9660380465,0.0000000000,scatter
22500,2,0.9660380465,0.0000000000,0.0000000000,1.4154887852,exit_left
22600,1,0.0000000000,0.0000000000,2.7500000000,0.0000000000,exit_right
22700,1,0.0000000000,0.0000000000,1.7453946179,0.0000000000,scatter
22700,2,1.7453946179,0.0000000000,1.1706575275,-1.2492196714,absorb
22800,1,0.0000000000,0.0000000000,0.1017629071,0.0000000000,scatter
22800,2,0.1017629071,0.0000000000,0.0000000000,-0.3362041521,exit_left
22900,1,0.0000000000,0.0000000000,0.3579119696,0.0000000000,scatter
22900,2,0.3579119696,0.0000000000,0.1249259745,0.0709277971,scatter
22900,3,0.1249259745,0.0709277971,0.0000000000,-0.1566632033,exit_left
23000,1,0.0000000000,0.0000000000,1.3878366670,0.0000000000,scatter
23000,2,1.3878366670,0.0000000000,2.7338868953,0.7280303572,scatter
23000,3,2.7338868953,0.7280303572,2.7500000000,0.7256238702,exit_right
23100,1,0.0000000000,0.0000000000,1.3654347247,0.0000000000,scatter
23100,2,1.3654347247,0.0000000000,2.7500000000,-1.1127365496,exit_right
23200,1,0.0000000000,0.0000000000,0.8277849498,0.0000000000,scatter
23200,2,0.8277849498,0.0000000000,0.0000000000,-0.3076611473,exit_left
23300,1,0.0000000000,0.0000000000,2.1249239496,0.0000000000,scatter
23300,2,2.1249239496,0.0000000000,0.0000000000,2.1360704699,exit_left
23400,1,0.0000000000,0.0000000000,0.0980256536,0.0000000000,scatter
23400,2,0.0980256536,0.0000000000,0.1154144582,-0.0739732072,scatter
23400,3,0.1154144582,-0.0739732072,0.0000000000,-0.1823749255,exit_left
23500,1,0.0000000000,0.0000000000,0.3995041271,0.0000000000,absorb
23600,1,0.0000000000,0.0000000000,0.4278487179,0.0000000000,scatter
23600,2,0.4278487179,0.0000000000,0.7679035859,-1.4536249471,absorb
23700,1,0.0000000000,0.0000000000,2.7500000000,0.0000000000,exit_right
23800,1,0.0000000000,0.0000000000,2.7500000000,0.0000000000,exit_right
23900,1,0.0000000000,0.0000000000,0.0261413135,0.0000000000,absorb
24000,1,0.0000000000,0.0000000000,2.2971441018,0.0000000000,absorb
24100,1,0.0000000000,0.0000000000,0.6060537869,0.0000000000,scatter
24100,2,0.6060537869,0.0000000000,0.0000000000,1.2811345865,exit_left
24200,1,0.0000000000,0.0000000000,0.8880690244,0.0000000000,scatter
24200,2,0.8880690244,0.0000000000,1.4558174921,-0.2508056350,scatter
24200,3,1.4558174921,-0.2508056350,1.5485196064,-0.3046450656,scatter
24200,4,1.5485196064,-0.3046450656,1.8910716754,-1.6375814630,scatter
24200,5,1.8910716754,-1.6375814630,0.8330388845,-1.7293213689,absorb
24300,1,0.0000000000,0.0000000000,1.5503492408,0.0000000000,scatter
24300,2,1.5503492408,0.0000000000,1.5703976829,0.0195196379,scatter
24300,3,1.5703976829,0.0195196379,2.7500000000,-1.0589701581,exit_right
24400,1,0.0000000000,0.0000000000,0.8750762064,0.0000000000,scatter
24400,2,0.8750762064,0.0000000000,2.5940073272,1.4735109197,scatter
24400,3,2.5940073272,1.4735109197,0.2565320102,2.4689490406,scatter
24400,4,0.2565320102,2.4689490406,0.0000000000,2.6053974343,exit_left
24500,1,0.0000000000,0.0000000000,2.6919383391,0.0000000000,scatter
24500,2,2.6919383391,0.0000000000,2.7500000000,-0.0903495830,exit_right
24600,1,0.0000000000,0.0000000000,2.5515803108,0.0000000000,scatter
24600,2,2.5515803108,0.0000000000,1.0205419745,-2.8781274976,scatter
24600,3,1.0205419745,-2.8781274976,0.9737820292,-2.6777040470,scatter
24600,4,0.9737820292,-2.6777040470,0.0000000000,-3.7500688014,exit_left
24700,1,0.0000000000,0.0000000000,2.7500000000,0.0000000000,exit_right
24800,1,0.0000000000,0.0000000000,2.7500000000,0.0000000000,exit_right
24900,1,0.0000000000,0.0000000000,0.1303979557,0.0000000000,scatter
24900,2,0.1303979557,0.0000000000,0.0000000000,-0.2962347859,exit_left
25000,1,0.0000000000,0.0000000000,0.6842818992,0.0000000000,absorb
25100,1,0.0000000000,0.0000000000,0.9360876678,0.0000000000,absorb
25200,1,0.0000000000,0.0000000000,0.4735005203,0.0000000000,scatter
25200,2,0.4735005203,0.0000000000,2.7500000000,1.8473201792,exit_right
25300,1,0.0000000000,0.0000000000,0.1072656057,0.0000000000,scatter
25300,2,0.1072656057,0.0000000000,0.0000000000,0.0237801815,exit_left
25400,1,0.0000000000,0.0000000000,2.7500000000,0.0000000000,exit_right
25500,1,0.0000000000,0.0000000000,0.6561445130,0.0000000000,scatter
25500,2,0.6561445130,0.0000000000,2.7500000000,1.3672198803,exit_right
25600,1,0.0000000000,0.0000000000,0.6241350847,0.0000000000,scatter
25600,2,0.6241350847,0.0000000000,1.6092849088,1.5038854105,scatter
25600,3,1.6092849088,1.5038854105,1.5774908473,2.0814057095,scatter
25600,4,1.5774908473,2.0814057095,2.7500000000,2.9019436011,exit_right
25700,1,0.0000000000,0.0000000000,0.9826386371,0.0000000000,scatter
25700,2,0.9826386371,0.0000000000,2.7500000000,-0.2435991367,exit_right
25800,1,0.0000000000,0.0000000000,0.1704051870,0.0000000000,scatter
25800,2,0.1704051870,0.0000000000,0.3803971760,0.0144538246,scatter
25800,3,0.3803971760,0.0144538246,1.5033012653,5.6429788677,absorb
25900,1,0.0000000000,0.0000000000,0.0758375631,0.0000000000,scatter
25900,2,0.0758375631,0.0000000000,0.0000000000,0.0251884649,exit_left
26000,1,0.0000000000,0.0000000000,1.6944758479,0.0000000000,absorb
26100,1,0.0000000000,0.0000000000,0.1139294496,0.0000000000,scatter
26100,2,0.1139294496,0.0000000000,0.0000000000,-1.8874860960,exit_left
26200,1,0.0000000000,0.0000000000,0.3591588388,0.0000000000,absorb
26300,1,0.0000000000,0.0000000000,0.6444896622,0.0000000000,scatter
26300,2,0.6444896622,0.0000000000,0.6698827469,0.2084157369,absorb
26400,1,0.0000000000,0.0000000000,0.6050958203,0.0000000000,scatter
26400,2,0.6050958203,0.0000000000,0.6178768780,-0.0438524246,scatter
26400,3,0.6178768780,-0.0438524246,0.2998555658,0.5226957009,scatter
26400,4,0.2998555658,0.5226957009,1.8349584308,1.2241323271,scatter
26400,5,1.8349584308,1.2241323271,2.3977859767,2.3746842037,scatter
26400,6,2.3977859767,2.3746842037,0.6867152144,1.9900462483,scatter
26400,7,0.6867152144,1.9900462483,0.8990572688,1.1906887840,scatter
26400,8,0.8990572688,1.1906887840,0.6971067847,1.1133104924,scatter
26400,9,0.6971067847,1.1133104924,2.6734119213,3.8474880532,scatter
26400,10,2.6734119213,3.8474880532,2.7500000000,3.7915830292,exit_right
26500,1,0.0000000000,0.0000000000,2.7500000000,0.0000000000,exit_right
26600,1,0.0000000000,0.0000000000,2.7500000000,0.0000000000,exit_right
26700,1,0.0000000000,0.0000000000,1.2243234893,0.0000000000,scatter
26700,2,1.2243234893,0.0000000000,0.3833895150,0.0430872280,scatter
26700,3,0.3833895150,0.0430872280,0.0000000000,-1.0502310981,exit_left
26800,1,0.0000000000,0.0000000000,0.4035950387,0.0000000000,absorb
26900,1,0.0000000000,0.0000000000,2.7500000000,0.0000000000,exit_right
27000,1,0.0000000000,0.0000000000,0.3342396075,0.0000000000,absorb
27100,1,0.0000000000,0.0000000000,1.1006833045,0.0000000000,scatter
27100,2,1.1006833045,0.0000000000,1.9520666588,1.6379086311,scatter
27100,3,1.9520666588,1.6379086311,0.0000000000,2.3785690297,exit_left
27200,1,0.0000000000,0.0000000000,0.0070821484,0.0000000000,absorb
27300,1,0.0000000000,0.0000000000,0.1976897745,0.0000000000,absorb
27400,1,0.0000000000,0.0000000000,1.2888900538,0.0000000000,scatter
27400,2,1.2888900538,0.0000000000,1.4001521613,0.2031227134,scatter
27400,3,1.4001521613,0.2031227134,1.1759908130,0.1020970301,absorb
27500,1,0.0000000000,0.0000000000,0.0109579545,0.0000000000,scatter
27500,2,0.0109579545,0.0000000000,1.1239237109,-0.2739423756,scatter
27500,3,1.1239237109,-0.2739423756,1.2714037244,-0.2333518749,scatter
27500,4,1.2714037244,-0.2333518749,1.8860081321,0.2050329254,absorb
27600,1,0.0000000000,0.0000000000,0.0077289088,0.0000000000,scatter
27600,2,0.0077289088,0.0000000000,0.0000000000,-0.0130909178,exit_left
27700,1,0.0000000000,0.0000000000,0.2965432319,0.0000000000,scatter
27700,2,0.2965432319,0.0000000000,0.0000000000,-0.0979406726,exit_left
27800,1,0.0000000000,0.0000000000,0.2376988379,0.0000000000,scatter
27800,2,0.2376988379,0.0000000000,0.0000000000,0.0639266269,exit_left
27900,1,0.0000000000,0.0000000000,1.2926209148,0.0000000000,scatter
27900,2,1.2926209148,0.0000000000,1.6020103778,0.5638247920,scatter
27900,3,1.6020103778,0.5638247920,1.5124669075,-0.9998723338,scatter
27900,4,1.5124669075,-0.9998723338,1.6207369244,-1.3998176799,scatter
27900,5,1.6207369244,-1.3998176799,1.4379027204,-2.1764642880,scatter
27900,6,1.4379027204,-2.1764642880,2.7500000000,-4.0944254706,exit_right
28000,1,0.0000000000,0.0000000000,1.9056711809,0.0000000000,scatter
28000,2,1.9056711809,0.0000000000,2.6503350726,1.3082295865,scatter
28000,3,2.6503350726,1.3082295865,2.7500000000,1.2268382427,exit_right
28100,1,0.0000000000,0.0000000000,0.5690324797,0.0000000000,scatter
28100,2,0.5690324797,0.0000000000,0.0000000000,-0.5565879037,exit_left
28200,1,0.0000000000,0.0000000000,1.5114834347,0.0000000000,absorb
28300,1,0.0000000000,0.0000000000,1.9163378224,0.0000000000,scatter
28300,2,1.9163378224,0.0000000000,2.7500000000,0.0102530557,exit_right
28400,1,0.0000000000,0.0000000000,2.7500000000,0.0000000000,exit_right
28500,1,0.0000000000,0.0000000000,2.2388851767,0.0000000000,absorb
28600,1,0.0000000000,0.0000000000,0.3615817343,0.0000000000,scatter
28600,2,0.3615817343,0.0000000000,0.0000000000,-0.9806113001,exit_left
28700,1,0.0000000000,0.0000000000,1.5556228895,0.0000000000,scatter
28700,2,1.5556228895,0.0000000000,1.6756313634,-0.2472641991,scatter
28700,3,1.6756313634,-0.2472641991,1.7235850646,-0.1805104874,scatter
28700,4,1.7235850646,-0.1805104874,0.5994404076,-1.3235823309,scatter
28700,5,0.5994404076,-1.3235823309,2.2407143317,1.5663559204,scatter
28700,6,2.2407143317,1.5663559204,1.9318855102,-1.4423420922,absorb
28800,1,0.0000000000,0.0000000000,1.0924123123,0.0000000000,scatter
28800,2,1.0924123123,0.0000000000,0.9216394605,-1.5515667757,scatter
28800,3,0.9216394605,-1.5515667757,0.0000000000,-0.8595268168,exit_left
28900,1,0.0000000000,0.0000000000,1.4917071370,0.0000000000,absorb
29000,1,0.0000000000,0.0000000000,0.9054114667,0.0000000000,scatter
29000,2,0.9054114667,0.0000000000,1.1819586277,-0.7409229524,scatter
29000,3,1.1819586277,-0.7409229524,1.4661357416,-0.6104119809,scatter
29000,4,1.4661357416,-0.6104119809,0.0000000000,-2.4467214753,exit_left
29100,1,0.0000000000,0.0000000000,2.7500000000,0.0000000000,exit_right
29200,1,0.0000000000,0.0000000000,1.7335559992,0.0000000000,absorb
29300,1,0.0000000000,0.0000000000,1.0072742360,0.0000000000,absorb
29400,1,0.0000000000,0.0000000000,1.6520773227,0.0000000000,scatter
29400,2,1.6520773227,0.0000000000,1.9044885242,0.4911667858,scatter
29400,3,1.9044885242,0.4911667858,0.8926495814,-0.8054242381,scatter
29400,4,0.8926495814,-0.8054242381,1.2543015425,0.2870841325,scatter
29400,5,1.2543015425,0.2870841325,2.2716585708,-1.0588300608,scatter
29400,6,2.2716585708,-1.0588300608,1.7695948679,-0.7063616288,absorb
29500,1,0.0000000000,0.0000000000,0.1755369314,0.0000000000,scatter
29500,2,0.1755369314,0.0000000000,0.0000000000,-0.1410299678,exit_left
29600,1,0.0000000000,0.0000000000,0.3198454921,0.0000000000,scatter
29600,2,0.3198454921,0.0000000000,0.6370775749,-0.0466222854,scatter
29600,3,0.6370775749,-0.0466222854,1.7976568160,-0.1271963747,absorb
29700,1,0.0000000000,0.0000000000,2.7500000000,0.0000000000,exit_right
29800,1,0.0000000000,0.0000000000,0.2666946157,0.0000000000,scatter
29800,2,0.2666946157,0.0000000000,0.4856958795,0.6377493343,scatter
29800,3,0.4856958795,0.6377493343,2.7500000000,-0.7013818382,exit_right
29900,1,0.0000000000,0.0000000000,2.5229585324,0.0000000000,scatter
29900,2,2.5229585324,0.0000000000,0.6352754862,-4.5549884752,scatter
29900,3,0.6352754862,-4.5549884752,0.0000000000,-2.9109503794,exit_left
30000,1,0.0000000000,0.0000000000,2.7500000000,0.0000000000,exit_right
30100,1,0.0000000000,0.0000000000,2.7500000000,0.0000000000,exit_right
30200,1,0.0000000000,0.0000000000,2.7500000000,0.0000000000,exit_right
30300,1,0.0000000000,0.0000000000,0.2167459081,0.0000000000,scatter
30300,2,0.2167459081,0.0000000000,1.2473995825,-0.0182752352,scatter
30300,3,1.2473995825,-0.0182752352,1.1277484493,-0.1942814396,scatter
30300,4,1.1277484493,-0.1942814396,2.7500000000,0.7612891410,exit_right
30400,1,0.0000000000,0.0000000000,0.7827439665,0.0000000000,scatter
30400,2,0.7827439665,0.0000000000,0.9326074328,-0.2107607350,scatter
30400,3,0.9326074328,-0.2107607350,0.0000000000,-0.6304984579,exit_left
30500,1,0.0000000000,0.0000000000,2.7500000000,0.0000000000,exit_right
30600,1,0.0000000000,0.0000000000,1.5768080899,0.0000000000,absorb
30700,1,0.0000000000,0.0000000000,2.1341031210,0.0000000000,scatter
30700,2,2.1341031210,0.0000000000,1.9885691229,-0.7467688951,scatter
30700,3,1.9885691229,-0.7467688951,1.9010810960,-0.5818517342,scatter
30700,4,1.9010810960,-0.5818517342,2.7500000000,0.0140860595,exit_right
30800,1,0.0000000000,0.0000000000,0.7995612223,0.0000000000,absorb
30900,1,0.0000000000,0.0000000000,2.7500000000,0.0000000000,exit_right
31000,1,0.0000000000,0.0000000000,0.8360304341,0.0000000000,scatter
31000,2,0.8360304341,0.0000000000,0.7685710787,-0.3083431638,scatter
31000,3,0.7685710787,-0.3083431638,0.9148308456,-0.0160418654,scatter
31000,4,0.9148308456,-0.0160418654,0.8897875787,-1.4026067281,scatter
31000,5,0.8897875787,-1.4026067281,0.0000000000,-1.2573054989,exit_left
31100,1,0.0000000000,0.0000000000,2.7500000000,0.0000000000,exit_right
31200,1,0.0000000000,0.0000000000,0.0461083911,0.0000000000,absorb
31300,1,0.0000000000,0.0000000000,2.4030678129,0.0000000000,scatter
31300,2,2.4030678129,0.0000000000,0.0000000000,0.9361054121,exit_left
31400,1,0.0000000000,0.0000000000,0.8612772207,0.0000000000,scatter
31400,2,0.8612772207,0.0000000000,2.0341577725,2.0457486987,scatter
31400,3,2.0341577725,2.0457486987,0.0000000000,1.1422935791,exit_left
31500,1,0.0000000000,0.0000000000,1.2795842296,0.0000000000,scatter
31500,2,1.2795842296,0.0000000000,1.7609632460,-0.5821988750,scatter
31500,3,1.7609632460,-0.5821988750,2.1271681728,-1.1010245620,scatter
31500,4,2.1271681728,-1.1010245620,1.9721416385,-0.7083268767,absorb
31600,1,0.0000000000,0.0000000000,0.8934719757,0.0000000000,scatter
31600,2,0.8934719757,0.0000000000,0.0000000000,-0.9510731066,exit_left
31700,1,0.0000000000,0.0000000000,1.1263793665,0.0000000000,scatter
31700,2,1.1263793665,0.0000000000,0.0000000000,0.6545346385,exit_left
31800,1,0.0000000000,0.0000000000,1.0242392705,0.0000000000,scatter
31800,2,1.0242392705,0.0000000000,2.7500000000,0.7107815350,exit_right
31900,1,0.0000000000,0.0000000000,0.7516557533,0.0000000000,scatter
31900,2,0.7516557533,0.0000000000,1.1552814900,0.1697471838,absorb
32000,1,0.0000000000,0.0000000000,2.7500000000,0.0000000000,exit_right
32100,1,0.0000000000,0.0000000000,2.7500000000,0.0000000000,exit_right
32200,1,0.0000000000,0.0000000000,2.7500000000,0.0000000000,exit_right
32300,1,0.0000000000,0.0000000000,0.0856309526,0.0000000000,scatter
32300,2,0.0856309526,0.0000000000,0.1054866180,-0.2607198277,scatter
32300,3,0.1054866180,-0.2607198277,0.0557647277,0.0977265576,scatter
32300,4,0.0557647277,0.0977265576,0.0000000000,0.0300645539,exit_left
32400,1,0.0000000000,0.0000000000,1.5351633276,0.0000000000,scatter
32400,2,1.5351633276,0.0000000000,1.0705596400,1.0297472049,absorb
32500,1,0.0000000000,0.0000000000,0.8879306164,0.0000000000,scatter
32500,2,0.8879306164,0.0000000000,2.7315224215,0.6434097790,scatter
32500,3,2.7315224215,0.6434097790,0.4981705373,1.6097069608,absorb
32600,1,0.0000000000,0.0000000000,0.7030749433,0.0000000000,scatter
32600,2,0.7030749433,0.0000000000,1.8208200691,-0.6346152469,scatter
32600,3,1.8208200691,-0.6346152469,2.7500000000,-0.1608819812,exit_right
32700,1,0.0000000000,0.0000000000,2.2030950872,0.0000000000,scatter
32700,2,2.2030950872,0.0000000000,2.7500000000,0.7533213892,exit_right
32800,1,0.0000000000,0.0000000000,2.7500000000,0.0000000000,exit_right
32900,1,0.0000000000,0.0000000000,0.4740569944,0.0000000000,scatter
32900,2,0.4740569944,0.0000000000,0.0000000000,-0.1653435154,exit_left
33000,1,0.0000000000,0.0000000000,2.2139843413,0.0000000000,scatter
33000,2,2.2139843413,0.0000000000,2.2139153475,-0.0001402800,scatter
33000,3,2.2139153475,-0.0001402800,2.2187178441,0.0430929153,scatter
33000,4,2.2187178441,0.0430929153,1.4454839715,0.1646851948,absorb
33100,1,0.0000000000,0.0000000000,0.2050325588,0.0000000000,scatter
33100,2,0.2050325588,0.0000000000,0.0000000000,-0.1004848653,exit_left
33200,1,0.0000000000,0.0000000000,2.7500000000,0.0000000000,exit_right
33300,1,0.0000000000,0.0000000000,0.2228234487,0.0000000000,scatter
33300,2,0.2228234487,0.0000000000,0.8114997834,4.2984409237,absorb
33400,1,0.0000000000,0.0000000000,2.0325566912,0.0000000000,scatter
33400,2,2.0325566912,0.0000000000,2.7500000000,0.1030022730,exit_right
33500,1,0.0000000000,0.0000000000,2.7500000000,0.0000000000,exit_right
33600,1,0.0000000000,0.0000000000,0.2706497366,0.0000000000,absorb
33700,1,0.0000000000,0.0000000000,2.7500000000,0.0000000000,exit_right
33800,1,0.0000000000,0.0000000000,0.4730386688,0.0000000000,scatter
33800,2,0.4730386688,0.0000000000,0.0635190479,-0.8104364754,scatter
33800,3,0.0635190479,-0.8104364754,0.0000000000,-0.7413863227,exit_left
33900,1,0.0000000000,0.0000000000,2.7500000000,0.0000000000,exit_right
34000,1,0.0000000000,0.0000000000,2.7500000000,0.0000000000,exit_right
34100,1,0.0000000000,0.0000000000,0.4717094666,0.0000000000,scatter
34100,2,0.4717094666,0.0000000000,0.6173312817,0.0808930619,scatter
34100,3,0.6173312817,0.0808930619,0.0000000000,-0.0548141433,exit_left
34200,1,0.0000000000,0.0000000000,0.6198413007,0.0000000000,absorb
34300,1,0.0000000000,0.0000000000,0.4275328766,0.0000000000,scatter
34300,2,0.4275328766,0.0000000000,1.6871359947,-1.2559794475,scatter
34300,3,1.6871359947,-1.2559794475,2.3338358251,-1.6234112359,absorb
34400,1,0.0000000000,0.0000000000,0.5191622373,0.0000000000,absorb
34500,1,0.0000000000,0.0000000000,2.7500000000,0.0000000000,exit_right
34600,1,0.0000000000,0.0000000000,1.8719437817,0.0000000000,scatter
34600,2,1.8719437817,0.0000000000,2.7500000000,-0.5601064261,exit_right
34700,1,0.0000000000,0.0000000000,1.0814482359,0.0000000000,scatter
34700,2,1.0814482359,0.0000000000,0.9568459314,0.0654905568,scatter
34700,3,0.9568459314,0.0654905568,0.0000000000,0.2194652872,exit_left
34800,1,0.0000000000,0.0000000000,0.9741672304,0.0000000000,scatter
34800,2,0.9741672304,0.0000000000,0.1375672523,-0.9362780496,scatter
34800,3,0.1375672523,-0.9362780496,0.0000000000,-0.9864010290,exit_left
34900,1,0.0000000000,0.0000000000,2.7500000000,0.0000000000,exit_right
35000,1,0.0000000000,0.0000000000,1.0494470137,0.0000000000,absorb
35100,1,0.0000000000,0.0000000000,2.7500000000,0.0000000000,exit_right
35200,1,0.0000000000,0.0000000000,2.5081914734,0.0000000000,scatter
35200,2,2.5081914734,0.0000000000,2.4616487530,-6.9460146468,scatter
35200,3,2.4616487530,-6.9460146468,2.2029550792,-7.5126579990,absorb
35300,1,0.0000000000,0.0000000000,0.6342084582,0.0000000000,absorb
35400,1,0.0000000000,0.0000000000,0.9549556702,0.0000000000,scatter
35400,2,0.9549556702,0.0000000000,2.7500000000,-0.1123741060,exit_right
35500,1,0.0000000000,0.0000000000,1.0689228311,0.0000000000,scatter
35500,2,1.0689228311,0.0000000000,0.0000000000,0.1831842740,exit_left
35600,1,0.0000000000,0.0000000000,0.2030103535,0.0000000000,scatter
35600,2,0.2030103535,0.0000000000,2.7500000000,1.8790796084,exit_right
35700,1,0.0000000000,0.0000000000,1.2222531742,0.0000000000,scatter
35700,2,1.2222531742,0.0000000000,0.7010565724,-2.8502342161,scatter
35700,3,0.7010565724,-2.8502342161,0.7998350458,-2.9585663562,scatter
35700,4,0.7998350458,-2.9585663562,1.4894210774,-4.3761741202,scatter
35700,5,1.4894210774,-4.3761741202,2.7500000000,-2.4601586080,exit_right
35800,1,0.0000000000,0.0000000000,0.8938606411,0.0000000000,absorb
35900,1,0.0000000000,0.0000000000,1.6503274158,0.0000000000,scatter
35900,2,1.6503274158,0.0000000000,2.7500000000,0.0094557484,exit_right
36000,1,0.0000000000,0.0000000000,0.2400878858,0.0000000000,absorb
36100,1,0.0000000000,0.0000000000,2.7051275453,0.0000000000,scatter
36100,2,2.7051275453,0.0000000000,1.6141098283,0.4717651293,scatter
36100,3,1.6141098283,0.4717651293,0.0000000000,1.9513866952,exit_left
36200,1,0.0000000000,0.0000000000,0.2378684399,0.0000000000,scatter
36200,2,0.2378684399,0.0000000000,0.0000000000,-0.5327113915,exit_left
36300,1,0.0000000000,0.0000000000,2.7500000000,0.0000000000,exit_right
36400,1,0.0000000000,0.0000000000,2.7500000000,0.0000000000,exit_right
36500,1,0.0000000000,0.0000000000,2.5060567421,0.0000000000,scatter
36500,2,2.5060567421,0.0000000000,2.7500000000,-0.0890647816,exit_right
36600,1,0.0000000000,0.0000000000,0.4794121151,0.0000000000,absorb
36700,1,0.0000000000,0.0000000000,0.1586679456,0.0000000000,scatter
36700,2,0.1586679456,0.0000000000,0.4459613674,0.2676040948,scatter
36700,3,0.4459613674,0.2676040948,2.0959120663,5.4309483554,scatter
36700,4,2.0959120663,5.4309483554,2.1435985009,5.4546773896,scatter
36700,5,2.1435985009,5.4546773896,0.0000000000,3.2239911215,exit_left
36800,1,0.0000000000,0.0000000000,0.3165235078,0.0000000000,scatter
36800,2,0.3165235078,0.0000000000,1.1855060006,-1.4558022617,scatter
36800,3,1.1855060006,-1.4558022617,2.7500000000,-2.7301982295,exit_right
36900,1,0.0000000000,0.0000000000,1.9201798245,0.0000000000,scatter
36900,2,1.9201798245,0.0000000000,1.8199067790,-0.0325073053,scatter
36900,3,1.8199067790,-0.0325073053,1.7597106102,1.4668000332,scatter
36900,4,1.7597106102,1.4668000332,1.0049144623,7.0623415156,absorb
37000,1,0.0000000000,0.0000000000,2.7500000000,0.0000000000,exit_right
37100,1,0.0000000000,0.0000000000,1.1153274541,0.0000000000,absorb
37200,1,0.0000000000,0.0000000000,2.5894916921,0.0000000000,scatter
37200,2,2.5894916921,0.0000000000,2.5277614334,1.3350540760,absorb
37300,1,0.0000000000,0.0000000000,0.0732012836,0.0000000000,scatter
37300,2,0.0732012836,0.0000000000,1.2339181958,0.8744812231,scatter
37300,3,1.2339181958,0.8744812231,0.6495506616,0.4167993093,scatter
37300,4,0.6495506616,0.4167993093,0.0000000000,-0.7469880573,exit_left
37400,1,0.0000000000,0.0000000000,1.4392752401,0.0000000000,scatter
37400,2,1.4392752401,0.0000000000,0.0000000000,-0.9479468152,exit_left
37500,1,0.0000000000,0.0000000000,0.0412721763,0.0000000000,absorb
37600,1,0.0000000000,0.0000000000,0.4908271884,0.0000000000,scatter
37600,2,0.4908271884,0.0000000000,0.0000000000,2.1267156243,exit_left
37700,1,0.0000000000,0.0000000000,2.4183045983,0.0000000000,scatter
37700,2,2.4183045983,0.0000000000,1.9199659293,1.5923680112,absorb
37800,1,0.0000000000,0.0000000000,2.7500000000,0.0000000000,exit_right
37900,1,0.0000000000,0.0000000000,1.2215340747,0.0000000000,scatter
37900,2,1.2215340747,0.0000000000,2.3152613897,-0.9538100052,scatter
37900,3,2.3152613897,-0.9538100052,2.7500000000,-0.8717207293,exit_right
38000,1,0.0000000000,0.0000000000,1.1106092823,0.0000000000,scatter
38000,2,1.1106092823,0.0000000000,0.9645395641,-0.8985979137,scatter
38000,3,0.9645395641,-0.8985979137,0.6678751699,-1.2804264627,scatter
38000,4,0.6678751699,-1.2804264627,0.3646263354,-0.4114149536,absorb
38100,1,0.0000000000,0.0000000000,2.7500000000,0.0000000000,exit_right
38200,1,0.0000000000,0.0000000000,1.9769930011,0.0000000000,scatter
38200,2,1.9769930011,0.0000000000,1.9834914921,1.8944807186,scatter
38200,3,1.9834914921,1.8944807186,1.5805052018,2.3777397696,scatter
38200,4,1.5805052018,2.3777397696,2.7500000000,1.6124816291,exit_right
38300,1,0.0000000000,0.0000000000,1.2482863999,0.0000000000,scatter
38300,2,1.2482863999,0.0000000000,0.0000000000,0.8856421933,exit_left
38400,1,0.0000000000,0.0000000000,0.7147781174,0.0000000000,absorb
38500,1,0.0000000000,0.0000000000,1.0869323447,0.0000000000,scatter
38500,2,1.0869323447,0.0000000000,1.0172143429,0.3115903885,scatter
38500,3,1.0172143429,0.3115903885,0.0000000000,-4.1448012801,exit_left
38600,1,0.0000000000,0.0000000000,1.2584669450,0.0000000000,scatter
38600,2,1.2584669450,0.0000000000,0.4953197141,0.9519033475,scatter
38600,3,0.4953197141,0.9519033475,0.5182813185,0.9946906635,scatter
38600,4,0.5182813185,0.9946906635,1.3655461535,-1.8428811238,scatter
38600,5,1.3655461535,-1.8428811238,1.4963925522,-3.6864607779,scatter
38600,6,1.4963925522,-3.6864607779,1.5361440267,-3.7739777834,absorb
38700,1,0.0000000000,0.0000000000,2.7500000000,0.0000000000,exit_right
38800,1,0.0000000000,0.0000000000,0.0996538726,0.0000000000,scatter
38800,2,0.0996538726,0.0000000000,1.1037110325,-3.0854869273,scatter
38800,3,1.1037110325,-3.0854869273,1.0400331779,-3.4404604947,scatter
38800,4,1.0400331779,-3.4404604947,1.3335538147,-2.4325970316,scatter
38800,5,1.3335538147,-2.4325970316,1.3006222349,-2.3631011400,scatter
38800,6,1.3006222349,-2.3631011400,0.0000000000,-2.9387957353,exit_left
38900,1,0.0000000000,0.0000000000,1.4817311271,0.0000000000,scatter
38900,2,1.4817311271,0.0000000000,1.2763285631,4.3825969939,absorb
39000,1,0.0000000000,0.0000000000,0.5639752471,0.0000000000,scatter
39000,2,0.5639752471,0.0000000000,2.5611413930,1.3464345306,scatter
39000,3,2.5611413930,1.3464345306,2.4308509395,0.7549665415,scatter
39000,4,2.4308509395,0.7549665415,0.0000000000,4.2220242248,exit_left
39100,1,0.0000000000,0.0000000000,0.4767877917,0.0000000000,scatter
39100,2,0.4767877917,0.0000000000,0.0886605028,-1.1328934782,scatter
39100,3,0.0886605028,-1.1328934782,0.0000000000,0.0695393472,exit_left
39200,1,0.0000000000,0.0000000000,2.7188204449,0.0000000000,scatter
39200,2,2.7188204449,0.0000000000,2.3022130476,-0.0300337835,absorb
39300,1,0.0000000000,0.0000000000,1.3324388074,0.0000000000,scatter
39300,2,1.3324388074,0.0000000000,2.3113735184,-0.0834579140,scatter
39300,3,2.3113735184,-0.0834579140,2.3301752299,-0.1367296166,scatter
39300,4,2.3301752299,-0.1367296166,2.7500000000,-0.1650407489,exit_right
39400,1,0.0000000000,0.0000000000,2.7500000000,0.0000000000,exit_right
39500,1,0.0000000000,0.0000000000,2.7500000000,0.0000000000,exit_right
39600,1,0.0000000000,0.0000000000,2.7500000000,0.0000000000,exit_right
39700,1,0.0000000000,0.0000000000,1.8875208083,0.0000000000,scatter
39700,2,1.8875208083,0.0000000000,2.7500000000,0.2726669570,exit_right
39800,1,0.0000000000,0.0000000000,2.7500000000,0.0000000000,exit_right
39900,1,0.0000000000,0.0000000000,2.7500000000,0.0000000000,exit_right
40000,1,0.0000000000,0.0000000000,0.5101873701,0.0000000000,scatter
40000,2,0.5101873701,0.0000000000,0.0000000000,0.0927299475,exit_left
40100,1,0.0000000000,0.0000000000,2.7500000000,0.0000000000,exit_right
40200,1,0.0000000000,0.0000000000,0.6706585056,0.0000000000,scatter
40200,2,0.6706585056,0.0000000000,0.5451733035,0.0508213057,scatter
40200,3,0.5451733035,0.0508213057,0.0000000000,-0.0803318006,exit_left
40300,1,0.0000000000,0.0000000000,2.7500000000,0.0000000000,exit_right
40400,1,0.0000000000,0.0000000000,1.6125154775,0.0000000000,scatter
40400,2,1.6125154775,0.0000000000,1.0770590991,-0.9389708616,scatter
40400,3,1.0770590991,-0.9389708616,2.0462266160,-1.1391128736,scatter
40400,4,2.0462266160,-1.1391128736,0.0000000000,0.3274784314,exit_left
40500,1,0.0000000000,0.0000000000,0.3695090553,0.0000000000,scatter
40500,2,0.3695090553,0.0000000000,0.4628596840,-0.3689113137,scatter
40500,3,0.4628596840,-0.3689113137,0.0000000000,2.6504098111,exit_left
40600,1,0.0000000000,0.0000000000,1.4206485639,0.0000000000,scatter
40600,2,1.4206485639,0.0000000000,0.1890425812,0.0897096980,scatter
40600,3,0.1890425812,0.0897096980,0.0000000000,0.1452443276,exit_left
40700,1,0.0000000000,0.0000000000,0.9277254208,0.0000000000,scatter
40700,2,0.9277254208,0.0000000000,2.7500000000,-2.5461967420,exit_right
40800,1,0.0000000000,0.0000000000,2.7500000000,0.0000000000,exit_right
40900,1,0.0000000000,0.0000000000,1.7786166748,0.0000000000,scatter
40900,2,1.7786166748,0.0000000000,2.0675783442,0.4883735745,absorb
41000,1,0.0000000000,0.0000000000,0.3767731202,0.0000000000,scatter
41000,2,0.3767731202,0.0000000000,0.0000000000,-0.2622914388,exit_left
41100,1,0.0000000000,0.0000000000,0.0761950683,0.0000000000,scatter
41100,2,0.0761950683,0.0000000000,0.2705042635,-0.6747956725,scatter
41100,3,0.2705042635,-0.6747956725,0.0000000000,-0.7255509298,exit_left
41200,1,0.0000000000,0.0000000000,2.7500000000,0.0000000000,exit_right
41300,1,0.0000000000,0.0000000000,0.0088369509,0.0000000000,scatter
41300,2,0.0088369509,0.0000000000,0.3854476455,0.2865455829,scatter
41300,3,0.3854476455,0.2865455829,1.1423484980,-0.9750125733,scatter
41300,4,1.1423484980,-0.9750125733,0.0000000000,-1.0151323350,exit_left
41400,1,0.0000000000,0.0000000000,2.7500000000,0.0000000000,exit_right
41500,1,0.0000000000,0.0000000000,0.9441055696,0.0000000000,absorb
41600,1,0.0000000000,0.0000000000,2.7500000000,0.0000000000,exit_right
41700,1,0.0000000000,0.0000000000,2.6509695503,0.0000000000,scatter
41700,2,2.6509695503,0.0000000000,2.7500000000,0.3900797041,exit_right
41800,1,0.0000000000,0.0000000000,2.2738510594,0.0000000000,scatter
41800,2,2.2738510594,0.0000000000,1.6181204913,-1.0331650388,absorb
41900,1,0.0000000000,0.0000000000,2.7500000000,0.0000000000,exit_right
42000,1,0.0000000000,0.0000000000,2.7500000000,0.0000000000,exit_right
42100,1,0.0000000000,0.0000000000,0.7688392602,0.0000000000,scatter
42100,2,0.7688392602,0.0000000000,0.2390690809,-0.0104203505,scatter
42100,3,0.2390690809,-0.0104203505,0.0000000000,-0.1442083780,exit_left
42200,1,0.0000000000,0.0000000000,2.7500000000,0.0000000000,exit_right
42300,1,0.0000000000,0.0000000000,0.6931763029,0.0000000000,scatter
42300,2,0.6931763029,0.0000000000,0.4293456060,1.4129811318,scatter
42300,3,0.4293456060,1.4129811318,0.7505405604,1.0010501871,absorb
42400,1,0.0000000000,0.0000000000,2.7500000000,0.0000000000,exit_right
42500,1,0.0000000000,0.0000000000,0.1665712493,0.0000000000,scatter
42500,2,0.1665712493,0.0000000000,0.7854582288,-2.8603412172,scatter
42500,3,0.7854582288,-2.8603412172,0.0000000000,-1.8480189047,exit_left
42600,1,0.0000000000,0.0000000000,2.7500000000,0.0000000000,exit_right
42700,1,0.0000000000,0.0000000000,2.7500000000,0.0000000000,exit_right
42800,1,0.0000000000,0.0000000000,0.9754108676,0.0000000000,scatter
42800,2,0.9754108676,0.0000000000,1.6785642658,2.5056961757,scatter
42800,3,1.6785642658,2.5056961757,0.0000000000,2.8233319681,exit_left
42900,1,0.0000000000,0.0000000000,1.8984013589,0.0000000000,scatter
42900,2,1.8984013589,0.0000000000,2.0761176998,-0.0349819959,scatter
42900,3,2.0761176998,-0.0349819959,2.2798739467,-4.3912428562,scatter
42900,4,2.2798739467,-4.3912428562,1.7485265767,-4.6801024117,scatter
42900,5,1.7485265767,-4.6801024117,2.6869952897,-6.1063710500,scatter
42900,6,2.6869952897,-6.1063710500,2.7500000000,-7.3529431619,exit_right
43000,1,0.0000000000,0.0000000000,2.7500000000,0.0000000000,exit_right
43100,1,0.0000000000,0.0000000000,2.7500000000,0.0000000000,exit_right
43200,1,0.0000000000,0.0000000000,1.2599818642,0.0000000000,scatter
43200,2,1.2599818642,0.0000000000,1.8338947623,1.0241504267,scatter
43200,3,1.8338947623,1.0241504267,1.9113568245,1.8632132736,scatter
43200,4,1.9113568245,1.8632132736,1.6386460082,1.9969958007,scatter
43200,5,1.6386460082,1.9969958007,1.6878240095,1.9546528882,scatter
43200,6,1.6878240095,1.9546528882,2.7500000000,4.2858085797,exit_right
43300,1,0.0000000000,0.0000000000,0.0212568397,0.0000000000,scatter
43300,2,0.0212568397,0.0000000000,0.6700884624,-1.2487225876,scatter
43300,3,0.6700884624,-1.2487225876,2.7500000000,3.6177325139,exit_right
43400,1,0.0000000000,0.0000000000,1.6557895365,0.0000000000,scatter
43400,2,1.6557895365,0.0000000000,2.7500000000,-0.5407431403,exit_right
43500,1,0.0000000000,0.0000000000,1.5920897531,0.0000000000,scatter
43500,2,1.5920897531,0.0000000000,1.5715374524,0.0895436276,scatter
43500,3,1.5715374524,0.0895436276,2.5796741453,-1.2675413379,absorb
43600,1,0.0000000000,0.0000000000,0.5743736964,0.0000000000,scatter
43600,2,0.5743736964,0.0000000000,0.1963275481,-1.3321085559,scatter
43600,3,0.1963275481,-1.3321085559,0.8770930352,-0.3234946789,absorb
43700,1,0.0000000000,0.0000000000,0.5939934226,0.0000000000,absorb
43800,1,0.0000000000,0.0000000000,1.4024098817,0.0000000000,scatter
43800,2,1.4024098817,0.0000000000,0.1662605897,0.6720955071,scatter
43800,3,0.1662605897,0.6720955071,0.0000000000,-0.5370784349,exit_left
43900,1,0.0000000000,0.0000000000,0.3831215755,0.0000000000,scatter
43900,2,0.3831215755,0.0000000000,0.0000000000,-0.0198061479,exit_left
44000,1,0.0000000000,0.0000000000,2.7500000000,0.0000000000,exit_right
44100,1,0.0000000000,0.0000000000,2.1979784527,0.0000000000,scatter
44100,2,2.1979784527,0.0000000000,1.8675316237,-1.5595667613,scatter
44100,3,1.8675316237,-1.5595667613,2.2971390405,-1.6165354609,scatter
44100,4,2.2971390405,-1.6165354609,1.8268157133,-1.2099241340,scatter
44100,5,1.8268157133,-1.2099241340,1.4878836992,-1.7157467753,scatter
44100,6,1.4878836992,-1.7157467753,1.5221789483,-1.7866218521,absorb
44200,1,0.0000000000,0.0000000000,0.3149730617,0.0000000000,scatter
44200,2,0.3149730617,0.0000000000,0.3130185518,-0.0004630353,scatter
44200,3,0.3130185518,-0.0004630353,1.8007273250,-3.4539853678,absorb
44300,1,0.0000000000,0.0000000000,0.1096331943,0.0000000000,scatter
44300,2,0.1096331943,0.0000000000,0.0000000000,0.0313950518,exit_left
44400,1,0.0000000000,0.0000000000,1.9898202076,0.0000000000,scatter
44400,2,1.9898202076,0.0000000000,2.1344735782,0.4092903608,absorb
44500,1,0.0000000000,0.0000000000,0.2007103798,0.0000000000,absorb
44600,1,0.0000000000,0.0000000000,2.7500000000,0.0000000000,exit_right
44700,1,0.0000000000,0.0000000000,2.7500000000,0.0000000000,exit_right
44800,1,0.0000000000,0.0000000000,1.0106532791,0.0000000000,scatter
44800,2,1.0106532791,0.0000000000,2.4955019955,0.9807265784,scatter
44800,3,2.4955019955,0.9807265784,1.5868402644,2.3079868580,scatter
44800,4,1.5868402644,2.3079868580,0.0000000000,5.9865288488,exit_left
44900,1,0.0000000000,0.0000000000,2.7500000000,0.0000000000,exit_right
45000,1,0.0000000000,0.0000000000,0.3026191913,0.0000000000,scatter
45000,2,0.3026191913,0.0000000000,0.0000000000,0.5058652917,exit_left
45100,1,0.0000000000,0.0000000000,1.5642652011,0.0000000000,absorb
45200,1,0.0000000000,0.0000000000,1.1858240700,0.0000000000,absorb
45300,1,0.0000000000,0.0000000000,0.0494840055,0.0000000000,absorb
45400,1,0.0000000000,0.0000000000,0.6058635415,0.0000000000,scatter
45400,2,0.6058635415,0.0000000000,0.9839199597,1.2832383316,scatter
45400,3,0.9839199597,1.2832383316,1.1156342144,-1.2586294751,scatter
45400,4,1.1156342144,-1.2586294751,0.0000000000,-1.0732544401,exit_left
45500,1,0.0000000000,0.0000000000,1.9460744790,0.0000000000,scatter
45500,2,1.9460744790,0.0000000000,2.2656335136,0.3360358789,scatter
45500,3,2.2656335136,0.3360358789,2.7500000000,0.0239499702,exit_right
45600,1,0.0000000000,0.0000000000,0.0273205973,0.0000000000,scatter
45600,2,0.0273205973,0.0000000000,0.0000000000,0.0045906918,exit_left
45700,1,0.0000000000,0.0000000000,1.2321997621,0.0000000000,scatter
45700,2,1.2321997621,0.0000000000,1.2301814253,-0.0017751838,scatter
45700,3,1.2301814253,-0.0017751838,2.2684730015,-1.7599121938,scatter
45700,4,2.2684730015,-1.7599121938,1.3605875173,-2.3211106705,scatter
45700,5,1.3605875173,-2.3211106705,0.8210491683,-8.4073703192,absorb
45800,1,0.0000000000,0.0000000000,2.7500000000,0.0000000000,exit_right
45900,1,0.0000000000,0.0000000000,1.6047786851,0.0000000000,absorb
46000,1,0.0000000000,0.0000000000,0.4981168018,0.0000000000,scatter
46000,2,0.4981168018,0.0000000000,2.7500000000,0.9827418557,exit_right
46100,1,0.0000000000,0.0000000000,2.7500000000,0.0000000000,exit_right
46200,1,0.0000000000,0.0000000000,2.7362095006,0.0000000000,scatter
46200,2,2.7362095006,0.0000000000,0.6620177689,-1.2682134666,absorb
46300,1,0.0000000000,0.0000000000,0.6886473108,0.0000000000,scatter
46300,2,0.6886473108,0.0000000000,1.7331291604,-2.4079029573,scatter
46300,3,1.7331291604,-2.4079029573,2.7500000000,-2.4847324010,exit_right
46400,1,0.0000000000,0.0000000000,0.1181469320,0.0000000000,scatter
46400,2,0.1181469320,0.0000000000,0.0000000000,0.0377520195,exit_left
46500,1,0.0000000000,0.0000000000,0.0662572193,0.0000000000,scatter
46500,2,0.0662572193,0.0000000000,0.0653930487,0.0804784301,absorb
46600,1,0.0000000000,0.0000000000,2.7500000000,0.0000000000,exit_right
46700,1,0.0000000000,0.0000000000,2.7500000000,0.0000000000,exit_right
46800,1,0.0000000000,0.0000000000,0.0231952140,0.0000000000,scatter
46800,2,0.0231952140,0.0000000000,0.0000000000,-0.0245477981,exit_left
46900,1,0.0000000000,0.0000000000,0.6655136208,0.0000000000,scatter
46900,2,0.6655136208,0.0000000000,0.0000000000,0.3150837543,exit_left
47000,1,0.0000000000,0.0000000000,2.0971071821,0.0000000000,scatter
47000,2,2.0971071821,0.0000000000,2.5028282220,0.1692922479,scatter
47000,3,2.5028282220,0.1692922479,1.8019539625,2.1714775349,scatter
47000,4,1.8019539625,2.1714775349,0.2935698591,5.7890781712,absorb
47100,1,0.0000000000,0.0000000000,2.7500000000,0.0000000000,exit_right
47200,1,0.0000000000,0.0000000000,2.7500000000,0.0000000000,exit_right
47300,1,0.0000000000,0.0000000000,0.6071400854,0.0000000000,scatter
47300,2,0.6071400854,0.0000000000,1.2161718737,-0.3225717955,scatter
47300,3,1.2161718737,-0.3225717955,0.7333681665,-1.8943888016,absorb
47400,1,0.0000000000,0.0000000000,1.8639821607,0.0000000000,scatter
47400,2,1.8639821607,0.0000000000,2.0930707012,-0.0464357901,scatter
47400,3,2.0930707012,-0.0464357901,1.3100376753,0.1504105648,scatter
47400,4,1.3100376753,0.1504105648,1.8057629507,2.7944010282,scatter
47400,5,1.8057629507,2.7944010282,0.0000000000,2.1127946547,exit_left
47500,1,0.0000000000,0.0000000000,1.3662625407,0.0000000000,scatter
47500,2,1.3662625407,0.0000000000,1.6715988213,0.0192020795,absorb
47600,1,0.0000000000,0.0000000000,0.0353160197,0.0000000000,scatter
47600,2,0.0353160197,0.0000000000,0.0000000000,-0.1579761761,exit_left
47700,1,0.0000000000,0.0000000000,1.7225916722,0.0000000000,scatter
47700,2,1.7225916722,0.0000000000,2.0342875743,-0.8977861022,scatter
47700,3,2.0342875743,-0.8977861022,1.6923846718,-1.5418613789,absorb
47800,1,0.0000000000,0.0000000000,2.7500000000,0.0000000000,exit_right
47900,1,0.0000000000,0.0000000000,2.7500000000,0.0000000000,exit_right
48000,1,0.0000000000,0.0000000000,1.6128606669,0.0000000000,scatter
48000,2,1.6128606669,0.0000000000,1.5927080632,0.2237898700,scatter
48000,3,1.5927080632,0.2237898700,2.7500000000,0.0762596544,exit_right
48100,1,0.0000000000,0.0000000000,2.7500000000,0.0000000000,exit_right
48200,1,0.0000000000,0.0000000000,0.8260336419,0.0000000000,scatter
48200,2,0.8260336419,0.0000000000,1.6430818838,3.6645856534,scatter
48200,3,1.6430818838,3.6645856534,1.8274162028,3.6649994420,absorb
48300,1,0.0000000000,0.0000000000,0.8524876561,0.0000000000,scatter
48300,2,0.8524876561,0.0000000000,0.8334340138,0.0328369829,scatter
48300,3,0.8334340138,0.0328369829,0.5090721736,1.2052195679,absorb
48400,1,0.0000000000,0.0000000000,2.7500000000,0.0000000000,exit_right
48500,1,0.0000000000,0.0000000000,2.7500000000,0.0000000000,exit_right
48600,1,0.0000000000,0.0000000000,0.8595185928,0.0000000000,scatter
48600,2,0.8595185928,0.0000000000,0.6305873452,0.5923490492,scatter
48600,3,0.6305873452,0.5923490492,1.2518351141,0.1336081616,scatter
48600,4,1.2518351141,0.1336081616,1.3358151262,-0.1454313357,scatter
48600,5,1.3358151262,-0.1454313357,1.1462154381,-0.1011476562,scatter
48600,6,1.1462154381,-0.1011476562,1.5586176160,0.3425845311,scatter
48600,7,1.5586176160,0.3425845311,0.1334347063,-0.4547683191,scatter
48600,8,0.1334347063,-0.4547683191,0.0000000000,-0.8447530235,exit_left
48700,1,0.0000000000,0.0000000000,2.1348274594,0.0000000000,scatter
48700,2,2.1348274594,0.0000000000,2.5539765195,-0.8945768333,scatter
48700,3,2.5539765195,-0.8945768333,2.7500000000,1.7947519138,exit_right
48800,1,0.0000000000,0.0000000000,1.0237284593,0.0000000000,absorb
48900,1,0.0000000000,0.0000000000,1.1561424083,0.0000000000,scatter
48900,2,1.1561424083,0.0000000000,1.6186477347,0.0905032159,scatter
48900,3,1.6186477347,0.0905032159,0.0000000000,-0.1491924690,exit_left
49000,1,0.0000000000,0.0000000000,1.5537764707,0.0000000000,scatter
49000,2,1.5537764707,0.0000000000,0.0000000000,-0.6564510376,exit_left
49100,1,0.0000000000,0.0000000000,0.3429074455,0.0000000000,scatter
49100,2,0.3429074455,0.0000000000,2.7500000000,0.3920004521,exit_right
49200,1,0.0000000000,0.0000000000,2.6452579774,0.0000000000,absorb
49300,1,0.0000000000,0.0000000000,0.5271295820,0.0000000000,scatter
49300,2,0.5271295820,0.0000000000,0.5401274134,-0.2250760813,absorb
49400,1,0.0000000000,0.0000000000,1.7259748448,0.0000000000,scatter
49400,2,1.7259748448,0.0000000000,1.4614621007,-0.2790372685,scatter
49400,3,1.4614621007,-0.2790372685,0.7434998906,-0.2015641255,absorb
49500,1,0.0000000000,0.0000000000,1.8897018487,0.0000000000,scatter
49500,2,1.8897018487,0.0000000000,2.7500000000,-0.6861415161,exit_right
49600,1,0.0000000000,0.0000000000,0.0637554793,0.0000000000,absorb
49700,1,0.0000000000,0.0000000000,1.0357079469,0.0000000000,scatter
49700,2,1.0357079469,0.0000000000,2.1160975372,0.6763795540,scatter
49700,3,2.1160975372,0.6763795540,2.7500000000,1.0892753484,exit_right
49800,1,0.0000000000,0.0000000000,2.4991840956,0.0000000000,scatter
49800,2,2.4991840956,0.0000000000,2.4104372810,-0.3705002922,scatter
49800,3,2.4104372810,-0.3705002922,2.7500000000,-0.3934022948,exit_right
49900,1,0.0000000000,0.0000000000,2.7500000000,0.0000000000,exit_right
50000,1,0.0000000000,0.0000000000,0.7677530286,0.0000000000,scatter
50000,2,0.7677530286,0.0000000000,0.6550196538,-0.0351191978,absorb
50100,1,0.0000000000,0.0000000000,0.6590731483,0.0000000000,scatter
50100,2,0.6590731483,0.0000000000,0.6914912316,0.2623552672,scatter
50100,3,0.6914912316,0.2623552672,0.7544903180,0.6470266133,scatter
50100,4,0.7544903180,0.6470266133,0.7018675796,0.5815146051,scatter
50100,5,0.7018675796,0.5815146051,0.7354511750,-0.2914985095,scatter
50100,6,0.7354511750,-0.2914985095,0.0000000000,0.3940457725,exit_left
50200,1,0.0000000000,0.0000000000,0.5670332561,0.0000000000,scatter
50200,2,0.5670332561,0.0000000000,0.6726447868,1.2699019587,scatter
50200,3,0.6726447868,1.2699019587,0.0000000000,1.3961842507,exit_left
50300,1,0.0000000000,0.0000000000,2.2433261523,0.0000000000,scatter
50300,2,2.2433261523,0.0000000000,2.7500000000,-0.2692044524,exit_right
50400,1,0.0000000000,0.0000000000,0.4105336687,0.0000000000,scatter
50400,2,0.4105336687,0.0000000000,2.7500000000,-0.1758584446,exit_right
50500,1,0.0000000000,0.0000000000,2.7500000000,0.0000000000,exit_right
50600,1,0.0000000000,0.0000000000,1.7440673795,0.0000000000,scatter
50600,2,1.7440673795,0.0000000000,0.4849193078,-0.2296495949,scatter
50600,3,0.4849193078,-0.2296495949,0.9646050458,1.1705512424,scatter
50600,4,0.9646050458,1.1705512424,1.1053997284,1.0900265999,absorb
50700,1,0.0000000000,0.0000000000,0.7871218653,0.0000000000,absorb
50800,1,0.0000000000,0.0000000000,1.4210701590,0.0000000000,scatter
50800,2,1.4210701590,0.0000000000,0.0000000000,0.4388412460,exit_left
50900,1,0.0000000000,0.0000000000,0.3742503791,0.0000000000,scatter
50900,2,0.3742503791,0.0000000000,0.0000000000,-0.2929461387,exit_left
51000,1,0.0000000000,0.0000000000,2.6993052602,0.0000000000,scatter
51000,2,2.6993052602,0.0000000000,2.0725483331,1.4524695552,scatter
51000,3,2.0725483331,1.4524695552,1.4370389068,2.4161198099,absorb
51100,1,0.0000000000,0.0000000000,1.2866728142,0.0000000000,scatter
51100,2,1.2866728142,0.0000000000,1.1138023542,-0.7497950195,scatter
51100,3,1.1138023542,-0.7497950195,0.0000000000,-1.6521471365,exit_left
51200,1,0.0000000000,0.0000000000,0.0232472149,0.0000000000,scatter
51200,2,0.0232472149,0.0000000000,0.6780824968,-0.7134602089,scatter
51200,3,0.6780824968,-0.7134602089,0.7039306695,-0.8901914954,scatter
51200,4,0.7039306695,-0.8901914954,0.5693188439,-0.7653436340,absorb
51300,1,0.0000000000,0.0000000000,0.0921192261,0.0000000000,scatter
51300,2,0.0921192261,0.0000000000,0.0000000000,-0.0846139175,exit_left
51400,1,0.0000000000,0.0000000000,2.7500000000,0.0000000000,exit_right
51500,1,0.0000000000,0.0000000000,2.7500000000,0.0000000000,exit_right
51600,1,0.0000000000,0.0000000000,2.7500000000,0.0000000000,exit_right
51700,1,0.0000000000,0.0000000000,2.7500000000,0.0000000000,exit_right
51800,1,0.0000000000,0.0000000000,0.6807887342,0.0000000000,scatter
51800,2,0.6807887342,0.0000000000,0.0000000000,0.3455713356,exit_left
51900,1,0.0000000000,0.0000000000,0.2774646428,0.0000000000,scatter
51900,2,0.2774646428,0.0000000000,0.3491479083,0.4290701580,scatter
51900,3,0.3491479083,0.4290701580,0.5929348332,0.3160591265,scatter
51900,4,0.5929348332,0.3160591265,0.9146140161,0.1073174528,absorb
52000,1,0.0000000000,0.0000000000,2.7500000000,0.0000000000,exit_right
52100,1,0.0000000000,0.0000000000,2.7500000000,0.0000000000,exit_right
52200,1,0.0000000000,0.0000000000,1.2519748738,0.0000000000,scatter
52200,2,1.2519748738,0.0000000000,0.6926933056,-0.7408635319,scatter
52200,3,0.6926933056,-0.7408635319,0.6439346502,1.2612191447,scatter
52200,4,0.6439346502,1.2612191447,1.2745983148,3.3326350611,scatter
52200,5,1.2745983148,3.3326350611,0.8721311340,4.0470673285,scatter
52200,6,0.8721311340,4.0470673285,1.9941760348,12.2329836489,scatter
52200,7,1.9941760348,12.2329836489,2.1883262879,9.1593344813,absorb
52300,1,0.0000000000,0.0000000000,2.7500000000,0.0000000000,exit_right
52400,1,0.0000000000,0.0000000000,0.8709069061,0.0000000000,scatter
52400,2,0.8709069061,0.0000000000,0.3059531955,-0.5686120832,scatter
52400,3,0.3059531955,-0.5686120832,0.0277671067,-0.1546152906,scatter
52400,4,0.0277671067,-0.1546152906,2.7500000000,-0.2449413534,exit_right
52500,1,0.0000000000,0.0000000000,2.7500000000,0.0000000000,exit_right
52600,1,0.0000000000,0.0000000000,0.6092937723,0.0000000000,scatter
52600,2,0.6092937723,0.0000000000,0.3145623722,0.5187861285,absorb
52700,1,0.0000000000,0.0000000000,0.8996509695,0.0000000000,absorb
52800,1,0.0000000000,0.0000000000,2.7500000000,0.0000000000,exit_right
52900,1,0.0000000000,0.0000000000,0.7449847950,0.0000000000,scatter
52900,2,0.7449847950,0.0000000000,0.0271542922,0.4664281173,absorb
53000,1,0.0000000000,0.0000000000,0.3204351404,0.0000000000,absorb
53100,1,0.0000000000,0.0000000000,0.1387488677,0.0000000000,scatter
53100,2,0.1387488677,0.0000000000,0.6264338763,-3.3336324384,absorb
53200,1,0.0000000000,0.0000000000,2.6822087323,0.0000000000,absorb
53300,1,0.0000000000,0.0000000000,1.0035492983,0.0000000000,scatter
53300,2,1.0035492983,0.0000000000,1.0714756971,-0.0542460962,absorb
53400,1,0.0000000000,0.0000000000,0.3961797801,0.0000000000,scatter
53400,2,0.3961797801,0.0000000000,0.4329795151,-0.1334632787,absorb
53500,1,0.0000000000,0.0000000000,1.4084838300,0.0000000000,scatter
53500,2,1.4084838300,0.0000000000,1.7234978112,0.7440793598,scatter
53500,3,1.7234978112,0.7440793598,2.7500000000,0.6078092403,exit_right
53600,1,0.0000000000,0.0000000000,0.6996599531,0.0000000000,scatter
53600,2,0.6996599531,0.0000000000,0.5111641376,0.1800307231,absorb
53700,1,0.0000000000,0.0000000000,0.9796873863,0.0000000000,scatter
53700,2,0.9796873863,0.0000000000,1.5141961579,-0.0630664692,scatter
53700,3,1.5141961579,-0.0630664692,1.4046060223,0.3333360843,scatter
53700,4,1.4046060223,0.3333360843,0.0000000000,0.6394441232,exit_left
53800,1,0.0000000000,0.0000000000,0.7203331498,0.0000000000,scatter
53800,2,0.7203331498,0.0000000000,2.7500000000,1.5169666919,exit_right
53900,1,0.0000000000,0.0000000000,1.4109212377,0.0000000000,absorb
54000,1,0.0000000000,0.0000000000,1.3301483391,0.0000000000,scatter
54000,2,1.3301483391,0.0000000000,1.8012561588,-0.2914541820,scatter
54000,3,1.8012561588,-0.2914541820,0.0000000000,0.4316304367,exit_left
54100,1,0.0000000000,0.0000000000,0.8519617473,0.0000000000,scatter
54100,2,0.8519617473,0.0000000000,1.0373306050,-0.0626681826,scatter
54100,3,1.0373306050,-0.0626681826,0.0000000000,-1.2346352492,exit_left
54200,1,0.0000000000,0.0000000000,0.6977274868,0.0000000000,scatter
54200,2,0.6977274868,0.0000000000,0.0000000000,-0.7228796630,exit_left
54300,1,0.0000000000,0.0000000000,0.4642033820,0.0000000000,absorb
54400,1,0.0000000000,0.0000000000,2.7500000000,0.0000000000,exit_right
54500,1,0.0000000000,0.0000000000,2.7500000000,0.0000000000,exit_right
54600,1,0.0000000000,0.0000000000,0.4815992734,0.0000000000,absorb
54700,1,0.0000000000,0.0000000000,0.0930694898,0.0000000000,scatter
54700,2,0.0930694898,0.0000000000,1.8355659985,-0.8589551053,scatter
54700,3,1.8355659985,-0.8589551053,0.0000000000,-2.6107737118,exit_left
54800,1,0.0000000000,0.0000000000,0.6354569319,0.0000000000,scatter
54800,2,0.6354569319,0.0000000000,0.3923541429,-0.0205559466,scatter
54800,3,0.3923541429,-0.0205559466,0.0000000000,-0.3960377043,exit_left
54900,1,0.0000000000,0.0000000000,2.7500000000,0.0000000000,exit_right
55000,1,0.0000000000,0.0000000000,2.7500000000,0.0000000000,exit_right
55100,1,0.0000000000,0.0000000000,0.4486380808,0.0000000000,absorb
55200,1,0.0000000000,0.0000000000,0.6665704834,0.0000000000,scatter
55200,2,0.6665704834,0.0000000000,2.7500000000,-0.6351184204,exit_right
55300,1,0.0000000000,0.0000000000,0.0485814771,0.0000000000,scatter
55300,2,0.0485814771,0.0000000000,0.0000000000,0.1003206928,exit_left
55400,1,0.0000000000,0.0000000000,0.0918209123,0.0000000000,scatter
55400,2,0.0918209123,0.0000000000,0.5328190852,-0.4975656377,scatter
55400,3,0.5328190852,-0.4975656377,0.8758653101,-0.1082429689,absorb
55500,1,0.0000000000,0.0000000000,2.3240236388,0.0000000000,absorb
55600,1,0.0000000000,0.0000000000,2.7500000000,0.0000000000,exit_right
55700,1,0.0000000000,0.0000000000,2.7500000000,0.0000000000,exit_right
55800,1,0.0000000000,0.0000000000,1.0611726698,0.0000000000,scatter
55800,2,1.0611726698,0.0000000000,0.9810428838,-1.7415520416,absorb
55900,1,0.0000000000,0.0000000000,1.5772864785,0.0000000000,scatter
55900,2,1.5772864785,0.0000000000,0.0000000000,0.6732930647,exit_left
56000,1,0.0000000000,0.0000000000,0.8727261603,0.0000000000,scatter
56000,2,0.8727261603,0.0000000000,1.2086630538,1.4639753508,scatter
56000,3,1.2086630538,1.4639753508,0.0000000000,3.2476276582,exit_left
56100,1,0.0000000000,0.0000000000,0.9115980097,0.0000000000,scatter
56100,2,0.9115980097,0.0000000000,2.3815162073,0.8196449767,absorb
56200,1,0.0000000000,0.0000000000,0.6440737433,0.0000000000,scatter
56200,2,0.6440737433,0.0000000000,1.7797830258,0.2038819444,scatter
56200,3,1.7797830258,0.2038819444,0.0000000000,1.0085485298,exit_left
56300,1,0.0000000000,0.0000000000,0.2045009451,0.0000000000,scatter
56300,2,0.2045009451,0.0000000000,1.5074709231,-1.3961005696,absorb
56400,1,0.0000000000,0.0000000000,1.3202846496,0.0000000000,scatter
56400,2,1.3202846496,0.0000000000,0.0000000000,0.2306009395,exit_left
56500,1,0.0000000000,0.0000000000,1.7176457613,0.0000000000,scatter
56500,2,1.7176457613,0.0000000000,2.3019528850,-2.5667683701,scatter
56500,3,2.3019528850,-2.5667683701,1.2714775921,-3.9313214114,scatter
56500,4,1.2714775921,-3.9313214114,0.0000000000,-4.3731081346,exit_left
56600,1,0.0000000000,0.0000000000,2.7500000000,0.0000000000,exit_right
56700,1,0.0000000000,0.0000000000,1.3616712776,0.0000000000,scatter
56700,2,1.3616712776,0.0000000000,0.8525926609,-0.1735596897,scatter
56700,3,0.8525926609,-0.1735596897,1.3023185822,-0.1609797465,absorb
56800,1,0.0000000000,0.0000000000,1.7362805923,0.0000000000,absorb
56900,1,0.0000000000,0.0000000000,2.7500000000,0.0000000000,exit_right
57000,1,0.0000000000,0.0000000000,2.4508201985,0.0000000000,scatter
57000,2,2.4508201985,0.0000000000,1.9345495642,-0.2595404544,absorb
57100,1,0.0000000000,0.0000000000,1.8251514680,0.0000000000,scatter
57100,2,1.8251514680,0.0000000000,2.7500000000,-0.9719282432,exit_right
57200,1,0.0000000000,0.0000000000,1.2610269528,0.0000000000,scatter
57200,2,1.2610269528,0.0000000000,0.0000000000,0.7673167929,exit_left
57300,1,0.0000000000,0.0000000000,0.1348258985,0.0000000000,scatter
57300,2,0.1348258985,0.0000000000,2.3954331787,1.4391413105,scatter
57300,3,2.3954331787,1.4391413105,1.1993618429,-2.0945049878,scatter
57300,4,1.1993618429,-2.0945049878,2.1374622321,-2.6401435540,absorb
57400,1,0.0000000000,0.0000000000,0.3794623772,0.0000000000,scatter
57400,2,0.3794623772,0.0000000000,2.1177258042,-0.2154178504,absorb
57500,1,0.0000000000,0.0000000000,0.8681029090,0.0000000000,scatter
57500,2,0.8681029090,0.0000000000,1.7867912201,-2.4848463152,scatter
57500,3,1.7867912201,-2.4848463152,1.6753714124,-2.6306775904,absorb
57600,1,0.0000000000,0.0000000000,2.7500000000,0.0000000000,exit_right
57700,1,0.0000000000,0.0000000000,1.4656059600,0.0000000000,absorb
57800,1,0.0000000000,0.0000000000,2.7500000000,0.0000000000,exit_right
57900,1,0.0000000000,0.0000000000,1.8527870875,0.0000000000,scatter
57900,2,1.8527870875,0.0000000000,1.9851750700,0.1201819586,scatter
57900,3,1.9851750700,0.1201819586,2.7500000000,0.5938937630,exit_right
58000,1,0.0000000000,0.0000000000,1.1789173972,0.0000000000,scatter
58000,2,1.1789173972,0.0000000000,0.0000000000,-1.4348387000,exit_left
58100,1,0.0000000000,0.0000000000,0.6601380983,0.0000000000,scatter
58100,2,0.6601380983,0.0000000000,0.4995328672,0.1337946808,scatter
58100,3,0.4995328672,0.1337946808,2.7500000000,0.1486962038,exit_right
58200,1,0.0000000000,0.0000000000,0.0658866882,0.0000000000,scatter
58200,2,0.0658866882,0.0000000000,1.5707151576,-1.8003378160,scatter
58200,3,1.5707151576,-1.8003378160,1.6374262866,-1.7560968949,scatter
58200,4,1.6374262866,-1.7560968949,0.0000000000,-0.2440909215,exit_left
58300,1,0.0000000000,0.0000000000,2.7500000000,0.0000000000,exit_right
58400,1,0.0000000000,0.0000000000,1.9447620926,0.0000000000,absorb
58500,1,0.0000000000,0.0000000000,2.7500000000,0.0000000000,exit_right
58600,1,0.0000000000,0.0000000000,0.3291718668,0.0000000000,scatter
58600,2,0.3291718668,0.0000000000,0.0000000000,-0.4038951985,exit_left
58700,1,0.0000000000,0.0000000000,0.9519430841,0.0000000000,absorb
58800,1,0.0000000000,0.0000000000,0.9589822118,0.0000000000,absorb
58900,1,0.0000000000,0.0000000000,0.3811482821,0.0000000000,scatter
58900,2,0.3811482821,0.0000000000,0.0000000000,-0.1420674597,exit_left
59000,1,0.0000000000,0.0000000000,2.7500000000,0.0000000000,exit_right
59100,1,0.0000000000,0.0000000000,2.7500000000,0.0000000000,exit_right
59200,1,0.0000000000,0.0000000000,0.1950730825,0.0000000000,absorb
59300,1,0.0000000000,0.0000000000,2.7500000000,0.0000000000,exit_right
59400,1,0.0000000000,0.0000000000,0.3384506513,0.0000000000,scatter
59400,2,0.3384506513,0.0000000000,0.0000000000,0.2383122168,exit_left
59500,1,0.0000000000,0.0000000000,1.8916966946,0.0000000000,scatter
59500,2,1.8916966946,0.0000000000,1.3997796398,-0.4942566950,absorb
59600,1,0.0000000000,0.0000000000,2.5633276322,0.0000000000,scatter
59600,2,2.5633276322,0.0000000000,2.7500000000,0.2511387540,exit_right
59700,1,0.0000000000,0.0000000000,1.8032334848,0.0000000000,scatter
59700,2,1.8032334848,0.0000000000,1.7962939877,0.5721223209,scatter
59700,3,1.7962939877,0.5721223209,1.4845207099,0.9230300075,scatter
59700,4,1.4845207099,0.9230300075,0.8110084828,1.3266698881,scatter
59700,5,0.8110084828,1.3266698881,1.3491430906,4.9090478979,scatter
59700,6,1.3491430906,4.9090478979,1.4910513977,5.0143736569,scatter
59700,7,1.4910513977,5.0143736569,1.5257752825,5.0835675712,absorb
59800,1,0.0000000000,0.0000000000,2.6786603769,0.0000000000,absorb
59900,1,0.0000000000,0.0000000000,2.7500000000,0.0000000000,exit_right
60000,1,0.0000000000,0.0000000000,0.4048594968,0.0000000000,scatter
60000,2,0.4048594968,0.0000000000,0.0000000000,1.0729030831,exit_left
60100,1,0.0000000000,0.0000000000,2.7500000000,0.0000000000,exit_right
60200,1,0.0000000000,0.0000000000,2.7500000000,0.0000000000,exit_right
60300,1,0.0000000000,0.0000000000,1.9377351456,0.0000000000,scatter
60300,2,1.9377351456,0.0000000000,0.0000000000,-2.2719521815,exit_left
60400,1,0.0000000000,0.0000000000,0.2760877783,0.0000000000,scatter
60400,2,0.2760877783,0.0000000000,2.7500000000,0.6984825873,exit_right
60500,1,0.0000000000,0.0000000000,2.3479555700,0.0000000000,scatter
60500,2,2.3479555700,0.0000000000,2.7500000000,0.0691290174,exit_right
60600,1,0.0000000000,0.0000000000,0.0016015799,0.0000000000,scatter
60600,2,0.0016015799,0.0000000000,0.0000000000,0.0008094220,exit_left
60700,1,0.0000000000,0.0000000000,2.2143400516,0.0000000000,absorb
60800,1,0.0000000000,0.0000000000,1.7763098847,0.0000000000,scatter
60800,2,1.7763098847,0.0000000000,2.1036808965,-1.0306355582,scatter
60800,3,2.1036808965,-1.0306355582,0.0000000000,-0.9784635103,exit_left
60900,1,0.0000000000,0.0000000000,2.7500000000,0.0000000000,exit_right
61000,1,0.0000000000,0.0000000000,0.6081659956,0.0000000000,scatter
61000,2,0.6081659956,0.0000000000,0.0000000000,-0.2695731293,exit_left
61100,1,0.0000000000,0.0000000000,2.7500000000,0.0000000000,exit_right
61200,1,0.0000000000,0.0000000000,2.7500000000,0.0000000000,exit_right
61300,1,0.0000000000,0.0000000000,2.7500000000,0.0000000000,exit_right
61400,1,0.0000000000,0.0000000000,0.3728716661,0.0000000000,scatter
61400,2,0.3728716661,0.0000000000,0.0996649424,0.0978377477,scatter
61400,3,0.0996649424,0.0978377477,2.7500000000,2.3368464433,exit_right
61500,1,0.0000000000,0.0000000000,2.7500000000,0.0000000000,exit_right
61600,1,0.0000000000,0.0000000000,0.9727538337,0.0000000000,scatter
61600,2,0.9727538337,0.0000000000,2.7500000000,0.3336988426,exit_right
61700,1,0.0000000000,0.0000000000,0.0075332864,0.0000000000,absorb
61800,1,0.0000000000,0.0000000000,1.4469758238,0.0000000000,scatter
61800,2,1.4469758238,0.0000000000,1.8443556845,-1.2583266270,scatter
61800,3,1.8443556845,-1.2583266270,1.8613089087,-1.2278315825,scatter
61800,4,1.8613089087,-1.2278315825,1.8312857785,-1.0460344390,scatter
61800,5,1.8312857785,-1.0460344390,1.2964303540,-0.0434863798,absorb
61900,1,0.0000000000,0.0000000000,1.0588857668,0.0000000000,scatter
61900,2,1.0588857668,0.0000000000,0.0000000000,-0.1787744259,exit_left
62000,1,0.0000000000,0.0000000000,2.7500000000,0.0000000000,exit_right
62100,1,0.0000000000,0.0000000000,0.4280006149,0.0000000000,absorb
62200,1,0.0000000000,0.0000000000,1.8634620869,0.0000000000,scatter
62200,2,1.8634620869,0.0000000000,2.6338153343,0.0373755503,scatter
62200,3,2.6338153343,0.0373755503,1.3106957556,-0.4825073010,scatter
62200,4,1.3106957556,-0.4825073010,0.0000000000,-2.6344967977,exit_left
62300,1,0.0000000000,0.0000000000,0.7464767586,0.0000000000,absorb
62400,1,0.0000000000,0.0000000000,1.8576614775,0.0000000000,absorb
62500,1,0.0000000000,0.0000000000,2.7500000000,0.0000000000,exit_right
62600,1,0.0000000000,0.0000000000,0.7051270416,0.0000000000,scatter
62600,2,0.7051270416,0.0000000000,0.0000000000,0.2204021616,exit_left
62700,1,0.0000000000,0.0000000000,1.5303481223,0.0000000000,scatter
62700,2,1.5303481223,0.0000000000,2.3764739641,0.9480784797,absorb
62800,1,0.0000000000,0.0000000000,0.0785065167,0.0000000000,scatter
62800,2,0.0785065167,0.0000000000,1.2186057625,0.6170708956,absorb
62900,1,0.0000000000,0.0000000000,1.5834986117,0.0000000000,scatter
62900,2,1.5834986117,0.0000000000,1.9357404305,-1.6540188847,scatter
62900,3,1.9357404305,-1.6540188847,2.7500000000,-2.4177123976,exit_right
63000,1,0.0000000000,0.0000000000,2.7500000000,0.0000000000,exit_right
63100,1,0.0000000000,0.0000000000,1.5921299785,0.0000000000,absorb
63200,1,0.0000000000,0.0000000000,0.2036843910,0.0000000000,scatter
63200,2,0.2036843910,0.0000000000,0.0000000000,0.3001643807,exit_left
63300,1,0.0000000000,0.0000000000,2.7500000000,0.0000000000,exit_right
63400,1,0.0000000000,0.0000000000,0.1017233485,0.0000000000,scatter
63400,2,0.1017233485,0.0000000000,2.7500000000,-0.5782567683,exit_right
63500,1,0.0000000000,0.0000000000,0.0010766835,0.0000000000,scatter
63500,2,0.0010766835,0.0000000000,2.7500000000,-1.5386645821,exit_right
63600,1,0.0000000000,0.0000000000,2.4247316120,0.0000000000,scatter
63600,2,2.4247316120,0.0000000000,2.7500000000,0.3216967448,exit_right
63700,1,0.0000000000,0.0000000000,2.7500000000,0.0000000000,exit_right
63800,1,0.0000000000,0.0000000000,1.9431633373,0.0000000000,scatter
63800,2,1.9431633373,0.0000000000,2.2553076319,-0.6892520070,scatter
63800,3,2.2553076319,-0.6892520070,2.7500000000,-2.3425751386,exit_right
63900,1,0.0000000000,0.0000000000,2.7500000000,0.0000000000,exit_right
64000,1,0.0000000000,0.0000000000,2.7500000000,0.0000000000,exit_right
64100,1,0.0000000000,0.0000000000,2.5769331058,0.0000000000,scatter
64100,2,2.5769331058,0.0000000000,2.5088875664,-0.5489591176,scatter
64100,3,2.5088875664,-0.5489591176,0.7230222110,0.1572229113,scatter
64100,4,0.7230222110,0.1572229113,0.0000000000,-0.7500132799,exit_left
64200,1,0.0000000000,0.0000000000,2.7500000000,0.0000000000,exit_right
64300,1,0.0000000000,0.0000000000,2.7500000000,0.0000000000,exit_right
64400,1,0.0000000000,0.0000000000,0.7831681111,0.0000000000,scatter
64400,2,0.7831681111,0.0000000000,0.6941648049,-0.4925592951,scatter
64400,3,0.6941648049,-0.4925592951,2.7500000000,-0.7107563313,exit_right
64500,1,0.0000000000,0.0000000000,1.6666757554,0.0000000000,scatter
64500,2,1.6666757554,0.0000000000,0.0000000000,-0.4477312566,exit_left
64600,1,0.0000000000,0.0000000000,1.0084362566,0.0000000000,absorb
64700,1,0.0000000000,0.0000000000,1.1152806840,0.0000000000,scatter
64700,2,1.1152806840,0.0000000000,0.6366113742,-0.1381003166,absorb
64800,1,0.0000000000,0.0000000000,2.3246854461,0.0000000000,scatter
64800,2,2.3246854461,0.0000000000,2.0889591362,-1.0313489742,scatter
64800,3,2.0889591362,-1.0313489742,2.2260984188,-0.5346932424,scatter
64800,4,2.2260984188,-0.5346932424,2.6462758371,0.3566881360,scatter
64800,5,2.6462758371,0.3566881360,0.0000000000,-1.2334704148,exit_left
64900,1,0.0000000000,0.0000000000,0.2753930009,0.0000000000,scatter
64900,2,0.2753930009,0.0000000000,0.9396362268,-0.2081027534,absorb
65000,1,0.0000000000,0.0000000000,0.1351254118,0.0000000000,scatter
65000,2,0.1351254118,0.0000000000,0.0000000000,0.1417775303,exit_left
65100,1,0.0000000000,0.0000000000,2.7500000000,0.0000000000,exit_right
65200,1,0.0000000000,0.0000000000,2.0719583115,0.0000000000,scatter
65200,2,2.0719583115,0.0000000000,0.0000000000,1.1774311616,exit_left
65300,1,0.0000000000,0.0000000000,2.6223931887,0.0000000000,scatter
65300,2,2.6223931887,0.0000000000,2.7500000000,0.0587254933,exit_right
65400,1,0.0000000000,0.0000000000,1.7102789271,0.0000000000,scatter
65400,2,1.7102789271,0.0000000000,2.3506558538,1.1296068489,scatter
65400,3,2.3506558538,1.1296068489,2.7500000000,1.2401612172,exit_right
65500,1,0.0000000000,0.0000000000,2.7500000000,0.0000000000,exit_right
65600,1,0.0000000000,0.0000000000,2.7500000000,0.0000000000,exit_right
65700,1,0.0000000000,0.0000000000,0.2098610624,0.0000000000,scatter
65700,2,0.2098610624,0.0000000000,0.0000000000,-0.7184479714,exit_left
65800,1,0.0000000000,0.0000000000,1.9502364750,0.0000000000,scatter
65800,2,1.9502364750,0.0000000000,2.7500000000,-0.7621411579,exit_right
65900,1,0.0000000000,0.0000000000,2.7500000000,0.0000000000,exit_right
66000,1,0.0000000000,0.0000000000,2.3871255751,0.0000000000,scatter
66000,2,2.3871255751,0.0000000000,2.7500000000,-0.6213850420,exit_right
66100,1,0.0000000000,0.0000000000,2.5283001514,0.0000000000,scatter
66100,2,2.5283001514,0.0000000000,2.7500000000,-0.2106445987,exit_right
66200,1,0.0000000000,0.0000000000,0.3428724908,0.0000000000,absorb
66300,1,0.0000000000,0.0000000000,2.7500000000,0.0000000000,exit_right
66400,1,0.0000000000,0.0000000000,0.3747871627,0.0000000000,absorb
66500,1,0.0000000000,0.0000000000,2.7500000000,0.0000000000,exit_right
66600,1,0.0000000000,0.0000000000,0.7481699933,0.0000000000,absorb
66700,1,0.0000000000,0.0000000000,0.9932555250,0.0000000000,scatter
66700,2,0.9932555250,0.0000000000,1.4034732197,0.9158443548,scatter
66700,3,1.4034732197,0.9158443548,1.4097820984,0.9541082989,absorb
66800,1,0.0000000000,0.0000000000,2.7500000000,0.0000000000,exit_right
66900,1,0.0000000000,0.0000000000,1.4735690437,0.0000000000,scatter
66900,2,1.4735690437,0.0000000000,0.3476603790,0.9737586530,scatter
66900,3,0.3476603790,0.9737586530,1.3697642617,-0.8208938144,scatter
66900,4,1.3697642617,-0.8208938144,1.8115242842,-0.9548122289,scatter
66900,5,1.8115242842,-0.9548122289,2.7500000000,-0.7409255674,exit_right
67000,1,0.0000000000,0.0000000000,2.7500000000,0.0000000000,exit_right
67100,1,0.0000000000,0.0000000000,0.1771580693,0.0000000000,scatter
67100,2,0.1771580693,0.0000000000,2.4574850559,0.9975659964,scatter
67100,3,2.4574850559,0.9975659964,2.7500000000,2.7833184313,exit_right
67200,1,0.0000000000,0.0000000000,0.5234337115,0.0000000000,scatter
67200,2,0.5234337115,0.0000000000,2.7500000000,3.8562664022,exit_right
67300,1,0.0000000000,0.0000000000,0.5781556180,0.0000000000,scatter
67300,2,0.5781556180,0.0000000000,0.5824506045,-0.0023828607,absorb
67400,1,0.0000000000,0.0000000000,2.7500000000,0.0000000000,exit_right
67500,1,0.0000000000,0.0000000000,0.5075706940,0.0000000000,scatter
67500,2,0.5075706940,0.0000000000,0.7804780428,-0.0004593688,scatter
67500,3,0.7804780428,-0.0004593688,0.5611723473,-0.7546001864,scatter
67500,4,0.5611723473,-0.7546001864,0.6095378685,1.3361672204,scatter
67500,5,0.6095378685,1.3361672204,0.0000000000,-0.0554695649,exit_left
67600,1,0.0000000000,0.0000000000,0.0695437575,0.0000000000,scatter
67600,2,0.0695437575,0.0000000000,2.7500000000,-1.5649749249,exit_right
67700,1,0.0000000000,0.0000000000,1.1296222637,0.0000000000,scatter
67700,2,1.1296222637,0.0000000000,2.7500000000,2.4678089321,exit_right
67800,1,0.0000000000,0.0000000000,0.2397566258,0.0000000000,scatter
67800,2,0.2397566258,0.0000000000,0.0000000000,-1.5807719027,exit_left
67900,1,0.0000000000,0.0000000000,0.3413725118,0.0000000000,scatter
67900,2,0.3413725118,0.0000000000,2.3167108961,-0.3329667608,scatter
67900,3,2.3167108961,-0.3329667608,0.0000000000,0.4500086091,exit_left
68000,1,0.0000000000,0.0000000000,0.8547080504,0.0000000000,scatter
68000,2,0.8547080504,0.0000000000,2.7500000000,-2.5301236622,exit_right
68100,1,0.0000000000,0.0000000000,0.7209206531,0.0000000000,scatter
68100,2,0.7209206531,0.0000000000,0.0000000000,1.0477370901,exit_left
68200,1,0.0000000000,0.0000000000,2.7500000000,0.0000000000,exit_right
68300,1,0.0000000000,0.0000000000,0.3146613258,0.0000000000,scatter
68300,2,0.3146613258,0.0000000000,0.9598707127,-1.0854159583,absorb
68400,1,0.0000000000,0.0000000000,0.6108741586,0.0000000000,scatter
68400,2,0.6108741586,0.0000000000,0.5740349549,-0.3399266965,scatter
68400,3,0.5740349549,-0.3399266965,0.0000000000,-0.9605857670,exit_left
68500,1,0.0000000000,0.0000000000,0.8291411026,0.0000000000,absorb
68600,1,0.0000000000,0.0000000000,2.7500000000,0.0000000000,exit_right
68700,1,0.0000000000,0.0000000000,1.0299311171,0.0000000000,scatter
68700,2,1.0299311171,0.0000000000,1.0878997380,-1.5097018083,scatter
68700,3,1.0878997380,-1.5097018083,0.0000000000,2.4967297754,exit_left
68800,1,0.0000000000,0.0000000000,2.7500000000,0.0000000000,exit_right
68900,1,0.0000000000,0.0000000000,2.7500000000,0.0000000000,exit_right
69000,1,0.0000000000,0.0000000000,2.7500000000,0.0000000000,exit_right
69100,1,0.0000000000,0.0000000000,2.7500000000,0.0000000000,exit_right
69200,1,0.0000000000,0.0000000000,1.6664524692,0.0000000000,scatter
69200,2,1.6664524692,0.0000000000,0.0000000000,-1.0463403808,exit_left
69300,1,0.0000000000,0.0000000000,0.1151208689,0.0000000000,absorb
69400,1,0.0000000000,0.0000000000,2.2863392330,0.0000000000,scatter
69400,2,2.2863392330,0.0000000000,1.1493917752,0.7766897109,absorb
69500,1,0.0000000000,0.0000000000,2.7500000000,0.0000000000,exit_right
69600,1,0.0000000000,0.0000000000,0.2380141845,0.0000000000,scatter
69600,2,0.2380141845,0.0000000000,2.7500000000,1.5920427846,exit_right
69700,1,0.0000000000,0.0000000000,0.4381660739,0.0000000000,scatter
69700,2,0.4381660739,0.0000000000,2.7500000000,0.8072730450,exit_right
69800,1,0.0000000000,0.0000000000,2.7500000000,0.0000000000,exit_right
69900,1,0.0000000000,0.0000000000,0.2141659072,0.0000000000,scatter
69900,2,0.2141659072,0.0000000000,1.0670174343,-0.5463692802,scatter
69900,3,1.0670174343,-0.5463692802,0.0544360492,-0.7310746743,scatter
69900,4,0.0544360492,-0.7310746743,2.7500000000,-1.0426425539,exit_right
70000,1,0.0000000000,0.0000000000,2.1501651454,0.0000000000,scatter
70000,2,2.1501651454,0.0000000000,2.6312818947,0.2779643557,absorb
70100,1,0.0000000000,0.0000000000,2.7500000000,0.0000000000,exit_right
70200,1,0.0000000000,0.0000000000,2.7500000000,0.0000000000,exit_right
70300,1,0.0000000000,0.0000000000,2.2388054888,0.0000000000,absorb
70400,1,0.0000000000,0.0000000000,1.8965148308,0.0000000000,scatter
70400,2,1.8965148308,0.0000000000,0.0000000000,-1.1275729158,exit_left
70500,1,0.0000000000,0.0000000000,2.7500000000,0.0000000000,exit_right
70600,1,0.0000000000,0.0000000000,1.4699479390,0.0000000000,scatter
70600,2,1.4699479390,0.0000000000,1.5013440769,-0.0010870552,scatter
70600,3,1.5013440769,-0.0010870552,0.3086449050,3.6496054295,scatter
70600,4,0.3086449050,3.6496054295,0.6352435494,3.9523128953,scatter
70600,5,0.6352435494,3.9523128953,1.5743952578,4.9057229666,absorb
70700,1,0.0000000000,0.0000000000,2.7500000000,0.0000000000,exit_right
70800,1,0.0000000000,0.0000000000,2.7500000000,0.0000000000,exit_right
70900,1,0.0000000000,0.0000000000,2.1885157962,0.0000000000,scatter
70900,2,2.1885157962,0.0000000000,0.4277938414,-0.2600588232,scatter
70900,3,0.4277938414,-0.2600588232,0.0000000000,0.6828561293,exit_left
71000,1,0.0000000000,0.0000000000,1.3582801264,0.0000000000,scatter
71000,2,1.3582801264,0.0000000000,0.0000000000,-0.9160182761,exit_left
71100,1,0.0000000000,0.0000000000,2.7500000000,0.0000000000,exit_right
71200,1,0.0000000000,0.0000000000,0.5788881201,0.0000000000,absorb
71300,1,0.0000000000,0.0000000000,0.8169159733,0.0000000000,scatter
71300,2,0.8169159733,0.0000000000,1.0251626422,0.3746110583,scatter
71300,3,1.0251626422,0.3746110583,1.1969833243,0.2001119472,scatter
71300,4,1.1969833243,0.2001119472,1.6532505592,-0.0577045796,absorb
71400,1,0.0000000000,0.0000000000,0.9502087177,0.0000000000,scatter
71400,2,0.9502087177,0.0000000000,0.9081561895,-0.0860772375,scatter
71400,3,0.9081561895,-0.0860772375,0.1413551037,-0.0816419248,scatter
71400,4,0.1413551037,-0.0816419248,1.8051705089,0.7278756457,scatter
71400,5,1.8051705089,0.7278756457,2.7500000000,0.4409936798,exit_right
71500,1,0.0000000000,0.0000000000,2.4799916389,0.0000000000,scatter
71500,2,2.4799916389,0.0000000000,2.7500000000,-1.5984009684,exit_right
71600,1,0.0000000000,0.0000000000,1.4974785620,0.0000000000,scatter
71600,2,1.4974785620,0.0000000000,2.3978958536,1.5834237280,scatter
71600,3,2.3978958536,1.5834237280,2.2618351393,2.6734901589,absorb
71700,1,0.0000000000,0.0000000000,1.9045352056,0.0000000000,scatter
71700,2,1.9045352056,0.0000000000,2.7500000000,1.3391937592,exit_right
71800,1,0.0000000000,0.0000000000,1.9652200453,0.0000000000,scatter
71800,2,1.9652200453,0.0000000000,2.7500000000,0.4769391596,exit_right
71900,1,0.0000000000,0.0000000000,1.0348663478,0.0000000000,absorb
72000,1,0.0000000000,0.0000000000,2.7500000000,0.0000000000,exit_right
72100,1,0.0000000000,0.0000000000,1.2302855115,0.0000000000,scatter
72100,2,1.2302855115,0.0000000000,2.7500000000,-1.5919689904,exit_right
72200,1,0.0000000000,0.0000000000,1.2528126652,0.0000000000,scatter
72200,2,1.2528126652,0.0000000000,1.1732740546,-0.1013693980,scatter
72200,3,1.1732740546,-0.1013693980,0.0000000000,-0.7582689017,exit_left
72300,1,0.0000000000,0.0000000000,2.4759874336,0.0000000000,scatter
72300,2,2.4759874336,0.0000000000,2.7500000000,0.3268892676,exit_right
72400,1,0.0000000000,0.0000000000,0.1594482882,0.0000000000,scatter
72400,2,0.1594482882,0.0000000000,0.4406635173,0.2903714904,scatter
72400,3,0.4406635173,0.2903714904,0.4360754473,0.2958747558,scatter
72400,4,0.4360754473,0.2958747558,0.8598864828,-0.7016977602,scatter
72400,5,0.8598864828,-0.7016977602,2.7500000000,-4.2228575577,exit_right
72500,1,0.0000000000,0.0000000000,2.4727553378,0.0000000000,scatter
72500,2,2.4727553378,0.0000000000,2.0764430967,1.9318894213,scatter
72500,3,2.0764430967,1.9318894213,2.7500000000,2.2753640061,exit_right
72600,1,0.0000000000,0.0000000000,0.2191689255,0.0000000000,scatter
72600,2,0.2191689255,0.0000000000,1.3498024333,2.4916464374,scatter
72600,3,1.3498024333,2.4916464374,0.0000000000,3.5756290876,exit_left
72700,1,0.0000000000,0.0000000000,2.7500000000,0.0000000000,exit_right
72800,1,0.0000000000,0.0000000000,2.7500000000,0.0000000000,exit_right
72900,1,0.0000000000,0.0000000000,2.7500000000,0.0000000000,exit_right
73000,1,0.0000000000,0.0000000000,0.7304952669,0.0000000000,scatter
73000,2,0.7304952669,0.0000000000,0.7888651090,0.1045427959,scatter
73000,3,0.7888651090,0.1045427959,2.6952336867,0.3185475219,scatter
73000,4,2.6952336867,0.3185475219,2.7500000000,0.2518744738,exit_right
73100,1,0.0000000000,0.0000000000,2.7500000000,0.0000000000,exit_right
73200,1,0.0000000000,0.0000000000,0.4254839297,0.0000000000,scatter
73200,2,0.4254839297,0.0000000000,0.4296866068,-0.0009396910,scatter
73200,3,0.4296866068,-0.0009396910,0.0000000000,-0.3504734775,exit_left
73300,1,0.0000000000,0.0000000000,2.7500000000,0.0000000000,exit_right
73400,1,0.0000000000,0.0000000000,1.1232795820,0.0000000000,absorb
73500,1,0.0000000000,0.0000000000,2.7500000000,0.0000000000,exit_right
73600,1,0.0000000000,0.0000000000,0.1538779070,0.0000000000,scatter
73600,2,0.1538779070,0.0000000000,0.0000000000,-0.2380025984,exit_left
73700,1,0.0000000000,0.0000000000,0.0339582831,0.0000000000,scatter
73700,2,0.0339582831,0.0000000000,0.6455694173,-0.1380772921,scatter
73700,3,0.6455694173,-0.1380772921,0.0000000000,-0.2377748870,exit_left
73800,1,0.0000000000,0.0000000000,1.3255523594,0.0000000000,scatter
73800,2,1.3255523594,0.0000000000,0.0000000000,0.1400733545,exit_left
73900,1,0.0000000000,0.0000000000,0.0570842491,0.0000000000,scatter
73900,2,0.0570842491,0.0000000000,2.1951239152,2.3049136309,scatter
73900,3,2.1951239152,2.3049136309,2.1792753338,2.3722304590,scatter
73900,4,2.1792753338,2.3722304590,1.8700078241,2.8193286834,scatter
73900,5,1.8700078241,2.8193286834,2.7500000000,2.0510234930,exit_right
74000,1,0.0000000000,0.0000000000,0.2592098210,0.0000000000,scatter
74000,2,0.2592098210,0.0000000000,0.0896548785,-0.7038402769,scatter
74000,3,0.0896548785,-0.7038402769,0.0000000000,-0.5909674263,exit_left
74100,1,0.0000000000,0.0000000000,0.3074372348,0.0000000000,scatter
74100,2,0.3074372348,0.0000000000,0.0000000000,0.3079165402,exit_left
74200,1,0.0000000000,0.0000000000,0.5944843858,0.0000000000,scatter
74200,2,0.5944843858,0.0000000000,2.7500000000,-1.2192173878,exit_right
74300,1,0.0000000000,0.0000000000,0.3255216397,0.0000000000,scatter
74300,2,0.3255216397,0.0000000000,0.0422502656,0.3993397495,scatter
74300,3,0.0422502656,0.3993397495,2.7500000000,-0.6505156654,exit_right
74400,1,0.0000000000,0.0000000000,0.7733985050,0.0000000000,scatter
74400,2,0.7733985050,0.0000000000,2.7500000000,8.2808594449,exit_right
74500,1,0.0000000000,0.0000000000,2.7353678516,0.0000000000,scatter
74500,2,2.7353678516,0.0000000000,2.7475816834,0.0152575597,scatter
74500,3,2.7475816834,0.0152575597,2.7500000000,0.0112351070,exit_right
74600,1,0.0000000000,0.0000000000,0.8992855402,0.0000000000,scatter
74600,2,0.8992855402,0.0000000000,0.8007705635,0.2795610621,scatter
74600,3,0.8007705635,0.2795610621,0.6413749557,0.3014294076,absorb
74700,1,0.0000000000,0.0000000000,2.7500000000,0.0000000000,exit_right
74800,1,0.0000000000,0.0000000000,0.6582299723,0.0000000000,scatter
74800,2,0.6582299723,0.0000000000,0.3919970476,0.1688450708,absorb
74900,1,0.0000000000,0.0000000000,0.6689341922,0.0000000000,scatter
74900,2,0.6689341922,0.0000000000,1.0864695743,-0.2576344672,scatter
74900,3,1.0864695743,-0.2576344672,1.3777251573,-0.4761143054,scatter
74900,4,1.3777251573,-0.4761143054,2.7500000000,-0.3413468846,exit_right
75000,1,0.0000000000,0.0000000000,1.2348079245,0.0000000000,absorb
75100,1,0.0000000000,0.0000000000,2.2134400587,0.0000000000,scatter
75100,2,2.2134400587,0.0000000000,2.7500000000,-0.4566501951,exit_right
75200,1,0.0000000000,0.0000000000,2.7500000000,0.0000000000,exit_right
75300,1,0.0000000000,0.0000000000,2.7500000000,0.0000000000,exit_right
75400,1,0.0000000000,0.0000000000,1.4932698381,0.0000000000,scatter
75400,2,1.4932698381,0.0000000000,0.3883805623,0.9993386401,absorb
75500,1,0.0000000000,0.0000000000,0.3699807959,0.0000000000,absorb
75600,1,0.0000000000,0.0000000000,1.1359317400,0.0000000000,scatter
75600,2,1.1359317400,0.0000000000,1.8141286969,-2.4822119142,scatter
75600,3,1.8141286969,-2.4822119142,2.2030716441,-3.7830152075,scatter
75600,4,2.2030716441,-3.7830152075,1.2788246785,-2.7913762338,scatter
75600,5,1.2788246785,-2.7913762338,1.9565119622,-3.2454995563,absorb
75700,1,0.0000000000,0.0000000000,2.7500000000,0.0000000000,exit_right
75800,1,0.0000000000,0.0000000000,2.7500000000,0.0000000000,exit_right
75900,1,0.0000000000,0.0000000000,2.7500000000,0.0000000000,exit_right
76000,1,0.0000000000,0.0000000000,1.2164745710,0.0000000000,scatter
76000,2,1.2164745710,0.0000000000,1.2275164918,-3.8680755231,absorb
76100,1,0.0000000000,0.0000000000,0.3489766247,0.0000000000,scatter
76100,2,0.3489766247,0.0000000000,0.0000000000,-0.5062512458,exit_left
76200,1,0.0000000000,0.0000000000,2.7500000000,0.0000000000,exit_right
76300,1,0.0000000000,0.0000000000,2.7500000000,0.0000000000,exit_right
76400,1,0.0000000000,0.0000000000,1.0849805331,0.0000000000,scatter
76400,2,1.0849805331,0.0000000000,0.0000000000,0.2432844610,exit_left
76500,1,0.0000000000,0.0000000000,2.0301916436,0.0000000000,scatter
76500,2,2.0301916436,0.0000000000,2.0296626075,0.6958610871,absorb
76600,1,0.0000000000,0.0000000000,2.7500000000,0.0000000000,exit_right
76700,1,0.0000000000,0.0000000000,2.7500000000,0.0000000000,exit_right
76800,1,0.0000000000,0.0000000000,2.7500000000,0.0000000000,exit_right
76900,1,0.0000000000,0.0000000000,0.4718836757,0.0000000000,absorb
77000,1,0.0000000000,0.0000000000,2.7500000000,0.0000000000,exit_right
77100,1,0.0000000000,0.0000000000,1.3615852755,0.0000000000,scatter
77100,2,1.3615852755,0.0000000000,2.3366166285,0.8104141957,scatter
77100,3,2.3366166285,0.8104141957,2.4865971477,0.2680692948,scatter
77100,4,2.4865971477,0.2680692948,2.6553650451,1.4575090687,absorb
77200,1,0.0000000000,0.0000000000,1.0168421147,0.0000000000,scatter
77200,2,1.0168421147,0.0000000000,0.7372073828,-2.0338748187,scatter
77200,3,0.7372073828,-2.0338748187,0.9233418668,-2.7702250740,absorb
77300,1,0.0000000000,0.0000000000,0.8802247784,0.0000000000,absorb
77400,1,0.0000000000,0.0000000000,1.5174815371,0.0000000000,absorb
77500,1,0.0000000000,0.0000000000,0.7119758378,0.0000000000,scatter
77500,2,0.7119758378,0.0000000000,0.0000000000,1.3120033229,exit_left
77600,1,0.0000000000,0.0000000000,2.7500000000,0.0000000000,exit_right
77700,1,0.0000000000,0.0000000000,1.1703597161,0.0000000000,scatter
77700,2,1.1703597161,0.0000000000,0.0000000000,1.6131027817,exit_left
77800,1,0.0000000000,0.0000000000,2.7500000000,0.0000000000,exit_right
77900,1,0.0000000000,0.0000000000,0.4695297956,0.0000000000,scatter
77900,2,0.4695297956,0.0000000000,0.5660826995,-0.4011284875,scatter
77900,3,0.5660826995,-0.4011284875,0.0000000000,-0.2341767801,exit_left
78000,1,0.0000000000,0.0000000000,2.7500000000,0.0000000000,exit_right
78100,1,0.0000000000,0.0000000000,1.3564534537,0.0000000000,scatter
78100,2,1.3564534537,0.0000000000,0.0000000000,-0.4247609027,exit_left
78200,1,0.0000000000,0.0000000000,1.3899837747,0.0000000000,absorb
78300,1,0.0000000000,0.0000000000,1.4084879962,0.0000000000,scatter
78300,2,1.4084879962,0.0000000000,1.7267109510,0.2597078824,scatter
78300,3,1.7267109510,0.2597078824,0.7048996664,0.0480239055,scatter
78300,4,0.7048996664,0.0480239055,1.1435696365,-0.4249738672,scatter
78300,5,1.1435696365,-0.4249738672,1.7653265855,0.8523359789,scatter
78300,6,1.7653265855,0.8523359789,1.8159219612,2.1507325610,scatter
78300,7,1.8159219612,2.1507325610,0.7850064362,-4.1273604242,absorb
78400,1,0.0000000000,0.0000000000,0.2748414647,0.0000000000,scatter
78400,2,0.2748414647,0.0000000000,0.0000000000,-0.1437407378,exit_left
78500,1,0.0000000000,0.0000000000,0.7958242159,0.0000000000,scatter
78500,2,0.7958242159,0.0000000000,2.4590879746,-0.6800749875,scatter
78500,3,2.4590879746,-0.6800749875,1.4802756562,0.6425150786,scatter
78500,4,1.4802756562,0.6425150786,0.0000000000,1.8386731261,exit_left
78600,1,0.0000000000,0.0000000000,2.7500000000,0.0000000000,exit_right
78700,1,0.0000000000,0.0000000000,1.0902107179,0.0000000000,absorb
78800,1,0.0000000000,0.0000000000,1.8235574304,0.0000000000,scatter
78800,2,1.8235574304,0.0000000000,2.7500000000,1.1321250747,exit_right
78900,1,0.0000000000,0.0000000000,2.7500000000,0.0000000000,exit_right
79000,1,0.0000000000,0.0000000000,2.7500000000,0.0000000000,exit_right
79100,1,0.0000000000,0.0000000000,2.1372259608,0.0000000000,scatter
79100,2,2.1372259608,0.0000000000,2.0866301905,-1.3187862418,scatter
79100,3,2.0866301905,-1.3187862418,1.6472184953,-1.7714002628,scatter
79100,4,1.6472184953,-1.7714002628,0.5724248877,-3.1915848277,scatter
79100,5,0.5724248877,-3.1915848277,2.7500000000,-2.9443796307,exit_right
79200,1,0.0000000000,0.0000000000,2.7500000000,0.0000000000,exit_right
79300,1,0.0000000000,0.0000000000,0.5487440745,0.0000000000,scatter
79300,2,0.5487440745,0.0000000000,1.3878416568,0.6147926977,scatter
79300,3,1.3878416568,0.6147926977,2.7500000000,0.0529071950,exit_right
79400,1,0.0000000000,0.0000000000,1.3965739149,0.0000000000,absorb
79500,1,0.0000000000,0.0000000000,0.6260776733,0.0000000000,scatter
79500,2,0.6260776733,0.0000000000,0.8795195568,-0.1437856672,scatter
79500,3,0.8795195568,-0.1437856672,1.4349565726,1.4670521595,absorb
79600,1,0.0000000000,0.0000000000,2.2206224735,0.0000000000,scatter
79600,2,2.2206224735,0.0000000000,2.5084753187,-3.0636875358,scatter
79600,3,2.5084753187,-3.0636875358,2.7500000000,-2.7277129769,exit_right
79700,1,0.0000000000,0.0000000000,2.7500000000,0.0000000000,exit_right
79800,1,0.0000000000,0.0000000000,0.2082015434,0.0000000000,scatter
79800,2,0.2082015434,0.0000000000,2.5613311989,1.9612702488,scatter
79800,3,2.5613311989,1.9612702488,2.7500000000,2.1155081523,exit_right
79900,1,0.0000000000,0.0000000000,2.7500000000,0.0000000000,exit_right
80000,1,0.0000000000,0.0000000000,1.5394439929,0.0000000000,scatter
80000,2,1.5394439929,0.0000000000,1.0332738403,-0.4833334834,scatter
80000,3,1.0332738403,-0.4833334834,1.0903340850,-3.3205874023,absorb
80100,1,0.0000000000,0.0000000000,2.7500000000,0.0000000000,exit_right
80200,1,0.0000000000,0.0000000000,2.6887548336,0.0000000000,scatter
80200,2,2.6887548336,0.0000000000,2.7500000000,0.0209475751,exit_right
80300,1,0.0000000000,0.0000000000,1.8742582978,0.0000000000,absorb
80400,1,0.0000000000,0.0000000000,1.4455211159,0.0000000000,scatter
80400,2,1.4455211159,0.0000000000,0.0000000000,-0.2205683958,exit_left
80500,1,0.0000000000,0.0000000000,2.1067480781,0.0000000000,absorb
80600,1,0.0000000000,0.0000000000,0.7430722549,0.0000000000,absorb
80700,1,0.0000000000,0.0000000000,0.1159500888,0.0000000000,scatter
80700,2,0.1159500888,0.0000000000,0.0000000000,-0.1380660114,exit_left
80800,1,0.0000000000,0.0000000000,2.7500000000,0.0000000000,exit_right
80900,1,0.0000000000,0.0000000000,0.8628841858,0.0000000000,scatter
80900,2,0.8628841858,0.0000000000,2.7500000000,0.9917235640,exit_right
81000,1,0.0000000000,0.0000000000,0.4754983703,0.0000000000,scatter
81000,2,0.4754983703,0.0000000000,0.6868453959,-1.8438569464,absorb
81100,1,0.0000000000,0.0000000000,2.7500000000,0.0000000000,exit_right
81200,1,0.0000000000,0.0000000000,0.1619457264,0.0000000000,absorb
81300,1,0.0000000000,0.0000000000,0.9727749989,0.0000000000,scatter
81300,2,0.9727749989,0.0000000000,2.7500000000,-0.2817561959,exit_right
81400,1,0.0000000000,0.0000000000,0.3263773574,0.0000000000,scatter
81400,2,0.3263773574,0.0000000000,0.4126675854,0.5564358445,absorb
81500,1,0.0000000000,0.0000000000,2.7500000000,0.0000000000,exit_right
81600,1,0.0000000000,0.0000000000,1.5083882229,0.0000000000,scatter
81600,2,1.5083882229,0.0000000000,1.3647952628,-0.0321181989,scatter
81600,3,1.3647952628,-0.0321181989,1.4286638585,0.0415450625,absorb
81700,1,0.0000000000,0.0000000000,2.7500000000,0.0000000000,exit_right
81800,1,0.0000000000,0.0000000000,0.9391532407,0.0000000000,absorb
81900,1,0.0000000000,0.0000000000,0.3009728197,0.0000000000,scatter
81900,2,0.3009728197,0.0000000000,0.8631807487,0.7524964408,scatter
81900,3,0.8631807487,0.7524964408,1.1248083122,0.8038094731,scatter
81900,4,1.1248083122,0.8038094731,0.2049223065,0.3989404733,scatter
81900,5,0.2049223065,0.3989404733,0.0000000000,0.6996145919,exit_left
82000,1,0.0000000000,0.0000000000,0.1064034775,0.0000000000,scatter
82000,2,0.1064034775,0.0000000000,0.0000000000,0.0567294287,exit_left
82100,1,0.0000000000,0.0000000000,2.7500000000,0.0000000000,exit_right
82200,1,0.0000000000,0.0000000000,1.5776263536,0.0000000000,scatter
82200,2,1.5776263536,0.0000000000,2.7500000000,-0.4609651157,exit_right
82300,1,0.0000000000,0.0000000000,2.7500000000,0.0000000000,exit_right
82400,1,0.0000000000,0.0000000000,2.7500000000,0.0000000000,exit_right
82500,1,0.0000000000,0.0000000000,1.5741610078,0.0000000000,absorb
82600,1,0.0000000000,0.0000000000,1.1915497840,0.0000000000,scatter
82600,2,1.1915497840,0.0000000000,1.1537266838,0.1860548512,scatter
82600,3,1.1537266838,0.1860548512,0.0000000000,0.1007031038,exit_left
82700,1,0.0000000000,0.0000000000,2.7500000000,0.0000000000,exit_right
82800,1,0.0000000000,0.0000000000,0.4215677639,0.0000000000,scatter
82800,2,0.4215677639,0.0000000000,0.4741293401,-0.0313472631,scatter
82800,3,0.4741293401,-0.0313472631,0.2972776286,0.1015763512,absorb
82900,1,0.0000000000,0.0000000000,2.7500000000,0.0000000000,exit_right
83000,1,0.0000000000,0.0000000000,0.1291630814,0.0000000000,scatter
83000,2,0.1291630814,0.0000000000,0.0113519277,-1.7797664042,scatter
83000,3,0.0113519277,-1.7797664042,1.2114171523,-2.2505113536,absorb
83100,1,0.0000000000,0.0000000000,2.2248730174,0.0000000000,scatter
83100,2,2.2248730174,0.0000000000,1.9428856464,4.4381431809,absorb
83200,1,0.0000000000,0.0000000000,2.7500000000,0.0000000000,exit_right
83300,1,0.0000000000,0.0000000000,2.7500000000,0.0000000000,exit_right
83400,1,0.0000000000,0.0000000000,0.6990400871,0.0000000000,scatter
83400,2,0.6990400871,0.0000000000,0.0000000000,-1.3559265461,exit_left
83500,1,0.0000000000,0.0000000000,0.4025040487,0.0000000000,scatter
83500,2,0.4025040487,0.0000000000,1.8739271982,-2.2725488582,scatter
83500,3,1.8739271982,-2.2725488582,0.4906333087,-4.8235461630,scatter
83500,4,0.4906333087,-4.8235461630,0.0000000000,-6.8742080640,exit_left
83600,1,0.0000000000,0.0000000000,0.1335463207,0.0000000000,scatter
83600,2,0.1335463207,0.0000000000,0.7331270373,-0.7718774691,scatter
83600,3,0.7331270373,-0.7718774691,0.4136090520,-1.2220019526,scatter
83600,4,0.4136090520,-1.2220019526,0.2196035320,0.5707642594,scatter
83600,5,0.2196035320,0.5707642594,0.0000000000,0.5536331339,exit_left
83700,1,0.0000000000,0.0000000000,0.3740274296,0.0000000000,scatter
83700,2,0.3740274296,0.0000000000,0.0000000000,0.2103246241,exit_left
83800,1,0.0000000000,0.0000000000,2.7500000000,0.0000000000,exit_right
83900,1,0.0000000000,0.0000000000,0.0801988736,0.0000000000,scatter
83900,2,0.0801988736,0.0000000000,0.0000000000,0.0073700449,exit_left
84000,1,0.0000000000,0.0000000000,0.5369649364,0.0000000000,scatter
84000,2,0.5369649364,0.0000000000,0.9295061340,1.1510535142,absorb
84100,1,0.0000000000,0.0000000000,1.2432651646,0.0000000000,scatter
84100,2,1.2432651646,0.0000000000,0.0000000000,0.4812205663,exit_left
84200,1,0.0000000000,0.0000000000,1.3968439406,0.0000000000,scatter
84200,2,1.3968439406,0.0000000000,1.3987784762,2.1929597373,scatter
84200,3,1.3987784762,2.1929597373,0.0000000000,1.0517273887,exit_left
84300,1,0.0000000000,0.0000000000,0.2859921517,0.0000000000,absorb
84400,1,0.0000000000,0.0000000000,1.0474085061,0.0000000000,scatter
84400,2,1.0474085061,0.0000000000,0.0000000000,0.5306100291,exit_left
84500,1,0.0000000000,0.0000000000,2.4103914230,0.0000000000,scatter
84500,2,2.4103914230,0.0000000000,1.0853316042,-2.1747187719,scatter
84500,3,1.0853316042,-2.1747187719,0.6441706414,-1.4148384958,scatter
84500,4,0.6441706414,-1.4148384958,0.0000000000,-2.0356757554,exit_left
84600,1,0.0000000000,0.0000000000,0.5664178954,0.0000000000,scatter
84600,2,0.5664178954,0.0000000000,1.6602212296,1.3585503146,scatter
84600,3,1.6602212296,1.3585503146,1.8524507861,2.9642841248,scatter
84600,4,1.8524507861,2.9642841248,2.7500000000,1.8609006948,exit_right
84700,1,0.0000000000,0.0000000000,0.5010680089,0.0000000000,scatter
84700,2,0.5010680089,0.0000000000,0.1356924460,-6.2602295812,scatter
84700,3,0.1356924460,-6.2602295812,0.0000000000,-6.4354932592,exit_left
84800,1,0.0000000000,0.0000000000,0.9575882915,0.0000000000,scatter
84800,2,0.9575882915,0.0000000000,1.9692083960,2.8778991584,scatter
84800,3,1.9692083960,2.8778991584,2.7500000000,0.6191657089,exit_right
84900,1,0.0000000000,0.0000000000,2.7500000000,0.0000000000,exit_right
85000,1,0.0000000000,0.0000000000,0.7117168348,0.0000000000,scatter
85000,2,0.7117168348,0.0000000000,1.2670339761,6.1938341059,scatter
85000,3,1.2670339761,6.1938341059,0.0000000000,8.6044224483,exit_left
85100,1,0.0000000000,0.0000000000,1.1907457627,0.0000000000,scatter
85100,2,1.1907457627,0.0000000000,2.7500000000,-1.1924372259,exit_right
85200,1,0.0000000000,0.0000000000,1.1737737272,0.0000000000,scatter
85200,2,1.1737737272,0.0000000000,1.6789496283,2.9611586272,scatter
85200,3,1.6789496283,2.9611586272,1.6428210129,2.1931245836,scatter
85200,4,1.6428210129,2.1931245836,0.4487365319,2.5032734573,scatter
85200,5,0.4487365319,2.5032734573,0.5292921952,1.3156692346,absorb
85300,1,0.0000000000,0.0000000000,1.4571412192,0.0000000000,scatter
85300,2,1.4571412192,0.0000000000,1.4737790387,-1.4976722009,scatter
85300,3,1.4737790387,-1.4976722009,2.7500000000,-1.1785758053,exit_right
85400,1,0.0000000000,0.0000000000,1.5176620377,0.0000000000,scatter
85400,2,1.5176620377,0.0000000000,1.7983120749,-0.0682884639,absorb
85500,1,0.0000000000,0.0000000000,2.7500000000,0.0000000000,exit_right
85600,1,0.0000000000,0.0000000000,0.8430900112,0.0000000000,scatter
85600,2,0.8430900112,0.0000000000,0.0000000000,-0.9954145538,exit_left
85700,1,0.0000000000,0.0000000000,2.6466474885,0.0000000000,scatter
85700,2,2.6466474885,0.0000000000,1.1591403942,1.3707628696,scatter
85700,3,1.1591403942,1.3707628696,1.8943857661,1.5178677260,scatter
85700,4,1.8943857661,1.5178677260,2.0015070094,1.5535537538,scatter
85700,5,2.0015070094,1.5535537538,2.4210724087,2.0289686298,scatter
85700,6,2.4210724087,2.0289686298,1.1107593127,0.8468547306,scatter
85700,7,1.1107593127,0.8468547306,1.2434919490,0.6647041099,absorb
85800,1,0.0000000000,0.0000000000,2.7500000000,0.0000000000,exit_right
85900,1,0.0000000000,0.0000000000,1.1814538990,0.0000000000,absorb
86000,1,0.0000000000,0.0000000000,2.1773257898,0.0000000000,scatter
86000,2,2.1773257898,0.0000000000,2.7500000000,0.0032233416,exit_right
86100,1,0.0000000000,0.0000000000,0.1532319870,0.0000000000,absorb
86200,1,0.0000000000,0.0000000000,2.7500000000,0.0000000000,exit_right
86300,1,0.0000000000,0.0000000000,2.4996705243,0.0000000000,absorb
86400,1,0.0000000000,0.0000000000,0.2184942687,0.0000000000,absorb
86500,1,0.0000000000,0.0000000000,0.7936762159,0.0000000000,scatter
86500,2,0.7936762159,0.0000000000,1.4650119466,0.3525135919,absorb
86600,1,0.0000000000,0.0000000000,0.9625876145,0.0000000000,scatter
86600,2,0.9625876145,0.0000000000,0.7120929779,-1.6967335268,absorb
86700,1,0.0000000000,0.0000000000,0.8786006926,0.0000000000,scatter
86700,2,0.8786006926,0.0000000000,0.0210832145,1.1991490724,scatter
86700,3,0.0210832145,1.1991490724,0.1590358416,1.0432171167,scatter
86700,4,0.1590358416,1.0432171167,0.0000000000,1.1294879268,exit_left
86800,1,0.0000000000,0.0000000000,0.0935499430,0.0000000000,scatter
86800,2,0.0935499430,0.0000000000,0.0000000000,-0.5401573506,exit_left
86900,1,0.0000000000,0.0000000000,0.8399622406,0.0000000000,scatter
86900,2,0.8399622406,0.0000000000,2.7500000000,-0.9536996849,exit_right
87000,1,0.0000000000,0.0000000000,1.4610781271,0.0000000000,absorb
87100,1,0.0000000000,0.0000000000,2.5004716979,0.0000000000,scatter
87100,2,2.5004716979,0.0000000000,0.0000000000,0.3582417449,exit_left
87200,1,0.0000000000,0.0000000000,2.7500000000,0.0000000000,exit_right
87300,1,0.0000000000,0.0000000000,2.7500000000,0.0000000000,exit_right
87400,1,0.0000000000,0.0000000000,1.4776559675,0.0000000000,absorb
87500,1,0.0000000000,0.0000000000,2.7500000000,0.0000000000,exit_right
87600,1,0.0000000000,0.0000000000,2.3546867966,0.0000000000,scatter
87600,2,2.3546867966,0.0000000000,2.7500000000,-0.1188631028,exit_right
87700,1,0.0000000000,0.0000000000,2.7500000000,0.0000000000,exit_right
87800,1,0.0000000000,0.0000000000,0.4967336744,0.0000000000,scatter
87800,2,0.4967336744,0.0000000000,2.7500000000,1.2136213746,exit_right
87900,1,0.0000000000,0.0000000000,1.5596761143,0.0000000000,scatter
87900,2,1.5596761143,0.0000000000,1.0793011693,0.0597654561,scatter
87900,3,1.0793011693,0.0597654561,2.2498679246,1.5150897997,absorb
88000,1,0.0000000000,0.0000000000,1.3499665242,0.0000000000,absorb
88100,1,0.0000000000,0.0000000000,1.7157789602,0.0000000000,absorb
88200,1,0.0000000000,0.0000000000,2.7500000000,0.0000000000,exit_right
88300,1,0.0000000000,0.0000000000,2.6782254854,0.0000000000,scatter
88300,2,2.6782254854,0.0000000000,2.1686945925,-0.2795919854,scatter
88300,3,2.1686945925,-0.2795919854,1.2844076989,2.1494822626,scatter
88300,4,1.2844076989,2.1494822626,0.0000000000,3.4757560676,exit_left
88400,1,0.0000000000,0.0000000000,0.9145071957,0.0000000000,scatter
88400,2,0.9145071957,0.0000000000,2.7500000000,-0.6720546505,exit_right
88500,1,0.0000000000,0.0000000000,2.7500000000,0.0000000000,exit_right
88600,1,0.0000000000,0.0000000000,0.2141717183,0.0000000000,scatter
88600,2,0.2141717183,0.0000000000,0.7983830718,0.3950744030,scatter
88600,3,0.7983830718,0.3950744030,1.4144181614,0.9851862337,scatter
88600,4,1.4144181614,0.9851862337,1.5665508207,1.4431009034,scatter
88600,5,1.5665508207,1.4431009034,0.4264282346,2.0018501831,absorb
88700,1,0.0000000000,0.0000000000,0.4181977071,0.0000000000,scatter
88700,2,0.4181977071,0.0000000000,0.0000000000,-0.0891615786,exit_left
88800,1,0.0000000000,0.0000000000,2.7500000000,0.0000000000,exit_right
88900,1,0.0000000000,0.0000000000,0.3902322369,0.0000000000,scatter
88900,2,0.3902322369,0.0000000000,0.1957452726,0.3470934635,scatter
88900,3,0.1957452726,0.3470934635,1.9701076827,0.6564140782,absorb
89000,1,0.0000000000,0.0000000000,2.7500000000,0.0000000000,exit_right
89100,1,0.0000000000,0.0000000000,1.8874753461,0.0000000000,scatter
89100,2,1.8874753461,0.0000000000,0.0000000000,-8.3568583370,exit_left
89200,1,0.0000000000,0.0000000000,2.7500000000,0.0000000000,exit_right
89300,1,0.0000000000,0.0000000000,2.7500000000,0.0000000000,exit_right
89400,1,0.0000000000,0.0000000000,2.7500000000,0.0000000000,exit_right
89500,1,0.0000000000,0.0000000000,2.7500000000,0.0000000000,exit_right
89600,1,0.0000000000,0.0000000000,0.6125507257,0.0000000000,scatter
89600,2,0.6125507257,0.0000000000,0.5959713287,0.2598393614,absorb
89700,1,0.0000000000,0.0000000000,0.8805423300,0.0000000000,absorb
89800,1,0.0000000000,0.0000000000,1.2698826771,0.0000000000,scatter
89800,2,1.2698826771,0.0000000000,0.0000000000,0.0512514058,exit_left
89900,1,0.0000000000,0.0000000000,0.2499549884,0.0000000000,absorb
90000,1,0.0000000000,0.0000000000,2.7500000000,0.0000000000,exit_right
90100,1,0.0000000000,0.0000000000,1.6948147926,0.0000000000,scatter
90100,2,1.6948147926,0.0000000000,2.7500000000,2.0828290836,exit_right
90200,1,0.0000000000,0.0000000000,2.7500000000,0.0000000000,exit_right
90300,1,0.0000000000,0.0000000000,2.7500000000,0.0000000000,exit_right
90400,1,0.0000000000,0.0000000000,1.4321351776,0.0000000000,scatter
90400,2,1.4321351776,0.0000000000,1.4554390763,0.0733347785,scatter
90400,3,1.4554390763,0.0733347785,2.1074117946,-0.7490426504,absorb
90500,1,0.0000000000,0.0000000000,2.7500000000,0.0000000000,exit_right
90600,1,0.0000000000,0.0000000000,1.0539476303,0.0000000000,scatter
90600,2,1.0539476303,0.0000000000,2.7500000000,-2.1867029362,exit_right
90700,1,0.0000000000,0.0000000000,0.2215494911,0.0000000000,absorb
90800,1,0.0000000000,0.0000000000,1.1556120120,0.0000000000,scatter
90800,2,1.1556120120,0.0000000000,0.1872070526,0.5081175565,scatter
90800,3,0.1872070526,0.5081175565,2.7500000000,3.3610545708,exit_right
90900,1,0.0000000000,0.0000000000,0.2554891786,0.0000000000,scatter
90900,2,0.2554891786,0.0000000000,1.7230699149,-1.2055577737,scatter
90900,3,1.7230699149,-1.2055577737,2.7500000000,-0.4243355023,exit_right
91000,1,0.0000000000,0.0000000000,1.7500307099,0.0000000000,scatter
91000,2,1.7500307099,0.0000000000,0.0000000000,-2.3031189273,exit_left
91100,1,0.0000000000,0.0000000000,2.7500000000,0.0000000000,exit_right
91200,1,0.0000000000,0.0000000000,0.5914026331,0.0000000000,scatter
91200,2,0.5914026331,0.0000000000,0.0000000000,0.6479096474,exit_left
91300,1,0.0000000000,0.0000000000,0.0187783821,0.0000000000,scatter
91300,2,0.0187783821,0.0000000000,1.4007978005,0.8313122406,scatter
91300,3,1.4007978005,0.8313122406,1.6596259394,-0.6511790507,absorb
91400,1,0.0000000000,0.0000000000,2.5867441256,0.0000000000,scatter
91400,2,2.5867441256,0.0000000000,2.7500000000,-0.0699458170,exit_right
91500,1,0.0000000000,0.0000000000,1.9063224396,0.0000000000,scatter
91500,2,1.9063224396,0.0000000000,0.7138522773,6.2819451038,scatter
91500,3,0.7138522773,6.2819451038,0.8115998005,6.3105356361,absorb
91600,1,0.0000000000,0.0000000000,0.8939034022,0.0000000000,scatter
91600,2,0.8939034022,0.0000000000,1.0261889155,0.1605244494,scatter
91600,3,1.0261889155,0.1605244494,0.4287389701,-0.7268330360,scatter
91600,4,0.4287389701,-0.7268330360,0.4528321695,-1.1615705154,scatter
91600,5,0.4528321695,-1.1615705154,0.0000000000,-1.1375652940,exit_left
91700,1,0.0000000000,0.0000000000,2.7500000000,0.0000000000,exit_right
91800,1,0.0000000000,0.0000000000,0.1489616135,0.0000000000,scatter
91800,2,0.1489616135,0.0000000000,0.0000000000,-0.0943105506,exit_left
91900,1,0.0000000000,0.0000000000,1.0735450335,0.0000000000,scatter
91900,2,1.0735450335,0.0000000000,0.0000000000,0.0937770090,exit_left
92000,1,0.0000000000,0.0000000000,0.3934567862,0.0000000000,scatter
92000,2,0.3934567862,0.0000000000,0.2846348909,0.6151046616,absorb
92100,1,0.0000000000,0.0000000000,0.0059767331,0.0000000000,scatter
92100,2,0.0059767331,0.0000000000,0.0000000000,0.0065027580,exit_left
92200,1,0.0000000000,0.0000000000,2.7500000000,0.0000000000,exit_right
92300,1,0.0000000000,0.0000000000,0.5714538968,0.0000000000,scatter
92300,2,0.5714538968,0.0000000000,0.0578303714,0.4599948149,scatter
92300,3,0.0578303714,0.4599948149,0.0000000000,0.4311102569,exit_left
92400,1,0.0000000000,0.0000000000,0.6924517520,0.0000000000,absorb
92500,1,0.0000000000,0.0000000000,1.1837274435,0.0000000000,scatter
92500,2,1.1837274435,0.0000000000,0.0000000000,-0.6338713347,exit_left
92600,1,0.0000000000,0.0000000000,1.9435329216,0.0000000000,absorb
92700,1,0.0000000000,0.0000000000,0.6492564195,0.0000000000,scatter
92700,2,0.6492564195,0.0000000000,0.0000000000,0.2847191712,exit_left
92800,1,0.0000000000,0.0000000000,0.2701178992,0.0000000000,scatter
92800,2,0.2701178992,0.0000000000,2.7500000000,1.6211713202,exit_right
92900,1,0.0000000000,0.0000000000,2.7500000000,0.0000000000,exit_right
93000,1,0.0000000000,0.0000000000,0.1529597845,0.0000000000,absorb
93100,1,0.0000000000,0.0000000000,0.3971718445,0.0000000000,scatter
93100,2,0.3971718445,0.0000000000,0.7250195457,0.1152777488,scatter
93100,3,0.7250195457,0.1152777488,1.5976663438,-1.7541905643,absorb
93200,1,0.0000000000,0.0000000000,0.0584828142,0.0000000000,scatter
93200,2,0.0584828142,0.0000000000,0.0000000000,0.3242889283,exit_left
93300,1,0.0000000000,0.0000000000,0.2874697596,0.0000000000,scatter
93300,2,0.2874697596,0.0000000000,0.0000000000,-0.0881828670,exit_left
93400,1,0.0000000000,0.0000000000,2.7135433621,0.0000000000,scatter
93400,2,2.7135433621,0.0000000000,2.6094608119,0.3749871738,scatter
93400,3,2.6094608119,0.3749871738,2.7500000000,-0.0161257237,exit_right
93500,1,0.0000000000,0.0000000000,1.3637371310,0.0000000000,scatter
93500,2,1.3637371310,0.0000000000,2.7500000000,3.0182300740,exit_right
93600,1,0.0000000000,0.0000000000,1.3701850760,0.0000000000,scatter
93600,2,1.3701850760,0.0000000000,1.7630669616,0.1660021397,scatter
93600,3,1.7630669616,0.1660021397,2.6540190178,-1.0570787074,scatter
93600,4,2.6540190178,-1.0570787074,1.5648602418,-3.0596704451,scatter
93600,5,1.5648602418,-3.0596704451,2.7500000000,-2.9839421333,exit_right
93700,1,0.0000000000,0.0000000000,0.0985429882,0.0000000000,scatter
93700,2,0.0985429882,0.0000000000,1.0142172625,0.0078817322,scatter
93700,3,1.0142172625,0.0078817322,1.1223092998,-0.0172201642,scatter
93700,4,1.1223092998,-0.0172201642,1.8605643581,-0.0621480049,scatter
93700,5,1.8605643581,-0.0621480049,2.7500000000,1.3773941845,exit_right
93800,1,0.0000000000,0.0000000000,2.7500000000,0.0000000000,exit_right
93900,1,0.0000000000,0.0000000000,2.7500000000,0.0000000000,exit_right
94000,1,0.0000000000,0.0000000000,1.0390324396,0.0000000000,scatter
94000,2,1.0390324396,0.0000000000,0.0000000000,0.6621511646,exit_left
94100,1,0.0000000000,0.0000000000,2.1176655645,0.0000000000,scatter
94100,2,2.1176655645,0.0000000000,1.0548409819,1.7250367298,scatter
94100,3,1.0548409819,1.7250367298,0.0174038629,1.2363223648,scatter
94100,4,0.0174038629,1.2363223648,0.4811438370,0.9340799831,scatter
94100,5,0.4811438370,0.9340799831,0.0000000000,0.7970947791,exit_left
94200,1,0.0000000000,0.0000000000,1.8260856630,0.0000000000,scatter
94200,2,1.8260856630,0.0000000000,2.0884892132,-0.5225229727,scatter
94200,3,2.0884892132,-0.5225229727,2.7500000000,-1.5750812266,exit_right
94300,1,0.0000000000,0.0000000000,1.2243287388,0.0000000000,scatter
94300,2,1.2243287388,0.0000000000,2.7500000000,-0.4465586511,exit_right
94400,1,0.0000000000,0.0000000000,0.2300577843,0.0000000000,scatter
94400,2,0.2300577843,0.0000000000,0.0498033923,2.0467985123,scatter
94400,3,0.0498033923,2.0467985123,0.0000000000,1.9795368944,exit_left
94500,1,0.0000000000,0.0000000000,1.0338950636,0.0000000000,scatter
94500,2,1.0338950636,0.0000000000,0.3470151765,0.7490444650,absorb
94600,1,0.0000000000,0.0000000000,2.5550873028,0.0000000000,scatter
94600,2,2.5550873028,0.0000000000,2.6423325601,-0.0674453278,scatter
94600,3,2.6423325601,-0.0674453278,1.8808230556,0.0798706655,absorb
94700,1,0.0000000000,0.0000000000,0.4019802526,0.0000000000,scatter
94700,2,0.4019802526,0.0000000000,0.5619765033,0.9307075032,scatter
94700,3,0.5619765033,0.9307075032,0.0089863134,-0.8084477754,absorb
94800,1,0.0000000000,0.0000000000,0.1569845260,0.0000000000,scatter
94800,2,0.1569845260,0.0000000000,1.4420346963,-0.6465091399,scatter
94800,3,1.4420346963,-0.6465091399,2.7500000000,0.3164676819,exit_right
94900,1,0.0000000000,0.0000000000,2.7359494126,0.0000000000,scatter
94900,2,2.7359494126,0.0000000000,2.6731716247,-0.0418878042,absorb
95000,1,0.0000000000,0.0000000000,1.4985455930,0.0000000000,scatter
95000,2,1.4985455930,0.0000000000,2.1801767927,-0.4010014899,scatter
95000,3,2.1801767927,-0.4010014899,1.5023680512,-0.5620420148,scatter
95000,4,1.5023680512,-0.5620420148,2.6483258031,3.0698323191,scatter
95000,5,2.6483258031,3.0698323191,2.7500000000,3.0306230512,exit_right
95100,1,0.0000000000,0.0000000000,0.3954902991,0.0000000000,scatter
95100,2,0.3954902991,0.0000000000,0.3335806805,-0.1248524551,scatter
95100,3,0.3335806805,-0.1248524551,2.7500000000,0.0771616096,exit_right
95200,1,0.0000000000,0.0000000000,1.5842893914,0.0000000000,absorb
95300,1,0.0000000000,0.0000000000,1.7602448931,0.0000000000,scatter
95300,2,1.7602448931,0.0000000000,1.8730687521,0.2623834697,absorb
95400,1,0.0000000000,0.0000000000,1.6667577232,0.0000000000,scatter
95400,2,1.6667577232,0.0000000000,1.0857563293,-0.9482834608,scatter
95400,3,1.0857563293,-0.9482834608,0.8686655126,-1.3616897327,scatter
95400,4,0.8686655126,-1.3616897327,0.7278787811,-3.1260981047,scatter
95400,5,0.7278787811,-3.1260981047,1.0212425159,-3.5686805738,scatter
95400,6,1.0212425159,-3.5686805738,0.0000000000,-3.4575374630,exit_left
95500,1,0.0000000000,0.0000000000,0.2537702603,0.0000000000,scatter
95500,2,0.2537702603,0.0000000000,0.0000000000,0.0923277984,exit_left
95600,1,0.0000000000,0.0000000000,1.3654038383,0.0000000000,scatter
95600,2,1.3654038383,0.0000000000,2.5633976148,-1.1942738254,scatter
95600,3,2.5633976148,-1.1942738254,2.7500000000,-0.6335352908,exit_right
95700,1,0.0000000000,0.0000000000,1.8932926976,0.0000000000,scatter
95700,2,1.8932926976,0.0000000000,1.3059673964,0.1446742837,scatter
95700,3,1.3059673964,0.1446742837,2.7500000000,0.9546379178,exit_right
95800,1,0.0000000000,0.0000000000,1.3707051259,0.0000000000,scatter
95800,2,1.3707051259,0.0000000000,1.2543748269,-0.0179943133,scatter
95800,3,1.2543748269,-0.0179943133,1.0121240695,0.4533840270,scatter
95800,4,1.0121240695,0.4533840270,0.0000000000,0.9061845194,exit_left
95900,1,0.0000000000,0.0000000000,0.0059583116,0.0000000000,scatter
95900,2,0.0059583116,0.0000000000,0.0000000000,-0.0108508520,exit_left
96000,1,0.0000000000,0.0000000000,0.4805734240,0.0000000000,scatter
96000,2,0.4805734240,0.0000000000,0.8894166829,-0.1871277951,scatter
96000,3,0.8894166829,-0.1871277951,0.7877458958,-0.1350200544,scatter
96000,4,0.7877458958,-0.1350200544,0.9876660713,1.3535815186,scatter
96000,5,0.9876660713,1.3535815186,1.0446866105,1.1376638695,scatter
96000,6,1.0446866105,1.1376638695,0.8529400286,1.2126122003,scatter
96000,7,0.8529400286,1.2126122003,1.5267988204,-1.7727731198,scatter
96000,8,1.5267988204,-1.7727731198,2.7500000000,-0.7309370133,exit_right
96100,1,0.0000000000,0.0000000000,1.4165500449,0.0000000000,scatter
96100,2,1.4165500449,0.0000000000,2.7500000000,-0.5641392983,exit_right
96200,1,0.0000000000,0.0000000000,2.4867486721,0.0000000000,scatter
96200,2,2.4867486721,0.0000000000,1.5201630929,0.1219992224,absorb
96300,1,0.0000000000,0.0000000000,0.0716972567,0.0000000000,scatter
96300,2,0.0716972567,0.0000000000,2.0207914747,2.7567899096,scatter
96300,3,2.0207914747,2.7567899096,0.6639501875,3.7840644768,scatter
96300,4,0.6639501875,3.7840644768,1.1263830349,4.5611597747,scatter
96300,5,1.1263830349,4.5611597747,2.7500000000,4.6870769083,exit_right
96400,1,0.0000000000,0.0000000000,0.0550903322,0.0000000000,scatter
96400,2,0.0550903322,0.0000000000,1.1408916179,0.5489844503,scatter
96400,3,1.1408916179,0.5489844503,1.1953091737,-3.6340633300,scatter
96400,4,1.1953091737,-3.6340633300,0.0000000000,-3.1390594375,exit_left
96500,1,0.0000000000,0.0000000000,2.7500000000,0.0000000000,exit_right
96600,1,0.0000000000,0.0000000000,2.6275109550,0.0000000000,scatter
96600,2,2.6275109550,0.0000000000,2.7500000000,-1.1997061052,exit_right
96700,1,0.0000000000,0.0000000000,2.7500000000,0.0000000000,exit_right
96800,1,0.0000000000,0.0000000000,0.2733311860,0.0000000000,scatter
96800,2,0.2733311860,0.0000000000,0.0015524172,0.3248713786,scatter
96800,3,0.0015524172,0.3248713786,0.0000000000,0.3307345112,exit_left
96900,1,0.0000000000,0.0000000000,0.0727915493,0.0000000000,scatter
96900,2,0.0727915493,0.0000000000,0.0555040272,0.0499136031,scatter
96900,3,0.0555040272,0.0499136031,0.7330544531,0.0110227974,scatter
96900,4,0.7330544531,0.0110227974,0.0000000000,1.2438020533,exit_left
97000,1,0.0000000000,0.0000000000,1.3555802842,0.0000000000,scatter
97000,2,1.3555802842,0.0000000000,0.0000000000,0.1746804732,exit_left
97100,1,0.0000000000,0.0000000000,2.7500000000,0.0000000000,exit_right
97200,1,0.0000000000,0.0000000000,2.7500000000,0.0000000000,exit_right
97300,1,0.0000000000,0.0000000000,0.6170396345,0.0000000000,scatter
97300,2,0.6170396345,0.0000000000,1.5957140277,2.6467983642,scatter
97300,3,1.5957140277,2.6467983642,2.7500000000,2.8299495360,exit_right
97400,1,0.0000000000,0.0000000000,0.3920845565,0.0000000000,scatter
97400,2,0.3920845565,0.0000000000,0.0000000000,-0.8938645667,exit_left
97500,1,0.0000000000,0.0000000000,0.1655627554,0.0000000000,absorb
97600,1,0.0000000000,0.0000000000,1.9304210442,0.0000000000,scatter
97600,2,1.9304210442,0.0000000000,1.2790819924,3.8439423845,scatter
97600,3,1.2790819924,3.8439423845,0.0000000000,4.5845935837,exit_left
97700,1,0.0000000000,0.0000000000,2.7500000000,0.0000000000,exit_right
97800,1,0.0000000000,0.0000000000,2.2075562073,0.0000000000,scatter
97800,2,2.2075562073,0.0000000000,1.6985176661,0.1971456480,scatter
97800,3,1.6985176661,0.1971456480,2.7500000000,1.7840989887,exit_right
97900,1,0.0000000000,0.0000000000,0.8353235427,0.0000000000,absorb
98000,1,0.0000000000,0.0000000000,2.7500000000,0.0000000000,exit_right
98100,1,0.0000000000,0.0000000000,2.7500000000,0.0000000000,exit_right
98200,1,0.0000000000,0.0000000000,1.3728614060,0.0000000000,scatter
98200,2,1.3728614060,0.0000000000,0.0000000000,-2.6712962941,exit_left
98300,1,0.0000000000,0.0000000000,2.7500000000,0.0000000000,exit_right
98400,1,0.0000000000,0.0000000000,0.5345096790,0.0000000000,scatter
98400,2,0.5345096790,0.0000000000,0.0000000000,-0.3722498162,exit_left
98500,1,0.0000000000,0.0000000000,2.7500000000,0.0000000000,exit_right
98600,1,0.0000000000,0.0000000000,2.7500000000,0.0000000000,exit_right
98700,1,0.0000000000,0.0000000000,0.6463376578,0.0000000000,scatter
98700,2,0.6463376578,0.0000000000,0.5734417377,-0.0176755508,scatter
98700,3,0.5734417377,-0.0176755508,2.7500000000,-0.6255034780,exit_right
98800,1,0.0000000000,0.0000000000,0.8085149397,0.0000000000,scatter
98800,2,0.8085149397,0.0000000000,0.0000000000,-2.1475426592,exit_left
98900,1,0.0000000000,0.0000000000,0.1403868412,0.0000000000,scatter
98900,2,0.1403868412,0.0000000000,0.2099681364,0.2348153194,scatter
98900,3,0.2099681364,0.2348153194,0.4652826387,-0.5644936535,scatter
98900,4,0.4652826387,-0.5644936535,2.7500000000,1.8094078344,exit_right
99000,1,0.0000000000,0.0000000000,0.2404571153,0.0000000000,absorb
99100,1,0.0000000000,0.0000000000,2.7500000000,0.0000000000,exit_right
99200,1,0.0000000000,0.0000000000,0.1811734065,0.0000000000,scatter
99200,2,0.1811734065,0.0000000000,0.0000000000,-0.2739566850,exit_left
99300,1,0.0000000000,0.0000000000,1.8206776720,0.0000000000,scatter
99300,2,1.8206776720,0.0000000000,1.1950910525,0.8537290119,scatter
99300,3,1.1950910525,0.8537290119,0.4378594389,4.6917209622,scatter
99300,4,0.4378594389,4.6917209622,0.0000000000,3.3584438921,exit_left
99400,1,0.0000000000,0.0000000000,1.7887299228,0.0000000000,scatter
99400,2,1.7887299228,0.0000000000,2.1797615385,1.2007301055,absorb
99500,1,0.0000000000,0.0000000000,0.2557543043,0.0000000000,scatter
99500,2,0.2557543043,0.0000000000,0.0000000000,0.8958733276,exit_left
99600,1,0.0000000000,0.0000000000,0.9231004996,0.0000000000,scatter
99600,2,0.9231004996,0.0000000000,1.6437325541,-0.1306131306,scatter
99600,3,1.6437325541,-0.1306131306,1.5518161018,-0.2345263509,scatter
99600,4,1.5518161018,-0.2345263509,1.6923823486,0.1350435674,scatter
99600,5,1.6923823486,0.1350435674,2.7500000000,6.0516049522,exit_right
99700,1,0.0000000000,0.0000000000,0.0421411770,0.0000000000,scatter
99700,2,0.0421411770,0.0000000000,0.0000000000,0.2572700866,exit_left
99800,1,0.0000000000,0.0000000000,2.7500000000,0.0000000000,exit_right
99900,1,0.0000000000,0.0000000000,0.5353796074,0.0000000000,scatter
99900,2,0.5353796074,0.0000000000,0.4984828034,-0.4079694194,scatter
99900,3,0.4984828034,-0.4079694194,2.7500000000,-0.8532666106,exit_right
100000,1,0.0000000000,0.0000000000,0.4315048723,0.0000000000,absorb
