neutron_id,step,x_start,y_start,x_end,y_end,event
100,1,0.0000000000,0.0000000000,1.1183670828,0.0000000000,scatter
100,2,1.1183670828,0.0000000000,1.2434919017,0.2927962011,scatter
100,3,1.2434919017,0.2927962011,1.1658242986,0.4619405857,scatter
100,4,1.1658242986,0.4619405857,1.7500000000,-4.4472880207,exit_right
200,1,0.0000000000,0.0000000000,1.7500000000,0.0000000000,exit_right
300,1,0.0000000000,0.0000000000,0.8009971504,0.0000000000,absorb
400,1,0.0000000000,0.0000000000,1.2202695442,0.0000000000,scatter
400,2,1.2202695442,0.0000000000,0.5899254785,-0.5475311201,absorb
500,1,0.0000000000,0.0000000000,1.7500000000,0.0000000000,exit_right
600,1,0.0000000000,0.0000000000,1.7500000000,0.0000000000,exit_right
700,1,0.0000000000,0.0000000000,1.7500000000,0.0000000000,exit_right
800,1,0.0000000000,0.0000000000,0.9517801186,0.0000000000,absorb
900,1,0.0000000000,0.0000000000,1.7500000000,0.0000000000,exit_right
1000,1,0.0000000000,0.0000000000,1.7500000000,0.0000000000,exit_right
1100,1,0.0000000000,0.0000000000,0.2212523440,0.0000000000,scatter
1100,2,0.2212523440,0.0000000000,0.0000000000,-0.2001243041,exit_left
1200,1,0.0000000000,0.0000000000,0.2082545399,0.0000000000,scatter
1200,2,0.2082545399,0.0000000000,0.0000000000,-0.3104334130,exit_left
1300,1,0.0000000000,0.0000000000,0.9257227211,0.0000000000,absorb
1400,1,0.0000000000,0.0000000000,0.1884332106,0.0000000000,absorb
1500,1,0.0000000000,0.0000000000,1.7500000000,0.0000000000,exit_right
1600,1,0.0000000000,0.0000000000,0.8730155227,0.0000000000,scatter
1600,2,0.8730155227,0.0000000000,0.0000000000,-0.1993801751,exit_left
1700,1,0.0000000000,0.0000000000,1.7500000000,0.0000000000,exit_right
1800,1,0.0000000000,0.0000000000,1.7500000000,0.0000000000,exit_right
1900,1,0.0000000000,0.0000000000,1.4665894760,0.0000000000,scatter
1900,2,1.4665894760,0.0000000000,0.1161978784,-0.4981340108,absorb
2000,1,0.0000000000,0.0000000000,1.7500000000,0.0000000000,exit_right
2100,1,0.0000000000,0.0000000000,0.8884025053,0.0000000000,scatter
2100,2,0.8884025053,0.0000000000,1.1313378140,0.0930421553,scatter
2100,3,1.1313378140,0.0930421553,1.4150005100,-0.3985278694,scatter
2100,4,1.4150005100,-0.3985278694,0.0000000000,0.0638386292,exit_left
2200,1,0.0000000000,0.0000000000,1.7500000000,0.0000000000,exit_right
2300,1,0.0000000000,0.0000000000,1.7500000000,0.0000000000,exit_right
2400,1,0.0000000000,0.0000000000,1.2072962374,0.0000000000,absorb
2500,1,0.0000000000,0.0000000000,1.7500000000,0.0000000000,exit_right
2600,1,0.0000000000,0.0000000000,0.0687017621,0.0000000000,scatter
2600,2,0.0687017621,0.0000000000,1.6807819214,-1.0766892025,absorb
2700,1,0.0000000000,0.0000000000,1.7500000000,0.0000000000,exit_right
2800,1,0.0000000000,0.0000000000,0.4987158721,0.0000000000,scatter
2800,2,0.4987158721,0.0000000000,0.1438335426,-0.7126237473,absorb
2900,1,0.0000000000,0.0000000000,0.7121346651,0.0000000000,scatter
2900,2,0.7121346651,0.0000000000,0.0000000000,-0.2240633626,exit_left
3000,1,0.0000000000,0.0000000000,0.4064835475,0.0000000000,scatter
3000,2,0.4064835475,0.0000000000,0.0000000000,-0.4869543936,exit_left
3100,1,0.0000000000,0.0000000000,1.2884018728,0.0000000000,scatter
3100,2,1.2884018728,0.0000000000,0.0000000000,0.1222510781,exit_left
3200,1,0.0000000000,0.0000000000,0.0523544389,0.0000000000,scatter
3200,2,0.0523544389,0.0000000000,0.0000000000,-0.0191364179,exit_left
3300,1,0.0000000000,0.0000000000,1.3934953368,0.0000000000,scatter
3300,2,1.3934953368,0.0000000000,1.7500000000,0.0630095623,exit_right
3400,1,0.0000000000,0.0000000000,0.4189736901,0.0000000000,absorb
3500,1,0.0000000000,0.0000000000,0.9488223200,0.0000000000,absorb
3600,1,0.0000000000,0.0000000000,1.4600833864,0.0000000000,scatter
3600,2,1.4600833864,0.0000000000,1.3996996353,-0.2168415748,absorb
3700,1,0.0000000000,0.0000000000,0.2093213183,0.0000000000,scatter
3700,2,0.2093213183,0.0000000000,0.0000000000,2.0789583872,exit_left
3800,1,0.0000000000,0.0000000000,1.7500000000,0.0000000000,exit_right
3900,1,0.0000000000,0.0000000000,0.6539303177,0.0000000000,scatter
3900,2,0.6539303177,0.0000000000,1.7500000000,-2.5226153747,exit_right
4000,1,0.0000000000,0.0000000000,1.7500000000,0.0000000000,exit_right
4100,1,0.0000000000,0.0000000000,0.8869150875,0.0000000000,scatter
4100,2,0.8869150875,0.0000000000,0.5070780399,0.3729341423,scatter
4100,3,0.5070780399,0.3729341423,1.3478416913,-0.4687796798,scatter
4100,4,1.3478416913,-0.4687796798,1.7500000000,-0.7538218116,exit_right
4200,1,0.0000000000,0.0000000000,1.5861814032,0.0000000000,scatter
4200,2,1.5861814032,0.0000000000,1.7500000000,-0.0902597091,exit_right
4300,1,0.0000000000,0.0000000000,0.6628216581,0.0000000000,absorb
4400,1,0.0000000000,0.0000000000,0.3679419352,0.0000000000,scatter
4400,2,0.3679419352,0.0000000000,0.0000000000,0.3094815887,exit_left
4500,1,0.0000000000,0.0000000000,0.3871036070,0.0000000000,scatter
4500,2,0.3871036070,0.0000000000,0.7677559266,0.4679051811,absorb
4600,1,0.0000000000,0.0000000000,1.1309187215,0.0000000000,absorb
4700,1,0.0000000000,0.0000000000,1.7500000000,0.0000000000,exit_right
4800,1,0.0000000000,0.0000000000,0.7759957934,0.0000000000,scatter
4800,2,0.7759957934,0.0000000000,0.8555016585,0.6248728587,scatter
4800,3,0.8555016585,0.6248728587,0.4660565896,1.0744932018,scatter
4800,4,0.4660565896,1.0744932018,0.0000000000,0.8327176656,exit_left
4900,1,0.0000000000,0.0000000000,0.6456496900,0.0000000000,scatter
4900,2,0.6456496900,0.0000000000,0.0000000000,-0.1820953904,exit_left
5000,1,0.0000000000,0.0000000000,0.2045174228,0.0000000000,scatter
5000,2,0.2045174228,0.0000000000,0.0000000000,-0.1135914979,exit_left
5100,1,0.0000000000,0.0000000000,1.7500000000,0.0000000000,exit_right
5200,1,0.0000000000,0.0000000000,1.6385468602,0.0000000000,scatter
5200,2,1.6385468602,0.0000000000,0.7769083455,0.6648688957,scatter
5200,3,0.7769083455,0.6648688957,0.7291200021,4.9859709615,scatter
5200,4,0.7291200021,4.9859709615,0.1468884265,3.0535135169,scatter
5200,5,0.1468884265,3.0535135169,0.0000000000,3.0906742070,exit_left
5300,1,0.0000000000,0.0000000000,0.0261312767,0.0000000000,scatter
5300,2,0.0261312767,0.0000000000,0.1341587548,2.3366566465,absorb
5400,1,0.0000000000,0.0000000000,0.6221500860,0.0000000000,scatter
5400,2,0.6221500860,0.0000000000,0.3178861374,-0.3363525871,scatter
5400,3,0.3178861374,-0.3363525871,0.2101004962,-0.3583880998,scatter
5400,4,0.2101004962,-0.3583880998,0.0000000000,-0.1481698223,exit_left
5500,1,0.0000000000,0.0000000000,1.7500000000,0.0000000000,exit_right
5600,1,0.0000000000,0.0000000000,0.3243918356,0.0000000000,scatter
5600,2,0.3243918356,0.0000000000,1.7500000000,-0.5356328391,exit_right
5700,1,0.0000000000,0.0000000000,0.9755006493,0.0000000000,absorb
5800,1,0.0000000000,0.0000000000,1.7500000000,0.0000000000,exit_right
5900,1,0.0000000000,0.0000000000,1.7334259141,0.0000000000,scatter
5900,2,1.7334259141,0.0000000000,1.1321804091,1.2561837951,scatter
5900,3,1.1321804091,1.2561837951,0.0000000000,1.1931714043,exit_left
6000,1,0.0000000000,0.0000000000,1.7500000000,0.0000000000,exit_right
6100,1,0.0000000000,0.0000000000,1.6269134660,0.0000000000,absorb
6200,1,0.0000000000,0.0000000000,0.0457291332,0.0000000000,scatter
6200,2,0.0457291332,0.0000000000,0.0000000000,0.0456000238,exit_left
6300,1,0.0000000000,0.0000000000,1.7500000000,0.0000000000,exit_right
6400,1,0.0000000000,0.0000000000,1.4210404331,0.0000000000,scatter
6400,2,1.4210404331,0.0000000000,1.7500000000,-1.1449101286,exit_right
6500,1,0.0000000000,0.0000000000,1.6816023237,0.0000000000,scatter
6500,2,1.6816023237,0.0000000000,1.5934090990,-0.1002353226,scatter
6500,3,1.5934090990,-0.1002353226,1.7500000000,-0.1033328817,exit_right
6600,1,0.0000000000,0.0000000000,0.0261096408,0.0000000000,scatter
6600,2,0.0261096408,0.0000000000,0.2606970201,0.0734089071,absorb
6700,1,0.0000000000,0.0000000000,0.7135730500,0.0000000000,scatter
6700,2,0.7135730500,0.0000000000,0.6459256301,0.1203992575,scatter
6700,3,0.6459256301,0.1203992575,0.7113795295,0.7899642567,scatter
6700,4,0.7113795295,0.7899642567,0.9413340804,-0.1106983966,scatter
6700,5,0.9413340804,-0.1106983966,0.9744067374,-0.7470194481,scatter
6700,6,0.9744067374,-0.7470194481,0.0000000000,-0.0762724419,exit_left
6800,1,0.0000000000,0.0000000000,1.7500000000,0.0000000000,exit_right
6900,1,0.0000000000,0.0000000000,1.7500000000,0.0000000000,exit_right
7000,1,0.0000000000,0.0000000000,0.2277070487,0.0000000000,scatter
7000,2,0.2277070487,0.0000000000,0.0039116802,0.0674541422,scatter
7000,3,0.0039116802,0.0674541422,0.5538191615,-1.0454035782,scatter
7000,4,0.5538191615,-1.0454035782,0.4925192573,-1.0690580704,scatter
7000,5,0.4925192573,-1.0690580704,0.0000000000,-1.4300771843,exit_left
7100,1,0.0000000000,0.0000000000,0.7493179781,0.0000000000,absorb
7200,1,0.0000000000,0.0000000000,0.5959643697,0.0000000000,scatter
7200,2,0.5959643697,0.0000000000,0.0000000000,-5.6508405481,exit_left
7300,1,0.0000000000,0.0000000000,0.2920560121,0.0000000000,scatter
7300,2,0.2920560121,0.0000000000,0.9613821820,4.6685473268,absorb
7400,1,0.0000000000,0.0000000000,1.7500000000,0.0000000000,exit_right
7500,1,0.0000000000,0.0000000000,0.5163428494,0.0000000000,absorb
7600,1,0.0000000000,0.0000000000,1.7500000000,0.0000000000,exit_right
7700,1,0.0000000000,0.0000000000,1.7500000000,0.0000000000,exit_right
7800,1,0.0000000000,0.0000000000,1.7500000000,0.0000000000,exit_right
7900,1,0.0000000000,0.0000000000,1.1362079773,0.0000000000,absorb
8000,1,0.0000000000,0.0000000000,0.5746149009,0.0000000000,scatter
8000,2,0.5746149009,0.0000000000,0.7299289368,0.0543465629,scatter
8000,3,0.7299289368,0.0543465629,1.7500000000,-0.6810194182,exit_right
8100,1,0.0000000000,0.0000000000,0.2105695980,0.0000000000,absorb
8200,1,0.0000000000,0.0000000000,1.1181777159,0.0000000000,scatter
8200,2,1.1181777159,0.0000000000,1.7500000000,-0.0495030081,exit_right
8300,1,0.0000000000,0.0000000000,0.5139765631,0.0000000000,scatter
8300,2,0.5139765631,0.0000000000,0.0000000000,0.5590985834,exit_left
8400,1,0.0000000000,0.0000000000,1.0941711384,0.0000000000,scatter
8400,2,1.0941711384,0.0000000000,1.3982563254,-0.2635762597,scatter
8400,3,1.3982563254,-0.2635762597,1.7500000000,-0.6669513049,exit_right
8500,1,0.0000000000,0.0000000000,1.7500000000,0.0000000000,exit_right
8600,1,0.0000000000,0.0000000000,1.3751711528,0.0000000000,scatter
8600,2,1.3751711528,0.0000000000,0.0000000000,-1.3936206413,exit_left
8700,1,0.0000000000,0.0000000000,1.7500000000,0.0000000000,exit_right
8800,1,0.0000000000,0.0000000000,0.5834986687,0.0000000000,scatter
8800,2,0.5834986687,0.0000000000,0.1813163198,4.5455774320,scatter
8800,3,0.1813163198,4.5455774320,0.2916395333,4.6455368838,absorb
8900,1,0.0000000000,0.0000000000,0.1304752916,0.0000000000,scatter
8900,2,0.1304752916,0.0000000000,1.5968412245,4.3569952859,scatter
8900,3,1.5968412245,4.3569952859,1.1339876257,4.3589381041,absorb
9000,1,0.0000000000,0.0000000000,0.6628138460,0.0000000000,scatter
9000,2,0.6628138460,0.0000000000,1.7500000000,-0.5137296683,exit_right
9100,1,0.0000000000,0.0000000000,1.7500000000,0.0000000000,exit_right
9200,1,0.0000000000,0.0000000000,1.5789065618,0.0000000000,scatter
9200,2,1.5789065618,0.0000000000,1.7500000000,-0.1206841172,exit_right
9300,1,0.0000000000,0.0000000000,0.6070085324,0.0000000000,scatter
9300,2,0.6070085324,0.0000000000,0.8954189380,-0.3669059099,scatter
9300,3,0.8954189380,-0.3669059099,0.0000000000,-0.2407399726,exit_left
9400,1,0.0000000000,0.0000000000,0.2150918889,0.0000000000,scatter
9400,2,0.2150918889,0.0000000000,0.0000000000,0.1574275385,exit_left
9500,1,0.0000000000,0.0000000000,1.7500000000,0.0000000000,exit_right
9600,1,0.0000000000,0.0000000000,1.7500000000,0.0000000000,exit_right
9700,1,0.0000000000,0.0000000000,0.3326371925,0.0000000000,scatter
9700,2,0.3326371925,0.0000000000,0.0000000000,-0.3226779804,exit_left
9800,1,0.0000000000,0.0000000000,1.4198723408,0.0000000000,scatter
9800,2,1.4198723408,0.0000000000,0.0000000000,0.7878166365,exit_left
9900,1,0.0000000000,0.0000000000,1.6185624223,0.0000000000,scatter
9900,2,1.6185624223,0.0000000000,1.7500000000,-0.0157107867,exit_right
10000,1,0.0000000000,0.0000000000,1.7500000000,0.0000000000,exit_right
10100,1,0.0000000000,0.0000000000,0.1553566315,0.0000000000,scatter
10100,2,0.1553566315,0.0000000000,0.4122930129,0.3461830607,scatter
10100,3,0.4122930129,0.3461830607,1.7500000000,0.9864640180,exit_right
10200,1,0.0000000000,0.0000000000,1.5614405948,0.0000000000,scatter
10200,2,1.5614405948,0.0000000000,1.7500000000,0.0828805428,exit_right
10300,1,0.0000000000,0.0000000000,1.7500000000,0.0000000000,exit_right
10400,1,0.0000000000,0.0000000000,1.7500000000,0.0000000000,exit_right
10500,1,0.0000000000,0.0000000000,1.7500000000,0.0000000000,exit_right
10600,1,0.0000000000,0.0000000000,1.7500000000,0.0000000000,exit_right
10700,1,0.0000000000,0.0000000000,1.2668891253,0.0000000000,scatter
10700,2,1.2668891253,0.0000000000,1.7500000000,0.1384054763,exit_right
10800,1,0.0000000000,0.0000000000,1.7500000000,0.0000000000,exit_right
10900,1,0.0000000000,0.0000000000,1.7500000000,0.0000000000,exit_right
11000,1,0.0000000000,0.0000000000,0.4390087833,0.0000000000,scatter
11000,2,0.4390087833,0.0000000000,0.4920549902,-0.0924461563,scatter
11000,3,0.4920549902,-0.0924461563,0.0000000000,0.2174965795,exit_left
11100,1,0.0000000000,0.0000000000,1.7500000000,0.0000000000,exit_right
11200,1,0.0000000000,0.0000000000,1.7466881591,0.0000000000,scatter
11200,2,1.7466881591,0.0000000000,1.7500000000,-0.0026111829,exit_right
11300,1,0.0000000000,0.0000000000,1.0540584698,0.0000000000,scatter
11300,2,1.0540584698,0.0000000000,1.7500000000,1.1030612148,exit_right
11400,1,0.0000000000,0.0000000000,0.1527577547,0.0000000000,scatter
11400,2,0.1527577547,0.0000000000,1.7500000000,-0.9282402028,exit_right
11500,1,0.0000000000,0.0000000000,0.6660784011,0.0000000000,absorb
11600,1,0.0000000000,0.0000000000,1.7500000000,0.0000000000,exit_right
11700,1,0.0000000000,0.0000000000,1.7500000000,0.0000000000,exit_right
11800,1,0.0000000000,0.0000000000,1.7500000000,0.0000000000,exit_right
11900,1,0.0000000000,0.0000000000,1.7500000000,0.0000000000,exit_right
12000,1,0.0000000000,0.0000000000,1.7500000000,0.0000000000,exit_right
12100,1,0.0000000000,0.0000000000,0.6556894171,0.0000000000,absorb
12200,1,0.0000000000,0.0000000000,0.4660324078,0.0000000000,scatter
12200,2,0.4660324078,0.0000000000,0.4940336575,0.1632270484,scatter
12200,3,0.4940336575,0.1632270484,1.7500000000,6.8040117841,exit_right
12300,1,0.0000000000,0.0000000000,1.1135939821,0.0000000000,scatter
12300,2,1.1135939821,0.0000000000,1.7500000000,-1.0681123948,exit_right
12400,1,0.0000000000,0.0000000000,1.3812861280,0.0000000000,scatter
12400,2,1.3812861280,0.0000000000,0.0000000000,1.8565390861,exit_left
12500,1,0.0000000000,0.0000000000,1.2563298098,0.0000000000,scatter
12500,2,1.2563298098,0.0000000000,1.2351102167,0.1535546972,absorb
12600,1,0.0000000000,0.0000000000,1.1094075194,0.0000000000,scatter
12600,2,1.1094075194,0.0000000000,0.8169024272,-1.2475775212,scatter
12600,3,0.8169024272,-1.2475775212,1.7500000000,-0.5911598904,exit_right
12700,1,0.0000000000,0.0000000000,1.7500000000,0.0000000000,exit_right
12800,1,0.0000000000,0.0000000000,0.3547025451,0.0000000000,scatter
12800,2,0.3547025451,0.0000000000,0.4890144557,0.7142348975,scatter
12800,3,0.4890144557,0.7142348975,1.7500000000,0.4628616808,exit_right
12900,1,0.0000000000,0.0000000000,0.8805773723,0.0000000000,scatter
12900,2,0.8805773723,0.0000000000,0.0000000000,1.1882462739,exit_left
13000,1,0.0000000000,0.0000000000,1.7500000000,0.0000000000,exit_right
13100,1,0.0000000000,0.0000000000,1.7500000000,0.0000000000,exit_right
13200,1,0.0000000000,0.0000000000,1.7500000000,0.0000000000,exit_right
13300,1,0.0000000000,0.0000000000,1.7500000000,0.0000000000,exit_right
13400,1,0.0000000000,0.0000000000,0.5950964891,0.0000000000,absorb
13500,1,0.0000000000,0.0000000000,1.0267371774,0.0000000000,scatter
13500,2,1.0267371774,0.0000000000,0.0000000000,-0.9446850823,exit_left
13600,1,0.0000000000,0.0000000000,0.7416166288,0.0000000000,scatter
13600,2,0.7416166288,0.0000000000,0.0000000000,-0.4163180759,exit_left
13700,1,0.0000000000,0.0000000000,0.0395699201,0.0000000000,scatter
13700,2,0.0395699201,0.0000000000,0.0000000000,0.0148859457,exit_left
13800,1,0.0000000000,0.0000000000,1.7500000000,0.0000000000,exit_right
13900,1,0.0000000000,0.0000000000,0.5836806385,0.0000000000,scatter
13900,2,0.5836806385,0.0000000000,0.3074553750,0.1329427523,scatter
13900,3,0.3074553750,0.1329427523,0.5227203733,1.4284014856,scatter
13900,4,0.5227203733,1.4284014856,0.6074237481,1.5330432898,scatter
13900,5,0.6074237481,1.5330432898,0.6645991088,1.5145060907,scatter
13900,6,0.6645991088,1.5145060907,1.7125247131,1.2365639253,absorb
14000,1,0.0000000000,0.0000000000,1.1269657839,0.0000000000,absorb
14100,1,0.0000000000,0.0000000000,0.5581756278,0.0000000000,absorb
14200,1,0.0000000000,0.0000000000,1.4113561062,0.0000000000,scatter
14200,2,1.4113561062,0.0000000000,0.0000000000,0.3223258688,exit_left
14300,1,0.0000000000,0.0000000000,1.7500000000,0.0000000000,exit_right
14400,1,0.0000000000,0.0000000000,0.4065185100,0.0000000000,absorb
14500,1,0.0000000000,0.0000000000,1.7500000000,0.0000000000,exit_right
14600,1,0.0000000000,0.0000000000,0.5750003910,0.0000000000,scatter
14600,2,0.5750003910,0.0000000000,0.0000000000,-0.1159840127,exit_left
14700,1,0.0000000000,0.0000000000,0.9882833574,0.0000000000,scatter
14700,2,0.9882833574,0.0000000000,0.0000000000,0.8709701546,exit_left
14800,1,0.0000000000,0.0000000000,1.7500000000,0.0000000000,exit_right
14900,1,0.0000000000,0.0000000000,1.7500000000,0.0000000000,exit_right
15000,1,0.0000000000,0.0000000000,1.7500000000,0.0000000000,exit_right
15100,1,0.0000000000,0.0000000000,1.4712698527,0.0000000000,scatter
15100,2,1.4712698527,0.0000000000,1.6672908889,0.4866933453,scatter
15100,3,1.6672908889,0.4866933453,0.2326598898,-0.0819178730,absorb
15200,1,0.0000000000,0.0000000000,1.7500000000,0.0000000000,exit_right
15300,1,0.0000000000,0.0000000000,0.1344986704,0.0000000000,absorb
15400,1,0.0000000000,0.0000000000,1.7500000000,0.0000000000,exit_right
15500,1,0.0000000000,0.0000000000,0.6112416281,0.0000000000,scatter
15500,2,0.6112416281,0.0000000000,1.7500000000,0.2436197968,exit_right
15600,1,0.0000000000,0.0000000000,0.8813941225,0.0000000000,scatter
15600,2,0.8813941225,0.0000000000,0.2978576491,-0.3287346329,scatter
15600,3,0.2978576491,-0.3287346329,1.7500000000,-0.3836217387,exit_right
15700,1,0.0000000000,0.0000000000,0.2553530921,0.0000000000,absorb
15800,1,0.0000000000,0.0000000000,0.5436689239,0.0000000000,scatter
15800,2,0.5436689239,0.0000000000,0.1995570014,0.1311291161,scatter
15800,3,0.1995570014,0.1311291161,0.8354472135,0.8749605628,scatter
15800,4,0.8354472135,0.8749605628,0.9195093505,1.1163681323,scatter
15800,5,0.9195093505,1.1163681323,0.5527328083,2.2877096490,scatter
15800,6,0.5527328083,2.2877096490,0.0000000000,1.8795718587,exit_left
15900,1,0.0000000000,0.0000000000,1.7500000000,0.0000000000,exit_right
16000,1,0.0000000000,0.0000000000,0.4722124021,0.0000000000,scatter
16000,2,0.4722124021,0.0000000000,1.7500000000,-1.4443749234,exit_right
16100,1,0.0000000000,0.0000000000,0.7213903151,0.0000000000,scatter
16100,2,0.7213903151,0.0000000000,0.0000000000,0.2161159973,exit_left
16200,1,0.0000000000,0.0000000000,1.7500000000,0.0000000000,exit_right
16300,1,0.0000000000,0.0000000000,1.1616234148,0.0000000000,scatter
16300,2,1.1616234148,0.0000000000,0.9379539912,-0.8035608306,absorb
16400,1,0.0000000000,0.0000000000,1.7500000000,0.0000000000,exit_right
16500,1,0.0000000000,0.0000000000,1.4391370446,0.0000000000,scatter
16500,2,1.4391370446,0.0000000000,1.7500000000,-0.1171350450,exit_right
16600,1,0.0000000000,0.0000000000,0.1671821678,0.0000000000,scatter
16600,2,0.1671821678,0.0000000000,0.0000000000,0.1151207558,exit_left
16700,1,0.0000000000,0.0000000000,1.7500000000,0.0000000000,exit_right
16800,1,0.0000000000,0.0000000000,1.5898920874,0.0000000000,scatter
16800,2,1.5898920874,0.0000000000,1.6615009283,-0.0355812237,scatter
16800,3,1.6615009283,-0.0355812237,1.2776535252,-0.5280078385,scatter
16800,4,1.2776535252,-0.5280078385,0.0000000000,0.2836113050,exit_left
16900,1,0.0000000000,0.0000000000,0.8848787113,0.0000000000,scatter
16900,2,0.8848787113,0.0000000000,1.7500000000,0.9426452932,exit_right
17000,1,0.0000000000,0.0000000000,0.3386485432,0.0000000000,scatter
17000,2,0.3386485432,0.0000000000,0.0000000000,0.3177640127,exit_left
17100,1,0.0000000000,0.0000000000,0.1798777180,0.0000000000,scatter
17100,2,0.1798777180,0.0000000000,0.0000000000,0.0478740930,exit_left
17200,1,0.0000000000,0.0000000000,1.7500000000,0.0000000000,exit_right
17300,1,0.0000000000,0.0000000000,1.7500000000,0.0000000000,exit_right
17400,1,0.0000000000,0.0000000000,1.7500000000,0.0000000000,exit_right
17500,1,0.0000000000,0.0000000000,0.0042156738,0.0000000000,scatter
17500,2,0.0042156738,0.0000000000,0.0000000000,0.0010990262,exit_left
17600,1,0.0000000000,0.0000000000,1.7500000000,0.0000000000,exit_right
17700,1,0.0000000000,0.0000000000,0.4879327618,0.0000000000,absorb
17800,1,0.0000000000,0.0000000000,1.7500000000,0.0000000000,exit_right
17900,1,0.0000000000,0.0000000000,0.9718335758,0.0000000000,absorb
18000,1,0.0000000000,0.0000000000,1.7500000000,0.0000000000,exit_right
18100,1,0.0000000000,0.0000000000,1.7500000000,0.0000000000,exit_right
18200,1,0.0000000000,0.0000000000,0.9964166677,0.0000000000,scatter
18200,2,0.9964166677,0.0000000000,0.0000000000,-0.0010608940,exit_left
18300,1,0.0000000000,0.0000000000,1.7500000000,0.0000000000,exit_right
18400,1,0.0000000000,0.0000000000,0.6127210048,0.0000000000,scatter
18400,2,0.6127210048,0.0000000000,1.0127702324,0.3367318011,scatter
18400,3,1.0127702324,0.3367318011,1.7500000000,0.5034384595,exit_right
18500,1,0.0000000000,0.0000000000,1.7500000000,0.0000000000,exit_right
18600,1,0.0000000000,0.0000000000,0.3090160955,0.0000000000,scatter
18600,2,0.3090160955,0.0000000000,0.0000000000,0.7757225502,exit_left
18700,1,0.0000000000,0.0000000000,1.7500000000,0.0000000000,exit_right
18800,1,0.0000000000,0.0000000000,1.2477370853,0.0000000000,scatter
18800,2,1.2477370853,0.0000000000,1.7500000000,0.1661747830,exit_right
18900,1,0.0000000000,0.0000000000,1.7500000000,0.0000000000,exit_right
19000,1,0.0000000000,0.0000000000,1.7500000000,0.0000000000,exit_right
19100,1,0.0000000000,0.0000000000,1.7500000000,0.0000000000,exit_right
19200,1,0.0000000000,0.0000000000,0.2600023337,0.0000000000,scatter
19200,2,0.2600023337,0.0000000000,1.6611573147,-0.0610783258,scatter
19200,3,1.6611573147,-0.0610783258,1.6776401029,-0.1397681173,absorb
19300,1,0.0000000000,0.0000000000,1.7500000000,0.0000000000,exit_right
19400,1,0.0000000000,0.0000000000,0.5967505046,0.0000000000,scatter
19400,2,0.5967505046,0.0000000000,0.6450199847,-0.0337934970,scatter
19400,3,0.6450199847,-0.0337934970,0.8862817753,-0.0209592146,scatter
19400,4,0.8862817753,-0.0209592146,0.0694145239,0.4767245730,absorb
19500,1,0.0000000000,0.0000000000,1.1489531144,0.0000000000,scatter
19500,2,1.1489531144,0.0000000000,0.7788787039,-1.3154796523,absorb
19600,1,0.0000000000,0.0000000000,0.2185223039,0.0000000000,scatter
19600,2,0.2185223039,0.0000000000,0.0000000000,-0.2322847273,exit_left
19700,1,0.0000000000,0.0000000000,1.0543048021,0.0000000000,scatter
19700,2,1.0543048021,0.0000000000,1.7500000000,0.3662853792,exit_right
19800,1,0.0000000000,0.0000000000,1.7500000000,0.0000000000,exit_right
19900,1,0.0000000000,0.0000000000,0.4256331896,0.0000000000,scatter
19900,2,0.4256331896,0.0000000000,0.5845573055,-0.0640580969,scatter
19900,3,0.5845573055,-0.0640580969,0.4506615321,0.0443854020,scatter
19900,4,0.4506615321,0.0443854020,1.7500000000,-0.9167202995,exit_right
20000,1,0.0000000000,0.0000000000,1.7500000000,0.0000000000,exit_right
20100,1,0.0000000000,0.0000000000,0.6573949258,0.0000000000,scatter
20100,2,0.6573949258,0.0000000000,0.0000000000,0.2991186458,exit_left
20200,1,0.0000000000,0.0000000000,0.2771166574,0.0000000000,scatter
20200,2,0.2771166574,0.0000000000,0.3941316803,0.0020139544,scatter
20200,3,0.3941316803,0.0020139544,0.0000000000,0.1048115427,exit_left
20300,1,0.0000000000,0.0000000000,1.1391109574,0.0000000000,scatter
20300,2,1.1391109574,0.0000000000,1.6369325066,-0.1337223484,scatter
20300,3,1.6369325066,-0.1337223484,1.1876158380,-0.8647429682,scatter
20300,4,1.1876158380,-0.8647429682,0.0000000000,-2.2591845995,exit_left
20400,1,0.0000000000,0.0000000000,0.0661261732,0.0000000000,absorb
20500,1,0.0000000000,0.0000000000,0.4056523143,0.0000000000,scatter
20500,2,0.4056523143,0.0000000000,0.4828264556,0.1900185478,scatter
20500,3,0.4828264556,0.1900185478,0.6528081400,0.3088775591,scatter
20500,4,0.6528081400,0.3088775591,0.0000000000,-0.4957461535,exit_left
20600,1,0.0000000000,0.0000000000,0.8336815235,0.0000000000,absorb
20700,1,0.0000000000,0.0000000000,1.7500000000,0.0000000000,exit_right
20800,1,0.0000000000,0.0000000000,1.7500000000,0.0000000000,exit_right
20900,1,0.0000000000,0.0000000000,1.2584712189,0.0000000000,absorb
21000,1,0.0000000000,0.0000000000,0.5367192094,0.0000000000,absorb
21100,1,0.0000000000,0.0000000000,1.7500000000,0.0000000000,exit_right
21200,1,0.0000000000,0.0000000000,0.3435342148,0.0000000000,absorb
21300,1,0.0000000000,0.0000000000,0.0820420217,0.0000000000,scatter
21300,2,0.0820420217,0.0000000000,0.0278998639,0.0467179763,absorb
21400,1,0.0000000000,0.0000000000,0.5782633824,0.0000000000,scatter
21400,2,0.5782633824,0.0000000000,1.7500000000,-0.9866561507,exit_right
21500,1,0.0000000000,0.0000000000,1.7500000000,0.0000000000,exit_right
21600,1,0.0000000000,0.0000000000,1.0174233516,0.0000000000,scatter
21600,2,1.0174233516,0.0000000000,0.9935819792,-0.1288217372,absorb
21700,1,0.0000000000,0.0000000000,1.7500000000,0.0000000000,exit_right
21800,1,0.0000000000,0.0000000000,0.5802223891,0.0000000000,scatter
21800,2,0.5802223891,0.0000000000,1.7500000000,-1.9146843818,exit_right
21900,1,0.0000000000,0.0000000000,1.7500000000,0.0000000000,exit_right
22000,1,0.0000000000,0.0000000000,0.5845525153,0.0000000000,scatter
22000,2,0.5845525153,0.0000000000,0.9792006396,3.8844956484,scatter
22000,3,0.9792006396,3.8844956484,1.5973095795,5.0465358154,scatter
22000,4,1.5973095795,5.0465358154,1.7500000000,5.3104725074,exit_right
22100,1,0.0000000000,0.0000000000,0.0777286973,0.0000000000,absorb
22200,1,0.0000000000,0.0000000000,1.7500000000,0.0000000000,exit_right
22300,1,0.0000000000,0.0000000000,1.7500000000,0.0000000000,exit_right
22400,1,0.0000000000,0.0000000000,1.7500000000,0.0000000000,exit_right
22500,1,0.0000000000,0.0000000000,1.7500000000,0.0000000000,exit_right
22600,1,0.0000000000,0.0000000000,1.4519739471,0.0000000000,scatter
22600,2,1.4519739471,0.0000000000,0.2536765453,-0.3594611704,absorb
22700,1,0.0000000000,0.0000000000,0.6177837587,0.0000000000,scatter
22700,2,0.6177837587,0.0000000000,1.2816316173,-0.6538342841,scatter
22700,3,1.2816316173,-0.6538342841,0.0000000000,-2.1722276920,exit_left
22800,1,0.0000000000,0.0000000000,1.7500000000,0.0000000000,exit_right
22900,1,0.0000000000,0.0000000000,0.1882797357,0.0000000000,scatter
22900,2,0.1882797357,0.0000000000,0.3249647624,-0.1179240271,scatter
22900,3,0.3249647624,-0.1179240271,1.7500000000,0.5388240568,exit_right
23000,1,0.0000000000,0.0000000000,0.1754238234,0.0000000000,scatter
23000,2,0.1754238234,0.0000000000,0.0000000000,-0.0551114173,exit_left
23100,1,0.0000000000,0.0000000000,1.7500000000,0.0000000000,exit_right
23200,1,0.0000000000,0.0000000000,0.0377875872,0.0000000000,scatter
23200,2,0.0377875872,0.0000000000,0.0000000000,-0.0374825630,exit_left
23300,1,0.0000000000,0.0000000000,0.7331501669,0.0000000000,scatter
23300,2,0.7331501669,0.0000000000,0.3161683050,-0.7792354543,scatter
23300,3,0.3161683050,-0.7792354543,0.0000000000,-0.6777219361,exit_left
23400,1,0.0000000000,0.0000000000,1.7500000000,0.0000000000,exit_right
23500,1,0.0000000000,0.0000000000,0.9999158826,0.0000000000,scatter
23500,2,0.9999158826,0.0000000000,0.0000000000,-0.8256466659,exit_left
23600,1,0.0000000000,0.0000000000,1.2984148198,0.0000000000,scatter
23600,2,1.2984148198,0.0000000000,1.7500000000,-2.5614098521,exit_right
23700,1,0.0000000000,0.0000000000,1.7500000000,0.0000000000,exit_right
23800,1,0.0000000000,0.0000000000,0.8416947927,0.0000000000,scatter
23800,2,0.8416947927,0.0000000000,1.3032563245,0.6544714418,scatter
23800,3,1.3032563245,0.6544714418,1.7500000000,1.2476805003,exit_right
23900,1,0.0000000000,0.0000000000,0.1045275807,0.0000000000,scatter
23900,2,0.1045275807,0.0000000000,0.0000000000,0.0155255029,exit_left
24000,1,0.0000000000,0.0000000000,0.3801576989,0.0000000000,scatter
24000,2,0.3801576989,0.0000000000,0.0000000000,-0.4669941427,exit_left
24100,1,0.0000000000,0.0000000000,1.7500000000,0.0000000000,exit_right
24200,1,0.0000000000,0.0000000000,1.7500000000,0.0000000000,exit_right
24300,1,0.0000000000,0.0000000000,1.4000592647,0.0000000000,scatter
24300,2,1.4000592647,0.0000000000,0.3867653463,-1.6200361329,absorb
24400,1,0.0000000000,0.0000000000,0.2515597137,0.0000000000,scatter
24400,2,0.2515597137,0.0000000000,1.7500000000,-1.0558722954,exit_right
24500,1,0.0000000000,0.0000000000,0.7691266939,0.0000000000,scatter
24500,2,0.7691266939,0.0000000000,1.7500000000,1.1766266505,exit_right
24600,1,0.0000000000,0.0000000000,1.6832695850,0.0000000000,scatter
24600,2,1.6832695850,0.0000000000,1.6696196417,0.1128233621,scatter
24600,3,1.6696196417,0.1128233621,1.7029081663,1.4488117482,scatter
24600,4,1.7029081663,1.4488117482,1.6369946881,1.4525007612,scatter
24600,5,1.6369946881,1.4525007612,0.0000000000,1.9609137136,exit_left
24700,1,0.0000000000,0.0000000000,1.7500000000,0.0000000000,exit_right
24800,1,0.0000000000,0.0000000000,1.5938499215,0.0000000000,scatter
24800,2,1.5938499215,0.0000000000,1.7500000000,-0.0615084695,exit_right
24900,1,0.0000000000,0.0000000000,1.7500000000,0.0000000000,exit_right
25000,1,0.0000000000,0.0000000000,1.1300686940,0.0000000000,absorb
25100,1,0.0000000000,0.0000000000,1.7500000000,0.0000000000,exit_right
25200,1,0.0000000000,0.0000000000,1.6956301617,0.0000000000,absorb
25300,1,0.0000000000,0.0000000000,0.0965761322,0.0000000000,scatter
25300,2,0.0965761322,0.0000000000,1.7500000000,0.2743205091,exit_right
25400,1,0.0000000000,0.0000000000,1.7500000000,0.0000000000,exit_right
25500,1,0.0000000000,0.0000000000,0.6836936492,0.0000000000,scatter
25500,2,0.6836936492,0.0000000000,0.3366296793,-0.7966143067,scatter
25500,3,0.3366296793,-0.7966143067,0.3021667782,-0.7334786546,scatter
25500,4,0.3021667782,-0.7334786546,1.0846215406,-1.2897170778,absorb
25600,1,0.0000000000,0.0000000000,0.1955924289,0.0000000000,scatter
25600,2,0.1955924289,0.0000000000,0.0000000000,-0.4242655895,exit_left
25700,1,0.0000000000,0.0000000000,1.4282553386,0.0000000000,scatter
25700,2,1.4282553386,0.0000000000,1.7500000000,-0.7517227053,exit_right
25800,1,0.0000000000,0.0000000000,1.7500000000,0.0000000000,exit_right
25900,1,0.0000000000,0.0000000000,0.3577064292,0.0000000000,scatter
25900,2,0.3577064292,0.0000000000,1.3057266203,-0.1369420888,scatter
25900,3,1.3057266203,-0.1369420888,0.0000000000,-3.0415251235,exit_left
26000,1,0.0000000000,0.0000000000,1.7500000000,0.0000000000,exit_right
26100,1,0.0000000000,0.0000000000,1.6177742865,0.0000000000,scatter
26100,2,1.6177742865,0.0000000000,1.7500000000,0.1170631704,exit_right
26200,1,0.0000000000,0.0000000000,1.3962390136,0.0000000000,scatter
26200,2,1.3962390136,0.0000000000,1.7500000000,-0.0452676347,exit_right
26300,1,0.0000000000,0.0000000000,0.1883910906,0.0000000000,scatter
26300,2,0.1883910906,0.0000000000,0.0000000000,0.1279177001,exit_left
26400,1,0.0000000000,0.0000000000,1.7500000000,0.0000000000,exit_right
26500,1,0.0000000000,0.0000000000,1.7500000000,0.0000000000,exit_right
26600,1,0.0000000000,0.0000000000,0.8393431279,0.0000000000,scatter
26600,2,0.8393431279,0.0000000000,1.7500000000,0.1991066784,exit_right
26700,1,0.0000000000,0.0000000000,1.7500000000,0.0000000000,exit_right
26800,1,0.0000000000,0.0000000000,1.6058142631,0.0000000000,scatter
26800,2,1.6058142631,0.0000000000,0.8346291262,0.6809044407,scatter
26800,3,0.8346291262,0.6809044407,1.7500000000,0.2178037702,exit_right
26900,1,0.0000000000,0.0000000000,1.7500000000,0.0000000000,exit_right
27000,1,0.0000000000,0.0000000000,1.5705280546,0.0000000000,scatter
27000,2,1.5705280546,0.0000000000,0.4508072037,-3.0763724132,scatter
27000,3,0.4508072037,-3.0763724132,0.4339128742,-3.3962026203,scatter
27000,4,0.4339128742,-3.3962026203,1.3744252682,-4.6907391719,scatter
27000,5,1.3744252682,-4.6907391719,0.0000000000,-6.1703205371,exit_left
27100,1,0.0000000000,0.0000000000,1.0906641769,0.0000000000,absorb
27200,1,0.0000000000,0.0000000000,1.7500000000,0.0000000000,exit_right
27300,1,0.0000000000,0.0000000000,0.9091115395,0.0000000000,scatter
27300,2,0.9091115395,0.0000000000,1.4308031968,0.1863130463,scatter
27300,3,1.4308031968,0.1863130463,1.7500000000,0.3079180614,exit_right
27400,1,0.0000000000,0.0000000000,0.1807290320,0.0000000000,absorb
27500,1,0.0000000000,0.0000000000,1.5458550975,0.0000000000,absorb
27600,1,0.0000000000,0.0000000000,1.7500000000,0.0000000000,exit_right
27700,1,0.0000000000,0.0000000000,0.0638486257,0.0000000000,absorb
27800,1,0.0000000000,0.0000000000,0.8499768373,0.0000000000,absorb
27900,1,0.0000000000,0.0000000000,0.8623838098,0.0000000000,scatter
27900,2,0.8623838098,0.0000000000,0.0000000000,-0.4742634756,exit_left
28000,1,0.0000000000,0.0000000000,1.3649603531,0.0000000000,scatter
28000,2,1.3649603531,0.0000000000,1.7500000000,-0.3024893400,exit_right
28100,1,0.0000000000,0.0000000000,1.7500000000,0.0000000000,exit_right
28200,1,0.0000000000,0.0000000000,1.7500000000,0.0000000000,exit_right
28300,1,0.0000000000,0.0000000000,1.4020813988,0.0000000000,scatter
28300,2,1.4020813988,0.0000000000,1.5243419292,-0.2244027966,scatter
28300,3,1.5243419292,-0.2244027966,1.7500000000,-0.2839552171,exit_right
28400,1,0.0000000000,0.0000000000,0.1682075496,0.0000000000,scatter
28400,2,0.1682075496,0.0000000000,0.0000000000,0.0099564010,exit_left
28500,1,0.0000000000,0.0000000000,1.7500000000,0.0000000000,exit_right
28600,1,0.0000000000,0.0000000000,0.1968054501,0.0000000000,scatter
28600,2,0.1968054501,0.0000000000,0.0000000000,0.3607491999,exit_left
28700,1,0.0000000000,0.0000000000,1.5405379553,0.0000000000,scatter
28700,2,1.5405379553,0.0000000000,1.7500000000,-0.1275696959,exit_right
28800,1,0.0000000000,0.0000000000,1.7500000000,0.0000000000,exit_right
28900,1,0.0000000000,0.0000000000,1.7500000000,0.0000000000,exit_right
29000,1,0.0000000000,0.0000000000,0.9582544470,0.0000000000,scatter
29000,2,0.9582544470,0.0000000000,1.7500000000,-0.2717251479,exit_right
29100,1,0.0000000000,0.0000000000,1.7500000000,0.0000000000,exit_right
29200,1,0.0000000000,0.0000000000,0.0434377456,0.0000000000,scatter
29200,2,0.0434377456,0.0000000000,1.6971075615,2.8322982145,scatter
29200,3,1.6971075615,2.8322982145,0.4131355971,-0.9669454576,scatter
29200,4,0.4131355971,-0.9669454576,1.7500000000,2.7160240627,exit_right
29300,1,0.0000000000,0.0000000000,1.7500000000,0.0000000000,exit_right
29400,1,0.0000000000,0.0000000000,1.7500000000,0.0000000000,exit_right
29500,1,0.0000000000,0.0000000000,1.0037109332,0.0000000000,absorb
29600,1,0.0000000000,0.0000000000,1.7500000000,0.0000000000,exit_right
29700,1,0.0000000000,0.0000000000,0.6808424396,0.0000000000,scatter
29700,2,0.6808424396,0.0000000000,0.5412640282,-1.5599428952,scatter
29700,3,0.5412640282,-1.5599428952,0.3265260614,-1.2028075550,scatter
29700,4,0.3265260614,-1.2028075550,1.7500000000,-0.8301692422,exit_right
29800,1,0.0000000000,0.0000000000,0.0394719788,0.0000000000,scatter
29800,2,0.0394719788,0.0000000000,1.7500000000,-0.3778243059,exit_right
29900,1,0.0000000000,0.0000000000,1.7500000000,0.0000000000,exit_right
30000,1,0.0000000000,0.0000000000,0.6919415449,0.0000000000,scatter
30000,2,0.6919415449,0.0000000000,0.0000000000,-0.3605271806,exit_left
30100,1,0.0000000000,0.0000000000,0.3101487541,0.0000000000,scatter
30100,2,0.3101487541,0.0000000000,0.0000000000,-1.6328632202,exit_left
30200,1,0.0000000000,0.0000000000,0.1967189411,0.0000000000,scatter
30200,2,0.1967189411,0.0000000000,0.0000000000,0.1905408663,exit_left
30300,1,0.0000000000,0.0000000000,1.0679134091,0.0000000000,scatter
30300,2,1.0679134091,0.0000000000,0.3256492765,-0.3844383218,scatter
30300,3,0.3256492765,-0.3844383218,0.0000000000,-0.0785470497,exit_left
30400,1,0.0000000000,0.0000000000,0.9680615793,0.0000000000,absorb
30500,1,0.0000000000,0.0000000000,0.1306066809,0.0000000000,scatter
30500,2,0.1306066809,0.0000000000,1.7500000000,-0.2562603606,exit_right
30600,1,0.0000000000,0.0000000000,1.7500000000,0.0000000000,exit_right
30700,1,0.0000000000,0.0000000000,0.6160480308,0.0000000000,scatter
30700,2,0.6160480308,0.0000000000,0.1377089051,0.1905273377,scatter
30700,3,0.1377089051,0.1905273377,1.3182434084,1.7639520902,scatter
30700,4,1.3182434084,1.7639520902,0.0000000000,0.7260825078,exit_left
30800,1,0.0000000000,0.0000000000,1.7500000000,0.0000000000,exit_right
30900,1,0.0000000000,0.0000000000,1.2843063706,0.0000000000,absorb
31000,1,0.0000000000,0.0000000000,1.7185258302,0.0000000000,scatter
31000,2,1.7185258302,0.0000000000,0.5940077485,-0.1495503344,scatter
31000,3,0.5940077485,-0.1495503344,1.3476890921,0.3139568428,scatter
31000,4,1.3476890921,0.3139568428,1.6086747906,-0.0046979683,scatter
31000,5,1.6086747906,-0.0046979683,1.7500000000,0.0937316803,exit_right
31100,1,0.0000000000,0.0000000000,1.7500000000,0.0000000000,exit_right
31200,1,0.0000000000,0.0000000000,1.7500000000,0.0000000000,exit_right
31300,1,0.0000000000,0.0000000000,0.4620326613,0.0000000000,scatter
31300,2,0.4620326613,0.0000000000,1.7500000000,-1.0183218137,exit_right
31400,1,0.0000000000,0.0000000000,1.7500000000,0.0000000000,exit_right
31500,1,0.0000000000,0.0000000000,0.7076986707,0.0000000000,scatter
31500,2,0.7076986707,0.0000000000,1.3902873845,0.1207085875,scatter
31500,3,1.3902873845,0.1207085875,1.6266815143,-0.1546378754,scatter
31500,4,1.6266815143,-0.1546378754,0.0000000000,4.3333906927,exit_left
31600,1,0.0000000000,0.0000000000,1.7500000000,0.0000000000,exit_right
31700,1,0.0000000000,0.0000000000,1.7500000000,0.0000000000,exit_right
31800,1,0.0000000000,0.0000000000,0.2464900676,0.0000000000,scatter
31800,2,0.2464900676,0.0000000000,0.0000000000,2.7758638463,exit_left
31900,1,0.0000000000,0.0000000000,0.4243782623,0.0000000000,scatter
31900,2,0.4243782623,0.0000000000,0.7186051407,1.0591243690,scatter
31900,3,0.7186051407,1.0591243690,0.0000000000,1.4956775386,exit_left
32000,1,0.0000000000,0.0000000000,0.4326459545,0.0000000000,scatter
32000,2,0.4326459545,0.0000000000,0.2975225848,-0.3149298088,absorb
32100,1,0.0000000000,0.0000000000,1.7500000000,0.0000000000,exit_right
32200,1,0.0000000000,0.0000000000,1.7500000000,0.0000000000,exit_right
32300,1,0.0000000000,0.0000000000,1.1608610595,0.0000000000,scatter
32300,2,1.1608610595,0.0000000000,1.7500000000,-0.1576623979,exit_right
32400,1,0.0000000000,0.0000000000,1.7500000000,0.0000000000,exit_right
32500,1,0.0000000000,0.0000000000,1.3533149958,0.0000000000,absorb
32600,1,0.0000000000,0.0000000000,1.7500000000,0.0000000000,exit_right
32700,1,0.0000000000,0.0000000000,0.1126368326,0.0000000000,scatter
32700,2,0.1126368326,0.0000000000,0.0000000000,0.1390605252,exit_left
32800,1,0.0000000000,0.0000000000,0.9460695032,0.0000000000,scatter
32800,2,0.9460695032,0.0000000000,0.0000000000,-1.5160746997,exit_left
32900,1,0.0000000000,0.0000000000,1.7500000000,0.0000000000,exit_right
33000,1,0.0000000000,0.0000000000,0.6874063657,0.0000000000,scatter
33000,2,0.6874063657,0.0000000000,0.0000000000,-1.1831952025,exit_left
33100,1,0.0000000000,0.0000000000,0.7545127327,0.0000000000,scatter
33100,2,0.7545127327,0.0000000000,0.0000000000,0.7225480101,exit_left
33200,1,0.0000000000,0.0000000000,0.7709402345,0.0000000000,scatter
33200,2,0.7709402345,0.0000000000,1.7500000000,-0.2374189946,exit_right
33300,1,0.0000000000,0.0000000000,1.7500000000,0.0000000000,exit_right
33400,1,0.0000000000,0.0000000000,1.7500000000,0.0000000000,exit_right
33500,1,0.0000000000,0.0000000000,1.7500000000,0.0000000000,exit_right
33600,1,0.0000000000,0.0000000000,0.8253919660,0.0000000000,scatter
33600,2,0.8253919660,0.0000000000,0.8730609504,0.1469777578,scatter
33600,3,0.8730609504,0.1469777578,0.0000000000,0.4413705395,exit_left
33700,1,0.0000000000,0.0000000000,1.7428185020,0.0000000000,scatter
33700,2,1.7428185020,0.0000000000,1.3735918177,-0.1160912321,scatter
33700,3,1.3735918177,-0.1160912321,0.1826697538,2.4560319707,scatter
33700,4,0.1826697538,2.4560319707,1.3866944321,2.6661555692,scatter
33700,5,1.3866944321,2.6661555692,1.2285104697,2.9515237273,scatter
33700,6,1.2285104697,2.9515237273,1.7500000000,2.6133107264,exit_right
33800,1,0.0000000000,0.0000000000,0.0635039781,0.0000000000,scatter
33800,2,0.0635039781,0.0000000000,0.0000000000,-0.0323836720,exit_left
33900,1,0.0000000000,0.0000000000,1.7500000000,0.0000000000,exit_right
34000,1,0.0000000000,0.0000000000,1.4159358755,0.0000000000,scatter
34000,2,1.4159358755,0.0000000000,1.7500000000,0.5823417031,exit_right
34100,1,0.0000000000,0.0000000000,1.7500000000,0.0000000000,exit_right
34200,1,0.0000000000,0.0000000000,1.7500000000,0.0000000000,exit_right
34300,1,0.0000000000,0.0000000000,1.4680115419,0.0000000000,absorb
34400,1,0.0000000000,0.0000000000,0.0273170314,0.0000000000,scatter
34400,2,0.0273170314,0.0000000000,0.0533954405,0.2164297840,absorb
34500,1,0.0000000000,0.0000000000,1.7500000000,0.0000000000,exit_right
34600,1,0.0000000000,0.0000000000,1.7500000000,0.0000000000,exit_right
34700,1,0.0000000000,0.0000000000,1.7500000000,0.0000000000,exit_right
34800,1,0.0000000000,0.0000000000,1.7500000000,0.0000000000,exit_right
34900,1,0.0000000000,0.0000000000,1.2096904608,0.0000000000,absorb
35000,1,0.0000000000,0.0000000000,1.7500000000,0.0000000000,exit_right
35100,1,0.0000000000,0.0000000000,1.3888131363,0.0000000000,scatter
35100,2,1.3888131363,0.0000000000,0.1392259439,-0.7248908511,scatter
35100,3,0.1392259439,-0.7248908511,0.0000000000,-0.5451521471,exit_left
35200,1,0.0000000000,0.0000000000,0.8543116206,0.0000000000,scatter
35200,2,0.8543116206,0.0000000000,1.1658479054,-2.0131840862,scatter
35200,3,1.1658479054,-2.0131840862,1.1579945437,-2.8174948427,absorb
35300,1,0.0000000000,0.0000000000,0.3819366769,0.0000000000,scatter
35300,2,0.3819366769,0.0000000000,0.0000000000,-0.7669632593,exit_left
35400,1,0.0000000000,0.0000000000,1.7500000000,0.0000000000,exit_right
35500,1,0.0000000000,0.0000000000,0.3244413962,0.0000000000,scatter
35500,2,0.3244413962,0.0000000000,0.0000000000,-0.4475918101,exit_left
35600,1,0.0000000000,0.0000000000,0.2570994749,0.0000000000,absorb
35700,1,0.0000000000,0.0000000000,0.8666518547,0.0000000000,scatter
35700,2,0.8666518547,0.0000000000,0.0000000000,-0.0734119134,exit_left
35800,1,0.0000000000,0.0000000000,0.6985966557,0.0000000000,scatter
35800,2,0.6985966557,0.0000000000,0.0000000000,0.3051586252,exit_left
35900,1,0.0000000000,0.0000000000,1.7500000000,0.0000000000,exit_right
36000,1,0.0000000000,0.0000000000,1.5823904873,0.0000000000,absorb
36100,1,0.0000000000,0.0000000000,0.3849888686,0.0000000000,scatter
36100,2,0.3849888686,0.0000000000,0.6441072263,-1.2445237156,scatter
36100,3,0.6441072263,-1.2445237156,0.5676673139,-1.2678033158,scatter
36100,4,0.5676673139,-1.2678033158,1.7500000000,-1.3594388485,exit_right
36200,1,0.0000000000,0.0000000000,1.7500000000,0.0000000000,exit_right
36300,1,0.0000000000,0.0000000000,1.2728556176,0.0000000000,scatter
36300,2,1.2728556176,0.0000000000,1.6323006832,0.1496092049,absorb
36400,1,0.0000000000,0.0000000000,0.6852932822,0.0000000000,scatter
36400,2,0.6852932822,0.0000000000,1.2695632948,-1.3971691083,scatter
36400,3,1.2695632948,-1.3971691083,0.0896102915,-1.3922317058,absorb
36500,1,0.0000000000,0.0000000000,0.3682405067,0.0000000000,scatter
36500,2,0.3682405067,0.0000000000,0.0000000000,0.1681006115,exit_left
36600,1,0.0000000000,0.0000000000,1.7500000000,0.0000000000,exit_right
36700,1,0.0000000000,0.0000000000,1.7500000000,0.0000000000,exit_right
36800,1,0.0000000000,0.0000000000,0.6486037540,0.0000000000,absorb
36900,1,0.0000000000,0.0000000000,0.9827578366,0.0000000000,scatter
36900,2,0.9827578366,0.0000000000,1.3902979336,0.1860991405,scatter
36900,3,1.3902979336,0.1860991405,1.7500000000,-0.2690611148,exit_right
37000,1,0.0000000000,0.0000000000,1.7500000000,0.0000000000,exit_right
37100,1,0.0000000000,0.0000000000,0.0812611241,0.0000000000,scatter
37100,2,0.0812611241,0.0000000000,0.0132952557,-0.3466670735,scatter
37100,3,0.0132952557,-0.3466670735,0.4968742801,-0.3728965466,scatter
37100,4,0.4968742801,-0.3728965466,0.0000000000,-0.0365416257,exit_left
37200,1,0.0000000000,0.0000000000,0.4944896258,0.0000000000,scatter
37200,2,0.4944896258,0.0000000000,0.0000000000,-0.9540836518,exit_left
37300,1,0.0000000000,0.0000000000,0.5742148444,0.0000000000,absorb
37400,1,0.0000000000,0.0000000000,1.3090962499,0.0000000000,scatter
37400,2,1.3090962499,0.0000000000,1.3923733062,-0.4536341026,scatter
37400,3,1.3923733062,-0.4536341026,1.0445286546,-1.6848419592,scatter
37400,4,1.0445286546,-1.6848419592,1.7500000000,-1.3858716599,exit_right
37500,1,0.0000000000,0.0000000000,1.3202147553,0.0000000000,absorb
37600,1,0.0000000000,0.0000000000,0.6794949465,0.0000000000,scatter
37600,2,0.6794949465,0.0000000000,1.7500000000,-0.1650266087,exit_right
37700,1,0.0000000000,0.0000000000,1.1588627737,0.0000000000,scatter
37700,2,1.1588627737,0.0000000000,1.3154690468,0.7479679333,scatter
37700,3,1.3154690468,0.7479679333,1.5491030878,1.9025158206,scatter
37700,4,1.5491030878,1.9025158206,0.5924395756,3.4124149338,scatter
37700,5,0.5924395756,3.4124149338,0.5960458820,3.4007404398,scatter
37700,6,0.5960458820,3.4007404398,0.0000000000,3.2638443013,exit_left
37800,1,0.0000000000,0.0000000000,0.1465189933,0.0000000000,scatter
37800,2,0.1465189933,0.0000000000,0.1086239043,0.3319447730,scatter
37800,3,0.1086239043,0.3319447730,0.0000000000,0.2002986620,exit_left
37900,1,0.0000000000,0.0000000000,0.6259422427,0.0000000000,scatter
37900,2,0.6259422427,0.0000000000,0.0000000000,1.0410483804,exit_left
38000,1,0.0000000000,0.0000000000,1.7500000000,0.0000000000,exit_right
38100,1,0.0000000000,0.0000000000,1.7500000000,0.0000000000,exit_right
38200,1,0.0000000000,0.0000000000,0.2710412028,0.0000000000,scatter
38200,2,0.2710412028,0.0000000000,0.2856455568,-0.0423267946,scatter
38200,3,0.2856455568,-0.0423267946,1.7500000000,0.4679067471,exit_right
38300,1,0.0000000000,0.0000000000,0.0117365193,0.0000000000,scatter
38300,2,0.0117365193,0.0000000000,0.0181247199,-0.5957274833,scatter
38300,3,0.0181247199,-0.5957274833,0.0000000000,-0.5717389043,exit_left
38400,1,0.0000000000,0.0000000000,1.7500000000,0.0000000000,exit_right
38500,1,0.0000000000,0.0000000000,1.7500000000,0.0000000000,exit_right
38600,1,0.0000000000,0.0000000000,1.1120606371,0.0000000000,scatter
38600,2,1.1120606371,0.0000000000,0.9065540358,-0.1421295810,scatter
38600,3,0.9065540358,-0.1421295810,0.0000000000,-0.7762921765,exit_left
38700,1,0.0000000000,0.0000000000,1.7500000000,0.0000000000,exit_right
38800,1,0.0000000000,0.0000000000,1.4932393692,0.0000000000,scatter
38800,2,1.4932393692,0.0000000000,0.0000000000,0.3637367772,exit_left
38900,1,0.0000000000,0.0000000000,1.7500000000,0.0000000000,exit_right
39000,1,0.0000000000,0.0000000000,1.0372868910,0.0000000000,scatter
39000,2,1.0372868910,0.0000000000,0.0000000000,-1.7641455670,exit_left
39100,1,0.0000000000,0.0000000000,1.7500000000,0.0000000000,exit_right
39200,1,0.0000000000,0.0000000000,1.7500000000,0.0000000000,exit_right
39300,1,0.0000000000,0.0000000000,0.0661467245,0.0000000000,absorb
39400,1,0.0000000000,0.0000000000,1.7500000000,0.0000000000,exit_right
39500,1,0.0000000000,0.0000000000,0.9517941620,0.0000000000,scatter
39500,2,0.9517941620,0.0000000000,0.7748341992,-0.2802865131,scatter
39500,3,0.7748341992,-0.2802865131,0.5028338129,1.0387640162,scatter
39500,4,0.5028338129,1.0387640162,0.5008364302,1.0357251212,scatter
39500,5,0.5008364302,1.0357251212,0.9330057189,0.3477053767,absorb
39600,1,0.0000000000,0.0000000000,0.5822482269,0.0000000000,absorb
39700,1,0.0000000000,0.0000000000,1.4993206530,0.0000000000,scatter
39700,2,1.4993206530,0.0000000000,1.0980651574,1.4063928870,scatter
39700,3,1.0980651574,1.4063928870,0.0000000000,4.6060602459,exit_left
39800,1,0.0000000000,0.0000000000,1.7347555655,0.0000000000,scatter
39800,2,1.7347555655,0.0000000000,1.7500000000,-0.0065350863,exit_right
39900,1,0.0000000000,0.0000000000,1.7500000000,0.0000000000,exit_right
40000,1,0.0000000000,0.0000000000,1.2537784846,0.0000000000,scatter
40000,2,1.2537784846,0.0000000000,1.1339851010,-0.0790064381,absorb
40100,1,0.0000000000,0.0000000000,0.6797594637,0.0000000000,absorb
40200,1,0.0000000000,0.0000000000,1.5174709322,0.0000000000,scatter
40200,2,1.5174709322,0.0000000000,1.4506707313,-0.0902154355,scatter
40200,3,1.4506707313,-0.0902154355,1.7500000000,-0.3020489787,exit_right
40300,1,0.0000000000,0.0000000000,0.2179250144,0.0000000000,scatter
40300,2,0.2179250144,0.0000000000,0.5085316715,-0.0070455874,scatter
40300,3,0.5085316715,-0.0070455874,0.0000000000,-0.8900319690,exit_left
40400,1,0.0000000000,0.0000000000,1.7500000000,0.0000000000,exit_right
40500,1,0.0000000000,0.0000000000,1.7500000000,0.0000000000,exit_right
40600,1,0.0000000000,0.0000000000,1.7500000000,0.0000000000,exit_right
40700,1,0.0000000000,0.0000000000,1.7500000000,0.0000000000,exit_right
40800,1,0.0000000000,0.0000000000,0.0649301920,0.0000000000,scatter
40800,2,0.0649301920,0.0000000000,0.0000000000,0.0861911316,exit_left
40900,1,0.0000000000,0.0000000000,0.6831263908,0.0000000000,scatter
40900,2,0.6831263908,0.0000000000,1.7500000000,-3.0722865788,exit_right
41000,1,0.0000000000,0.0000000000,0.5738989340,0.0000000000,scatter
41000,2,0.5738989340,0.0000000000,1.6603253037,1.6071791432,scatter
41000,3,1.6603253037,1.6071791432,0.0000000000,0.5890651835,exit_left
41100,1,0.0000000000,0.0000000000,1.7500000000,0.0000000000,exit_right
41200,1,0.0000000000,0.0000000000,0.6324616855,0.0000000000,scatter
41200,2,0.6324616855,0.0000000000,1.7500000000,-0.0725199080,exit_right
41300,1,0.0000000000,0.0000000000,0.7214306934,0.0000000000,scatter
41300,2,0.7214306934,0.0000000000,0.0000000000,-5.1261728284,exit_left
41400,1,0.0000000000,0.0000000000,0.7926191321,0.0000000000,scatter
41400,2,0.7926191321,0.0000000000,1.7500000000,-0.9863060212,exit_right
41500,1,0.0000000000,0.0000000000,1.7500000000,0.0000000000,exit_right
41600,1,0.0000000000,0.0000000000,1.7500000000,0.0000000000,exit_right
41700,1,0.0000000000,0.0000000000,1.1897508919,0.0000000000,scatter
41700,2,1.1897508919,0.0000000000,1.6242561657,1.5412396636,scatter
41700,3,1.6242561657,1.5412396636,1.7500000000,-0.2551630739,exit_right
41800,1,0.0000000000,0.0000000000,1.7500000000,0.0000000000,exit_right
41900,1,0.0000000000,0.0000000000,1.7500000000,0.0000000000,exit_right
42000,1,0.0000000000,0.0000000000,1.7500000000,0.0000000000,exit_right
42100,1,0.0000000000,0.0000000000,1.7500000000,0.0000000000,exit_right
42200,1,0.0000000000,0.0000000000,0.1096768008,0.0000000000,scatter
42200,2,0.1096768008,0.0000000000,0.0000000000,0.0558071369,exit_left
42300,1,0.0000000000,0.0000000000,0.5293866328,0.0000000000,scatter
42300,2,0.5293866328,0.0000000000,0.4345972804,-0.5840844965,scatter
42300,3,0.4345972804,-0.5840844965,0.5867471122,0.2296388288,scatter
42300,4,0.5867471122,0.2296388288,0.0000000000,3.1974481406,exit_left
42400,1,0.0000000000,0.0000000000,1.7500000000,0.0000000000,exit_right
42500,1,0.0000000000,0.0000000000,1.3877141987,0.0000000000,scatter
42500,2,1.3877141987,0.0000000000,1.7500000000,-1.4158407332,exit_right
42600,1,0.0000000000,0.0000000000,1.7500000000,0.0000000000,exit_right
42700,1,0.0000000000,0.0000000000,1.7500000000,0.0000000000,exit_right
42800,1,0.0000000000,0.0000000000,1.7500000000,0.0000000000,exit_right
42900,1,0.0000000000,0.0000000000,1.7500000000,0.0000000000,exit_right
43000,1,0.0000000000,0.0000000000,1.7500000000,0.0000000000,exit_right
43100,1,0.0000000000,0.0000000000,0.2181390787,0.0000000000,scatter
43100,2,0.2181390787,0.0000000000,0.0090686882,-0.2101090686,absorb
43200,1,0.0000000000,0.0000000000,0.6002715022,0.0000000000,scatter
43200,2,0.6002715022,0.0000000000,1.7500000000,-0.6680030105,exit_right
43300,1,0.0000000000,0.0000000000,0.1091277947,0.0000000000,scatter
43300,2,0.1091277947,0.0000000000,1.7500000000,0.0866646594,exit_right
43400,1,0.0000000000,0.0000000000,1.7500000000,0.0000000000,exit_right
43500,1,0.0000000000,0.0000000000,1.7500000000,0.0000000000,exit_right
43600,1,0.0000000000,0.0000000000,1.1082895099,0.0000000000,absorb
43700,1,0.0000000000,0.0000000000,0.6981392500,0.0000000000,scatter
43700,2,0.6981392500,0.0000000000,0.0000000000,0.7179072857,exit_left
43800,1,0.0000000000,0.0000000000,0.5910499579,0.0000000000,scatter
43800,2,0.5910499579,0.0000000000,0.0000000000,-0.4544420210,exit_left
43900,1,0.0000000000,0.0000000000,0.2322039699,0.0000000000,scatter
43900,2,0.2322039699,0.0000000000,0.0000000000,0.0329065165,exit_left
44000,1,0.0000000000,0.0000000000,1.4849578966,0.0000000000,scatter
44000,2,1.4849578966,0.0000000000,1.4482856057,1.1667746647,scatter
44000,3,1.4482856057,1.1667746647,1.4395918707,1.1608586417,absorb
44100,1,0.0000000000,0.0000000000,0.4846459594,0.0000000000,scatter
44100,2,0.4846459594,0.0000000000,0.6864852402,-0.8290503990,scatter
44100,3,0.6864852402,-0.8290503990,1.7500000000,-2.8757546075,exit_right
44200,1,0.0000000000,0.0000000000,0.6339415958,0.0000000000,scatter
44200,2,0.6339415958,0.0000000000,0.6165418576,-0.6777837277,scatter
44200,3,0.6165418576,-0.6777837277,0.7055075808,-0.6022432430,absorb
44300,1,0.0000000000,0.0000000000,1.7500000000,0.0000000000,exit_right
44400,1,0.0000000000,0.0000000000,1.7500000000,0.0000000000,exit_right
44500,1,0.0000000000,0.0000000000,1.7500000000,0.0000000000,exit_right
44600,1,0.0000000000,0.0000000000,1.7500000000,0.0000000000,exit_right
44700,1,0.0000000000,0.0000000000,0.2945995979,0.0000000000,scatter
44700,2,0.2945995979,0.0000000000,1.2154461833,1.0332595936,scatter
44700,3,1.2154461833,1.0332595936,1.7481349672,1.1855697857,scatter
44700,4,1.7481349672,1.1855697857,1.4267441733,0.7126186921,scatter
44700,5,1.4267441733,0.7126186921,1.0173330658,-1.8331017695,scatter
44700,6,1.0173330658,-1.8331017695,1.0558669550,0.7826454107,scatter
44700,7,1.0558669550,0.7826454107,0.9720394655,1.3907200693,scatter
44700,8,0.9720394655,1.3907200693,1.7500000000,1.3064989221,exit_right
44800,1,0.0000000000,0.0000000000,1.7500000000,0.0000000000,exit_right
44900,1,0.0000000000,0.0000000000,1.7500000000,0.0000000000,exit_right
45000,1,0.0000000000,0.0000000000,1.7500000000,0.0000000000,exit_right
45100,1,0.0000000000,0.0000000000,1.7500000000,0.0000000000,exit_right
45200,1,0.0000000000,0.0000000000,1.3566318240,0.0000000000,scatter
45200,2,1.3566318240,0.0000000000,1.7500000000,-0.6682227163,exit_right
45300,1,0.0000000000,0.0000000000,1.5340655558,0.0000000000,scatter
45300,2,1.5340655558,0.0000000000,1.7500000000,-0.0562903098,exit_right
45400,1,0.0000000000,0.0000000000,1.7500000000,0.0000000000,exit_right
45500,1,0.0000000000,0.0000000000,1.4165207019,0.0000000000,absorb
45600,1,0.0000000000,0.0000000000,1.3549769499,0.0000000000,absorb
45700,1,0.0000000000,0.0000000000,1.7500000000,0.0000000000,exit_right
45800,1,0.0000000000,0.0000000000,0.5256064368,0.0000000000,scatter
45800,2,0.5256064368,0.0000000000,0.3599294677,-4.8165192078,scatter
45800,3,0.3599294677,-4.8165192078,1.7500000000,-7.8151438217,exit_right
45900,1,0.0000000000,0.0000000000,1.7500000000,0.0000000000,exit_right
46000,1,0.0000000000,0.0000000000,1.7500000000,0.0000000000,exit_right
46100,1,0.0000000000,0.0000000000,1.6297586927,0.0000000000,scatter
46100,2,1.6297586927,0.0000000000,1.7500000000,0.0127365813,exit_right
46200,1,0.0000000000,0.0000000000,0.4210596118,0.0000000000,scatter
46200,2,0.4210596118,0.0000000000,0.0000000000,0.2759310079,exit_left
46300,1,0.0000000000,0.0000000000,1.7500000000,0.0000000000,exit_right
46400,1,0.0000000000,0.0000000000,1.7500000000,0.0000000000,exit_right
46500,1,0.0000000000,0.0000000000,1.1673934141,0.0000000000,scatter
46500,2,1.1673934141,0.0000000000,0.0000000000,-1.0500724341,exit_left
46600,1,0.0000000000,0.0000000000,1.7500000000,0.0000000000,exit_right
46700,1,0.0000000000,0.0000000000,0.5060253339,0.0000000000,scatter
46700,2,0.5060253339,0.0000000000,1.7500000000,-0.0132469852,exit_right
46800,1,0.0000000000,0.0000000000,0.2156133557,0.0000000000,absorb
46900,1,0.0000000000,0.0000000000,1.7500000000,0.0000000000,exit_right
47000,1,0.0000000000,0.0000000000,1.2666457060,0.0000000000,scatter
47000,2,1.2666457060,0.0000000000,0.0000000000,0.3838995709,exit_left
47100,1,0.0000000000,0.0000000000,0.2941052958,0.0000000000,scatter
47100,2,0.2941052958,0.0000000000,1.7500000000,-1.4985385701,exit_right
47200,1,0.0000000000,0.0000000000,1.5031665388,0.0000000000,absorb
47300,1,0.0000000000,0.0000000000,1.0963768623,0.0000000000,absorb
47400,1,0.0000000000,0.0000000000,1.7500000000,0.0000000000,exit_right
47500,1,0.0000000000,0.0000000000,1.7500000000,0.0000000000,exit_right
47600,1,0.0000000000,0.0000000000,1.7500000000,0.0000000000,exit_right
47700,1,0.0000000000,0.0000000000,1.2453047072,0.0000000000,scatter
47700,2,1.2453047072,0.0000000000,0.0000000000,-0.1142684827,exit_left
47800,1,0.0000000000,0.0000000000,1.1506437888,0.0000000000,scatter
47800,2,1.1506437888,0.0000000000,1.7500000000,-1.2825527399,exit_right
47900,1,0.0000000000,0.0000000000,1.7500000000,0.0000000000,exit_right
48000,1,0.0000000000,0.0000000000,1.0577079704,0.0000000000,absorb
48100,1,0.0000000000,0.0000000000,1.7500000000,0.0000000000,exit_right
48200,1,0.0000000000,0.0000000000,0.6082672218,0.0000000000,scatter
48200,2,0.6082672218,0.0000000000,0.0000000000,-0.9905724517,exit_left
48300,1,0.0000000000,0.0000000000,1.7500000000,0.0000000000,exit_right
48400,1,0.0000000000,0.0000000000,1.7500000000,0.0000000000,exit_right
48500,1,0.0000000000,0.0000000000,1.7500000000,0.0000000000,exit_right
48600,1,0.0000000000,0.0000000000,0.0479124407,0.0000000000,scatter
48600,2,0.0479124407,0.0000000000,1.0910637388,-0.2226145812,scatter
48600,3,1.0910637388,-0.2226145812,1.3269590881,0.0898176017,scatter
48600,4,1.3269590881,0.0898176017,1.7500000000,0.1088338971,exit_right
48700,1,0.0000000000,0.0000000000,1.7500000000,0.0000000000,exit_right
48800,1,0.0000000000,0.0000000000,0.0128998650,0.0000000000,scatter
48800,2,0.0128998650,0.0000000000,0.0000000000,-0.0275706696,exit_left
48900,1,0.0000000000,0.0000000000,1.1910246771,0.0000000000,scatter
48900,2,1.1910246771,0.0000000000,0.9701410975,-0.2886424998,scatter
48900,3,0.9701410975,-0.2886424998,1.2685217772,-0.3315828476,scatter
48900,4,1.2685217772,-0.3315828476,0.0000000000,1.1699700428,exit_left
49000,1,0.0000000000,0.0000000000,1.7500000000,0.0000000000,exit_right
49100,1,0.0000000000,0.0000000000,1.4840567082,0.0000000000,scatter
49100,2,1.4840567082,0.0000000000,1.2071510147,0.3677743072,absorb
49200,1,0.0000000000,0.0000000000,1.7500000000,0.0000000000,exit_right
49300,1,0.0000000000,0.0000000000,1.7500000000,0.0000000000,exit_right
49400,1,0.0000000000,0.0000000000,1.7500000000,0.0000000000,exit_right
49500,1,0.0000000000,0.0000000000,0.0613062309,0.0000000000,scatter
49500,2,0.0613062309,0.0000000000,0.0000000000,0.0165532523,exit_left
49600,1,0.0000000000,0.0000000000,1.7500000000,0.0000000000,exit_right
49700,1,0.0000000000,0.0000000000,0.6729854282,0.0000000000,absorb
49800,1,0.0000000000,0.0000000000,0.0567944264,0.0000000000,scatter
49800,2,0.0567944264,0.0000000000,0.0000000000,-0.0252501541,exit_left
49900,1,0.0000000000,0.0000000000,1.6506668979,0.0000000000,scatter
49900,2,1.6506668979,0.0000000000,0.7516847210,0.2613500651,absorb
50000,1,0.0000000000,0.0000000000,0.4760352343,0.0000000000,absorb
50100,1,0.0000000000,0.0000000000,0.4852134114,0.0000000000,absorb
50200,1,0.0000000000,0.0000000000,1.2936836283,0.0000000000,absorb
50300,1,0.0000000000,0.0000000000,0.5705067005,0.0000000000,scatter
50300,2,0.5705067005,0.0000000000,0.5418027849,-0.3201419643,scatter
50300,3,0.5418027849,-0.3201419643,0.6373535388,-0.2993553756,scatter
50300,4,0.6373535388,-0.2993553756,0.4905911039,0.3487011060,scatter
50300,5,0.4905911039,0.3487011060,0.0000000000,0.2258061103,exit_left
50400,1,0.0000000000,0.0000000000,1.7500000000,0.0000000000,exit_right
50500,1,0.0000000000,0.0000000000,0.7799540281,0.0000000000,scatter
50500,2,0.7799540281,0.0000000000,0.1005940513,1.3011256714,scatter
50500,3,0.1005940513,1.3011256714,0.0660878801,1.4434834877,scatter
50500,4,0.0660878801,1.4434834877,1.7500000000,2.8644599659,exit_right
50600,1,0.0000000000,0.0000000000,1.7500000000,0.0000000000,exit_right
50700,1,0.0000000000,0.0000000000,1.0441321005,0.0000000000,absorb
50800,1,0.0000000000,0.0000000000,1.0063432606,0.0000000000,absorb
50900,1,0.0000000000,0.0000000000,1.7500000000,0.0000000000,exit_right
51000,1,0.0000000000,0.0000000000,0.9541513284,0.0000000000,scatter
51000,2,0.9541513284,0.0000000000,1.7500000000,0.0734450697,exit_right
51100,1,0.0000000000,0.0000000000,1.7500000000,0.0000000000,exit_right
51200,1,0.0000000000,0.0000000000,1.7500000000,0.0000000000,exit_right
51300,1,0.0000000000,0.0000000000,1.7500000000,0.0000000000,exit_right
51400,1,0.0000000000,0.0000000000,1.7500000000,0.0000000000,exit_right
51500,1,0.0000000000,0.0000000000,1.0419484300,0.0000000000,scatter
51500,2,1.0419484300,0.0000000000,1.4614997872,0.7733910949,scatter
51500,3,1.4614997872,0.7733910949,1.3884248409,0.7560433731,scatter
51500,4,1.3884248409,0.7560433731,0.5723877548,2.4588226617,scatter
51500,5,0.5723877548,2.4588226617,1.5670960084,2.9217035545,scatter
51500,6,1.5670960084,2.9217035545,0.0000000000,2.5554913880,exit_left
51600,1,0.0000000000,0.0000000000,0.7258843298,0.0000000000,scatter
51600,2,0.7258843298,0.0000000000,0.2655926306,0.6893052533,scatter
51600,3,0.2655926306,0.6893052533,0.0000000000,1.2644934392,exit_left
51700,1,0.0000000000,0.0000000000,0.2654823094,0.0000000000,scatter
51700,2,0.2654823094,0.0000000000,0.1712619781,0.0809824638,scatter
51700,3,0.1712619781,0.0809824638,0.7461528824,1.6926288942,scatter
51700,4,0.7461528824,1.6926288942,0.0000000000,2.5228516297,exit_left
51800,1,0.0000000000,0.0000000000,1.7500000000,0.0000000000,exit_right
51900,1,0.0000000000,0.0000000000,0.9353187733,0.0000000000,scatter
51900,2,0.9353187733,0.0000000000,0.8952952942,0.3604297811,absorb
52000,1,0.0000000000,0.0000000000,0.9029486942,0.0000000000,scatter
52000,2,0.9029486942,0.0000000000,1.7500000000,1.0717513533,exit_right
52100,1,0.0000000000,0.0000000000,1.7500000000,0.0000000000,exit_right
52200,1,0.0000000000,0.0000000000,1.7500000000,0.0000000000,exit_right
52300,1,0.0000000000,0.0000000000,0.5175899998,0.0000000000,scatter
52300,2,0.5175899998,0.0000000000,1.7500000000,0.1010685411,exit_right
52400,1,0.0000000000,0.0000000000,0.3451799208,0.0000000000,absorb
52500,1,0.0000000000,0.0000000000,0.5073598985,0.0000000000,absorb
52600,1,0.0000000000,0.0000000000,1.7500000000,0.0000000000,exit_right
52700,1,0.0000000000,0.0000000000,1.7500000000,0.0000000000,exit_right
52800,1,0.0000000000,0.0000000000,1.7500000000,0.0000000000,exit_right
52900,1,0.0000000000,0.0000000000,1.7500000000,0.0000000000,exit_right
53000,1,0.0000000000,0.0000000000,1.7500000000,0.0000000000,exit_right
53100,1,0.0000000000,0.0000000000,0.2809478300,0.0000000000,scatter
53100,2,0.2809478300,0.0000000000,0.0000000000,-0.3950779544,exit_left
53200,1,0.0000000000,0.0000000000,0.1788181977,0.0000000000,absorb
53300,1,0.0000000000,0.0000000000,0.6074387744,0.0000000000,scatter
53300,2,0.6074387744,0.0000000000,0.0000000000,-0.2672262864,exit_left
53400,1,0.0000000000,0.0000000000,0.6487491783,0.0000000000,absorb
53500,1,0.0000000000,0.0000000000,1.7500000000,0.0000000000,exit_right
53600,1,0.0000000000,0.0000000000,1.1723040304,0.0000000000,absorb
53700,1,0.0000000000,0.0000000000,0.2181013990,0.0000000000,absorb
53800,1,0.0000000000,0.0000000000,1.7500000000,0.0000000000,exit_right
53900,1,0.0000000000,0.0000000000,1.7500000000,0.0000000000,exit_right
54000,1,0.0000000000,0.0000000000,1.7500000000,0.0000000000,exit_right
54100,1,0.0000000000,0.0000000000,1.7309889938,0.0000000000,absorb
54200,1,0.0000000000,0.0000000000,1.7500000000,0.0000000000,exit_right
54300,1,0.0000000000,0.0000000000,1.7500000000,0.0000000000,exit_right
54400,1,0.0000000000,0.0000000000,1.7500000000,0.0000000000,exit_right
54500,1,0.0000000000,0.0000000000,0.6606821703,0.0000000000,absorb
54600,1,0.0000000000,0.0000000000,1.7500000000,0.0000000000,exit_right
54700,1,0.0000000000,0.0000000000,1.7500000000,0.0000000000,exit_right
54800,1,0.0000000000,0.0000000000,1.0099021669,0.0000000000,scatter
54800,2,1.0099021669,0.0000000000,1.7500000000,2.2756917143,exit_right
54900,1,0.0000000000,0.0000000000,1.7500000000,0.0000000000,exit_right
55000,1,0.0000000000,0.0000000000,0.1259574865,0.0000000000,scatter
55000,2,0.1259574865,0.0000000000,1.7500000000,0.8387841007,exit_right
55100,1,0.0000000000,0.0000000000,0.0860500744,0.0000000000,absorb
55200,1,0.0000000000,0.0000000000,1.7500000000,0.0000000000,exit_right
55300,1,0.0000000000,0.0000000000,0.8964319075,0.0000000000,scatter
55300,2,0.8964319075,0.0000000000,0.5527763756,0.6169183021,scatter
55300,3,0.5527763756,0.6169183021,0.0000000000,0.9426696698,exit_left
55400,1,0.0000000000,0.0000000000,0.3239401439,0.0000000000,scatter
55400,2,0.3239401439,0.0000000000,0.0000000000,-2.4938168455,exit_left
55500,1,0.0000000000,0.0000000000,0.5181741724,0.0000000000,scatter
55500,2,0.5181741724,0.0000000000,0.1599571910,0.6726550690,scatter
55500,3,0.1599571910,0.6726550690,0.6810960859,0.0064938034,scatter
55500,4,0.6810960859,0.0064938034,0.5916652584,-0.3417448455,scatter
55500,5,0.5916652584,-0.3417448455,0.7897699338,0.3031496030,absorb
55600,1,0.0000000000,0.0000000000,0.1858384161,0.0000000000,scatter
55600,2,0.1858384161,0.0000000000,0.0000000000,-0.1833173555,exit_left
55700,1,0.0000000000,0.0000000000,1.5669284565,0.0000000000,scatter
55700,2,1.5669284565,0.0000000000,1.7500000000,-0.2908554510,exit_right
55800,1,0.0000000000,0.0000000000,1.7500000000,0.0000000000,exit_right
55900,1,0.0000000000,0.0000000000,1.7500000000,0.0000000000,exit_right
56000,1,0.0000000000,0.0000000000,1.3110616318,0.0000000000,scatter
56000,2,1.3110616318,0.0000000000,0.8668477912,0.8703394317,scatter
56000,3,0.8668477912,0.8703394317,0.0000000000,-0.6902733748,exit_left
56100,1,0.0000000000,0.0000000000,0.6856469027,0.0000000000,absorb
56200,1,0.0000000000,0.0000000000,0.9184659259,0.0000000000,scatter
56200,2,0.9184659259,0.0000000000,1.3310748558,0.6803083885,scatter
56200,3,1.3310748558,0.6803083885,1.7500000000,0.8955259838,exit_right
56300,1,0.0000000000,0.0000000000,1.3180972827,0.0000000000,scatter
56300,2,1.3180972827,0.0000000000,0.8392956175,0.0542654453,scatter
56300,3,0.8392956175,0.0542654453,1.7500000000,-0.1473340690,exit_right
56400,1,0.0000000000,0.0000000000,1.7500000000,0.0000000000,exit_right
56500,1,0.0000000000,0.0000000000,1.4535356512,0.0000000000,scatter
56500,2,1.4535356512,0.0000000000,1.7500000000,-0.1045092209,exit_right
56600,1,0.0000000000,0.0000000000,1.7500000000,0.0000000000,exit_right
56700,1,0.0000000000,0.0000000000,1.7500000000,0.0000000000,exit_right
56800,1,0.0000000000,0.0000000000,0.0074175625,0.0000000000,scatter
56800,2,0.0074175625,0.0000000000,0.0000000000,-0.0008949613,exit_left
56900,1,0.0000000000,0.0000000000,1.7500000000,0.0000000000,exit_right
57000,1,0.0000000000,0.0000000000,0.3163756333,0.0000000000,scatter
57000,2,0.3163756333,0.0000000000,1.7500000000,-2.2765821917,exit_right
57100,1,0.0000000000,0.0000000000,1.4819964372,0.0000000000,scatter
57100,2,1.4819964372,0.0000000000,1.7500000000,0.1328564066,exit_right
57200,1,0.0000000000,0.0000000000,1.7500000000,0.0000000000,exit_right
57300,1,0.0000000000,0.0000000000,0.4866888063,0.0000000000,scatter
57300,2,0.4866888063,0.0000000000,0.0000000000,-0.3189641510,exit_left
57400,1,0.0000000000,0.0000000000,0.7384906093,0.0000000000,scatter
57400,2,0.7384906093,0.0000000000,0.7723834299,0.0081495831,absorb
57500,1,0.0000000000,0.0000000000,1.7500000000,0.0000000000,exit_right
57600,1,0.0000000000,0.0000000000,1.7500000000,0.0000000000,exit_right
57700,1,0.0000000000,0.0000000000,0.2542752494,0.0000000000,scatter
57700,2,0.2542752494,0.0000000000,1.7500000000,0.1135623604,exit_right
57800,1,0.0000000000,0.0000000000,1.7500000000,0.0000000000,exit_right
57900,1,0.0000000000,0.0000000000,0.8167525530,0.0000000000,scatter
57900,2,0.8167525530,0.0000000000,0.0000000000,-0.1766434447,exit_left
58000,1,0.0000000000,0.0000000000,0.9551182281,0.0000000000,absorb
58100,1,0.0000000000,0.0000000000,1.7500000000,0.0000000000,exit_right
58200,1,0.0000000000,0.0000000000,1.7500000000,0.0000000000,exit_right
58300,1,0.0000000000,0.0000000000,0.8886847524,0.0000000000,scatter
58300,2,0.8886847524,0.0000000000,1.7500000000,-0.8142649804,exit_right
58400,1,0.0000000000,0.0000000000,0.6411326574,0.0000000000,scatter
58400,2,0.6411326574,0.0000000000,1.5780340600,-0.7509119931,scatter
58400,3,1.5780340600,-0.7509119931,0.0000000000,-0.5806178648,exit_left
58500,1,0.0000000000,0.0000000000,1.4987283648,0.0000000000,scatter
58500,2,1.4987283648,0.0000000000,1.2542526617,4.6907435207,scatter
58500,3,1.2542526617,4.6907435207,1.3311270057,3.3856636185,scatter
58500,4,1.3311270057,3.3856636185,1.7500000000,2.3389807298,exit_right
58600,1,0.0000000000,0.0000000000,1.6744445012,0.0000000000,absorb
58700,1,0.0000000000,0.0000000000,1.7500000000,0.0000000000,exit_right
58800,1,0.0000000000,0.0000000000,1.7500000000,0.0000000000,exit_right
58900,1,0.0000000000,0.0000000000,0.4029514923,0.0000000000,scatter
58900,2,0.4029514923,0.0000000000,0.0000000000,0.3154317943,exit_left
59000,1,0.0000000000,0.0000000000,1.7500000000,0.0000000000,exit_right
59100,1,0.0000000000,0.0000000000,0.3233301436,0.0000000000,scatter
59100,2,0.3233301436,0.0000000000,0.0750750671,-0.1147960167,absorb
59200,1,0.0000000000,0.0000000000,0.0016637471,0.0000000000,scatter
59200,2,0.0016637471,0.0000000000,1.1321716828,-1.1652625086,scatter
59200,3,1.1321716828,-1.1652625086,1.7500000000,-0.9471339858,exit_right
59300,1,0.0000000000,0.0000000000,1.0368200730,0.0000000000,scatter
59300,2,1.0368200730,0.0000000000,0.0000000000,2.4101647663,exit_left
59400,1,0.0000000000,0.0000000000,1.7500000000,0.0000000000,exit_right
59500,1,0.0000000000,0.0000000000,1.7500000000,0.0000000000,exit_right
59600,1,0.0000000000,0.0000000000,0.4741578930,0.0000000000,scatter
59600,2,0.4741578930,0.0000000000,1.7500000000,0.5965794844,exit_right
59700,1,0.0000000000,0.0000000000,1.1546962734,0.0000000000,absorb
59800,1,0.0000000000,0.0000000000,1.7500000000,0.0000000000,exit_right
59900,1,0.0000000000,0.0000000000,1.7500000000,0.0000000000,exit_right
60000,1,0.0000000000,0.0000000000,0.0599389098,0.0000000000,scatter
60000,2,0.0599389098,0.0000000000,0.0000000000,0.0701798001,exit_left
60100,1,0.0000000000,0.0000000000,1.7500000000,0.0000000000,exit_right
60200,1,0.0000000000,0.0000000000,1.7500000000,0.0000000000,exit_right
60300,1,0.0000000000,0.0000000000,0.9149617156,0.0000000000,scatter
60300,2,0.9149617156,0.0000000000,0.5096167056,0.1240912788,scatter
60300,3,0.5096167056,0.1240912788,0.0000000000,-0.0937473787,exit_left
60400,1,0.0000000000,0.0000000000,0.2241096171,0.0000000000,scatter
60400,2,0.2241096171,0.0000000000,0.4217244061,-0.0269504662,scatter
60400,3,0.4217244061,-0.0269504662,0.0000000000,1.0144652556,exit_left
60500,1,0.0000000000,0.0000000000,1.7500000000,0.0000000000,exit_right
60600,1,0.0000000000,0.0000000000,1.7500000000,0.0000000000,exit_right
60700,1,0.0000000000,0.0000000000,0.0440276042,0.0000000000,scatter
60700,2,0.0440276042,0.0000000000,1.7500000000,1.1128926208,exit_right
60800,1,0.0000000000,0.0000000000,1.7500000000,0.0000000000,exit_right
60900,1,0.0000000000,0.0000000000,1.4551028227,0.0000000000,absorb
61000,1,0.0000000000,0.0000000000,1.7500000000,0.0000000000,exit_right
61100,1,0.0000000000,0.0000000000,1.2686421790,0.0000000000,scatter
61100,2,1.2686421790,0.0000000000,0.0000000000,1.0369597639,exit_left
61200,1,0.0000000000,0.0000000000,0.2131477821,0.0000000000,scatter
61200,2,0.2131477821,0.0000000000,0.7364394671,0.7039790463,scatter
61200,3,0.7364394671,0.7039790463,0.0000000000,1.1248842148,exit_left
61300,1,0.0000000000,0.0000000000,1.7500000000,0.0000000000,exit_right
61400,1,0.0000000000,0.0000000000,1.3636002399,0.0000000000,absorb
61500,1,0.0000000000,0.0000000000,0.9862580867,0.0000000000,scatter
61500,2,0.9862580867,0.0000000000,1.0629834059,0.4618701157,absorb
61600,1,0.0000000000,0.0000000000,1.7500000000,0.0000000000,exit_right
61700,1,0.0000000000,0.0000000000,0.1872529137,0.0000000000,scatter
61700,2,0.1872529137,0.0000000000,0.0000000000,0.1512109511,exit_left
61800,1,0.0000000000,0.0000000000,1.7500000000,0.0000000000,exit_right
61900,1,0.0000000000,0.0000000000,0.5151265075,0.0000000000,absorb
62000,1,0.0000000000,0.0000000000,1.7500000000,0.0000000000,exit_right
62100,1,0.0000000000,0.0000000000,0.3335640672,0.0000000000,scatter
62100,2,0.3335640672,0.0000000000,0.0000000000,0.2177657627,exit_left
62200,1,0.0000000000,0.0000000000,0.0687160920,0.0000000000,absorb
62300,1,0.0000000000,0.0000000000,1.7500000000,0.0000000000,exit_right
62400,1,0.0000000000,0.0000000000,0.8884418534,0.0000000000,scatter
62400,2,0.8884418534,0.0000000000,0.8594476866,1.8234036442,absorb
62500,1,0.0000000000,0.0000000000,0.5759952565,0.0000000000,scatter
62500,2,0.5759952565,0.0000000000,0.3470126650,-0.5769990599,scatter
62500,3,0.3470126650,-0.5769990599,0.1365714450,-0.2046709942,scatter
62500,4,0.1365714450,-0.2046709942,1.3118318560,-1.2603056648,absorb
62600,1,0.0000000000,0.0000000000,1.0521010759,0.0000000000,scatter
62600,2,1.0521010759,0.0000000000,1.7500000000,-0.6512516487,exit_right
62700,1,0.0000000000,0.0000000000,1.7500000000,0.0000000000,exit_right
62800,1,0.0000000000,0.0000000000,1.1503416603,0.0000000000,scatter
62800,2,1.1503416603,0.0000000000,0.5246411032,-0.5638244008,absorb
62900,1,0.0000000000,0.0000000000,1.7500000000,0.0000000000,exit_right
63000,1,0.0000000000,0.0000000000,0.6174865227,0.0000000000,scatter
63000,2,0.6174865227,0.0000000000,0.5012155361,0.3257735602,scatter
63000,3,0.5012155361,0.3257735602,0.4259956808,0.3739689288,scatter
63000,4,0.4259956808,0.3739689288,1.7500000000,0.1127332210,exit_right
63100,1,0.0000000000,0.0000000000,1.7500000000,0.0000000000,exit_right
63200,1,0.0000000000,0.0000000000,0.1993408292,0.0000000000,scatter
63200,2,0.1993408292,0.0000000000,0.0000000000,0.3551446832,exit_left
63300,1,0.0000000000,0.0000000000,1.1712649181,0.0000000000,scatter
63300,2,1.1712649181,0.0000000000,0.0000000000,0.6185203545,exit_left
63400,1,0.0000000000,0.0000000000,1.7500000000,0.0000000000,exit_right
63500,1,0.0000000000,0.0000000000,0.7638334724,0.0000000000,scatter
63500,2,0.7638334724,0.0000000000,0.0000000000,0.0721669784,exit_left
63600,1,0.0000000000,0.0000000000,1.7500000000,0.0000000000,exit_right
63700,1,0.0000000000,0.0000000000,0.8195520783,0.0000000000,absorb
63800,1,0.0000000000,0.0000000000,0.5644525710,0.0000000000,scatter
63800,2,0.5644525710,0.0000000000,0.2298922010,1.1662300063,absorb
63900,1,0.0000000000,0.0000000000,1.7500000000,0.0000000000,exit_right
64000,1,0.0000000000,0.0000000000,0.5724109715,0.0000000000,scatter
64000,2,0.5724109715,0.0000000000,1.7500000000,-0.5288497878,exit_right
64100,1,0.0000000000,0.0000000000,1.7500000000,0.0000000000,exit_right
64200,1,0.0000000000,0.0000000000,1.7500000000,0.0000000000,exit_right
64300,1,0.0000000000,0.0000000000,1.7500000000,0.0000000000,exit_right
64400,1,0.0000000000,0.0000000000,1.7500000000,0.0000000000,exit_right
64500,1,0.0000000000,0.0000000000,0.3329426427,0.0000000000,absorb
64600,1,0.0000000000,0.0000000000,0.5539941457,0.0000000000,scatter
64600,2,0.5539941457,0.0000000000,0.0000000000,-0.3228358021,exit_left
64700,1,0.0000000000,0.0000000000,1.7500000000,0.0000000000,exit_right
64800,1,0.0000000000,0.0000000000,1.7500000000,0.0000000000,exit_right
64900,1,0.0000000000,0.0000000000,1.7500000000,0.0000000000,exit_right
65000,1,0.0000000000,0.0000000000,1.7500000000,0.0000000000,exit_right
65100,1,0.0000000000,0.0000000000,1.7500000000,0.0000000000,exit_right
65200,1,0.0000000000,0.0000000000,0.5489881193,0.0000000000,scatter
65200,2,0.5489881193,0.0000000000,0.5110900343,-0.0028171175,scatter
65200,3,0.5110900343,-0.0028171175,0.0000000000,2.2003682556,exit_left
65300,1,0.0000000000,0.0000000000,0.0182298140,0.0000000000,scatter
65300,2,0.0182298140,0.0000000000,0.5559758495,1.1016920809,scatter
65300,3,0.5559758495,1.1016920809,1.7500000000,0.7697556710,exit_right
65400,1,0.0000000000,0.0000000000,0.0804681462,0.0000000000,scatter
65400,2,0.0804681462,0.0000000000,1.3917836156,-0.2273339762,scatter
65400,3,1.3917836156,-0.2273339762,1.7500000000,-0.4947445634,exit_right
65500,1,0.0000000000,0.0000000000,1.7500000000,0.0000000000,exit_right
65600,1,0.0000000000,0.0000000000,0.6377376522,0.0000000000,scatter
65600,2,0.6377376522,0.0000000000,0.8220269498,0.2178777321,scatter
65600,3,0.8220269498,0.2178777321,0.5778995833,0.1923649122,absorb
65700,1,0.0000000000,0.0000000000,1.6671203513,0.0000000000,scatter
65700,2,1.6671203513,0.0000000000,0.0000000000,0.8286355868,exit_left
65800,1,0.0000000000,0.0000000000,1.3685201911,0.0000000000,scatter
65800,2,1.3685201911,0.0000000000,1.7500000000,-0.2024965839,exit_right
65900,1,0.0000000000,0.0000000000,1.7500000000,0.0000000000,exit_right
66000,1,0.0000000000,0.0000000000,0.0150829325,0.0000000000,scatter
66000,2,0.0150829325,0.0000000000,0.0000000000,-0.0132953357,exit_left
66100,1,0.0000000000,0.0000000000,1.7500000000,0.0000000000,exit_right
66200,1,0.0000000000,0.0000000000,0.1788164938,0.0000000000,scatter
66200,2,0.1788164938,0.0000000000,1.7500000000,1.5432621298,exit_right
66300,1,0.0000000000,0.0000000000,0.3104947730,0.0000000000,scatter
66300,2,0.3104947730,0.0000000000,0.1215660722,-0.1222317137,scatter
66300,3,0.1215660722,-0.1222317137,0.2566304855,-0.1255958633,scatter
66300,4,0.2566304855,-0.1255958633,1.7500000000,-0.5770645554,exit_right
66400,1,0.0000000000,0.0000000000,0.8623894058,0.0000000000,scatter
66400,2,0.8623894058,0.0000000000,0.7293599577,0.6111143645,absorb
66500,1,0.0000000000,0.0000000000,1.7500000000,0.0000000000,exit_right
66600,1,0.0000000000,0.0000000000,0.7089870791,0.0000000000,scatter
66600,2,0.7089870791,0.0000000000,0.3795160886,0.3275498282,scatter
66600,3,0.3795160886,0.3275498282,0.3633585402,0.2901012587,scatter
66600,4,0.3633585402,0.2901012587,0.4571023377,0.7082070649,scatter
66600,5,0.4571023377,0.7082070649,1.6875422625,1.1017628858,scatter
66600,6,1.6875422625,1.1017628858,0.4609133670,0.9503152138,scatter
66600,7,0.4609133670,0.9503152138,0.1492513492,1.0279613022,scatter
66600,8,0.1492513492,1.0279613022,0.7493627310,1.1433836254,scatter
66600,9,0.7493627310,1.1433836254,0.3004626036,1.3913019845,scatter
66600,10,0.3004626036,1.3913019845,0.2310759717,0.6639270083,scatter
66600,11,0.2310759717,0.6639270083,1.7500000000,2.2243851606,exit_right
66700,1,0.0000000000,0.0000000000,0.4767721462,0.0000000000,absorb
66800,1,0.0000000000,0.0000000000,1.7500000000,0.0000000000,exit_right
66900,1,0.0000000000,0.0000000000,0.7833217831,0.0000000000,absorb
67000,1,0.0000000000,0.0000000000,1.7500000000,0.0000000000,exit_right
67100,1,0.0000000000,0.0000000000,1.7500000000,0.0000000000,exit_right
67200,1,0.0000000000,0.0000000000,1.4339124663,0.0000000000,scatter
67200,2,1.4339124663,0.0000000000,1.7500000000,-0.1537209840,exit_right
67300,1,0.0000000000,0.0000000000,1.7500000000,0.0000000000,exit_right
67400,1,0.0000000000,0.0000000000,1.7500000000,0.0000000000,exit_right
67500,1,0.0000000000,0.0000000000,1.7500000000,0.0000000000,exit_right
67600,1,0.0000000000,0.0000000000,0.2100695316,0.0000000000,scatter
67600,2,0.2100695316,0.0000000000,0.0000000000,-0.0937890747,exit_left
67700,1,0.0000000000,0.0000000000,1.7500000000,0.0000000000,exit_right
67800,1,0.0000000000,0.0000000000,0.1565365888,0.0000000000,scatter
67800,2,0.1565365888,0.0000000000,0.0000000000,-0.0863250367,exit_left
67900,1,0.0000000000,0.0000000000,0.9972263083,0.0000000000,scatter
67900,2,0.9972263083,0.0000000000,1.3219496683,-1.5707441426,scatter
67900,3,1.3219496683,-1.5707441426,1.7500000000,-0.3574057067,exit_right
68000,1,0.0000000000,0.0000000000,1.7500000000,0.0000000000,exit_right
68100,1,0.0000000000,0.0000000000,0.0113743996,0.0000000000,scatter
68100,2,0.0113743996,0.0000000000,0.9037684670,0.7717078154,scatter
68100,3,0.9037684670,0.7717078154,0.1814825185,0.0450806083,scatter
68100,4,0.1814825185,0.0450806083,0.6053854925,-0.6277871362,scatter
68100,5,0.6053854925,-0.6277871362,0.0000000000,-0.6538354065,exit_left
68200,1,0.0000000000,0.0000000000,1.7500000000,0.0000000000,exit_right
68300,1,0.0000000000,0.0000000000,1.7500000000,0.0000000000,exit_right
68400,1,0.0000000000,0.0000000000,1.7500000000,0.0000000000,exit_right
68500,1,0.0000000000,0.0000000000,0.8902060042,0.0000000000,scatter
68500,2,0.8902060042,0.0000000000,1.0046635946,-2.5945088201,scatter
68500,3,1.0046635946,-2.5945088201,0.0000000000,-1.1547753915,exit_left
68600,1,0.0000000000,0.0000000000,1.7500000000,0.0000000000,exit_right
68700,1,0.0000000000,0.0000000000,1.3691830630,0.0000000000,scatter
68700,2,1.3691830630,0.0000000000,0.0000000000,0.2135271903,exit_left
68800,1,0.0000000000,0.0000000000,1.7500000000,0.0000000000,exit_right
68900,1,0.0000000000,0.0000000000,1.7500000000,0.0000000000,exit_right
69000,1,0.0000000000,0.0000000000,1.2193282615,0.0000000000,scatter
69000,2,1.2193282615,0.0000000000,0.2795064233,5.8581564822,absorb
69100,1,0.0000000000,0.0000000000,1.7500000000,0.0000000000,exit_right
69200,1,0.0000000000,0.0000000000,1.6380811346,0.0000000000,scatter
69200,2,1.6380811346,0.0000000000,1.7500000000,0.0549009513,exit_right
69300,1,0.0000000000,0.0000000000,0.2676081346,0.0000000000,scatter
69300,2,0.2676081346,0.0000000000,0.0000000000,-0.1777301232,exit_left
69400,1,0.0000000000,0.0000000000,1.7500000000,0.0000000000,exit_right
69500,1,0.0000000000,0.0000000000,0.2019553308,0.0000000000,scatter
69500,2,0.2019553308,0.0000000000,0.0524410722,0.0135109460,scatter
69500,3,0.0524410722,0.0135109460,0.0000000000,-0.0006522061,exit_left
69600,1,0.0000000000,0.0000000000,0.1748478328,0.0000000000,scatter
69600,2,0.1748478328,0.0000000000,0.0000000000,-0.1689100184,exit_left
69700,1,0.0000000000,0.0000000000,0.0773212949,0.0000000000,absorb
69800,1,0.0000000000,0.0000000000,0.7581077890,0.0000000000,scatter
69800,2,0.7581077890,0.0000000000,0.0000000000,-0.3003622304,exit_left
69900,1,0.0000000000,0.0000000000,1.3486591197,0.0000000000,scatter
69900,2,1.3486591197,0.0000000000,1.1728692570,0.6444723435,scatter
69900,3,1.1728692570,0.6444723435,1.3204068869,-1.1248309822,scatter
69900,4,1.3204068869,-1.1248309822,1.1547825071,-1.3668801639,scatter
69900,5,1.1547825071,-1.3668801639,1.7500000000,-1.1970309739,exit_right
70000,1,0.0000000000,0.0000000000,1.7500000000,0.0000000000,exit_right
70100,1,0.0000000000,0.0000000000,1.7500000000,0.0000000000,exit_right
70200,1,0.0000000000,0.0000000000,1.7500000000,0.0000000000,exit_right
70300,1,0.0000000000,0.0000000000,1.7500000000,0.0000000000,exit_right
70400,1,0.0000000000,0.0000000000,0.2582664835,0.0000000000,absorb
70500,1,0.0000000000,0.0000000000,0.2041672888,0.0000000000,scatter
70500,2,0.2041672888,0.0000000000,1.7500000000,-1.5594190919,exit_right
70600,1,0.0000000000,0.0000000000,1.7500000000,0.0000000000,exit_right
70700,1,0.0000000000,0.0000000000,0.3373879015,0.0000000000,scatter
70700,2,0.3373879015,0.0000000000,0.0000000000,0.3598350357,exit_left
70800,1,0.0000000000,0.0000000000,1.7500000000,0.0000000000,exit_right
70900,1,0.0000000000,0.0000000000,0.0143392303,0.0000000000,absorb
71000,1,0.0000000000,0.0000000000,1.4598962740,0.0000000000,absorb
71100,1,0.0000000000,0.0000000000,0.7896084597,0.0000000000,absorb
71200,1,0.0000000000,0.0000000000,1.7500000000,0.0000000000,exit_right
71300,1,0.0000000000,0.0000000000,1.7500000000,0.0000000000,exit_right
71400,1,0.0000000000,0.0000000000,1.7500000000,0.0000000000,exit_right
71500,1,0.0000000000,0.0000000000,1.7500000000,0.0000000000,exit_right
71600,1,0.0000000000,0.0000000000,1.2254466840,0.0000000000,scatter
71600,2,1.2254466840,0.0000000000,0.6235073397,-4.2137043865,absorb
71700,1,0.0000000000,0.0000000000,0.3791088672,0.0000000000,scatter
71700,2,0.3791088672,0.0000000000,0.0000000000,-0.5936603384,exit_left
71800,1,0.0000000000,0.0000000000,0.9071349014,0.0000000000,absorb
71900,1,0.0000000000,0.0000000000,0.2558865464,0.0000000000,absorb
72000,1,0.0000000000,0.0000000000,1.7500000000,0.0000000000,exit_right
72100,1,0.0000000000,0.0000000000,1.7500000000,0.0000000000,exit_right
72200,1,0.0000000000,0.0000000000,1.7500000000,0.0000000000,exit_right
72300,1,0.0000000000,0.0000000000,1.7500000000,0.0000000000,exit_right
72400,1,0.0000000000,0.0000000000,1.7500000000,0.0000000000,exit_right
72500,1,0.0000000000,0.0000000000,1.7500000000,0.0000000000,exit_right
72600,1,0.0000000000,0.0000000000,1.7500000000,0.0000000000,exit_right
72700,1,0.0000000000,0.0000000000,1.7500000000,0.0000000000,exit_right
72800,1,0.0000000000,0.0000000000,0.5699958986,0.0000000000,scatter
72800,2,0.5699958986,0.0000000000,1.1116906533,0.0235007049,absorb
72900,1,0.0000000000,0.0000000000,1.7500000000,0.0000000000,exit_right
73000,1,0.0000000000,0.0000000000,1.7500000000,0.0000000000,exit_right
73100,1,0.0000000000,0.0000000000,1.7500000000,0.0000000000,exit_right
73200,1,0.0000000000,0.0000000000,1.5015487231,0.0000000000,scatter
73200,2,1.5015487231,0.0000000000,0.0000000000,-0.4378437722,exit_left
73300,1,0.0000000000,0.0000000000,1.4925712129,0.0000000000,scatter
73300,2,1.4925712129,0.0000000000,0.0000000000,-0.2532982648,exit_left
73400,1,0.0000000000,0.0000000000,1.7500000000,0.0000000000,exit_right
73500,1,0.0000000000,0.0000000000,0.9168891453,0.0000000000,scatter
73500,2,0.9168891453,0.0000000000,1.7500000000,0.2245272775,exit_right
73600,1,0.0000000000,0.0000000000,1.7500000000,0.0000000000,exit_right
73700,1,0.0000000000,0.0000000000,1.7500000000,0.0000000000,exit_right
73800,1,0.0000000000,0.0000000000,1.7009703879,0.0000000000,scatter
73800,2,1.7009703879,0.0000000000,1.5945792393,0.1543195202,scatter
73800,3,1.5945792393,0.1543195202,1.7201075809,0.3806495195,absorb
73900,1,0.0000000000,0.0000000000,1.6457184033,0.0000000000,scatter
73900,2,1.6457184033,0.0000000000,1.4719768800,-0.8036636769,scatter
73900,3,1.4719768800,-0.8036636769,0.0000000000,-1.2726625655,exit_left
74000,1,0.0000000000,0.0000000000,1.7500000000,0.0000000000,exit_right
74100,1,0.0000000000,0.0000000000,1.6361225061,0.0000000000,scatter
74100,2,1.6361225061,0.0000000000,0.0000000000,1.0109129209,exit_left
74200,1,0.0000000000,0.0000000000,0.7308874318,0.0000000000,scatter
74200,2,0.7308874318,0.0000000000,0.0000000000,1.2374103458,exit_left
74300,1,0.0000000000,0.0000000000,1.7500000000,0.0000000000,exit_right
74400,1,0.0000000000,0.0000000000,1.7500000000,0.0000000000,exit_right
74500,1,0.0000000000,0.0000000000,1.6591235857,0.0000000000,scatter
74500,2,1.6591235857,0.0000000000,0.8121926586,1.1523863756,absorb
74600,1,0.0000000000,0.0000000000,1.6937582885,0.0000000000,scatter
74600,2,1.6937582885,0.0000000000,0.4199489769,0.0338518655,scatter
74600,3,0.4199489769,0.0338518655,0.5664326217,-0.1696065557,scatter
74600,4,0.5664326217,-0.1696065557,0.0000000000,-0.2470438631,exit_left
74700,1,0.0000000000,0.0000000000,1.3340192630,0.0000000000,scatter
74700,2,1.3340192630,0.0000000000,0.0000000000,-0.1949277914,exit_left
74800,1,0.0000000000,0.0000000000,1.7500000000,0.0000000000,exit_right
74900,1,0.0000000000,0.0000000000,1.7500000000,0.0000000000,exit_right
75000,1,0.0000000000,0.0000000000,0.7164897796,0.0000000000,absorb
75100,1,0.0000000000,0.0000000000,0.6927052788,0.0000000000,absorb
75200,1,0.0000000000,0.0000000000,1.7500000000,0.0000000000,exit_right
75300,1,0.0000000000,0.0000000000,0.7035586610,0.0000000000,scatter
75300,2,0.7035586610,0.0000000000,0.7223262203,-0.0192935718,scatter
75300,3,0.7223262203,-0.0192935718,0.0000000000,0.0243377841,exit_left
75400,1,0.0000000000,0.0000000000,1.4347152700,0.0000000000,scatter
75400,2,1.4347152700,0.0000000000,1.7500000000,-0.4092702890,exit_right
75500,1,0.0000000000,0.0000000000,0.6794614272,0.0000000000,absorb
75600,1,0.0000000000,0.0000000000,0.2802123529,0.0000000000,absorb
75700,1,0.0000000000,0.0000000000,1.7056573318,0.0000000000,scatter
75700,2,1.7056573318,0.0000000000,0.3005816175,0.9116745287,scatter
75700,3,0.3005816175,0.9116745287,1.7500000000,2.0353719143,exit_right
75800,1,0.0000000000,0.0000000000,1.7500000000,0.0000000000,exit_right
75900,1,0.0000000000,0.0000000000,1.7500000000,0.0000000000,exit_right
76000,1,0.0000000000,0.0000000000,1.7500000000,0.0000000000,exit_right
76100,1,0.0000000000,0.0000000000,1.7500000000,0.0000000000,exit_right
76200,1,0.0000000000,0.0000000000,1.3594943336,0.0000000000,scatter
76200,2,1.3594943336,0.0000000000,1.1893102786,-0.0195530374,scatter
76200,3,1.1893102786,-0.0195530374,0.4964944599,0.6149046129,scatter
76200,4,0.4964944599,0.6149046129,0.9598251359,0.4470109642,scatter
76200,5,0.9598251359,0.4470109642,0.6470739822,2.1996648899,scatter
76200,6,0.6470739822,2.1996648899,1.1582447992,0.2993335019,scatter
76200,7,1.1582447992,0.2993335019,1.0924317575,0.3127423835,scatter
76200,8,1.0924317575,0.3127423835,1.7500000000,0.6041981292,exit_right
76300,1,0.0000000000,0.0000000000,1.7500000000,0.0000000000,exit_right
76400,1,0.0000000000,0.0000000000,0.1862288930,0.0000000000,scatter
76400,2,0.1862288930,0.0000000000,0.2353551232,0.0437594143,scatter
76400,3,0.2353551232,0.0437594143,1.7500000000,4.5510558548,exit_right
76500,1,0.0000000000,0.0000000000,1.7500000000,0.0000000000,exit_right
76600,1,0.0000000000,0.0000000000,0.3171624965,0.0000000000,absorb
76700,1,0.0000000000,0.0000000000,1.7500000000,0.0000000000,exit_right
76800,1,0.0000000000,0.0000000000,1.7500000000,0.0000000000,exit_right
76900,1,0.0000000000,0.0000000000,1.7500000000,0.0000000000,exit_right
77000,1,0.0000000000,0.0000000000,1.7409799342,0.0000000000,scatter
77000,2,1.7409799342,0.0000000000,1.4114532360,0.7025493662,scatter
77000,3,1.4114532360,0.7025493662,1.3527181707,0.3525023632,scatter
77000,4,1.3527181707,0.3525023632,1.3053543605,0.1719538191,scatter
77000,5,1.3053543605,0.1719538191,0.0000000000,3.4532319482,exit_left
77100,1,0.0000000000,0.0000000000,1.7500000000,0.0000000000,exit_right
77200,1,0.0000000000,0.0000000000,1.6320142983,0.0000000000,absorb
77300,1,0.0000000000,0.0000000000,1.7500000000,0.0000000000,exit_right
77400,1,0.0000000000,0.0000000000,1.7500000000,0.0000000000,exit_right
77500,1,0.0000000000,0.0000000000,1.7500000000,0.0000000000,exit_right
77600,1,0.0000000000,0.0000000000,0.0380840515,0.0000000000,scatter
77600,2,0.0380840515,0.0000000000,0.0000000000,0.0367685952,exit_left
77700,1,0.0000000000,0.0000000000,0.2266240030,0.0000000000,scatter
77700,2,0.2266240030,0.0000000000,1.7500000000,2.5338628235,exit_right
77800,1,0.0000000000,0.0000000000,0.0819400474,0.0000000000,scatter
77800,2,0.0819400474,0.0000000000,0.0000000000,0.0114544542,exit_left
77900,1,0.0000000000,0.0000000000,1.5823076813,0.0000000000,scatter
77900,2,1.5823076813,0.0000000000,1.7500000000,0.4613207917,exit_right
78000,1,0.0000000000,0.0000000000,1.7500000000,0.0000000000,exit_right
78100,1,0.0000000000,0.0000000000,0.5522899518,0.0000000000,absorb
78200,1,0.0000000000,0.0000000000,1.7500000000,0.0000000000,exit_right
78300,1,0.0000000000,0.0000000000,1.7259225135,0.0000000000,scatter
78300,2,1.7259225135,0.0000000000,1.2846875167,0.9634920468,absorb
78400,1,0.0000000000,0.0000000000,0.6383421859,0.0000000000,scatter
78400,2,0.6383421859,0.0000000000,0.0000000000,0.3376235222,exit_left
78500,1,0.0000000000,0.0000000000,0.0041844509,0.0000000000,scatter
78500,2,0.0041844509,0.0000000000,0.0000000000,0.0024205274,exit_left
78600,1,0.0000000000,0.0000000000,1.7500000000,0.0000000000,exit_right
78700,1,0.0000000000,0.0000000000,1.7500000000,0.0000000000,exit_right
78800,1,0.0000000000,0.0000000000,0.4081217490,0.0000000000,scatter
78800,2,0.4081217490,0.0000000000,0.3275367166,5.1613622905,scatter
78800,3,0.3275367166,5.1613622905,0.0000000000,5.8499460355,exit_left
78900,1,0.0000000000,0.0000000000,1.7500000000,0.0000000000,exit_right
79000,1,0.0000000000,0.0000000000,1.5820348824,0.0000000000,scatter
79000,2,1.5820348824,0.0000000000,1.3686126605,1.3675389267,scatter
79000,3,1.3686126605,1.3675389267,0.2586953655,1.2214353176,absorb
79100,1,0.0000000000,0.0000000000,1.7500000000,0.0000000000,exit_right
79200,1,0.0000000000,0.0000000000,1.7500000000,0.0000000000,exit_right
79300,1,0.0000000000,0.0000000000,1.7500000000,0.0000000000,exit_right
79400,1,0.0000000000,0.0000000000,0.9772366681,0.0000000000,scatter
79400,2,0.9772366681,0.0000000000,1.7500000000,-0.3008193203,exit_right
79500,1,0.0000000000,0.0000000000,1.7500000000,0.0000000000,exit_right
79600,1,0.0000000000,0.0000000000,0.5303563415,0.0000000000,scatter
79600,2,0.5303563415,0.0000000000,0.7895381577,1.3010227603,scatter
79600,3,0.7895381577,1.3010227603,1.1460810655,-0.1638958464,scatter
79600,4,1.1460810655,-0.1638958464,1.3592234108,-0.5968270720,scatter
79600,5,1.3592234108,-0.5968270720,1.7500000000,-0.0481950156,exit_right
79700,1,0.0000000000,0.0000000000,1.3208338937,0.0000000000,scatter
79700,2,1.3208338937,0.0000000000,1.4152640857,0.0873880738,scatter
79700,3,1.4152640857,0.0873880738,1.3730267884,0.2266616179,scatter
79700,4,1.3730267884,0.2266616179,0.0000000000,1.5975675464,exit_left
79800,1,0.0000000000,0.0000000000,0.6153933308,0.0000000000,absorb
79900,1,0.0000000000,0.0000000000,1.7500000000,0.0000000000,exit_right
80000,1,0.0000000000,0.0000000000,1.4895934401,0.0000000000,scatter
80000,2,1.4895934401,0.0000000000,0.0000000000,-0.3997697909,exit_left
80100,1,0.0000000000,0.0000000000,1.6835190947,0.0000000000,scatter
80100,2,1.6835190947,0.0000000000,0.8147086666,-1.8803090816,scatter
80100,3,0.8147086666,-1.8803090816,1.7500000000,-2.4766967391,exit_right
80200,1,0.0000000000,0.0000000000,1.7500000000,0.0000000000,exit_right
80300,1,0.0000000000,0.0000000000,1.1503616969,0.0000000000,absorb
80400,1,0.0000000000,0.0000000000,0.3714948516,0.0000000000,absorb
80500,1,0.0000000000,0.0000000000,0.1236889915,0.0000000000,absorb
80600,1,0.0000000000,0.0000000000,1.7500000000,0.0000000000,exit_right
80700,1,0.0000000000,0.0000000000,1.7500000000,0.0000000000,exit_right
80800,1,0.0000000000,0.0000000000,1.2287700817,0.0000000000,absorb
80900,1,0.0000000000,0.0000000000,0.0612727431,0.0000000000,absorb
81000,1,0.0000000000,0.0000000000,0.1186957396,0.0000000000,scatter
81000,2,0.1186957396,0.0000000000,1.5233571776,0.8814155501,scatter
81000,3,1.5233571776,0.8814155501,1.5840225821,0.9108784712,scatter
81000,4,1.5840225821,0.9108784712,1.4001519678,1.5194383761,scatter
81000,5,1.4001519678,1.5194383761,1.3532090186,2.7572252374,scatter
81000,6,1.3532090186,2.7572252374,1.7500000000,2.8088966809,exit_right
81100,1,0.0000000000,0.0000000000,0.6880457747,0.0000000000,scatter
81100,2,0.6880457747,0.0000000000,1.7500000000,-4.0413577058,exit_right
81200,1,0.0000000000,0.0000000000,1.7500000000,0.0000000000,exit_right
81300,1,0.0000000000,0.0000000000,0.3195235083,0.0000000000,scatter
81300,2,0.3195235083,0.0000000000,0.4575190712,-0.1216021717,scatter
81300,3,0.4575190712,-0.1216021717,0.9513050871,-1.2916899013,scatter
81300,4,0.9513050871,-1.2916899013,0.5957843767,-0.3505179644,scatter
81300,5,0.5957843767,-0.3505179644,0.4757190768,-0.2171200692,scatter
81300,6,0.4757190768,-0.2171200692,1.1517897856,-0.2286194185,scatter
81300,7,1.1517897856,-0.2286194185,0.4716825421,0.2735321729,scatter
81300,8,0.4716825421,0.2735321729,0.0000000000,0.5402366530,exit_left
81400,1,0.0000000000,0.0000000000,1.7500000000,0.0000000000,exit_right
81500,1,0.0000000000,0.0000000000,1.7500000000,0.0000000000,exit_right
81600,1,0.0000000000,0.0000000000,0.1532691670,0.0000000000,absorb
81700,1,0.0000000000,0.0000000000,1.7500000000,0.0000000000,exit_right
81800,1,0.0000000000,0.0000000000,1.7500000000,0.0000000000,exit_right
81900,1,0.0000000000,0.0000000000,0.3128973934,0.0000000000,absorb
82000,1,0.0000000000,0.0000000000,1.7500000000,0.0000000000,exit_right
82100,1,0.0000000000,0.0000000000,1.7500000000,0.0000000000,exit_right
82200,1,0.0000000000,0.0000000000,0.3058356048,0.0000000000,scatter
82200,2,0.3058356048,0.0000000000,0.0000000000,-0.5435106207,exit_left
82300,1,0.0000000000,0.0000000000,1.0162031714,0.0000000000,scatter
82300,2,1.0162031714,0.0000000000,0.0000000000,0.2406806248,exit_left
82400,1,0.0000000000,0.0000000000,1.7500000000,0.0000000000,exit_right
82500,1,0.0000000000,0.0000000000,0.0139795765,0.0000000000,scatter
82500,2,0.0139795765,0.0000000000,0.0000000000,-0.0074226272,exit_left
82600,1,0.0000000000,0.0000000000,1.4450247380,0.0000000000,scatter
82600,2,1.4450247380,0.0000000000,0.8807565491,-0.3629665742,scatter
82600,3,0.8807565491,-0.3629665742,0.6009294851,-0.2276345471,scatter
82600,4,0.6009294851,-0.2276345471,0.0000000000,-1.4758717877,exit_left
82700,1,0.0000000000,0.0000000000,1.7500000000,0.0000000000,exit_right
82800,1,0.0000000000,0.0000000000,0.0827104690,0.0000000000,absorb
82900,1,0.0000000000,0.0000000000,1.6101800086,0.0000000000,absorb
83000,1,0.0000000000,0.0000000000,1.7500000000,0.0000000000,exit_right
83100,1,0.0000000000,0.0000000000,0.0312764718,0.0000000000,scatter
83100,2,0.0312764718,0.0000000000,0.0000000000,-0.0195182411,exit_left
83200,1,0.0000000000,0.0000000000,1.7500000000,0.0000000000,exit_right
83300,1,0.0000000000,0.0000000000,0.5135298095,0.0000000000,scatter
83300,2,0.5135298095,0.0000000000,0.6972703411,-1.0859446737,scatter
83300,3,0.6972703411,-1.0859446737,0.4797004336,0.0834956871,scatter
83300,4,0.4797004336,0.0834956871,0.5044251801,-0.1189503110,scatter
83300,5,0.5044251801,-0.1189503110,1.6718005392,-1.2839454251,scatter
83300,6,1.6718005392,-1.2839454251,0.0000000000,0.4025355737,exit_left
83400,1,0.0000000000,0.0000000000,1.7500000000,0.0000000000,exit_right
83500,1,0.0000000000,0.0000000000,1.7119441870,0.0000000000,scatter
83500,2,1.7119441870,0.0000000000,0.0000000000,-0.0942430989,exit_left
83600,1,0.0000000000,0.0000000000,1.7500000000,0.0000000000,exit_right
83700,1,0.0000000000,0.0000000000,0.2159517118,0.0000000000,scatter
83700,2,0.2159517118,0.0000000000,0.0000000000,0.1460824112,exit_left
83800,1,0.0000000000,0.0000000000,1.7500000000,0.0000000000,exit_right
83900,1,0.0000000000,0.0000000000,1.7500000000,0.0000000000,exit_right
84000,1,0.0000000000,0.0000000000,1.7500000000,0.0000000000,exit_right
84100,1,0.0000000000,0.0000000000,1.7500000000,0.0000000000,exit_right
84200,1,0.0000000000,0.0000000000,1.7500000000,0.0000000000,exit_right
84300,1,0.0000000000,0.0000000000,0.1963783149,0.0000000000,absorb
84400,1,0.0000000000,0.0000000000,0.3511138265,0.0000000000,scatter
84400,2,0.3511138265,0.0000000000,0.0000000000,0.0614359733,exit_left
84500,1,0.0000000000,0.0000000000,1.7500000000,0.0000000000,exit_right
84600,1,0.0000000000,0.0000000000,0.4672423998,0.0000000000,absorb
84700,1,0.0000000000,0.0000000000,1.7500000000,0.0000000000,exit_right
84800,1,0.0000000000,0.0000000000,0.3286803440,0.0000000000,scatter
84800,2,0.3286803440,0.0000000000,0.7424116111,-0.0139403229,scatter
84800,3,0.7424116111,-0.0139403229,0.6724563631,-0.1050162740,scatter
84800,4,0.6724563631,-0.1050162740,1.6075093342,-0.9009734833,scatter
84800,5,1.6075093342,-0.9009734833,1.7500000000,-0.9438652345,exit_right
84900,1,0.0000000000,0.0000000000,0.2728714285,0.0000000000,scatter
84900,2,0.2728714285,0.0000000000,0.0000000000,0.0266174305,exit_left
85000,1,0.0000000000,0.0000000000,0.4366155183,0.0000000000,absorb
85100,1,0.0000000000,0.0000000000,1.0987931788,0.0000000000,scatter
85100,2,1.0987931788,0.0000000000,1.5878073887,1.7342554623,scatter
85100,3,1.5878073887,1.7342554623,1.7500000000,1.9454475988,exit_right
85200,1,0.0000000000,0.0000000000,1.7500000000,0.0000000000,exit_right
85300,1,0.0000000000,0.0000000000,0.4503228746,0.0000000000,absorb
85400,1,0.0000000000,0.0000000000,0.1440543907,0.0000000000,scatter
85400,2,0.1440543907,0.0000000000,0.0000000000,-0.6920312373,exit_left
85500,1,0.0000000000,0.0000000000,1.2505950646,0.0000000000,absorb
85600,1,0.0000000000,0.0000000000,0.8611028554,0.0000000000,absorb
85700,1,0.0000000000,0.0000000000,1.6985850363,0.0000000000,scatter
85700,2,1.6985850363,0.0000000000,0.2897020035,-2.1074995491,absorb
85800,1,0.0000000000,0.0000000000,0.1479324658,0.0000000000,absorb
85900,1,0.0000000000,0.0000000000,0.1396705209,0.0000000000,scatter
85900,2,0.1396705209,0.0000000000,0.4397028936,1.0328375152,scatter
85900,3,0.4397028936,1.0328375152,0.0000000000,2.4100501550,exit_left
86000,1,0.0000000000,0.0000000000,0.7833397115,0.0000000000,scatter
86000,2,0.7833397115,0.0000000000,0.0000000000,0.9860100202,exit_left
86100,1,0.0000000000,0.0000000000,0.6062009910,0.0000000000,absorb
86200,1,0.0000000000,0.0000000000,1.0170686154,0.0000000000,scatter
86200,2,1.0170686154,0.0000000000,1.7500000000,2.0855855821,exit_right
86300,1,0.0000000000,0.0000000000,1.5507476807,0.0000000000,absorb
86400,1,0.0000000000,0.0000000000,1.7500000000,0.0000000000,exit_right
86500,1,0.0000000000,0.0000000000,0.3600967512,0.0000000000,scatter
86500,2,0.3600967512,0.0000000000,0.0000000000,0.0136537874,exit_left
86600,1,0.0000000000,0.0000000000,1.7500000000,0.0000000000,exit_right
86700,1,0.0000000000,0.0000000000,0.5346186943,0.0000000000,scatter
86700,2,0.5346186943,0.0000000000,0.0000000000,-0.3835046448,exit_left
86800,1,0.0000000000,0.0000000000,1.4484003023,0.0000000000,absorb
86900,1,0.0000000000,0.0000000000,1.7420119303,0.0000000000,absorb
87000,1,0.0000000000,0.0000000000,1.1396709402,0.0000000000,scatter
87000,2,1.1396709402,0.0000000000,0.2237557309,-8.5244365565,scatter
87000,3,0.2237557309,-8.5244365565,0.6186034978,-8.1348774520,scatter
87000,4,0.6186034978,-8.1348774520,0.0000000000,-9.4195702434,exit_left
87100,1,0.0000000000,0.0000000000,1.7500000000,0.0000000000,exit_right
87200,1,0.0000000000,0.0000000000,1.7500000000,0.0000000000,exit_right
87300,1,0.0000000000,0.0000000000,1.7500000000,0.0000000000,exit_right
87400,1,0.0000000000,0.0000000000,0.9532901303,0.0000000000,absorb
87500,1,0.0000000000,0.0000000000,1.7500000000,0.0000000000,exit_right
87600,1,0.0000000000,0.0000000000,1.4976236623,0.0000000000,absorb
87700,1,0.0000000000,0.0000000000,1.7500000000,0.0000000000,exit_right
87800,1,0.0000000000,0.0000000000,0.7125429474,0.0000000000,scatter
87800,2,0.7125429474,0.0000000000,0.9703957528,0.1622234200,scatter
87800,3,0.9703957528,0.1622234200,1.7500000000,-0.2681134492,exit_right
87900,1,0.0000000000,0.0000000000,1.7500000000,0.0000000000,exit_right
88000,1,0.0000000000,0.0000000000,0.7933480584,0.0000000000,scatter
88000,2,0.7933480584,0.0000000000,1.7500000000,-1.8289890933,exit_right
88100,1,0.0000000000,0.0000000000,1.4714649284,0.0000000000,scatter
88100,2,1.4714649284,0.0000000000,0.0000000000,-0.7943753210,exit_left
88200,1,0.0000000000,0.0000000000,0.6701629179,0.0000000000,scatter
88200,2,0.6701629179,0.0000000000,0.3792326413,-0.1887963726,scatter
88200,3,0.3792326413,-0.1887963726,0.3176181047,-0.1320799193,absorb
88300,1,0.0000000000,0.0000000000,1.2291695426,0.0000000000,scatter
88300,2,1.2291695426,0.0000000000,1.5985925976,0.3746768898,absorb
88400,1,0.0000000000,0.0000000000,0.6451212139,0.0000000000,scatter
88400,2,0.6451212139,0.0000000000,1.6151304600,-0.6547864229,absorb
88500,1,0.0000000000,0.0000000000,0.2825935107,0.0000000000,absorb
88600,1,0.0000000000,0.0000000000,1.0582118566,0.0000000000,scatter
88600,2,1.0582118566,0.0000000000,0.0000000000,-0.0813486653,exit_left
88700,1,0.0000000000,0.0000000000,1.6205687895,0.0000000000,absorb
88800,1,0.0000000000,0.0000000000,1.7500000000,0.0000000000,exit_right
88900,1,0.0000000000,0.0000000000,1.3122218556,0.0000000000,scatter
88900,2,1.3122218556,0.0000000000,1.7500000000,0.5058608816,exit_right
89000,1,0.0000000000,0.0000000000,1.7500000000,0.0000000000,exit_right
89100,1,0.0000000000,0.0000000000,1.7500000000,0.0000000000,exit_right
89200,1,0.0000000000,0.0000000000,1.0271886118,0.0000000000,scatter
89200,2,1.0271886118,0.0000000000,0.0000000000,-1.2780570980,exit_left
89300,1,0.0000000000,0.0000000000,0.1197915226,0.0000000000,absorb
89400,1,0.0000000000,0.0000000000,0.1941211757,0.0000000000,scatter
89400,2,0.1941211757,0.0000000000,1.0082370546,-0.1716804153,scatter
89400,3,1.0082370546,-0.1716804153,0.0000000000,-0.4947493732,exit_left
89500,1,0.0000000000,0.0000000000,1.0237608225,0.0000000000,scatter
89500,2,1.0237608225,0.0000000000,0.9308532193,-0.2840767903,scatter
89500,3,0.9308532193,-0.2840767903,0.9569512553,-0.6820642006,scatter
89500,4,0.9569512553,-0.6820642006,1.0237530551,-0.6316440821,scatter
89500,5,1.0237530551,-0.6316440821,0.0000000000,2.8761399245,exit_left
89600,1,0.0000000000,0.0000000000,1.7500000000,0.0000000000,exit_right
89700,1,0.0000000000,0.0000000000,1.0922723397,0.0000000000,scatter
89700,2,1.0922723397,0.0000000000,1.1564020741,0.4994629214,scatter
89700,3,1.1564020741,0.4994629214,1.7500000000,0.7047220014,exit_right
89800,1,0.0000000000,0.0000000000,1.7500000000,0.0000000000,exit_right
89900,1,0.0000000000,0.0000000000,1.7500000000,0.0000000000,exit_right
90000,1,0.0000000000,0.0000000000,1.7500000000,0.0000000000,exit_right
90100,1,0.0000000000,0.0000000000,1.7500000000,0.0000000000,exit_right
90200,1,0.0000000000,0.0000000000,0.1092193792,0.0000000000,scatter
90200,2,0.1092193792,0.0000000000,0.8069415090,-2.2091980246,scatter
90200,3,0.8069415090,-2.2091980246,0.0000000000,-1.9636063995,exit_left
90300,1,0.0000000000,0.0000000000,1.7500000000,0.0000000000,exit_right
90400,1,0.0000000000,0.0000000000,1.7500000000,0.0000000000,exit_right
90500,1,0.0000000000,0.0000000000,1.7500000000,0.0000000000,exit_right
90600,1,0.0000000000,0.0000000000,1.7500000000,0.0000000000,exit_right
90700,1,0.0000000000,0.0000000000,1.7500000000,0.0000000000,exit_right
90800,1,0.0000000000,0.0000000000,1.7500000000,0.0000000000,exit_right
90900,1,0.0000000000,0.0000000000,1.7500000000,0.0000000000,exit_right
91000,1,0.0000000000,0.0000000000,0.7608722765,0.0000000000,scatter
91000,2,0.7608722765,0.0000000000,0.0000000000,0.3336091047,exit_left
91100,1,0.0000000000,0.0000000000,1.7500000000,0.0000000000,exit_right
91200,1,0.0000000000,0.0000000000,1.3630508837,0.0000000000,scatter
91200,2,1.3630508837,0.0000000000,1.7500000000,0.0279252811,exit_right
91300,1,0.0000000000,0.0000000000,1.7500000000,0.0000000000,exit_right
91400,1,0.0000000000,0.0000000000,0.4456751327,0.0000000000,absorb
91500,1,0.0000000000,0.0000000000,1.1571813369,0.0000000000,absorb
91600,1,0.0000000000,0.0000000000,0.7756829608,0.0000000000,absorb
91700,1,0.0000000000,0.0000000000,0.7695051673,0.0000000000,scatter
91700,2,0.7695051673,0.0000000000,0.0000000000,0.1520671714,exit_left
91800,1,0.0000000000,0.0000000000,0.7511084867,0.0000000000,scatter
91800,2,0.7511084867,0.0000000000,0.0000000000,0.2233669615,exit_left
91900,1,0.0000000000,0.0000000000,1.7500000000,0.0000000000,exit_right
92000,1,0.0000000000,0.0000000000,1.7500000000,0.0000000000,exit_right
92100,1,0.0000000000,0.0000000000,0.8672852437,0.0000000000,absorb
92200,1,0.0000000000,0.0000000000,1.7500000000,0.0000000000,exit_right
92300,1,0.0000000000,0.0000000000,1.7500000000,0.0000000000,exit_right
92400,1,0.0000000000,0.0000000000,1.7500000000,0.0000000000,exit_right
92500,1,0.0000000000,0.0000000000,0.5745518427,0.0000000000,scatter
92500,2,0.5745518427,0.0000000000,0.0000000000,0.0174533372,exit_left
92600,1,0.0000000000,0.0000000000,1.7500000000,0.0000000000,exit_right
92700,1,0.0000000000,0.0000000000,1.7500000000,0.0000000000,exit_right
92800,1,0.0000000000,0.0000000000,1.7500000000,0.0000000000,exit_right
92900,1,0.0000000000,0.0000000000,1.7500000000,0.0000000000,exit_right
93000,1,0.0000000000,0.0000000000,1.7500000000,0.0000000000,exit_right
93100,1,0.0000000000,0.0000000000,0.1861791990,0.0000000000,scatter
93100,2,0.1861791990,0.0000000000,0.0658583552,-0.0460031164,absorb
93200,1,0.0000000000,0.0000000000,0.0034750595,0.0000000000,scatter
93200,2,0.0034750595,0.0000000000,0.0000000000,-0.0231630046,exit_left
93300,1,0.0000000000,0.0000000000,0.2773102958,0.0000000000,scatter
93300,2,0.2773102958,0.0000000000,0.0000000000,-0.0072657766,exit_left
93400,1,0.0000000000,0.0000000000,0.2155738646,0.0000000000,scatter
93400,2,0.2155738646,0.0000000000,1.7500000000,-0.6697750093,exit_right
93500,1,0.0000000000,0.0000000000,0.1957248111,0.0000000000,scatter
93500,2,0.1957248111,0.0000000000,0.0000000000,-0.1482080397,exit_left
93600,1,0.0000000000,0.0000000000,1.6776768144,0.0000000000,scatter
93600,2,1.6776768144,0.0000000000,1.7500000000,0.1125374645,exit_right
93700,1,0.0000000000,0.0000000000,1.7500000000,0.0000000000,exit_right
93800,1,0.0000000000,0.0000000000,1.7500000000,0.0000000000,exit_right
93900,1,0.0000000000,0.0000000000,1.7500000000,0.0000000000,exit_right
94000,1,0.0000000000,0.0000000000,1.5394071438,0.0000000000,absorb
94100,1,0.0000000000,0.0000000000,1.7500000000,0.0000000000,exit_right
94200,1,0.0000000000,0.0000000000,1.7500000000,0.0000000000,exit_right
94300,1,0.0000000000,0.0000000000,1.7500000000,0.0000000000,exit_right
94400,1,0.0000000000,0.0000000000,0.6318323528,0.0000000000,absorb
94500,1,0.0000000000,0.0000000000,0.0099784336,0.0000000000,scatter
94500,2,0.0099784336,0.0000000000,0.0000000000,-0.0087283630,exit_left
94600,1,0.0000000000,0.0000000000,1.7500000000,0.0000000000,exit_right
94700,1,0.0000000000,0.0000000000,1.7500000000,0.0000000000,exit_right
94800,1,0.0000000000,0.0000000000,1.1069443815,0.0000000000,scatter
94800,2,1.1069443815,0.0000000000,0.0000000000,1.1548485255,exit_left
94900,1,0.0000000000,0.0000000000,0.9664393861,0.0000000000,scatter
94900,2,0.9664393861,0.0000000000,0.7150729319,3.5916793517,scatter
94900,3,0.7150729319,3.5916793517,0.7450788378,3.6193960395,scatter
94900,4,0.7450788378,3.6193960395,0.0000000000,2.6906842212,exit_left
95000,1,0.0000000000,0.0000000000,1.7500000000,0.0000000000,exit_right
95100,1,0.0000000000,0.0000000000,1.7500000000,0.0000000000,exit_right
95200,1,0.0000000000,0.0000000000,0.6574462005,0.0000000000,scatter
95200,2,0.6574462005,0.0000000000,1.1189678099,-4.0713146352,scatter
95200,3,1.1189678099,-4.0713146352,1.7500000000,-3.5190671780,exit_right
95300,1,0.0000000000,0.0000000000,0.2369041593,0.0000000000,absorb
95400,1,0.0000000000,0.0000000000,1.7500000000,0.0000000000,exit_right
95500,1,0.0000000000,0.0000000000,1.7500000000,0.0000000000,exit_right
95600,1,0.0000000000,0.0000000000,1.7500000000,0.0000000000,exit_right
95700,1,0.0000000000,0.0000000000,0.1653352886,0.0000000000,scatter
95700,2,0.1653352886,0.0000000000,0.0000000000,0.0097627421,exit_left
95800,1,0.0000000000,0.0000000000,1.7500000000,0.0000000000,exit_right
95900,1,0.0000000000,0.0000000000,0.0558915263,0.0000000000,scatter
95900,2,0.0558915263,0.0000000000,0.0074107569,3.1615753713,scatter
95900,3,0.0074107569,3.1615753713,0.0000000000,3.1519409568,exit_left
96000,1,0.0000000000,0.0000000000,0.2099531359,0.0000000000,scatter
96000,2,0.2099531359,0.0000000000,0.0000000000,-0.3038494341,exit_left
96100,1,0.0000000000,0.0000000000,0.7954344957,0.0000000000,scatter
96100,2,0.7954344957,0.0000000000,0.8070361331,-1.5486562762,scatter
96100,3,0.8070361331,-1.5486562762,0.5675332775,-1.9287143089,scatter
96100,4,0.5675332775,-1.9287143089,0.4086589414,-2.9394957472,scatter
96100,5,0.4086589414,-2.9394957472,1.5294323040,-2.2467626169,scatter
96100,6,1.5294323040,-2.2467626169,1.7500000000,-2.7500170893,exit_right
96200,1,0.0000000000,0.0000000000,0.5715554706,0.0000000000,scatter
96200,2,0.5715554706,0.0000000000,0.5081572598,0.3777859589,scatter
96200,3,0.5081572598,0.3777859589,1.7500000000,1.1536249604,exit_right
96300,1,0.0000000000,0.0000000000,1.7500000000,0.0000000000,exit_right
96400,1,0.0000000000,0.0000000000,1.5302066652,0.0000000000,scatter
96400,2,1.5302066652,0.0000000000,1.5404814122,0.0059237437,scatter
96400,3,1.5404814122,0.0059237437,0.0000000000,-1.2253902999,exit_left
96500,1,0.0000000000,0.0000000000,0.5781784799,0.0000000000,absorb
96600,1,0.0000000000,0.0000000000,0.5663408271,0.0000000000,scatter
96600,2,0.5663408271,0.0000000000,1.5097406770,-0.2597675483,scatter
96600,3,1.5097406770,-0.2597675483,1.3560123860,-4.7825875101,scatter
96600,4,1.3560123860,-4.7825875101,1.5567288409,-5.8658538693,absorb
96700,1,0.0000000000,0.0000000000,1.7500000000,0.0000000000,exit_right
96800,1,0.0000000000,0.0000000000,1.7500000000,0.0000000000,exit_right
96900,1,0.0000000000,0.0000000000,1.1995973782,0.0000000000,scatter
96900,2,1.1995973782,0.0000000000,1.4648679470,0.2895831851,scatter
96900,3,1.4648679470,0.2895831851,1.7500000000,0.4410041707,exit_right
97000,1,0.0000000000,0.0000000000,1.0541722388,0.0000000000,scatter
97000,2,1.0541722388,0.0000000000,0.8895352543,1.2499431775,scatter
97000,3,0.8895352543,1.2499431775,0.7851708086,1.2401580324,scatter
97000,4,0.7851708086,1.2401580324,1.7500000000,2.0451630303,exit_right
97100,1,0.0000000000,0.0000000000,0.4339541475,0.0000000000,scatter
97100,2,0.4339541475,0.0000000000,0.9918144855,-0.2536206493,scatter
97100,3,0.9918144855,-0.2536206493,0.1127994966,-0.1273781598,scatter
97100,4,0.1127994966,-0.1273781598,0.0000000000,-0.2429475497,exit_left
97200,1,0.0000000000,0.0000000000,1.0140008355,0.0000000000,scatter
97200,2,1.0140008355,0.0000000000,1.0475170336,0.0648904813,scatter
97200,3,1.0475170336,0.0648904813,1.7500000000,0.3326662631,exit_right
97300,1,0.0000000000,0.0000000000,1.4710127513,0.0000000000,absorb
97400,1,0.0000000000,0.0000000000,1.7500000000,0.0000000000,exit_right
97500,1,0.0000000000,0.0000000000,0.5327132883,0.0000000000,scatter
97500,2,0.5327132883,0.0000000000,0.0000000000,0.3429341642,exit_left
97600,1,0.0000000000,0.0000000000,0.9353536499,0.0000000000,scatter
97600,2,0.9353536499,0.0000000000,0.7336380588,0.3854243407,scatter
97600,3,0.7336380588,0.3854243407,0.0000000000,-0.0934968374,exit_left
97700,1,0.0000000000,0.0000000000,1.7500000000,0.0000000000,exit_right
97800,1,0.0000000000,0.0000000000,1.7500000000,0.0000000000,exit_right
97900,1,0.0000000000,0.0000000000,1.1565294071,0.0000000000,scatter
97900,2,1.1565294071,0.0000000000,1.7500000000,0.5287788300,exit_right
98000,1,0.0000000000,0.0000000000,1.7500000000,0.0000000000,exit_right
98100,1,0.0000000000,0.0000000000,0.8898854308,0.0000000000,scatter
98100,2,0.8898854308,0.0000000000,0.0000000000,-1.2240211181,exit_left
98200,1,0.0000000000,0.0000000000,1.1306916527,0.0000000000,scatter
98200,2,1.1306916527,0.0000000000,0.8629897591,-0.5848926256,absorb
98300,1,0.0000000000,0.0000000000,0.3302407485,0.0000000000,scatter
98300,2,0.3302407485,0.0000000000,0.0511067348,-0.6197076695,absorb
98400,1,0.0000000000,0.0000000000,1.7500000000,0.0000000000,exit_right
98500,1,0.0000000000,0.0000000000,0.4906208818,0.0000000000,scatter
98500,2,0.4906208818,0.0000000000,1.1914064841,-0.4219872729,absorb
98600,1,0.0000000000,0.0000000000,1.2588462440,0.0000000000,scatter
98600,2,1.2588462440,0.0000000000,1.7500000000,0.1312154749,exit_right
98700,1,0.0000000000,0.0000000000,0.5242479643,0.0000000000,scatter
98700,2,0.5242479643,0.0000000000,1.7500000000,3.8825455269,exit_right
98800,1,0.0000000000,0.0000000000,1.7500000000,0.0000000000,exit_right
98900,1,0.0000000000,0.0000000000,0.9529446922,0.0000000000,absorb
99000,1,0.0000000000,0.0000000000,0.1950046259,0.0000000000,scatter
99000,2,0.1950046259,0.0000000000,0.2710986835,-0.2186718209,scatter
99000,3,0.2710986835,-0.2186718209,0.0000000000,0.5171031487,exit_left
99100,1,0.0000000000,0.0000000000,1.7500000000,0.0000000000,exit_right
99200,1,0.0000000000,0.0000000000,0.5279784644,0.0000000000,scatter
99200,2,0.5279784644,0.0000000000,0.3475071075,-3.8757357697,scatter
99200,3,0.3475071075,-3.8757357697,0.4010887066,-3.4004547545,scatter
99200,4,0.4010887066,-3.4004547545,0.3938117774,-2.9825111643,scatter
99200,5,0.3938117774,-2.9825111643,1.7500000000,-2.3222841170,exit_right
99300,1,0.0000000000,0.0000000000,0.3719302968,0.0000000000,absorb
99400,1,0.0000000000,0.0000000000,0.8561198844,0.0000000000,scatter
99400,2,0.8561198844,0.0000000000,0.9885327538,-0.2333492318,absorb
99500,1,0.0000000000,0.0000000000,0.3616576902,0.0000000000,scatter
99500,2,0.3616576902,0.0000000000,0.5314843721,0.0830975680,scatter
99500,3,0.5314843721,0.0830975680,1.4133228462,-1.1262561634,scatter
99500,4,1.4133228462,-1.1262561634,1.7500000000,-1.4516767130,exit_right
99600,1,0.0000000000,0.0000000000,1.0784994741,0.0000000000,scatter
99600,2,1.0784994741,0.0000000000,1.7500000000,-0.0996215966,exit_right
99700,1,0.0000000000,0.0000000000,0.2181735486,0.0000000000,scatter
99700,2,0.2181735486,0.0000000000,0.0000000000,-0.0465892626,exit_left
99800,1,0.0000000000,0.0000000000,0.5572758333,0.0000000000,scatter
99800,2,0.5572758333,0.0000000000,1.6339419721,-1.8882498542,scatter
99800,3,1.6339419721,-1.8882498542,1.7500000000,-1.8187043829,exit_right
99900,1,0.0000000000,0.0000000000,1.7500000000,0.0000000000,exit_right
100000,1,0.0000000000,0.0000000000,0.1411793303,0.0000000000,scatter
100000,2,0.1411793303,0.0000000000,0.0000000000,0.1405114802,exit_left
