neutron_id,step,x_start,y_start,x_end,y_end,event
100,1,0.0000000000,0.0000000000,2.5753171093,0.0000000000,scatter
100,2,2.5753171093,0.0000000000,1.6732374692,1.2186838066,scatter
100,3,1.6732374692,1.2186838066,4.9738100018,1.1683329230,scatter
100,4,4.9738100018,1.1683329230,5.0000000000,1.1692931289,exit_right
200,1,0.0000000000,0.0000000000,0.0783267503,0.0000000000,scatter
200,2,0.0783267503,0.0000000000,0.0000000000,0.0857180798,exit_left
300,1,0.0000000000,0.0000000000,1.8073168539,0.0000000000,scatter
300,2,1.8073168539,0.0000000000,2.1777893549,-2.1584692111,scatter
300,3,2.1777893549,-2.1584692111,0.8379459625,-0.6609762042,scatter
300,4,0.8379459625,-0.6609762042,4.8004420721,-3.9107031955,scatter
300,5,4.8004420721,-3.9107031955,0.0000000000,-3.0137566754,exit_left
400,1,0.0000000000,0.0000000000,0.4981723641,0.0000000000,scatter
400,2,0.4981723641,0.0000000000,0.0000000000,-0.0174826910,exit_left
500,1,0.0000000000,0.0000000000,0.4653046023,0.0000000000,scatter
500,2,0.4653046023,0.0000000000,0.0893449503,2.3644519151,scatter
500,3,0.0893449503,2.3644519151,0.0192088166,1.1768107245,scatter
500,4,0.0192088166,1.1768107245,0.0000000000,0.5594794923,exit_left
600,1,0.0000000000,0.0000000000,3.6921361888,0.0000000000,absorb
700,1,0.0000000000,0.0000000000,1.7318750282,0.0000000000,scatter
700,2,1.7318750282,0.0000000000,0.0000000000,-1.2367924432,exit_left
800,1,0.0000000000,0.0000000000,0.1426192203,0.0000000000,scatter
800,2,0.1426192203,0.0000000000,1.9988115484,-1.7553697075,scatter
800,3,1.9988115484,-1.7553697075,2.2244293053,-1.8281765345,scatter
800,4,2.2244293053,-1.8281765345,2.7491521054,-2.0355446214,absorb
900,1,0.0000000000,0.0000000000,3.7123517299,0.0000000000,scatter
900,2,3.7123517299,0.0000000000,1.6521311302,0.2626755249,absorb
1000,1,0.0000000000,0.0000000000,1.0140215016,0.0000000000,scatter
1000,2,1.0140215016,0.0000000000,2.8567627108,-0.6362669020,scatter
1000,3,2.8567627108,-0.6362669020,2.9695286634,-0.4622286976,scatter
1000,4,2.9695286634,-0.4622286976,4.4109764049,-0.6327031786,scatter
1000,5,4.4109764049,-0.6327031786,5.0000000000,-0.8520344469,exit_right
1100,1,0.0000000000,0.0000000000,0.4704429998,0.0000000000,scatter
1100,2,0.4704429998,0.0000000000,0.9242498490,0.8524345555,scatter
1100,3,0.9242498490,0.8524345555,0.7113184668,1.3912289062,scatter
1100,4,0.7113184668,1.3912289062,0.9265292919,2.6010236101,absorb
1200,1,0.0000000000,0.0000000000,1.4683099786,0.0000000000,scatter
1200,2,1.4683099786,0.0000000000,2.2152044052,0.1412006078,scatter
1200,3,2.2152044052,0.1412006078,2.2295240469,0.1734646259,scatter
1200,4,2.2295240469,0.1734646259,1.7685771832,0.2500283947,scatter
1200,5,1.7685771832,0.2500283947,3.1014226800,0.7197359030,scatter
1200,6,3.1014226800,0.7197359030,1.4376737161,0.3261328102,scatter
1200,7,1.4376737161,0.3261328102,0.0000000000,-2.9312000306,exit_left
1300,1,0.0000000000,0.0000000000,1.7419915451,0.0000000000,scatter
1300,2,1.7419915451,0.0000000000,1.8435770965,-0.4706944058,scatter
1300,3,1.8435770965,-0.4706944058,0.9207692278,-1.1415388818,scatter
1300,4,0.9207692278,-1.1415388818,1.0790035421,-0.2096588309,scatter
1300,5,1.0790035421,-0.2096588309,1.4683804477,-0.7356437175,absorb
1400,1,0.0000000000,0.0000000000,2.4993299494,0.0000000000,scatter
1400,2,2.4993299494,0.0000000000,2.9659531771,0.1590637592,scatter
1400,3,2.9659531771,0.1590637592,3.3446545610,0.1959455003,scatter
1400,4,3.3446545610,0.1959455003,2.7081294018,0.5939304401,scatter
1400,5,2.7081294018,0.5939304401,2.5611068477,-1.3099714796,scatter
1400,6,2.5611068477,-1.3099714796,1.2505513342,-2.7715914121,scatter
1400,7,1.2505513342,-2.7715914121,0.0000000000,-2.6457309080,exit_left
1500,1,0.0000000000,0.0000000000,1.2618799346,0.0000000000,absorb
1600,1,0.0000000000,0.0000000000,1.4018114329,0.0000000000,absorb
1700,1,0.0000000000,0.0000000000,2.4637137438,0.0000000000,scatter
1700,2,2.4637137438,0.0000000000,2.4463087658,-0.6790053760,scatter
1700,3,2.4463087658,-0.6790053760,1.6690856260,-0.8592983974,scatter
1700,4,1.6690856260,-0.8592983974,0.0000000000,-1.4773406760,exit_left
1800,1,0.0000000000,0.0000000000,0.4601925067,0.0000000000,scatter
1800,2,0.4601925067,0.0000000000,0.0000000000,0.8547422015,exit_left
1900,1,0.0000000000,0.0000000000,0.2366335115,0.0000000000,scatter
1900,2,0.2366335115,0.0000000000,0.0000000000,-0.0205968199,exit_left
2000,1,0.0000000000,0.0000000000,5.0000000000,0.0000000000,exit_right
2100,1,0.0000000000,0.0000000000,5.0000000000,0.0000000000,exit_right
2200,1,0.0000000000,0.0000000000,1.7714039894,0.0000000000,scatter
2200,2,1.7714039894,0.0000000000,5.0000000000,-1.7669411207,exit_right
2300,1,0.0000000000,0.0000000000,0.3625879668,0.0000000000,scatter
2300,2,0.3625879668,0.0000000000,2.0294755284,0.2869667559,absorb
2400,1,0.0000000000,0.0000000000,2.6160119635,0.0000000000,scatter
2400,2,2.6160119635,0.0000000000,2.1129467434,-0.5739203248,scatter
2400,3,2.1129467434,-0.5739203248,0.0000000000,0.3679855672,exit_left
2500,1,0.0000000000,0.0000000000,1.2310651791,0.0000000000,scatter
2500,2,1.2310651791,0.0000000000,1.2435549756,-0.0668173565,scatter
2500,3,1.2435549756,-0.0668173565,0.8967830506,-0.8808624723,absorb
2600,1,0.0000000000,0.0000000000,1.0234129179,0.0000000000,scatter
2600,2,1.0234129179,0.0000000000,0.6268076564,-3.9845031260,scatter
2600,3,0.6268076564,-3.9845031260,0.9252455847,-4.5039929558,scatter
2600,4,0.9252455847,-4.5039929558,0.7842725511,-3.8202006351,scatter
2600,5,0.7842725511,-3.8202006351,0.0000000000,-2.6727134086,exit_left
2700,1,0.0000000000,0.0000000000,3.9543905748,0.0000000000,scatter
2700,2,3.9543905748,0.0000000000,3.2218848154,0.6366823571,scatter
2700,3,3.2218848154,0.6366823571,3.5896259648,0.9645184623,scatter
2700,4,3.5896259648,0.9645184623,1.1735163143,2.7964918316,scatter
2700,5,1.1735163143,2.7964918316,3.1991559515,-1.0062718941,scatter
2700,6,3.1991559515,-1.0062718941,2.0120149223,-2.7822968931,scatter
2700,7,2.0120149223,-2.7822968931,2.4976441489,-3.0071113074,scatter
2700,8,2.4976441489,-3.0071113074,2.6310207229,-1.9394398771,scatter
2700,9,2.6310207229,-1.9394398771,2.5610486270,-2.1150260056,scatter
2700,10,2.5610486270,-2.1150260056,0.0000000000,-1.6257925172,exit_left
2800,1,0.0000000000,0.0000000000,1.3126886885,0.0000000000,scatter
2800,2,1.3126886885,0.0000000000,1.2513453863,0.1685579017,scatter
2800,3,1.2513453863,0.1685579017,1.9122211045,2.8616819889,absorb
2900,1,0.0000000000,0.0000000000,0.8535050586,0.0000000000,absorb
3000,1,0.0000000000,0.0000000000,4.0849387663,0.0000000000,scatter
3000,2,4.0849387663,0.0000000000,0.0000000000,0.4364030906,exit_left
3100,1,0.0000000000,0.0000000000,1.1746490901,0.0000000000,scatter
3100,2,1.1746490901,0.0000000000,0.0000000000,-0.1615408164,exit_left
3200,1,0.0000000000,0.0000000000,0.0901565757,0.0000000000,scatter
3200,2,0.0901565757,0.0000000000,0.0000000000,-0.0000140512,exit_left
3300,1,0.0000000000,0.0000000000,2.8184840786,0.0000000000,scatter
3300,2,2.8184840786,0.0000000000,2.7064411016,1.0343769801,scatter
3300,3,2.7064411016,1.0343769801,3.4403266726,2.0060570265,scatter
3300,4,3.4403266726,2.0060570265,3.8977168267,0.2402993521,scatter
3300,5,3.8977168267,0.2402993521,3.8886942280,-0.0597906656,scatter
3300,6,3.8886942280,-0.0597906656,5.0000000000,-2.9898287855,exit_right
3400,1,0.0000000000,0.0000000000,0.8114647322,0.0000000000,scatter
3400,2,0.8114647322,0.0000000000,2.6153283167,-1.8403614075,absorb
3500,1,0.0000000000,0.0000000000,0.4950765654,0.0000000000,absorb
3600,1,0.0000000000,0.0000000000,0.3184335404,0.0000000000,scatter
3600,2,0.3184335404,0.0000000000,0.6847777615,-2.1910350244,scatter
3600,3,0.6847777615,-2.1910350244,0.0000000000,-1.7029987219,exit_left
3700,1,0.0000000000,0.0000000000,2.1267274766,0.0000000000,scatter
3700,2,2.1267274766,0.0000000000,1.1644388230,-0.5465441547,scatter
3700,3,1.1644388230,-0.5465441547,4.5705686575,-1.4171206278,scatter
3700,4,4.5705686575,-1.4171206278,0.4949975067,-1.3772549189,scatter
3700,5,0.4949975067,-1.3772549189,0.0000000000,-1.5701744576,exit_left
3800,1,0.0000000000,0.0000000000,0.4339269815,0.0000000000,scatter
3800,2,0.4339269815,0.0000000000,0.4807784751,-0.0340750557,scatter
3800,3,0.4807784751,-0.0340750557,0.0917845047,-0.2998849050,scatter
3800,4,0.0917845047,-0.2998849050,0.0000000000,-0.3115957790,exit_left
3900,1,0.0000000000,0.0000000000,0.2601694930,0.0000000000,scatter
3900,2,0.2601694930,0.0000000000,0.0000000000,0.1449298466,exit_left
4000,1,0.0000000000,0.0000000000,2.8959403265,0.0000000000,scatter
4000,2,2.8959403265,0.0000000000,3.0275066906,0.0172966671,scatter
4000,3,3.0275066906,0.0172966671,3.0998438404,-0.4315499767,scatter
4000,4,3.0998438404,-0.4315499767,1.6653023741,-2.3224955047,scatter
4000,5,1.6653023741,-2.3224955047,2.2202599391,-6.0037114049,scatter
4000,6,2.2202599391,-6.0037114049,2.1526500093,-4.6958520244,scatter
4000,7,2.1526500093,-4.6958520244,3.1834096069,-4.1216734648,scatter
4000,8,3.1834096069,-4.1216734648,3.2227667248,-3.5534616025,scatter
4000,9,3.2227667248,-3.5534616025,3.9402135878,-4.6889878279,scatter
4000,10,3.9402135878,-4.6889878279,3.6245597743,-6.0138854173,absorb
4100,1,0.0000000000,0.0000000000,1.3435816650,0.0000000000,scatter
4100,2,1.3435816650,0.0000000000,1.2365772999,-0.5316957053,scatter
4100,3,1.2365772999,-0.5316957053,1.2295555913,-0.4989082320,scatter
4100,4,1.2295555913,-0.4989082320,1.0756747311,-0.1020688962,scatter
4100,5,1.0756747311,-0.1020688962,1.4548633100,0.8285012367,scatter
4100,6,1.4548633100,0.8285012367,0.0000000000,1.3578564343,exit_left
4200,1,0.0000000000,0.0000000000,4.1441750970,0.0000000000,absorb
4300,1,0.0000000000,0.0000000000,0.2841842106,0.0000000000,scatter
4300,2,0.2841842106,0.0000000000,0.0000000000,0.1950238139,exit_left
4400,1,0.0000000000,0.0000000000,2.2911755202,0.0000000000,scatter
4400,2,2.2911755202,0.0000000000,2.7976471117,-2.9041995960,scatter
4400,3,2.7976471117,-2.9041995960,3.7961134107,-3.3069700009,scatter
4400,4,3.7961134107,-3.3069700009,2.1435824991,-3.1390409644,scatter
4400,5,2.1435824991,-3.1390409644,1.7698041025,-3.5759283131,scatter
4400,6,1.7698041025,-3.5759283131,5.0000000000,-6.3514455214,exit_right
4500,1,0.0000000000,0.0000000000,2.6821321362,0.0000000000,scatter
4500,2,2.6821321362,0.0000000000,3.1088219442,2.2236288551,scatter
4500,3,3.1088219442,2.2236288551,3.2240434096,5.0140553467,absorb
4600,1,0.0000000000,0.0000000000,0.0165756277,0.0000000000,scatter
4600,2,0.0165756277,0.0000000000,0.0000000000,0.0212896387,exit_left
4700,1,0.0000000000,0.0000000000,0.1983561435,0.0000000000,scatter
4700,2,0.1983561435,0.0000000000,2.5104126110,-1.8906023745,scatter
4700,3,2.5104126110,-1.8906023745,4.7488010698,0.4824660948,absorb
4800,1,0.0000000000,0.0000000000,1.1454230899,0.0000000000,scatter
4800,2,1.1454230899,0.0000000000,1.0456205453,0.4112462719,absorb
4900,1,0.0000000000,0.0000000000,1.3173894370,0.0000000000,scatter
4900,2,1.3173894370,0.0000000000,1.3220936395,0.0573506826,absorb
5000,1,0.0000000000,0.0000000000,0.0819309221,0.0000000000,absorb
5100,1,0.0000000000,0.0000000000,0.5491964838,0.0000000000,scatter
5100,2,0.5491964838,0.0000000000,0.5496614563,-1.3862241763,scatter
5100,3,0.5496614563,-1.3862241763,0.1323825659,-1.7428785757,scatter
5100,4,0.1323825659,-1.7428785757,2.4131267100,-8.8276890461,scatter
5100,5,2.4131267100,-8.8276890461,4.3671678596,-12.3826426087,scatter
5100,6,4.3671678596,-12.3826426087,4.2539742864,-12.4456933163,scatter
5100,7,4.2539742864,-12.4456933163,4.8673479940,-12.4763611556,scatter
5100,8,4.8673479940,-12.4763611556,4.7386695590,-13.0330773836,scatter
5100,9,4.7386695590,-13.0330773836,3.9214181463,-12.1720072135,scatter
5100,10,3.9214181463,-12.1720072135,3.1979899178,-11.1073932176,scatter
5100,11,3.1979899178,-11.1073932176,3.4630738397,-11.7145981156,scatter
5100,12,3.4630738397,-11.7145981156,3.4454316180,-13.2328025435,scatter
5100,13,3.4454316180,-13.2328025435,3.3120126023,-8.1985734395,absorb
5200,1,0.0000000000,0.0000000000,0.8011423686,0.0000000000,scatter
5200,2,0.8011423686,0.0000000000,2.8229608587,3.7293792273,scatter
5200,3,2.8229608587,3.7293792273,2.8340156079,3.7310786018,absorb
5300,1,0.0000000000,0.0000000000,0.8556527919,0.0000000000,scatter
5300,2,0.8556527919,0.0000000000,0.0665361062,-0.6731172335,absorb
5400,1,0.0000000000,0.0000000000,1.5009627675,0.0000000000,absorb
5500,1,0.0000000000,0.0000000000,1.7136755013,0.0000000000,scatter
5500,2,1.7136755013,0.0000000000,1.7825467333,0.5965643174,scatter
5500,3,1.7825467333,0.5965643174,1.1043763372,-0.2765455641,scatter
5500,4,1.1043763372,-0.2765455641,2.3085492032,-0.4473466788,absorb
5600,1,0.0000000000,0.0000000000,0.1607282645,0.0000000000,scatter
5600,2,0.1607282645,0.0000000000,0.0000000000,-0.0115822382,exit_left
5700,1,0.0000000000,0.0000000000,1.9148746435,0.0000000000,scatter
5700,2,1.9148746435,0.0000000000,5.0000000000,-0.6438165531,exit_right
5800,1,0.0000000000,0.0000000000,2.7561974071,0.0000000000,scatter
5800,2,2.7561974071,0.0000000000,5.0000000000,1.9916756751,exit_right
5900,1,0.0000000000,0.0000000000,0.1894636225,0.0000000000,absorb
6000,1,0.0000000000,0.0000000000,3.3441896645,0.0000000000,scatter
6000,2,3.3441896645,0.0000000000,3.5655919639,-0.1179957196,absorb
6100,1,0.0000000000,0.0000000000,0.3066659953,0.0000000000,absorb
6200,1,0.0000000000,0.0000000000,2.6238685958,0.0000000000,scatter
6200,2,2.6238685958,0.0000000000,4.0825336269,1.0733033375,scatter
6200,3,4.0825336269,1.0733033375,3.1268204619,1.4618393778,scatter
6200,4,3.1268204619,1.4618393778,1.5090810198,-3.1422169493,scatter
6200,5,1.5090810198,-3.1422169493,1.8919500323,-1.3888556308,scatter
6200,6,1.8919500323,-1.3888556308,1.8454678018,-1.5363223625,absorb
6300,1,0.0000000000,0.0000000000,2.0105559497,0.0000000000,scatter
6300,2,2.0105559497,0.0000000000,2.2570123318,0.5851254350,scatter
6300,3,2.2570123318,0.5851254350,2.5646227628,0.6810923700,scatter
6300,4,2.5646227628,0.6810923700,2.2885684618,0.8070271026,scatter
6300,5,2.2885684618,0.8070271026,0.6234442453,4.6584374581,absorb
6400,1,0.0000000000,0.0000000000,5.0000000000,0.0000000000,exit_right
6500,1,0.0000000000,0.0000000000,1.3890882827,0.0000000000,absorb
6600,1,0.0000000000,0.0000000000,2.5400435820,0.0000000000,scatter
6600,2,2.5400435820,0.0000000000,1.7067972671,3.8499164257,scatter
6600,3,1.7067972671,3.8499164257,0.0000000000,1.2682792983,exit_left
6700,1,0.0000000000,0.0000000000,0.4018566438,0.0000000000,scatter
6700,2,0.4018566438,0.0000000000,0.3552625233,-0.6517775522,scatter
6700,3,0.3552625233,-0.6517775522,0.0781372595,0.0607499831,scatter
6700,4,0.0781372595,0.0607499831,0.0000000000,0.0252682476,exit_left
6800,1,0.0000000000,0.0000000000,1.4190725691,0.0000000000,scatter
6800,2,1.4190725691,0.0000000000,1.3697545124,-0.6262957062,scatter
6800,3,1.3697545124,-0.6262957062,0.0000000000,-2.7186392413,exit_left
6900,1,0.0000000000,0.0000000000,2.3270175369,0.0000000000,scatter
6900,2,2.3270175369,0.0000000000,3.5131793663,0.3585676593,scatter
6900,3,3.5131793663,0.3585676593,3.5157288726,-0.6098440810,scatter
6900,4,3.5157288726,-0.6098440810,1.4894137113,0.1793013877,scatter
6900,5,1.4894137113,0.1793013877,1.8498463801,0.8884560920,scatter
6900,6,1.8498463801,0.8884560920,1.9185016578,0.6778798302,scatter
6900,7,1.9185016578,0.6778798302,0.0000000000,3.0580906378,exit_left
7000,1,0.0000000000,0.0000000000,3.9380155543,0.0000000000,absorb
7100,1,0.0000000000,0.0000000000,0.7151882727,0.0000000000,scatter
7100,2,0.7151882727,0.0000000000,0.6102769373,0.3097504815,absorb
7200,1,0.0000000000,0.0000000000,0.5360279483,0.0000000000,scatter
7200,2,0.5360279483,0.0000000000,0.7607003246,-0.0082952844,scatter
7200,3,0.7607003246,-0.0082952844,2.6325674390,4.6801165943,scatter
7200,4,2.6325674390,4.6801165943,1.9818980334,4.8277428196,absorb
7300,1,0.0000000000,0.0000000000,1.6880878270,0.0000000000,scatter
7300,2,1.6880878270,0.0000000000,2.5697339601,4.3315092160,scatter
7300,3,2.5697339601,4.3315092160,1.2938560909,4.5698469086,scatter
7300,4,1.2938560909,4.5698469086,0.0000000000,0.4923500224,exit_left
7400,1,0.0000000000,0.0000000000,0.0879863863,0.0000000000,absorb
7500,1,0.0000000000,0.0000000000,0.9549304141,0.0000000000,scatter
7500,2,0.9549304141,0.0000000000,0.5538766636,0.3463601471,scatter
7500,3,0.5538766636,0.3463601471,0.0000000000,0.7370782745,exit_left
7600,1,0.0000000000,0.0000000000,1.3583126277,0.0000000000,scatter
7600,2,1.3583126277,0.0000000000,0.4530007664,-0.7737805596,absorb
7700,1,0.0000000000,0.0000000000,1.9712215876,0.0000000000,scatter
7700,2,1.9712215876,0.0000000000,2.1266988497,0.1063611876,scatter
7700,3,2.1266988497,0.1063611876,0.9168324549,-0.8284191320,absorb
7800,1,0.0000000000,0.0000000000,0.6584037945,0.0000000000,scatter
7800,2,0.6584037945,0.0000000000,0.9486527784,-0.6419932678,scatter
7800,3,0.9486527784,-0.6419932678,2.1026762210,-3.7360909232,absorb
7900,1,0.0000000000,0.0000000000,1.3481371076,0.0000000000,scatter
7900,2,1.3481371076,0.0000000000,1.4948149090,-0.9158457302,scatter
7900,3,1.4948149090,-0.9158457302,0.4865597417,2.9528488699,scatter
7900,4,0.4865597417,2.9528488699,0.0025794925,2.5348157433,scatter
7900,5,0.0025794925,2.5348157433,0.0000000000,2.5137723596,exit_left
8000,1,0.0000000000,0.0000000000,5.0000000000,0.0000000000,exit_right
8100,1,0.0000000000,0.0000000000,1.5054997105,0.0000000000,scatter
8100,2,1.5054997105,0.0000000000,0.0000000000,-1.3484525888,exit_left
8200,1,0.0000000000,0.0000000000,1.9619720138,0.0000000000,scatter
8200,2,1.9619720138,0.0000000000,3.9980313979,0.1703958318,scatter
8200,3,3.9980313979,0.1703958318,5.0000000000,1.2680974775,exit_right
8300,1,0.0000000000,0.0000000000,3.2435517129,0.0000000000,scatter
8300,2,3.2435517129,0.0000000000,2.3828829847,-1.3326727767,scatter
8300,3,2.3828829847,-1.3326727767,1.3706215440,-2.6106704008,scatter
8300,4,1.3706215440,-2.6106704008,1.7682897497,-3.8335978520,scatter
8300,5,1.7682897497,-3.8335978520,2.0422270200,-4.0766863161,scatter
8300,6,2.0422270200,-4.0766863161,2.5789438932,-4.8355199646,scatter
8300,7,2.5789438932,-4.8355199646,2.8492569684,-4.2859099907,scatter
8300,8,2.8492569684,-4.2859099907,2.7273115868,-4.1543950724,absorb
8400,1,0.0000000000,0.0000000000,2.5105111715,0.0000000000,absorb
8500,1,0.0000000000,0.0000000000,2.7731426378,0.0000000000,scatter
8500,2,2.7731426378,0.0000000000,3.0222493803,2.1575094650,absorb
8600,1,0.0000000000,0.0000000000,0.5087740319,0.0000000000,scatter
8600,2,0.5087740319,0.0000000000,1.3277330725,-5.1312715825,scatter
8600,3,1.3277330725,-5.1312715825,2.1819362860,-4.3544428317,scatter
8600,4,2.1819362860,-4.3544428317,3.6225809011,-3.8655785854,scatter
8600,5,3.6225809011,-3.8655785854,4.5540576054,-2.9626291578,scatter
8600,6,4.5540576054,-2.9626291578,4.4956180900,-2.7375217934,scatter
8600,7,4.4956180900,-2.7375217934,5.0000000000,-2.4698442990,exit_right
8700,1,0.0000000000,0.0000000000,0.8211644393,0.0000000000,scatter
8700,2,0.8211644393,0.0000000000,0.0000000000,0.9193089230,exit_left
8800,1,0.0000000000,0.0000000000,1.3940017966,0.0000000000,scatter
8800,2,1.3940017966,0.0000000000,4.3940811079,-0.1720265175,scatter
8800,3,4.3940811079,-0.1720265175,4.3655443867,0.5350815511,absorb
8900,1,0.0000000000,0.0000000000,4.8545686006,0.0000000000,absorb
9000,1,0.0000000000,0.0000000000,0.5946803825,0.0000000000,scatter
9000,2,0.5946803825,0.0000000000,0.0000000000,0.8397507385,exit_left
9100,1,0.0000000000,0.0000000000,4.3216362308,0.0000000000,scatter
9100,2,4.3216362308,0.0000000000,0.0000000000,1.2753332645,exit_left
9200,1,0.0000000000,0.0000000000,5.0000000000,0.0000000000,exit_right
9300,1,0.0000000000,0.0000000000,1.3797751877,0.0000000000,scatter
9300,2,1.3797751877,0.0000000000,5.0000000000,-1.4611043872,exit_right
9400,1,0.0000000000,0.0000000000,1.1554498029,0.0000000000,scatter
9400,2,1.1554498029,0.0000000000,0.0169159514,0.3383916709,scatter
9400,3,0.0169159514,0.3383916709,0.4221153359,-0.0156587123,scatter
9400,4,0.4221153359,-0.0156587123,0.0000000000,-1.4577093722,exit_left
9500,1,0.0000000000,0.0000000000,3.3637347670,0.0000000000,scatter
9500,2,3.3637347670,0.0000000000,5.0000000000,0.5562922895,exit_right
9600,1,0.0000000000,0.0000000000,1.4075893727,0.0000000000,scatter
9600,2,1.4075893727,0.0000000000,0.8513668778,1.6693933715,scatter
9600,3,0.8513668778,1.6693933715,0.0000000000,2.4268240856,exit_left
9700,1,0.0000000000,0.0000000000,2.7727950544,0.0000000000,scatter
9700,2,2.7727950544,0.0000000000,0.0000000000,-1.0967543359,exit_left
9800,1,0.0000000000,0.0000000000,5.0000000000,0.0000000000,exit_right
9900,1,0.0000000000,0.0000000000,0.1638954097,0.0000000000,scatter
9900,2,0.1638954097,0.0000000000,0.6919135649,-0.4765414714,absorb
10000,1,0.0000000000,0.0000000000,0.8942300104,0.0000000000,scatter
10000,2,0.8942300104,0.0000000000,0.6579320371,-0.0531830106,absorb
10100,1,0.0000000000,0.0000000000,0.8251269071,0.0000000000,scatter
10100,2,0.8251269071,0.0000000000,2.3382301604,1.2822263564,scatter
10100,3,2.3382301604,1.2822263564,2.9210635990,0.0137384059,scatter
10100,4,2.9210635990,0.0137384059,5.0000000000,2.1907248273,exit_right
10200,1,0.0000000000,0.0000000000,0.4395914135,0.0000000000,absorb
10300,1,0.0000000000,0.0000000000,1.0435078518,0.0000000000,absorb
10400,1,0.0000000000,0.0000000000,0.4680538883,0.0000000000,absorb
10500,1,0.0000000000,0.0000000000,0.6279182419,0.0000000000,scatter
10500,2,0.6279182419,0.0000000000,0.0000000000,-0.9676367069,exit_left
10600,1,0.0000000000,0.0000000000,0.8560909035,0.0000000000,scatter
10600,2,0.8560909035,0.0000000000,1.6412477159,-0.6813985817,scatter
10600,3,1.6412477159,-0.6813985817,1.8189018916,0.5098314701,scatter
10600,4,1.8189018916,0.5098314701,3.8412386442,3.7655576213,absorb
10700,1,0.0000000000,0.0000000000,1.7203236463,0.0000000000,scatter
10700,2,1.7203236463,0.0000000000,1.6803879658,3.5138480541,scatter
10700,3,1.6803879658,3.5138480541,0.0000000000,2.2796273067,exit_left
10800,1,0.0000000000,0.0000000000,0.0678240011,0.0000000000,scatter
10800,2,0.0678240011,0.0000000000,0.0000000000,-0.1877679725,exit_left
10900,1,0.0000000000,0.0000000000,0.2115948019,0.0000000000,absorb
11000,1,0.0000000000,0.0000000000,1.3318909897,0.0000000000,scatter
11000,2,1.3318909897,0.0000000000,1.3252297057,-3.2108774263,scatter
11000,3,1.3252297057,-3.2108774263,1.6581901669,-2.7432919709,scatter
11000,4,1.6581901669,-2.7432919709,1.0051041833,-3.6439495885,scatter
11000,5,1.0051041833,-3.6439495885,1.6847531197,-3.8172200877,scatter
11000,6,1.6847531197,-3.8172200877,1.6950695270,-3.7788746859,absorb
11100,1,0.0000000000,0.0000000000,0.5390584069,0.0000000000,absorb
11200,1,0.0000000000,0.0000000000,2.4823850809,0.0000000000,scatter
11200,2,2.4823850809,0.0000000000,3.6859868692,1.6841659941,absorb
11300,1,0.0000000000,0.0000000000,1.3057408186,0.0000000000,scatter
11300,2,1.3057408186,0.0000000000,1.0196181341,0.0452262759,absorb
11400,1,0.0000000000,0.0000000000,1.0626330692,0.0000000000,scatter
11400,2,1.0626330692,0.0000000000,1.7720947086,2.2301714913,scatter
11400,3,1.7720947086,2.2301714913,4.5655029003,1.3674390073,scatter
11400,4,4.5655029003,1.3674390073,5.0000000000,0.9475531599,exit_right
11500,1,0.0000000000,0.0000000000,0.2433642390,0.0000000000,scatter
11500,2,0.2433642390,0.0000000000,0.3040628971,-0.0086030184,scatter
11500,3,0.3040628971,-0.0086030184,0.9179904915,0.3635202942,scatter
11500,4,0.9179904915,0.3635202942,0.8670743438,0.3539721208,scatter
11500,5,0.8670743438,0.3539721208,0.5460617038,0.8427111677,scatter
11500,6,0.5460617038,0.8427111677,0.0000000000,-0.4954945005,exit_left
11600,1,0.0000000000,0.0000000000,2.9695672221,0.0000000000,scatter
11600,2,2.9695672221,0.0000000000,1.5429523611,1.7625205005,scatter
11600,3,1.5429523611,1.7625205005,3.2259603249,0.5909721446,scatter
11600,4,3.2259603249,0.5909721446,5.0000000000,-0.0073578027,exit_right
11700,1,0.0000000000,0.0000000000,1.0171955021,0.0000000000,scatter
11700,2,1.0171955021,0.0000000000,2.6243600345,-1.5109756455,scatter
11700,3,2.6243600345,-1.5109756455,3.1420618767,-0.1189882110,scatter
11700,4,3.1420618767,-0.1189882110,3.4760443781,2.1692662760,scatter
11700,5,3.4760443781,2.1692662760,5.0000000000,4.1433613162,exit_right
11800,1,0.0000000000,0.0000000000,1.4396326290,0.0000000000,scatter
11800,2,1.4396326290,0.0000000000,5.0000000000,-2.0508989167,exit_right
11900,1,0.0000000000,0.0000000000,4.1577974708,0.0000000000,scatter
11900,2,4.1577974708,0.0000000000,0.2222462919,-2.0930600470,scatter
11900,3,0.2222462919,-2.0930600470,0.0000000000,-2.2380535031,exit_left
12000,1,0.0000000000,0.0000000000,0.0511203224,0.0000000000,scatter
12000,2,0.0511203224,0.0000000000,0.0000000000,-0.0130788534,exit_left
12100,1,0.0000000000,0.0000000000,4.7396345717,0.0000000000,scatter
12100,2,4.7396345717,0.0000000000,4.1334455343,-1.1109509722,absorb
12200,1,0.0000000000,0.0000000000,2.9842412467,0.0000000000,absorb
12300,1,0.0000000000,0.0000000000,0.4035540386,0.0000000000,absorb
12400,1,0.0000000000,0.0000000000,3.8722824374,0.0000000000,scatter
12400,2,3.8722824374,0.0000000000,5.0000000000,-2.5391102990,exit_right
12500,1,0.0000000000,0.0000000000,2.4385015783,0.0000000000,scatter
12500,2,2.4385015783,0.0000000000,3.6520089833,-0.9014815805,scatter
12500,3,3.6520089833,-0.9014815805,3.6547478763,-0.8925719559,scatter
12500,4,3.6547478763,-0.8925719559,2.9025191565,5.2248435370,absorb
12600,1,0.0000000000,0.0000000000,0.9775767986,0.0000000000,scatter
12600,2,0.9775767986,0.0000000000,0.0157552274,0.4997848195,scatter
12600,3,0.0157552274,0.4997848195,0.1129105928,0.6897977559,scatter
12600,4,0.1129105928,0.6897977559,2.3008966762,1.2207218661,scatter
12600,5,2.3008966762,1.2207218661,5.0000000000,1.7330071026,exit_right
12700,1,0.0000000000,0.0000000000,5.0000000000,0.0000000000,exit_right
12800,1,0.0000000000,0.0000000000,0.6201628217,0.0000000000,scatter
12800,2,0.6201628217,0.0000000000,1.0065833906,-0.4336522207,scatter
12800,3,1.0065833906,-0.4336522207,3.1424148148,-0.4312068308,absorb
12900,1,0.0000000000,0.0000000000,5.0000000000,0.0000000000,exit_right
13000,1,0.0000000000,0.0000000000,0.5364873156,0.0000000000,scatter
13000,2,0.5364873156,0.0000000000,0.0000000000,3.1864618035,exit_left
13100,1,0.0000000000,0.0000000000,3.1377790307,0.0000000000,scatter
13100,2,3.1377790307,0.0000000000,3.4213359679,-3.8950328295,absorb
13200,1,0.0000000000,0.0000000000,0.2579303492,0.0000000000,scatter
13200,2,0.2579303492,0.0000000000,0.0000000000,-0.1676397044,exit_left
13300,1,0.0000000000,0.0000000000,0.9317113030,0.0000000000,scatter
13300,2,0.9317113030,0.0000000000,0.0000000000,0.3987763918,exit_left
13400,1,0.0000000000,0.0000000000,2.9318049434,0.0000000000,scatter
13400,2,2.9318049434,0.0000000000,2.4082497014,1.6783639783,scatter
13400,3,2.4082497014,1.6783639783,2.0694495371,1.6659924934,scatter
13400,4,2.0694495371,1.6659924934,1.3858861959,0.0168627210,scatter
13400,5,1.3858861959,0.0168627210,0.0553142839,0.5703562656,scatter
13400,6,0.0553142839,0.5703562656,0.0000000000,0.8766051854,exit_left
13500,1,0.0000000000,0.0000000000,0.5996375225,0.0000000000,scatter
13500,2,0.5996375225,0.0000000000,0.6226110756,0.0166479636,scatter
13500,3,0.6226110756,0.0166479636,1.8245915383,-0.6918866840,scatter
13500,4,1.8245915383,-0.6918866840,0.9732386699,-1.2483886924,scatter
13500,5,0.9732386699,-1.2483886924,0.9647332448,0.1736315429,scatter
13500,6,0.9647332448,0.1736315429,2.5887932507,1.6656225099,scatter
13500,7,2.5887932507,1.6656225099,3.2082909069,1.0358238056,absorb
13600,1,0.0000000000,0.0000000000,0.4388419827,0.0000000000,scatter
13600,2,0.4388419827,0.0000000000,4.6163561064,1.7808525529,scatter
13600,3,4.6163561064,1.7808525529,2.3079396348,0.8480431545,scatter
13600,4,2.3079396348,0.8480431545,3.1325073732,1.4128782198,scatter
13600,5,3.1325073732,1.4128782198,5.0000000000,-0.9857144515,exit_right
13700,1,0.0000000000,0.0000000000,2.5801548238,0.0000000000,absorb
13800,1,0.0000000000,0.0000000000,2.0365946142,0.0000000000,absorb
13900,1,0.0000000000,0.0000000000,3.4812337020,0.0000000000,scatter
13900,2,3.4812337020,0.0000000000,4.4723356549,1.1898858650,scatter
13900,3,4.4723356549,1.1898858650,4.1698019609,0.9888437336,scatter
13900,4,4.1698019609,0.9888437336,2.6305342644,1.0958665990,scatter
13900,5,2.6305342644,1.0958665990,1.0649804186,1.6072660147,absorb
14000,1,0.0000000000,0.0000000000,0.5143377545,0.0000000000,scatter
14000,2,0.5143377545,0.0000000000,0.0000000000,0.0774375531,exit_left
14100,1,0.0000000000,0.0000000000,1.1484178058,0.0000000000,scatter
14100,2,1.1484178058,0.0000000000,1.3412507874,0.0293416970,absorb
14200,1,0.0000000000,0.0000000000,1.9672563668,0.0000000000,scatter
14200,2,1.9672563668,0.0000000000,1.9842655396,-0.1962476564,scatter
14200,3,1.9842655396,-0.1962476564,2.2778818961,-2.7398555304,scatter
14200,4,2.2778818961,-2.7398555304,5.0000000000,-2.4907298645,exit_right
14300,1,0.0000000000,0.0000000000,0.5885055852,0.0000000000,scatter
14300,2,0.5885055852,0.0000000000,1.0201300435,0.4256899564,scatter
14300,3,1.0201300435,0.4256899564,2.7055175481,-0.9416233204,scatter
14300,4,2.7055175481,-0.9416233204,1.6084923925,-0.7336156466,scatter
14300,5,1.6084923925,-0.7336156466,1.7210231865,-1.7903352224,scatter
14300,6,1.7210231865,-1.7903352224,1.8618938577,-1.1322276434,scatter
14300,7,1.8618938577,-1.1322276434,4.4026789001,-0.6103034211,scatter
14300,8,4.4026789001,-0.6103034211,5.0000000000,-0.5673693853,exit_right
14400,1,0.0000000000,0.0000000000,1.6062388099,0.0000000000,absorb
14500,1,0.0000000000,0.0000000000,0.0702070242,0.0000000000,scatter
14500,2,0.0702070242,0.0000000000,0.6265568219,-0.5639913291,scatter
14500,3,0.6265568219,-0.5639913291,1.1023547906,-2.7945593871,scatter
14500,4,1.1023547906,-2.7945593871,1.2816466751,-3.5419964872,scatter
14500,5,1.2816466751,-3.5419964872,1.3736415486,-6.4401210048,scatter
14500,6,1.3736415486,-6.4401210048,0.0000000000,-5.0491213009,exit_left
14600,1,0.0000000000,0.0000000000,0.8996758263,0.0000000000,scatter
14600,2,0.8996758263,0.0000000000,0.9477212971,-0.0139206116,scatter
14600,3,0.9477212971,-0.0139206116,1.5068327794,-0.9524280776,scatter
14600,4,1.5068327794,-0.9524280776,1.3816371556,-1.6868464888,scatter
14600,5,1.3816371556,-1.6868464888,2.6969119779,1.2470523946,scatter
14600,6,2.6969119779,1.2470523946,2.6355216499,1.4684298744,scatter
14600,7,2.6355216499,1.4684298744,2.8046790321,1.4956363311,absorb
14700,1,0.0000000000,0.0000000000,4.4443284780,0.0000000000,scatter
14700,2,4.4443284780,0.0000000000,5.0000000000,0.4871096447,exit_right
14800,1,0.0000000000,0.0000000000,1.0047870890,0.0000000000,scatter
14800,2,1.0047870890,0.0000000000,0.0000000000,3.3801953766,exit_left
14900,1,0.0000000000,0.0000000000,0.8377279989,0.0000000000,scatter
14900,2,0.8377279989,0.0000000000,1.3421028741,0.3917508429,scatter
14900,3,1.3421028741,0.3917508429,1.8688112134,0.1796998569,scatter
14900,4,1.8688112134,0.1796998569,2.4909687771,-1.5221922264,scatter
14900,5,2.4909687771,-1.5221922264,1.6983543935,-1.6272452392,scatter
14900,6,1.6983543935,-1.6272452392,1.9391461648,-0.2455398456,scatter
14900,7,1.9391461648,-0.2455398456,1.0412161702,-0.9074929497,scatter
14900,8,1.0412161702,-0.9074929497,1.0539924769,-0.9672303140,scatter
14900,9,1.0539924769,-0.9672303140,3.0262441179,2.1035472266,scatter
14900,10,3.0262441179,2.1035472266,3.4691946067,2.4754934804,absorb
15000,1,0.0000000000,0.0000000000,0.9730514731,0.0000000000,absorb
15100,1,0.0000000000,0.0000000000,3.0673644616,0.0000000000,absorb
15200,1,0.0000000000,0.0000000000,3.5270684405,0.0000000000,scatter
15200,2,3.5270684405,0.0000000000,4.5438827593,1.6336045433,scatter
15200,3,4.5438827593,1.6336045433,4.4153471769,-0.9235060558,scatter
15200,4,4.4153471769,-0.9235060558,4.7974977802,-3.9657935267,scatter
15200,5,4.7974977802,-3.9657935267,5.0000000000,-3.9298372823,exit_right
15300,1,0.0000000000,0.0000000000,1.4546055260,0.0000000000,scatter
15300,2,1.4546055260,0.0000000000,2.2331940780,-0.5997837288,scatter
15300,3,2.2331940780,-0.5997837288,2.0804135145,-1.7190789047,scatter
15300,4,2.0804135145,-1.7190789047,1.9240601988,-1.7155858930,scatter
15300,5,1.9240601988,-1.7155858930,1.7402128741,-1.9230322541,scatter
15300,6,1.7402128741,-1.9230322541,1.7512669811,-3.8306431064,absorb
15400,1,0.0000000000,0.0000000000,4.6059137692,0.0000000000,scatter
15400,2,4.6059137692,0.0000000000,3.0982883273,-0.2496957964,scatter
15400,3,3.0982883273,-0.2496957964,3.2206893158,-0.2397303839,absorb
15500,1,0.0000000000,0.0000000000,0.4527975046,0.0000000000,scatter
15500,2,0.4527975046,0.0000000000,0.4856687571,0.3588083555,scatter
15500,3,0.4856687571,0.3588083555,0.0000000000,0.6606857292,exit_left
15600,1,0.0000000000,0.0000000000,2.1050962057,0.0000000000,scatter
15600,2,2.1050962057,0.0000000000,0.8753302558,1.5302918719,scatter
15600,3,0.8753302558,1.5302918719,0.9358290718,1.1990935571,scatter
15600,4,0.9358290718,1.1990935571,0.9692795390,1.0180274172,scatter
15600,5,0.9692795390,1.0180274172,0.5786343993,4.0575676995,scatter
15600,6,0.5786343993,4.0575676995,2.3210314796,6.4025919800,scatter
15600,7,2.3210314796,6.4025919800,0.9314482034,6.1655383735,scatter
15600,8,0.9314482034,6.1655383735,0.1050654092,2.1095488150,absorb
15700,1,0.0000000000,0.0000000000,1.1285493150,0.0000000000,scatter
15700,2,1.1285493150,0.0000000000,1.6157047479,-1.1510084554,scatter
15700,3,1.6157047479,-1.1510084554,1.1329634163,-0.8928661932,scatter
15700,4,1.1329634163,-0.8928661932,0.5016974096,4.8030319883,absorb
15800,1,0.0000000000,0.0000000000,0.3400223663,0.0000000000,scatter
15800,2,0.3400223663,0.0000000000,0.0000000000,0.2173895627,exit_left
15900,1,0.0000000000,0.0000000000,1.5880306515,0.0000000000,scatter
15900,2,1.5880306515,0.0000000000,4.4753382888,5.7498748973,scatter
15900,3,4.4753382888,5.7498748973,4.7695055026,5.3858905734,scatter
15900,4,4.7695055026,5.3858905734,4.4519719728,6.1367474400,absorb
16000,1,0.0000000000,0.0000000000,5.0000000000,0.0000000000,exit_right
16100,1,0.0000000000,0.0000000000,1.2679691631,0.0000000000,scatter
16100,2,1.2679691631,0.0000000000,3.7371753294,-0.0999694537,absorb
16200,1,0.0000000000,0.0000000000,0.5386225940,0.0000000000,scatter
16200,2,0.5386225940,0.0000000000,0.1899123330,-0.2078249897,absorb
16300,1,0.0000000000,0.0000000000,0.2526664500,0.0000000000,scatter
16300,2,0.2526664500,0.0000000000,0.3712001801,-0.0907884222,scatter
16300,3,0.3712001801,-0.0907884222,1.6306339947,0.4558224198,scatter
16300,4,1.6306339947,0.4558224198,4.9685043557,-0.8561780799,scatter
16300,5,4.9685043557,-0.8561780799,5.0000000000,-0.8692047624,exit_right
16400,1,0.0000000000,0.0000000000,5.0000000000,0.0000000000,exit_right
16500,1,0.0000000000,0.0000000000,0.6079575809,0.0000000000,scatter
16500,2,0.6079575809,0.0000000000,0.0000000000,3.0471671924,exit_left
16600,1,0.0000000000,0.0000000000,0.1991976534,0.0000000000,scatter
16600,2,0.1991976534,0.0000000000,5.0000000000,-0.4338573039,exit_right
16700,1,0.0000000000,0.0000000000,4.1095928964,0.0000000000,scatter
16700,2,4.1095928964,0.0000000000,3.3751172821,0.3461404723,scatter
16700,3,3.3751172821,0.3461404723,1.7293931734,-1.9334920494,scatter
16700,4,1.7293931734,-1.9334920494,0.0000000000,-3.4567514644,exit_left
16800,1,0.0000000000,0.0000000000,0.1647059342,0.0000000000,absorb
16900,1,0.0000000000,0.0000000000,0.2307516307,0.0000000000,scatter
16900,2,0.2307516307,0.0000000000,0.6330274137,-2.4611647389,scatter
16900,3,0.6330274137,-2.4611647389,0.6017947909,-2.4878682885,scatter
16900,4,0.6017947909,-2.4878682885,0.0000000000,-4.2122251648,exit_left
17000,1,0.0000000000,0.0000000000,1.2058597222,0.0000000000,scatter
17000,2,1.2058597222,0.0000000000,1.1810189315,0.0111471151,scatter
17000,3,1.1810189315,0.0111471151,1.5427190968,0.3162915318,scatter
17000,4,1.5427190968,0.3162915318,5.0000000000,-0.8775550706,exit_right
17100,1,0.0000000000,0.0000000000,0.0432110694,0.0000000000,scatter
17100,2,0.0432110694,0.0000000000,0.7776203811,-4.7763696679,scatter
17100,3,0.7776203811,-4.7763696679,0.4357946599,-3.7044513461,scatter
17100,4,0.4357946599,-3.7044513461,3.9936920948,0.5567050452,absorb
17200,1,0.0000000000,0.0000000000,2.3233151097,0.0000000000,scatter
17200,2,2.3233151097,0.0000000000,0.0000000000,0.1175319439,exit_left
17300,1,0.0000000000,0.0000000000,2.3236915522,0.0000000000,scatter
17300,2,2.3236915522,0.0000000000,2.6186582606,0.2697544335,scatter
17300,3,2.6186582606,0.2697544335,3.8904324303,-1.3632699278,scatter
17300,4,3.8904324303,-1.3632699278,5.0000000000,-1.6198779915,exit_right
17400,1,0.0000000000,0.0000000000,3.7162161664,0.0000000000,scatter
17400,2,3.7162161664,0.0000000000,2.0578824169,2.3443653025,absorb
17500,1,0.0000000000,0.0000000000,2.2609972318,0.0000000000,scatter
17500,2,2.2609972318,0.0000000000,2.2137906715,0.0357674235,scatter
17500,3,2.2137906715,0.0357674235,2.0485749161,-0.9379914729,scatter
17500,4,2.0485749161,-0.9379914729,1.5273196300,0.8313067263,scatter
17500,5,1.5273196300,0.8313067263,1.9240327822,0.3765011410,scatter
17500,6,1.9240327822,0.3765011410,1.8934734855,-2.6490572103,scatter
17500,7,1.8934734855,-2.6490572103,1.9221744810,-3.4824040289,scatter
17500,8,1.9221744810,-3.4824040289,2.2442279844,-4.6378833971,scatter
17500,9,2.2442279844,-4.6378833971,1.0983055546,-9.8838067751,scatter
17500,10,1.0983055546,-9.8838067751,1.3799241840,-9.2031636365,scatter
17500,11,1.3799241840,-9.2031636365,1.0964546942,-8.9990431239,absorb
17600,1,0.0000000000,0.0000000000,0.9005250615,0.0000000000,scatter
17600,2,0.9005250615,0.0000000000,1.8805975213,0.2345040838,scatter
17600,3,1.8805975213,0.2345040838,4.0450791001,1.2972480276,absorb
17700,1,0.0000000000,0.0000000000,1.1094861553,0.0000000000,scatter
17700,2,1.1094861553,0.0000000000,0.9144216551,1.7747993860,scatter
17700,3,0.9144216551,1.7747993860,1.0760738281,1.6589249497,scatter
17700,4,1.0760738281,1.6589249497,1.3122057942,0.2573298732,scatter
17700,5,1.3122057942,0.2573298732,0.1839526571,0.4638626771,scatter
17700,6,0.1839526571,0.4638626771,0.0000000000,0.4912111126,exit_left
17800,1,0.0000000000,0.0000000000,0.0252136062,0.0000000000,scatter
17800,2,0.0252136062,0.0000000000,0.0000000000,0.0955737985,exit_left
17900,1,0.0000000000,0.0000000000,0.0294203101,0.0000000000,absorb
18000,1,0.0000000000,0.0000000000,0.2961307895,0.0000000000,scatter
18000,2,0.2961307895,0.0000000000,0.0000000000,-0.2338590531,exit_left
18100,1,0.0000000000,0.0000000000,0.9840199273,0.0000000000,scatter
18100,2,0.9840199273,0.0000000000,1.1924017022,-0.1033995442,scatter
18100,3,1.1924017022,-0.1033995442,4.2467974415,-8.7078785274,scatter
18100,4,4.2467974415,-8.7078785274,3.6777866809,-10.0973411404,scatter
18100,5,3.6777866809,-10.0973411404,0.6846238129,-7.6079252986,absorb
18200,1,0.0000000000,0.0000000000,0.2248336668,0.0000000000,scatter
18200,2,0.2248336668,0.0000000000,0.0000000000,0.0742653982,exit_left
18300,1,0.0000000000,0.0000000000,0.1148479913,0.0000000000,absorb
18400,1,0.0000000000,0.0000000000,1.0383506142,0.0000000000,scatter
18400,2,1.0383506142,0.0000000000,1.4223593979,-0.6882209717,scatter
18400,3,1.4223593979,-0.6882209717,1.3066298255,-0.6346683090,scatter
18400,4,1.3066298255,-0.6346683090,1.8387662656,-1.4042383254,absorb
18500,1,0.0000000000,0.0000000000,0.7636982442,0.0000000000,scatter
18500,2,0.7636982442,0.0000000000,0.7607862632,2.0341605052,scatter
18500,3,0.7607862632,2.0341605052,0.0000000000,1.9273294407,exit_left
18600,1,0.0000000000,0.0000000000,0.8101122906,0.0000000000,scatter
18600,2,0.8101122906,0.0000000000,0.1411592299,-0.4242279091,scatter
18600,3,0.1411592299,-0.4242279091,0.0000000000,-0.6492701613,exit_left
18700,1,0.0000000000,0.0000000000,1.6543381324,0.0000000000,scatter
18700,2,1.6543381324,0.0000000000,1.6166527307,-0.0802413200,scatter
18700,3,1.6166527307,-0.0802413200,0.0000000000,-1.1031169959,exit_left
18800,1,0.0000000000,0.0000000000,5.0000000000,0.0000000000,exit_right
18900,1,0.0000000000,0.0000000000,0.1806487487,0.0000000000,scatter
18900,2,0.1806487487,0.0000000000,4.1890651495,3.4617750375,scatter
18900,3,4.1890651495,3.4617750375,4.5020071677,1.1017629219,scatter
18900,4,4.5020071677,1.1017629219,5.0000000000,0.8703462978,exit_right
19000,1,0.0000000000,0.0000000000,0.3814336261,0.0000000000,scatter
19000,2,0.3814336261,0.0000000000,0.0000000000,1.3685354992,exit_left
19100,1,0.0000000000,0.0000000000,0.2401789713,0.0000000000,scatter
19100,2,0.2401789713,0.0000000000,0.0000000000,-0.4821465305,exit_left
19200,1,0.0000000000,0.0000000000,1.2110217737,0.0000000000,absorb
19300,1,0.0000000000,0.0000000000,1.0171234028,0.0000000000,scatter
19300,2,1.0171234028,0.0000000000,0.7018040524,0.5111811430,scatter
19300,3,0.7018040524,0.5111811430,2.4503922421,-2.8906221558,scatter
19300,4,2.4503922421,-2.8906221558,2.5774437752,-4.0522994262,scatter
19300,5,2.5774437752,-4.0522994262,5.0000000000,-3.4069628547,exit_right
19400,1,0.0000000000,0.0000000000,2.0200792389,0.0000000000,scatter
19400,2,2.0200792389,0.0000000000,1.7729206748,-0.9066211935,scatter
19400,3,1.7729206748,-0.9066211935,1.3113683618,-1.5027144495,scatter
19400,4,1.3113683618,-1.5027144495,2.0539678792,-1.6119631314,scatter
19400,5,2.0539678792,-1.6119631314,0.6664220941,0.3714768905,scatter
19400,6,0.6664220941,0.3714768905,0.8963345772,-7.2625105903,scatter
19400,7,0.8963345772,-7.2625105903,0.1487481072,-7.8756442712,scatter
19400,8,0.1487481072,-7.8756442712,0.2712677829,-7.7233396406,scatter
19400,9,0.2712677829,-7.7233396406,0.7359451717,-6.4834859678,scatter
19400,10,0.7359451717,-6.4834859678,3.5510532433,-7.0456518183,absorb
19500,1,0.0000000000,0.0000000000,0.4898616186,0.0000000000,scatter
19500,2,0.4898616186,0.0000000000,0.0000000000,0.4480247288,exit_left
19600,1,0.0000000000,0.0000000000,5.0000000000,0.0000000000,exit_right
19700,1,0.0000000000,0.0000000000,2.4976223206,0.0000000000,scatter
19700,2,2.4976223206,0.0000000000,0.8466452630,0.4211585496,absorb
19800,1,0.0000000000,0.0000000000,1.8830696633,0.0000000000,scatter
19800,2,1.8830696633,0.0000000000,1.1550119813,1.0481105368,scatter
19800,3,1.1550119813,1.0481105368,1.8459382997,0.0016537903,scatter
19800,4,1.8459382997,0.0016537903,0.0000000000,-4.2719145005,exit_left
19900,1,0.0000000000,0.0000000000,0.9579327360,0.0000000000,scatter
19900,2,0.9579327360,0.0000000000,1.4859945830,0.6442685598,absorb
20000,1,0.0000000000,0.0000000000,3.8575004462,0.0000000000,scatter
20000,2,3.8575004462,0.0000000000,3.6847823355,1.4168804012,scatter
20000,3,3.6847823355,1.4168804012,2.8687853904,2.5400753675,scatter
20000,4,2.8687853904,2.5400753675,0.3809534025,4.2436591738,scatter
20000,5,0.3809534025,4.2436591738,0.3651150202,4.5491032276,scatter
20000,6,0.3651150202,4.5491032276,1.0457226726,3.1406829395,scatter
20000,7,1.0457226726,3.1406829395,1.5030456361,5.5796453455,scatter
20000,8,1.5030456361,5.5796453455,2.9791886259,4.9219693996,absorb
20100,1,0.0000000000,0.0000000000,1.5578560627,0.0000000000,absorb
20200,1,0.0000000000,0.0000000000,0.4203096442,0.0000000000,scatter
20200,2,0.4203096442,0.0000000000,1.4734402380,-0.0125809594,scatter
20200,3,1.4734402380,-0.0125809594,1.3378559396,0.0883171529,scatter
20200,4,1.3378559396,0.0883171529,0.1248535825,0.6432917570,scatter
20200,5,0.1248535825,0.6432917570,0.0000000000,0.5247653530,exit_left
20300,1,0.0000000000,0.0000000000,4.5015247649,0.0000000000,scatter
20300,2,4.5015247649,0.0000000000,4.4205758671,-0.0986737041,absorb
20400,1,0.0000000000,0.0000000000,5.0000000000,0.0000000000,exit_right
20500,1,0.0000000000,0.0000000000,5.0000000000,0.0000000000,exit_right
20600,1,0.0000000000,0.0000000000,2.0933179635,0.0000000000,scatter
20600,2,2.0933179635,0.0000000000,0.0000000000,1.5681853357,exit_left
20700,1,0.0000000000,0.0000000000,1.4582992005,0.0000000000,scatter
20700,2,1.4582992005,0.0000000000,1.4890060295,-0.0185336428,scatter
20700,3,1.4890060295,-0.0185336428,1.5559389838,0.9716254449,scatter
20700,4,1.5559389838,0.9716254449,1.1337609069,0.9265738141,scatter
20700,5,1.1337609069,0.9265738141,1.1452862345,0.9009345998,scatter
20700,6,1.1452862345,0.9009345998,3.5935210895,-3.1083057302,scatter
20700,7,3.5935210895,-3.1083057302,5.0000000000,-3.1290215626,exit_right
20800,1,0.0000000000,0.0000000000,2.8544357558,0.0000000000,scatter
20800,2,2.8544357558,0.0000000000,2.1481573897,0.5177595363,scatter
20800,3,2.1481573897,0.5177595363,1.5625637907,-0.3289591948,scatter
20800,4,1.5625637907,-0.3289591948,1.2092114114,-4.8654776627,scatter
20800,5,1.2092114114,-4.8654776627,1.2014558869,-4.7074312781,absorb
20900,1,0.0000000000,0.0000000000,3.1399597749,0.0000000000,scatter
20900,2,3.1399597749,0.0000000000,3.1399999509,0.0496293604,scatter
20900,3,3.1399999509,0.0496293604,3.7049748275,-1.6454561917,scatter
20900,4,3.7049748275,-1.6454561917,2.4353671078,0.8407231225,absorb
21000,1,0.0000000000,0.0000000000,0.0515853557,0.0000000000,absorb
21100,1,0.0000000000,0.0000000000,1.8683029256,0.0000000000,absorb
21200,1,0.0000000000,0.0000000000,0.2889587559,0.0000000000,scatter
21200,2,0.2889587559,0.0000000000,0.0000000000,-0.1590978372,exit_left
21300,1,0.0000000000,0.0000000000,0.0708693993,0.0000000000,scatter
21300,2,0.0708693993,0.0000000000,1.1183571760,-0.0333584719,scatter
21300,3,1.1183571760,-0.0333584719,3.8299798087,-0.8924502174,scatter
21300,4,3.8299798087,-0.8924502174,2.6281805685,-1.1285506032,scatter
21300,5,2.6281805685,-1.1285506032,3.6211630895,-0.5463209064,scatter
21300,6,3.6211630895,-0.5463209064,3.1587146117,-1.6681364034,absorb
21400,1,0.0000000000,0.0000000000,0.2038174749,0.0000000000,scatter
21400,2,0.2038174749,0.0000000000,0.1117921285,-0.5598825908,scatter
21400,3,0.1117921285,-0.5598825908,0.4730992678,-0.6544368880,scatter
21400,4,0.4730992678,-0.6544368880,0.2902003724,-0.6630909740,scatter
21400,5,0.2902003724,-0.6630909740,0.0000000000,-0.6826323858,exit_left
21500,1,0.0000000000,0.0000000000,3.2552683408,0.0000000000,absorb
21600,1,0.0000000000,0.0000000000,0.8268954117,0.0000000000,scatter
21600,2,0.8268954117,0.0000000000,1.3783564512,1.4769709216,scatter
21600,3,1.3783564512,1.4769709216,2.5931124619,0.8308681183,scatter
21600,4,2.5931124619,0.8308681183,1.9883884776,2.8460110446,scatter
21600,5,1.9883884776,2.8460110446,0.0000000000,2.2348433460,exit_left
21700,1,0.0000000000,0.0000000000,2.0091376083,0.0000000000,scatter
21700,2,2.0091376083,0.0000000000,3.1280149126,1.2688807901,scatter
21700,3,3.1280149126,1.2688807901,5.0000000000,2.5181055378,exit_right
21800,1,0.0000000000,0.0000000000,0.8645285068,0.0000000000,scatter
21800,2,0.8645285068,0.0000000000,0.0000000000,-0.1742203183,exit_left
21900,1,0.0000000000,0.0000000000,0.2838498190,0.0000000000,scatter
21900,2,0.2838498190,0.0000000000,0.9982311320,0.6488517062,absorb
22000,1,0.0000000000,0.0000000000,1.1012506179,0.0000000000,scatter
22000,2,1.1012506179,0.0000000000,0.9795918309,0.1778802916,scatter
22000,3,0.9795918309,0.1778802916,1.2349787694,-0.0205529542,scatter
22000,4,1.2349787694,-0.0205529542,0.0000000000,-2.2981748383,exit_left
22100,1,0.0000000000,0.0000000000,5.0000000000,0.0000000000,exit_right
22200,1,0.0000000000,0.0000000000,0.2493529632,0.0000000000,absorb
22300,1,0.0000000000,0.0000000000,2.3144594735,0.0000000000,scatter
22300,2,2.3144594735,0.0000000000,2.3830543486,0.2365250990,scatter
22300,3,2.3830543486,0.2365250990,4.2081016498,0.2029800225,scatter
22300,4,4.2081016498,0.2029800225,5.0000000000,-1.5456241140,exit_right
22400,1,0.0000000000,0.0000000000,1.5843355085,0.0000000000,scatter
22400,2,1.5843355085,0.0000000000,0.7400894935,0.2136726944,scatter
22400,3,0.7400894935,0.2136726944,1.3170094838,-0.5552713296,absorb
22500,1,0.0000000000,0.0000000000,2.8112338749,0.0000000000,scatter
22500,2,2.8112338749,0.0000000000,0.0000000000,-2.5238918982,exit_left
22600,1,0.0000000000,0.0000000000,0.0492129464,0.0000000000,scatter
22600,2,0.0492129464,0.0000000000,1.1072588007,-1.3705411453,scatter
22600,3,1.1072588007,-1.3705411453,0.9943847455,-1.3080306581,scatter
22600,4,0.9943847455,-1.3080306581,0.7669589113,-0.9713508894,scatter
22600,5,0.7669589113,-0.9713508894,0.0000000000,0.4033492318,exit_left
22700,1,0.0000000000,0.0000000000,2.6546064710,0.0000000000,scatter
22700,2,2.6546064710,0.0000000000,2.8571169564,-0.0967856243,scatter
22700,3,2.8571169564,-0.0967856243,0.0000000000,-0.4250795742,exit_left
22800,1,0.0000000000,0.0000000000,0.0492324999,0.0000000000,scatter
22800,2,0.0492324999,0.0000000000,0.0000000000,-0.2826563543,exit_left
22900,1,0.0000000000,0.0000000000,3.2184905254,0.0000000000,scatter
22900,2,3.2184905254,0.0000000000,3.3525499909,0.3908167849,scatter
22900,3,3.3525499909,0.3908167849,4.3085125455,-1.4443980533,scatter
22900,4,4.3085125455,-1.4443980533,5.0000000000,-1.0696677963,exit_right
23000,1,0.0000000000,0.0000000000,0.4858398784,0.0000000000,scatter
23000,2,0.4858398784,0.0000000000,0.2502229259,-0.6399023019,absorb
23100,1,0.0000000000,0.0000000000,0.6334089034,0.0000000000,scatter
23100,2,0.6334089034,0.0000000000,1.7117938498,-0.4267260761,scatter
23100,3,1.7117938498,-0.4267260761,0.9886992761,-0.4136920276,scatter
23100,4,0.9886992761,-0.4136920276,0.7036362018,-0.5308008234,scatter
23100,5,0.7036362018,-0.5308008234,1.2531041781,-1.2893879428,scatter
23100,6,1.2531041781,-1.2893879428,0.5331693667,-1.1681253055,scatter
23100,7,0.5331693667,-1.1681253055,1.5364044026,-4.4382808399,scatter
23100,8,1.5364044026,-4.4382808399,1.4160635264,-6.9460630844,scatter
23100,9,1.4160635264,-6.9460630844,0.4259481088,-7.3691133692,absorb
23200,1,0.0000000000,0.0000000000,2.7845236964,0.0000000000,scatter
23200,2,2.7845236964,0.0000000000,2.1553468163,1.0607031327,scatter
23200,3,2.1553468163,1.0607031327,2.1322709504,0.9159248446,absorb
23300,1,0.0000000000,0.0000000000,0.0748765921,0.0000000000,scatter
23300,2,0.0748765921,0.0000000000,0.0000000000,-0.0702061667,exit_left
23400,1,0.0000000000,0.0000000000,2.4861993013,0.0000000000,absorb
23500,1,0.0000000000,0.0000000000,3.5842273142,0.0000000000,scatter
23500,2,3.5842273142,0.0000000000,3.5839290600,0.3221718876,absorb
23600,1,0.0000000000,0.0000000000,0.0632601188,0.0000000000,scatter
23600,2,0.0632601188,0.0000000000,3.3330142989,-1.6526959145,scatter
23600,3,3.3330142989,-1.6526959145,3.6066848763,1.8928742960,scatter
23600,4,3.6066848763,1.8928742960,4.2641463810,2.2639906252,scatter
23600,5,4.2641463810,2.2639906252,5.0000000000,3.0807895244,exit_right
23700,1,0.0000000000,0.0000000000,0.8844254109,0.0000000000,scatter
23700,2,0.8844254109,0.0000000000,1.0696844528,-0.0992135293,scatter
23700,3,1.0696844528,-0.0992135293,0.3483002816,-0.1090190821,absorb
23800,1,0.0000000000,0.0000000000,3.7885528160,0.0000000000,scatter
23800,2,3.7885528160,0.0000000000,4.9170471107,-2.1996860429,scatter
23800,3,4.9170471107,-2.1996860429,4.2951055817,1.6125209325,scatter
23800,4,4.2951055817,1.6125209325,5.0000000000,1.8983458264,exit_right
23900,1,0.0000000000,0.0000000000,1.2307327280,0.0000000000,scatter
23900,2,1.2307327280,0.0000000000,3.7974054182,5.8075812825,scatter
23900,3,3.7974054182,5.8075812825,4.9621934676,4.4728041773,scatter
23900,4,4.9621934676,4.4728041773,5.0000000000,4.5109831715,exit_right
24000,1,0.0000000000,0.0000000000,4.6899188210,0.0000000000,scatter
24000,2,4.6899188210,0.0000000000,5.0000000000,-0.4121172124,exit_right
24100,1,0.0000000000,0.0000000000,1.2082913820,0.0000000000,absorb
24200,1,0.0000000000,0.0000000000,2.2252721024,0.0000000000,scatter
24200,2,2.2252721024,0.0000000000,2.6784473731,-0.5920393113,scatter
24200,3,2.6784473731,-0.5920393113,4.9947797272,-3.4057594429,scatter
24200,4,4.9947797272,-3.4057594429,0.0000000000,-3.1652897388,exit_left
24300,1,0.0000000000,0.0000000000,2.0951732734,0.0000000000,scatter
24300,2,2.0951732734,0.0000000000,2.1178151839,-0.0390133238,scatter
24300,3,2.1178151839,-0.0390133238,1.7687851741,-0.4022250136,scatter
24300,4,1.7687851741,-0.4022250136,1.4669786057,-0.4195556839,scatter
24300,5,1.4669786057,-0.4195556839,0.6731173830,2.3601868256,scatter
24300,6,0.6731173830,2.3601868256,0.7211675065,2.1036536386,scatter
24300,7,0.7211675065,2.1036536386,3.6303237046,-7.3675010897,absorb
24400,1,0.0000000000,0.0000000000,0.0416782543,0.0000000000,scatter
24400,2,0.0416782543,0.0000000000,1.1340279265,0.0365888183,scatter
24400,3,1.1340279265,0.0365888183,1.2553582357,0.2497152373,scatter
24400,4,1.2553582357,0.2497152373,1.2058297651,-0.3050357414,scatter
24400,5,1.2058297651,-0.3050357414,0.0000000000,0.6160686635,exit_left
24500,1,0.0000000000,0.0000000000,2.0168753709,0.0000000000,scatter
24500,2,2.0168753709,0.0000000000,2.9617638814,-0.4125587075,absorb
24600,1,0.0000000000,0.0000000000,3.6166997383,0.0000000000,scatter
24600,2,3.6166997383,0.0000000000,3.0776516253,-0.9558029214,scatter
24600,3,3.0776516253,-0.9558029214,4.8715076348,-3.4452548600,scatter
24600,4,4.8715076348,-3.4452548600,4.4845016554,-3.6243877274,absorb
24700,1,0.0000000000,0.0000000000,1.0129845998,0.0000000000,scatter
24700,2,1.0129845998,0.0000000000,0.6141933571,0.7769221064,scatter
24700,3,0.6141933571,0.7769221064,0.0000000000,0.9041557698,exit_left
24800,1,0.0000000000,0.0000000000,0.6369424559,0.0000000000,scatter
24800,2,0.6369424559,0.0000000000,0.0000000000,-0.2819297781,exit_left
24900,1,0.0000000000,0.0000000000,0.1079479847,0.0000000000,scatter
24900,2,0.1079479847,0.0000000000,0.3701338325,0.0139060480,scatter
24900,3,0.3701338325,0.0139060480,1.2520036011,2.3074271387,scatter
24900,4,1.2520036011,2.3074271387,0.0000000000,3.6464449340,exit_left
25000,1,0.0000000000,0.0000000000,0.3816299697,0.0000000000,scatter
25000,2,0.3816299697,0.0000000000,0.0000000000,-0.7296638291,exit_left
25100,1,0.0000000000,0.0000000000,1.5636794384,0.0000000000,scatter
25100,2,1.5636794384,0.0000000000,1.0897995282,0.0590865745,absorb
25200,1,0.0000000000,0.0000000000,1.8511762944,0.0000000000,scatter
25200,2,1.8511762944,0.0000000000,2.1765001557,0.6985182083,absorb
25300,1,0.0000000000,0.0000000000,0.1599892625,0.0000000000,scatter
25300,2,0.1599892625,0.0000000000,0.0000000000,-0.0767690123,exit_left
25400,1,0.0000000000,0.0000000000,0.3724321059,0.0000000000,absorb
25500,1,0.0000000000,0.0000000000,0.0441546700,0.0000000000,scatter
25500,2,0.0441546700,0.0000000000,1.6795079322,3.4183833001,scatter
25500,3,1.6795079322,3.4183833001,3.2425324432,2.8221235250,scatter
25500,4,3.2425324432,2.8221235250,3.1763647961,2.7926950205,scatter
25500,5,3.1763647961,2.7926950205,2.8152290438,0.7111086818,scatter
25500,6,2.8152290438,0.7111086818,3.0076311016,1.3890692049,absorb
25600,1,0.0000000000,0.0000000000,0.0265258160,0.0000000000,scatter
25600,2,0.0265258160,0.0000000000,0.3398473248,-0.3533910108,scatter
25600,3,0.3398473248,-0.3533910108,0.0000000000,-0.5897375557,exit_left
25700,1,0.0000000000,0.0000000000,1.4096500896,0.0000000000,scatter
25700,2,1.4096500896,0.0000000000,1.5676516920,-0.0684694342,scatter
25700,3,1.5676516920,-0.0684694342,5.0000000000,-0.8583358371,exit_right
25800,1,0.0000000000,0.0000000000,1.6423291080,0.0000000000,scatter
25800,2,1.6423291080,0.0000000000,0.7325832635,-0.2213458265,scatter
25800,3,0.7325832635,-0.2213458265,0.4156737290,-0.0058673491,scatter
25800,4,0.4156737290,-0.0058673491,0.0000000000,-3.1259731109,exit_left
25900,1,0.0000000000,0.0000000000,0.9567643311,0.0000000000,absorb
26000,1,0.0000000000,0.0000000000,0.3204050079,0.0000000000,scatter
26000,2,0.3204050079,0.0000000000,0.0000000000,0.0192292549,exit_left
26100,1,0.0000000000,0.0000000000,0.6295766094,0.0000000000,absorb
26200,1,0.0000000000,0.0000000000,1.8297301093,0.0000000000,absorb
26300,1,0.0000000000,0.0000000000,0.2300516667,0.0000000000,scatter
26300,2,0.2300516667,0.0000000000,3.6105730666,3.7817598128,scatter
26300,3,3.6105730666,3.7817598128,4.1517059539,7.4344478109,scatter
26300,4,4.1517059539,7.4344478109,5.0000000000,6.9349999864,exit_right
26400,1,0.0000000000,0.0000000000,1.0615470561,0.0000000000,scatter
26400,2,1.0615470561,0.0000000000,0.2318995219,-0.8827423750,scatter
26400,3,0.2318995219,-0.8827423750,0.2725752923,-0.9008109148,scatter
26400,4,0.2725752923,-0.9008109148,0.0000000000,-1.0521654993,exit_left
26500,1,0.0000000000,0.0000000000,2.1593630181,0.0000000000,scatter
26500,2,2.1593630181,0.0000000000,3.1667451802,-0.2252683647,scatter
26500,3,3.1667451802,-0.2252683647,3.2013627485,-0.3367296013,absorb
26600,1,0.0000000000,0.0000000000,0.0833311395,0.0000000000,scatter
26600,2,0.0833311395,0.0000000000,0.9976178451,-4.8061131635,scatter
26600,3,0.9976178451,-4.8061131635,1.4632340897,-4.7097683664,scatter
26600,4,1.4632340897,-4.7097683664,3.5874434775,-5.5450555631,scatter
26600,5,3.5874434775,-5.5450555631,3.9219998695,-5.9205789687,absorb
26700,1,0.0000000000,0.0000000000,0.2721551078,0.0000000000,scatter
26700,2,0.2721551078,0.0000000000,1.4718191891,-0.7561434641,scatter
26700,3,1.4718191891,-0.7561434641,0.0000000000,-0.2824638631,exit_left
26800,1,0.0000000000,0.0000000000,1.8169406815,0.0000000000,absorb
26900,1,0.0000000000,0.0000000000,0.7699108151,0.0000000000,scatter
26900,2,0.7699108151,0.0000000000,0.6434590572,1.1536206111,scatter
26900,3,0.6434590572,1.1536206111,0.1228552457,1.7851811621,absorb
27000,1,0.0000000000,0.0000000000,5.0000000000,0.0000000000,exit_right
27100,1,0.0000000000,0.0000000000,0.0070333083,0.0000000000,absorb
27200,1,0.0000000000,0.0000000000,0.6682704606,0.0000000000,absorb
27300,1,0.0000000000,0.0000000000,0.0921060519,0.0000000000,scatter
27300,2,0.0921060519,0.0000000000,0.0000000000,1.4413540311,exit_left
27400,1,0.0000000000,0.0000000000,3.0089653136,0.0000000000,scatter
27400,2,3.0089653136,0.0000000000,0.0000000000,0.1333658013,exit_left
27500,1,0.0000000000,0.0000000000,5.0000000000,0.0000000000,exit_right
27600,1,0.0000000000,0.0000000000,3.0474619317,0.0000000000,scatter
27600,2,3.0474619317,0.0000000000,2.4855982813,-0.0976504747,scatter
27600,3,2.4855982813,-0.0976504747,0.8444221344,-3.3261217937,scatter
27600,4,0.8444221344,-3.3261217937,0.3280974337,-6.1026954537,absorb
27700,1,0.0000000000,0.0000000000,1.9842270082,0.0000000000,scatter
27700,2,1.9842270082,0.0000000000,4.3157261473,0.2136241977,absorb
27800,1,0.0000000000,0.0000000000,1.1054238092,0.0000000000,scatter
27800,2,1.1054238092,0.0000000000,1.1284980509,-0.8925393985,scatter
27800,3,1.1284980509,-0.8925393985,1.1451194456,-1.8008639354,scatter
27800,4,1.1451194456,-1.8008639354,0.5531148751,-3.0313801087,absorb
27900,1,0.0000000000,0.0000000000,4.0364850483,0.0000000000,scatter
27900,2,4.0364850483,0.0000000000,1.8884996987,1.2831545346,scatter
27900,3,1.8884996987,1.2831545346,1.8358317228,0.9711016181,absorb
28000,1,0.0000000000,0.0000000000,0.0886774636,0.0000000000,scatter
28000,2,0.0886774636,0.0000000000,0.8339987340,-0.3017438111,scatter
28000,3,0.8339987340,-0.3017438111,2.5116975805,-4.2360339857,absorb
28100,1,0.0000000000,0.0000000000,0.7117348506,0.0000000000,scatter
28100,2,0.7117348506,0.0000000000,0.7954951357,-0.0007619492,absorb
28200,1,0.0000000000,0.0000000000,0.0078747153,0.0000000000,scatter
28200,2,0.0078747153,0.0000000000,0.0000000000,0.0057860266,exit_left
28300,1,0.0000000000,0.0000000000,0.6663198540,0.0000000000,scatter
28300,2,0.6663198540,0.0000000000,0.0000000000,0.0444328328,exit_left
28400,1,0.0000000000,0.0000000000,2.0920937184,0.0000000000,scatter
28400,2,2.0920937184,0.0000000000,3.5729139401,-0.5229294162,scatter
28400,3,3.5729139401,-0.5229294162,4.0419937485,-1.0962624213,scatter
28400,4,4.0419937485,-1.0962624213,3.9160804461,-1.1137306779,scatter
28400,5,3.9160804461,-1.1137306779,3.4375880425,-0.0812311007,absorb
28500,1,0.0000000000,0.0000000000,0.3369601871,0.0000000000,scatter
28500,2,0.3369601871,0.0000000000,0.3202924629,0.3779527435,scatter
28500,3,0.3202924629,0.3779527435,0.0000000000,1.6150273501,exit_left
28600,1,0.0000000000,0.0000000000,5.0000000000,0.0000000000,exit_right
28700,1,0.0000000000,0.0000000000,0.3297689513,0.0000000000,absorb
28800,1,0.0000000000,0.0000000000,1.4713451585,0.0000000000,scatter
28800,2,1.4713451585,0.0000000000,4.3546731265,0.6617084597,scatter
28800,3,4.3546731265,0.6617084597,5.0000000000,-0.1427302721,exit_right
28900,1,0.0000000000,0.0000000000,5.0000000000,0.0000000000,exit_right
29000,1,0.0000000000,0.0000000000,0.3431656644,0.0000000000,scatter
29000,2,0.3431656644,0.0000000000,2.3539558294,-1.1834044300,scatter
29000,3,2.3539558294,-1.1834044300,3.1014432965,-2.6009564996,absorb
29100,1,0.0000000000,0.0000000000,0.6003366226,0.0000000000,absorb
29200,1,0.0000000000,0.0000000000,0.4888600118,0.0000000000,scatter
29200,2,0.4888600118,0.0000000000,0.0000000000,-0.2499310551,exit_left
29300,1,0.0000000000,0.0000000000,0.3110070869,0.0000000000,scatter
29300,2,0.3110070869,0.0000000000,0.5982708959,-0.2277046563,scatter
29300,3,0.5982708959,-0.2277046563,0.6797948364,-0.2228528773,scatter
29300,4,0.6797948364,-0.2228528773,0.6019072517,-3.7070483932,absorb
29400,1,0.0000000000,0.0000000000,2.3138446991,0.0000000000,scatter
29400,2,2.3138446991,0.0000000000,1.3359416286,0.5797794127,scatter
29400,3,1.3359416286,0.5797794127,2.9266770290,2.6358981938,scatter
29400,4,2.9266770290,2.6358981938,2.9882225705,2.7365569447,absorb
29500,1,0.0000000000,0.0000000000,2.1927954603,0.0000000000,scatter
29500,2,2.1927954603,0.0000000000,2.0644451524,0.1555024764,scatter
29500,3,2.0644451524,0.1555024764,0.2978659498,-0.7097867970,scatter
29500,4,0.2978659498,-0.7097867970,0.1456682150,1.1555956418,scatter
29500,5,0.1456682150,1.1555956418,0.1333453868,0.9704461343,absorb
29600,1,0.0000000000,0.0000000000,0.4360040049,0.0000000000,scatter
29600,2,0.4360040049,0.0000000000,0.0000000000,-0.1218574384,exit_left
29700,1,0.0000000000,0.0000000000,0.3977018065,0.0000000000,scatter
29700,2,0.3977018065,0.0000000000,5.0000000000,-0.2962396678,exit_right
29800,1,0.0000000000,0.0000000000,0.1877411291,0.0000000000,scatter
29800,2,0.1877411291,0.0000000000,0.0000000000,-0.0633590266,exit_left
29900,1,0.0000000000,0.0000000000,0.1622629270,0.0000000000,scatter
29900,2,0.1622629270,0.0000000000,0.3189630704,-2.5409014326,scatter
29900,3,0.3189630704,-2.5409014326,0.0000000000,-2.4600032611,exit_left
30000,1,0.0000000000,0.0000000000,1.8196446233,0.0000000000,scatter
30000,2,1.8196446233,0.0000000000,1.8076137595,0.4350103365,absorb
30100,1,0.0000000000,0.0000000000,0.1228204692,0.0000000000,scatter
30100,2,0.1228204692,0.0000000000,0.0000000000,0.2606316803,exit_left
30200,1,0.0000000000,0.0000000000,0.7539401481,0.0000000000,scatter
30200,2,0.7539401481,0.0000000000,0.0000000000,-1.5567709427,exit_left
30300,1,0.0000000000,0.0000000000,2.3041274317,0.0000000000,scatter
30300,2,2.3041274317,0.0000000000,3.4642241004,-2.3966256654,scatter
30300,3,3.4642241004,-2.3966256654,5.0000000000,-2.6343149034,exit_right
30400,1,0.0000000000,0.0000000000,2.5256990199,0.0000000000,scatter
30400,2,2.5256990199,0.0000000000,5.0000000000,-0.9266317108,exit_right
30500,1,0.0000000000,0.0000000000,0.3322261766,0.0000000000,scatter
30500,2,0.3322261766,0.0000000000,1.2038314473,-1.5196193793,scatter
30500,3,1.2038314473,-1.5196193793,1.2755759843,-1.4814267959,scatter
30500,4,1.2755759843,-1.4814267959,0.0000000000,-1.2233763064,exit_left
30600,1,0.0000000000,0.0000000000,2.8492298843,0.0000000000,absorb
30700,1,0.0000000000,0.0000000000,0.0128890723,0.0000000000,scatter
30700,2,0.0128890723,0.0000000000,1.5887624568,0.2074569597,scatter
30700,3,1.5887624568,0.2074569597,3.5734576126,-1.0711503905,scatter
30700,4,3.5734576126,-1.0711503905,3.6091353638,-0.9534133316,scatter
30700,5,3.6091353638,-0.9534133316,3.7868781808,-1.1403977035,scatter
30700,6,3.7868781808,-1.1403977035,3.0633380535,-0.2201612858,scatter
30700,7,3.0633380535,-0.2201612858,2.6316667393,-0.0867826860,scatter
30700,8,2.6316667393,-0.0867826860,0.6133847575,1.3405533672,scatter
30700,9,0.6133847575,1.3405533672,0.0000000000,1.2195166741,exit_left
30800,1,0.0000000000,0.0000000000,0.4202422432,0.0000000000,absorb
30900,1,0.0000000000,0.0000000000,5.0000000000,0.0000000000,exit_right
31000,1,0.0000000000,0.0000000000,1.8495391223,0.0000000000,scatter
31000,2,1.8495391223,0.0000000000,1.6768050424,-1.4708400745,scatter
31000,3,1.6768050424,-1.4708400745,0.0000000000,-2.4252070792,exit_left
31100,1,0.0000000000,0.0000000000,5.0000000000,0.0000000000,exit_right
31200,1,0.0000000000,0.0000000000,0.5281835902,0.0000000000,scatter
31200,2,0.5281835902,0.0000000000,0.0000000000,0.0309983551,exit_left
31300,1,0.0000000000,0.0000000000,0.1814766942,0.0000000000,scatter
31300,2,0.1814766942,0.0000000000,0.0757366800,-0.0022153236,scatter
31300,3,0.0757366800,-0.0022153236,0.5275838027,-0.1448778510,absorb
31400,1,0.0000000000,0.0000000000,5.0000000000,0.0000000000,exit_right
31500,1,0.0000000000,0.0000000000,0.9981049636,0.0000000000,scatter
31500,2,0.9981049636,0.0000000000,0.5974897928,-0.4423306186,absorb
31600,1,0.0000000000,0.0000000000,0.9197259774,0.0000000000,scatter
31600,2,0.9197259774,0.0000000000,1.3956281595,-0.8007744698,scatter
31600,3,1.3956281595,-0.8007744698,4.6382725024,-3.9255103235,scatter
31600,4,4.6382725024,-3.9255103235,3.4820844192,0.3325803838,scatter
31600,5,3.4820844192,0.3325803838,2.7929574557,-0.8596811034,scatter
31600,6,2.7929574557,-0.8596811034,3.1739432390,-1.5272885051,scatter
31600,7,3.1739432390,-1.5272885051,4.4428723430,-0.3775466356,scatter
31600,8,4.4428723430,-0.3775466356,5.0000000000,-0.4087181177,exit_right
31700,1,0.0000000000,0.0000000000,0.7811215364,0.0000000000,absorb
31800,1,0.0000000000,0.0000000000,0.2126947460,0.0000000000,scatter
31800,2,0.2126947460,0.0000000000,0.0000000000,-0.0643794394,exit_left
31900,1,0.0000000000,0.0000000000,5.0000000000,0.0000000000,exit_right
32000,1,0.0000000000,0.0000000000,5.0000000000,0.0000000000,exit_right
32100,1,0.0000000000,0.0000000000,5.0000000000,0.0000000000,exit_right
32200,1,0.0000000000,0.0000000000,0.4101425075,0.0000000000,absorb
32300,1,0.0000000000,0.0000000000,2.0090519453,0.0000000000,scatter
32300,2,2.0090519453,0.0000000000,1.8242668942,-0.1181984627,scatter
32300,3,1.8242668942,-0.1181984627,3.6093350570,2.1898706261,scatter
32300,4,3.6093350570,2.1898706261,4.7549264538,2.1144450572,scatter
32300,5,4.7549264538,2.1144450572,5.0000000000,2.1729580859,exit_right
32400,1,0.0000000000,0.0000000000,1.2924537025,0.0000000000,scatter
32400,2,1.2924537025,0.0000000000,0.0059871949,0.8967213164,scatter
32400,3,0.0059871949,0.8967213164,0.0000000000,0.9157637694,exit_left
32500,1,0.0000000000,0.0000000000,0.6125112813,0.0000000000,scatter
32500,2,0.6125112813,0.0000000000,0.0000000000,-0.5333527512,exit_left
32600,1,0.0000000000,0.0000000000,5.0000000000,0.0000000000,exit_right
32700,1,0.0000000000,0.0000000000,4.1445488217,0.0000000000,absorb
32800,1,0.0000000000,0.0000000000,1.7099545398,0.0000000000,scatter
32800,2,1.7099545398,0.0000000000,2.4848864811,-0.4256957692,absorb
32900,1,0.0000000000,0.0000000000,5.0000000000,0.0000000000,exit_right
33000,1,0.0000000000,0.0000000000,0.1391317611,0.0000000000,scatter
33000,2,0.1391317611,0.0000000000,0.0000000000,0.0210300155,exit_left
33100,1,0.0000000000,0.0000000000,0.0656307614,0.0000000000,scatter
33100,2,0.0656307614,0.0000000000,0.4815535126,0.1354940669,scatter
33100,3,0.4815535126,0.1354940669,4.2217688567,2.0316106016,scatter
33100,4,4.2217688567,2.0316106016,5.0000000000,1.3893387808,exit_right
33200,1,0.0000000000,0.0000000000,1.8583024491,0.0000000000,scatter
33200,2,1.8583024491,0.0000000000,1.9353882592,0.1755662383,scatter
33200,3,1.9353882592,0.1755662383,1.4694118431,-0.1616831014,absorb
33300,1,0.0000000000,0.0000000000,5.0000000000,0.0000000000,exit_right
33400,1,0.0000000000,0.0000000000,5.0000000000,0.0000000000,exit_right
33500,1,0.0000000000,0.0000000000,0.4001325657,0.0000000000,scatter
33500,2,0.4001325657,0.0000000000,0.3994264532,-0.8079791833,scatter
33500,3,0.3994264532,-0.8079791833,0.6765768726,-1.2304268184,scatter
33500,4,0.6765768726,-1.2304268184,1.0398001385,-1.2594129343,scatter
33500,5,1.0398001385,-1.2594129343,0.0000000000,-1.6568741494,exit_left
33600,1,0.0000000000,0.0000000000,2.0468997156,0.0000000000,scatter
33600,2,2.0468997156,0.0000000000,3.5222659611,0.5710366476,scatter
33600,3,3.5222659611,0.5710366476,3.4956218379,2.2014752553,scatter
33600,4,3.4956218379,2.2014752553,5.0000000000,2.3262762882,exit_right
33700,1,0.0000000000,0.0000000000,0.2637021160,0.0000000000,scatter
33700,2,0.2637021160,0.0000000000,0.0000000000,-0.0376901139,exit_left
33800,1,0.0000000000,0.0000000000,0.3783167060,0.0000000000,scatter
33800,2,0.3783167060,0.0000000000,0.8786104005,0.0204912663,scatter
33800,3,0.8786104005,0.0204912663,1.3877847531,0.0438730360,scatter
33800,4,1.3877847531,0.0438730360,0.0000000000,-0.2415207995,exit_left
33900,1,0.0000000000,0.0000000000,1.1376685222,0.0000000000,scatter
33900,2,1.1376685222,0.0000000000,4.5987925960,-2.7746173154,scatter
33900,3,4.5987925960,-2.7746173154,4.7905383571,-2.5655988737,scatter
33900,4,4.7905383571,-2.5655988737,5.0000000000,-2.6579899732,exit_right
34000,1,0.0000000000,0.0000000000,0.1471444993,0.0000000000,scatter
34000,2,0.1471444993,0.0000000000,0.0736311648,0.0013168898,scatter
34000,3,0.0736311648,0.0013168898,0.0000000000,-0.0394791384,exit_left
34100,1,0.0000000000,0.0000000000,2.9416128411,0.0000000000,scatter
34100,2,2.9416128411,0.0000000000,3.1858575080,-0.2924144239,scatter
34100,3,3.1858575080,-0.2924144239,3.2060974416,-1.0434953695,absorb
34200,1,0.0000000000,0.0000000000,2.9836343057,0.0000000000,scatter
34200,2,2.9836343057,0.0000000000,3.0157737037,0.1462467758,scatter
34200,3,3.0157737037,0.1462467758,2.9485591657,0.0219554904,scatter
34200,4,2.9485591657,0.0219554904,0.0000000000,-1.6489085662,exit_left
34300,1,0.0000000000,0.0000000000,0.9396809169,0.0000000000,scatter
34300,2,0.9396809169,0.0000000000,1.0883180682,0.4074994797,scatter
34300,3,1.0883180682,0.4074994797,1.5770051250,0.6949278974,scatter
34300,4,1.5770051250,0.6949278974,1.5872945696,0.5870138536,scatter
34300,5,1.5872945696,0.5870138536,1.5957435533,0.5904548453,absorb
34400,1,0.0000000000,0.0000000000,1.9608382660,0.0000000000,scatter
34400,2,1.9608382660,0.0000000000,1.0512953489,0.1008759330,scatter
34400,3,1.0512953489,0.1008759330,0.6838693529,-1.8442108955,scatter
34400,4,0.6838693529,-1.8442108955,0.7156417036,-1.8735748360,absorb
34500,1,0.0000000000,0.0000000000,0.4570960768,0.0000000000,scatter
34500,2,0.4570960768,0.0000000000,0.1000651284,-0.5675748405,absorb
34600,1,0.0000000000,0.0000000000,5.0000000000,0.0000000000,exit_right
34700,1,0.0000000000,0.0000000000,2.8202745762,0.0000000000,scatter
34700,2,2.8202745762,0.0000000000,3.2571867819,-0.6558480690,absorb
34800,1,0.0000000000,0.0000000000,4.3985802165,0.0000000000,scatter
34800,2,4.3985802165,0.0000000000,4.3801883234,-0.5159849116,scatter
34800,3,4.3801883234,-0.5159849116,0.0000000000,-1.6518979937,exit_left
34900,1,0.0000000000,0.0000000000,0.3170278524,0.0000000000,scatter
34900,2,0.3170278524,0.0000000000,0.7889793965,-0.1200640832,scatter
34900,3,0.7889793965,-0.1200640832,0.6403359609,-0.1485092876,scatter
34900,4,0.6403359609,-0.1485092876,0.4884760743,-0.3875410853,scatter
34900,5,0.4884760743,-0.3875410853,1.6570974676,-1.7491691220,absorb
35000,1,0.0000000000,0.0000000000,2.2076499271,0.0000000000,scatter
35000,2,2.2076499271,0.0000000000,1.5758022338,0.4053636077,absorb
35100,1,0.0000000000,0.0000000000,2.1132202388,0.0000000000,scatter
35100,2,2.1132202388,0.0000000000,2.7468386716,-1.6481013601,scatter
35100,3,2.7468386716,-1.6481013601,4.5146906000,-1.4952586044,scatter
35100,4,4.5146906000,-1.4952586044,4.5161875407,-1.4457933732,scatter
35100,5,4.5161875407,-1.4457933732,4.8191813038,-0.4059143979,scatter
35100,6,4.8191813038,-0.4059143979,4.5674865047,0.5305171735,scatter
35100,7,4.5674865047,0.5305171735,4.3985802728,-0.4242713035,absorb
35200,1,0.0000000000,0.0000000000,1.9365614759,0.0000000000,scatter
35200,2,1.9365614759,0.0000000000,1.0285901623,1.1023014760,absorb
35300,1,0.0000000000,0.0000000000,5.0000000000,0.0000000000,exit_right
35400,1,0.0000000000,0.0000000000,4.6074895718,0.0000000000,scatter
35400,2,4.6074895718,0.0000000000,2.6635802525,-0.9207570502,scatter
35400,3,2.6635802525,-0.9207570502,2.6558232943,-0.9574753707,scatter
35400,4,2.6558232943,-0.9574753707,3.3500917846,0.1964744020,scatter
35400,5,3.3500917846,0.1964744020,2.2183342333,-3.0158622492,scatter
35400,6,2.2183342333,-3.0158622492,2.3525939373,-6.6671007218,scatter
35400,7,2.3525939373,-6.6671007218,2.3451187360,-7.3404339093,scatter
35400,8,2.3451187360,-7.3404339093,2.6620240640,-8.2924950728,scatter
35400,9,2.6620240640,-8.2924950728,2.7063600023,-8.3338947440,scatter
35400,10,2.7063600023,-8.3338947440,0.8962039118,-13.4967125149,absorb
35500,1,0.0000000000,0.0000000000,1.5827786108,0.0000000000,scatter
35500,2,1.5827786108,0.0000000000,0.1990970040,5.3367105220,scatter
35500,3,0.1990970040,5.3367105220,0.0000000000,5.3674376619,exit_left
35600,1,0.0000000000,0.0000000000,5.0000000000,0.0000000000,exit_right
35700,1,0.0000000000,0.0000000000,0.6159696408,0.0000000000,scatter
35700,2,0.6159696408,0.0000000000,0.3886566215,-1.2264230519,absorb
35800,1,0.0000000000,0.0000000000,2.8997600394,0.0000000000,scatter
35800,2,2.8997600394,0.0000000000,5.0000000000,-4.3265750307,exit_right
35900,1,0.0000000000,0.0000000000,3.6505978760,0.0000000000,scatter
35900,2,3.6505978760,0.0000000000,1.4810997836,0.8974875856,scatter
35900,3,1.4810997836,0.8974875856,0.8346694901,0.4673927959,scatter
35900,4,0.8346694901,0.4673927959,1.7238131696,2.6987617897,scatter
35900,5,1.7238131696,2.6987617897,2.8276246276,2.7331764386,scatter
35900,6,2.8276246276,2.7331764386,4.1162897782,1.1029248204,scatter
35900,7,4.1162897782,1.1029248204,4.2470819296,3.8075526657,scatter
35900,8,4.2470819296,3.8075526657,3.9923312219,2.8235044881,scatter
35900,9,3.9923312219,2.8235044881,3.9347475627,1.0916384921,absorb
36000,1,0.0000000000,0.0000000000,0.0900750216,0.0000000000,absorb
36100,1,0.0000000000,0.0000000000,1.9063270198,0.0000000000,scatter
36100,2,1.9063270198,0.0000000000,1.7205065835,-0.3921549036,scatter
36100,3,1.7205065835,-0.3921549036,0.1767524813,-2.7597465998,scatter
36100,4,0.1767524813,-2.7597465998,0.0000000000,-3.0779435618,exit_left
36200,1,0.0000000000,0.0000000000,5.0000000000,0.0000000000,exit_right
36300,1,0.0000000000,0.0000000000,2.0280853965,0.0000000000,scatter
36300,2,2.0280853965,0.0000000000,2.1008615728,-0.0502192968,absorb
36400,1,0.0000000000,0.0000000000,5.0000000000,0.0000000000,exit_right
36500,1,0.0000000000,0.0000000000,5.0000000000,0.0000000000,exit_right
36600,1,0.0000000000,0.0000000000,1.0089385586,0.0000000000,scatter
36600,2,1.0089385586,0.0000000000,1.9883169014,-0.1133796319,scatter
36600,3,1.9883169014,-0.1133796319,3.4973661122,-1.0909063844,scatter
36600,4,3.4973661122,-1.0909063844,0.4340183751,-3.2435679747,scatter
36600,5,0.4340183751,-3.2435679747,0.3311521464,-3.2319830188,scatter
36600,6,0.3311521464,-3.2319830188,0.4056064934,-3.1498916289,scatter
36600,7,0.4056064934,-3.1498916289,0.7943550423,-5.3723441380,scatter
36600,8,0.7943550423,-5.3723441380,0.0000000000,-5.1912806508,exit_left
36700,1,0.0000000000,0.0000000000,1.2457108580,0.0000000000,scatter
36700,2,1.2457108580,0.0000000000,4.7031380629,2.3274673152,scatter
36700,3,4.7031380629,2.3274673152,2.7842354250,1.1436086314,scatter
36700,4,2.7842354250,1.1436086314,2.3722912409,2.1280169816,scatter
36700,5,2.3722912409,2.1280169816,2.5145345021,2.0801521764,absorb
36800,1,0.0000000000,0.0000000000,3.0373266688,0.0000000000,scatter
36800,2,3.0373266688,0.0000000000,3.2656679295,-1.5017183720,scatter
36800,3,3.2656679295,-1.5017183720,2.7328725418,-1.0456774270,absorb
36900,1,0.0000000000,0.0000000000,0.2095173717,0.0000000000,scatter
36900,2,0.2095173717,0.0000000000,0.5802642383,-0.1301864887,scatter
36900,3,0.5802642383,-0.1301864887,2.1448313890,-0.1719237712,absorb
37000,1,0.0000000000,0.0000000000,1.0441079296,0.0000000000,absorb
37100,1,0.0000000000,0.0000000000,4.0062462216,0.0000000000,scatter
37100,2,4.0062462216,0.0000000000,3.8044994847,0.0127616266,scatter
37100,3,3.8044994847,0.0127616266,3.1122434532,-0.2026903683,scatter
37100,4,3.1122434532,-0.2026903683,4.9794651472,-0.4033041906,scatter
37100,5,4.9794651472,-0.4033041906,5.0000000000,-0.3790974823,exit_right
37200,1,0.0000000000,0.0000000000,0.2167403936,0.0000000000,scatter
37200,2,0.2167403936,0.0000000000,0.0000000000,-0.1000334470,exit_left
37300,1,0.0000000000,0.0000000000,1.4224764375,0.0000000000,scatter
37300,2,1.4224764375,0.0000000000,2.5626820302,-0.3975603404,scatter
37300,3,2.5626820302,-0.3975603404,0.6200249058,0.2384932491,scatter
37300,4,0.6200249058,0.2384932491,1.1083522467,0.4974960766,scatter
37300,5,1.1083522467,0.4974960766,3.3931679500,0.0069632085,scatter
37300,6,3.3931679500,0.0069632085,2.8404016852,-0.0146205322,absorb
37400,1,0.0000000000,0.0000000000,0.1762660033,0.0000000000,scatter
37400,2,0.1762660033,0.0000000000,1.2043196852,-1.4236000831,scatter
37400,3,1.2043196852,-1.4236000831,0.0000000000,-2.5215717734,exit_left
37500,1,0.0000000000,0.0000000000,0.3444516434,0.0000000000,scatter
37500,2,0.3444516434,0.0000000000,0.6841557060,2.6602399221,absorb
37600,1,0.0000000000,0.0000000000,0.8467954972,0.0000000000,scatter
37600,2,0.8467954972,0.0000000000,0.8486056748,-0.2764824651,scatter
37600,3,0.8486056748,-0.2764824651,1.0325718835,-0.0769073627,scatter
37600,4,1.0325718835,-0.0769073627,0.5104383278,-1.8389814784,scatter
37600,5,0.5104383278,-1.8389814784,0.0000000000,-1.1596196221,exit_left
37700,1,0.0000000000,0.0000000000,2.6466152972,0.0000000000,scatter
37700,2,2.6466152972,0.0000000000,4.1077482536,1.4192230142,scatter
37700,3,4.1077482536,1.4192230142,0.7224782711,-1.0463751308,absorb
37800,1,0.0000000000,0.0000000000,0.0966153751,0.0000000000,scatter
37800,2,0.0966153751,0.0000000000,0.5178152101,-0.5998204258,scatter
37800,3,0.5178152101,-0.5998204258,0.8725459134,-0.2067502156,absorb
37900,1,0.0000000000,0.0000000000,1.9586524875,0.0000000000,scatter
37900,2,1.9586524875,0.0000000000,1.0504409694,1.8549987308,absorb
38000,1,0.0000000000,0.0000000000,0.3289088208,0.0000000000,scatter
38000,2,0.3289088208,0.0000000000,3.6225685810,5.5751821165,absorb
38100,1,0.0000000000,0.0000000000,0.9713579627,0.0000000000,scatter
38100,2,0.9713579627,0.0000000000,1.1720046778,0.4127024134,scatter
38100,3,1.1720046778,0.4127024134,2.8892758269,-1.0424751251,absorb
38200,1,0.0000000000,0.0000000000,1.8407999096,0.0000000000,absorb
38300,1,0.0000000000,0.0000000000,2.9734765822,0.0000000000,absorb
38400,1,0.0000000000,0.0000000000,0.0963186270,0.0000000000,scatter
38400,2,0.0963186270,0.0000000000,0.6229473080,0.2559138524,scatter
38400,3,0.6229473080,0.2559138524,0.6353961597,-0.3369358428,scatter
38400,4,0.6353961597,-0.3369358428,0.5080908950,-0.4680392469,scatter
38400,5,0.5080908950,-0.4680392469,5.0000000000,-4.3052056031,exit_right
38500,1,0.0000000000,0.0000000000,0.7803055193,0.0000000000,scatter
38500,2,0.7803055193,0.0000000000,1.1192974224,2.6680080638,scatter
38500,3,1.1192974224,2.6680080638,0.2780133507,1.1421201850,scatter
38500,4,0.2780133507,1.1421201850,0.0000000000,1.8649686982,exit_left
38600,1,0.0000000000,0.0000000000,0.8334407248,0.0000000000,scatter
38600,2,0.8334407248,0.0000000000,0.7690440438,-0.2863373720,scatter
38600,3,0.7690440438,-0.2863373720,0.0615689737,-2.3612745655,absorb
38700,1,0.0000000000,0.0000000000,0.5284110759,0.0000000000,scatter
38700,2,0.5284110759,0.0000000000,0.3541431356,0.0642590324,absorb
38800,1,0.0000000000,0.0000000000,5.0000000000,0.0000000000,exit_right
38900,1,0.0000000000,0.0000000000,5.0000000000,0.0000000000,exit_right
39000,1,0.0000000000,0.0000000000,2.1713801984,0.0000000000,scatter
39000,2,2.1713801984,0.0000000000,4.4923820983,-0.1040902973,scatter
39000,3,4.4923820983,-0.1040902973,4.5479960290,-1.0320746902,scatter
39000,4,4.5479960290,-1.0320746902,3.9202664559,0.0304514818,absorb
39100,1,0.0000000000,0.0000000000,5.0000000000,0.0000000000,exit_right
39200,1,0.0000000000,0.0000000000,0.3578646713,0.0000000000,absorb
39300,1,0.0000000000,0.0000000000,0.4345083401,0.0000000000,absorb
39400,1,0.0000000000,0.0000000000,2.0728977914,0.0000000000,scatter
39400,2,2.0728977914,0.0000000000,2.0895317150,-0.0014441983,scatter
39400,3,2.0895317150,-0.0014441983,0.9442479862,-1.2320904427,absorb
39500,1,0.0000000000,0.0000000000,4.3256583560,0.0000000000,scatter
39500,2,4.3256583560,0.0000000000,4.3374792141,0.0153588941,scatter
39500,3,4.3374792141,0.0153588941,4.8070865277,0.2854072082,absorb
39600,1,0.0000000000,0.0000000000,5.0000000000,0.0000000000,exit_right
39700,1,0.0000000000,0.0000000000,3.3237397843,0.0000000000,scatter
39700,2,3.3237397843,0.0000000000,4.0543343786,-0.6707220295,scatter
39700,3,4.0543343786,-0.6707220295,3.9687875604,0.8664789934,scatter
39700,4,3.9687875604,0.8664789934,4.7334378779,0.3741517281,scatter
39700,5,4.7334378779,0.3741517281,4.5619770179,0.8663375228,scatter
39700,6,4.5619770179,0.8663375228,4.9427964914,0.6074848873,scatter
39700,7,4.9427964914,0.6074848873,5.0000000000,0.4534250829,exit_right
39800,1,0.0000000000,0.0000000000,1.9389141034,0.0000000000,scatter
39800,2,1.9389141034,0.0000000000,0.0000000000,2.4167998462,exit_left
39900,1,0.0000000000,0.0000000000,4.2118497476,0.0000000000,scatter
39900,2,4.2118497476,0.0000000000,1.8155833373,-2.1876674335,absorb
40000,1,0.0000000000,0.0000000000,0.8967018410,0.0000000000,scatter
40000,2,0.8967018410,0.0000000000,0.2154736339,0.9604736772,scatter
40000,3,0.2154736339,0.9604736772,1.3774476269,-0.2344527841,scatter
40000,4,1.3774476269,-0.2344527841,1.1080777598,-0.6928580081,scatter
40000,5,1.1080777598,-0.6928580081,1.5356937790,-7.5418275906,scatter
40000,6,1.5356937790,-7.5418275906,0.0000000000,-8.1525249609,exit_left
40100,1,0.0000000000,0.0000000000,0.8977984045,0.0000000000,scatter
40100,2,0.8977984045,0.0000000000,0.1531874641,2.4395627760,scatter
40100,3,0.1531874641,2.4395627760,0.2430684764,3.2366013365,scatter
40100,4,0.2430684764,3.2366013365,2.3363446044,13.1600457945,scatter
40100,5,2.3363446044,13.1600457945,1.6511687395,11.1610818995,scatter
40100,6,1.6511687395,11.1610818995,2.5918633282,7.9524328135,scatter
40100,7,2.5918633282,7.9524328135,2.8887832463,6.7741771063,scatter
40100,8,2.8887832463,6.7741771063,1.3331774992,7.3044398531,scatter
40100,9,1.3331774992,7.3044398531,2.9699787200,5.6340720830,scatter
40100,10,2.9699787200,5.6340720830,2.6065185249,5.6577457068,absorb
40200,1,0.0000000000,0.0000000000,0.4476573861,0.0000000000,scatter
40200,2,0.4476573861,0.0000000000,1.0414950661,-3.4197184542,scatter
40200,3,1.0414950661,-3.4197184542,2.4029887907,-2.3519150627,scatter
40200,4,2.4029887907,-2.3519150627,2.3167915454,-2.5477063494,absorb
40300,1,0.0000000000,0.0000000000,4.4165433697,0.0000000000,scatter
40300,2,4.4165433697,0.0000000000,4.6673638006,-0.2155746339,scatter
40300,3,4.6673638006,-0.2155746339,5.0000000000,0.1589563036,exit_right
40400,1,0.0000000000,0.0000000000,5.0000000000,0.0000000000,exit_right
40500,1,0.0000000000,0.0000000000,3.4677072260,0.0000000000,scatter
40500,2,3.4677072260,0.0000000000,2.8101536388,-0.2090923940,scatter
40500,3,2.8101536388,-0.2090923940,0.3638732543,-0.9073861123,absorb
40600,1,0.0000000000,0.0000000000,2.2968849195,0.0000000000,scatter
40600,2,2.2968849195,0.0000000000,5.0000000000,2.0066668786,exit_right
40700,1,0.0000000000,0.0000000000,2.5900505824,0.0000000000,absorb
40800,1,0.0000000000,0.0000000000,0.6519770244,0.0000000000,scatter
40800,2,0.6519770244,0.0000000000,1.0090876706,-0.5071487483,scatter
40800,3,1.0090876706,-0.5071487483,0.0000000000,-0.4029494804,exit_left
40900,1,0.0000000000,0.0000000000,2.1441163827,0.0000000000,absorb
41000,1,0.0000000000,0.0000000000,0.7890688698,0.0000000000,scatter
41000,2,0.7890688698,0.0000000000,0.0000000000,0.4107828651,exit_left
41100,1,0.0000000000,0.0000000000,3.9725411842,0.0000000000,scatter
41100,2,3.9725411842,0.0000000000,0.0000000000,-0.3050936532,exit_left
41200,1,0.0000000000,0.0000000000,2.0381753723,0.0000000000,scatter
41200,2,2.0381753723,0.0000000000,0.1345129232,-0.0993392089,scatter
41200,3,0.1345129232,-0.0993392089,0.0000000000,-0.1021992291,exit_left
41300,1,0.0000000000,0.0000000000,1.4013183750,0.0000000000,scatter
41300,2,1.4013183750,0.0000000000,0.8171841952,-1.5323260850,scatter
41300,3,0.8171841952,-1.5323260850,0.0000000000,-2.6776972634,exit_left
41400,1,0.0000000000,0.0000000000,2.3140009038,0.0000000000,scatter
41400,2,2.3140009038,0.0000000000,2.4085148996,-2.6560434425,scatter
41400,3,2.4085148996,-2.6560434425,2.1176810034,-2.3135221197,absorb
41500,1,0.0000000000,0.0000000000,3.5339993558,0.0000000000,scatter
41500,2,3.5339993558,0.0000000000,5.0000000000,-7.4471349900,exit_right
41600,1,0.0000000000,0.0000000000,0.4424920054,0.0000000000,scatter
41600,2,0.4424920054,0.0000000000,0.0000000000,-0.4815132006,exit_left
41700,1,0.0000000000,0.0000000000,1.2383502122,0.0000000000,absorb
41800,1,0.0000000000,0.0000000000,1.9043429091,0.0000000000,absorb
41900,1,0.0000000000,0.0000000000,3.0677658507,0.0000000000,scatter
41900,2,3.0677658507,0.0000000000,3.0210337384,-0.0123714177,scatter
41900,3,3.0210337384,-0.0123714177,2.4342422878,-0.5051549075,scatter
41900,4,2.4342422878,-0.5051549075,2.1949586074,-0.1575709609,scatter
41900,5,2.1949586074,-0.1575709609,3.8171199915,-1.7016203019,scatter
41900,6,3.8171199915,-1.7016203019,3.8563898175,-1.6389350431,scatter
41900,7,3.8563898175,-1.6389350431,1.4201201430,0.6707877308,scatter
41900,8,1.4201201430,0.6707877308,0.0000000000,-0.6948879725,exit_left
42000,1,0.0000000000,0.0000000000,0.1953285759,0.0000000000,absorb
42100,1,0.0000000000,0.0000000000,0.0841618576,0.0000000000,scatter
42100,2,0.0841618576,0.0000000000,0.9593583510,3.7283307791,scatter
42100,3,0.9593583510,3.7283307791,3.9261973072,2.1523778786,absorb
42200,1,0.0000000000,0.0000000000,2.1368498307,0.0000000000,scatter
42200,2,2.1368498307,0.0000000000,0.4949752734,6.7441268661,absorb
42300,1,0.0000000000,0.0000000000,0.3158230457,0.0000000000,scatter
42300,2,0.3158230457,0.0000000000,0.0000000000,-0.3134132623,exit_left
42400,1,0.0000000000,0.0000000000,3.1883074742,0.0000000000,scatter
42400,2,3.1883074742,0.0000000000,2.7800170501,0.9180055104,scatter
42400,3,2.7800170501,0.9180055104,4.3171001734,1.4556875023,scatter
42400,4,4.3171001734,1.4556875023,4.0412157168,2.7289767308,scatter
42400,5,4.0412157168,2.7289767308,1.5009066118,1.3129096747,scatter
42400,6,1.5009066118,1.3129096747,3.4499407888,3.1441122521,scatter
42400,7,3.4499407888,3.1441122521,2.3303367424,-0.2576014934,scatter
42400,8,2.3303367424,-0.2576014934,3.3384435366,-0.8976183578,absorb
42500,1,0.0000000000,0.0000000000,2.2492178277,0.0000000000,scatter
42500,2,2.2492178277,0.0000000000,0.1780812767,0.4387708320,scatter
42500,3,0.1780812767,0.4387708320,0.5657655217,-1.1777364087,scatter
42500,4,0.5657655217,-1.1777364087,0.4700044514,-1.3818256456,absorb
42600,1,0.0000000000,0.0000000000,0.9439540257,0.0000000000,scatter
42600,2,0.9439540257,0.0000000000,0.8078351105,0.2403847438,scatter
42600,3,0.8078351105,0.2403847438,0.5079394664,-0.0579933193,scatter
42600,4,0.5079394664,-0.0579933193,0.2764543363,0.3147005938,scatter
42600,5,0.2764543363,0.3147005938,1.0872972002,-1.7243943185,scatter
42600,6,1.0872972002,-1.7243943185,1.1007473324,-1.7124861139,scatter
42600,7,1.1007473324,-1.7124861139,0.9149752766,-2.3017396708,scatter
42600,8,0.9149752766,-2.3017396708,0.0000000000,-0.9388172503,exit_left
42700,1,0.0000000000,0.0000000000,0.1077692640,0.0000000000,scatter
42700,2,0.1077692640,0.0000000000,3.3488985210,2.4806109692,absorb
42800,1,0.0000000000,0.0000000000,4.7839455918,0.0000000000,scatter
42800,2,4.7839455918,0.0000000000,4.2798780763,-0.5108078847,scatter
42800,3,4.2798780763,-0.5108078847,4.9237495930,-1.6506916497,scatter
42800,4,4.9237495930,-1.6506916497,5.0000000000,-1.9529985214,exit_right
42900,1,0.0000000000,0.0000000000,0.0228534142,0.0000000000,scatter
42900,2,0.0228534142,0.0000000000,0.0732063533,0.0204927793,scatter
42900,3,0.0732063533,0.0204927793,0.0000000000,0.3743570683,exit_left
43000,1,0.0000000000,0.0000000000,0.2543902704,0.0000000000,scatter
43000,2,0.2543902704,0.0000000000,0.9853008752,-2.7890483282,scatter
43000,3,0.9853008752,-2.7890483282,0.1445989399,-2.1427243868,scatter
43000,4,0.1445989399,-2.1427243868,0.3405580157,-4.6377228265,scatter
43000,5,0.3405580157,-4.6377228265,0.5937348967,-4.5893258647,scatter
43000,6,0.5937348967,-4.5893258647,0.0000000000,-4.1287346445,exit_left
43100,1,0.0000000000,0.0000000000,2.2167815374,0.0000000000,scatter
43100,2,2.2167815374,0.0000000000,0.0000000000,0.8586523086,exit_left
43200,1,0.0000000000,0.0000000000,1.6391852372,0.0000000000,scatter
43200,2,1.6391852372,0.0000000000,1.6366432969,-0.0245473850,scatter
43200,3,1.6366432969,-0.0245473850,0.3069894337,3.0264353010,scatter
43200,4,0.3069894337,3.0264353010,0.0000000000,3.3969557858,exit_left
43300,1,0.0000000000,0.0000000000,0.4622840296,0.0000000000,scatter
43300,2,0.4622840296,0.0000000000,0.0000000000,0.0104707125,exit_left
43400,1,0.0000000000,0.0000000000,2.8634880386,0.0000000000,scatter
43400,2,2.8634880386,0.0000000000,4.8810673292,-2.5173674482,scatter
43400,3,4.8810673292,-2.5173674482,5.0000000000,-2.3971029915,exit_right
43500,1,0.0000000000,0.0000000000,3.3000629137,0.0000000000,scatter
43500,2,3.3000629137,0.0000000000,1.6428515477,-0.8649644208,scatter
43500,3,1.6428515477,-0.8649644208,0.0000000000,-1.9341145805,exit_left
43600,1,0.0000000000,0.0000000000,3.0982018803,0.0000000000,scatter
43600,2,3.0982018803,0.0000000000,2.5637372700,5.4656963803,absorb
43700,1,0.0000000000,0.0000000000,0.5406956101,0.0000000000,scatter
43700,2,0.5406956101,0.0000000000,0.0000000000,0.1056872970,exit_left
43800,1,0.0000000000,0.0000000000,1.5835396165,0.0000000000,scatter
43800,2,1.5835396165,0.0000000000,1.5427877941,-0.1842752823,scatter
43800,3,1.5427877941,-0.1842752823,1.2520685097,0.0371384186,scatter
43800,4,1.2520685097,0.0371384186,1.6305893179,-3.7814811808,scatter
43800,5,1.6305893179,-3.7814811808,3.4224946339,-6.9329853529,scatter
43800,6,3.4224946339,-6.9329853529,3.7081643095,-7.1503045378,scatter
43800,7,3.7081643095,-7.1503045378,3.7160807247,-7.1478966601,scatter
43800,8,3.7160807247,-7.1478966601,4.7651004523,-3.9940545028,scatter
43800,9,4.7651004523,-3.9940545028,4.6910187806,-1.9101135184,scatter
43800,10,4.6910187806,-1.9101135184,5.0000000000,-2.1081441413,exit_right
43900,1,0.0000000000,0.0000000000,0.6378468665,0.0000000000,absorb
44000,1,0.0000000000,0.0000000000,0.3082527784,0.0000000000,scatter
44000,2,0.3082527784,0.0000000000,0.0000000000,0.0626670589,exit_left
44100,1,0.0000000000,0.0000000000,2.4674625241,0.0000000000,scatter
44100,2,2.4674625241,0.0000000000,4.2639689196,0.0034549961,scatter
44100,3,4.2639689196,0.0034549961,3.2872797457,1.3923071809,absorb
44200,1,0.0000000000,0.0000000000,5.0000000000,0.0000000000,exit_right
44300,1,0.0000000000,0.0000000000,0.3254678331,0.0000000000,scatter
44300,2,0.3254678331,0.0000000000,0.0000000000,-0.4386151261,exit_left
44400,1,0.0000000000,0.0000000000,1.3712654201,0.0000000000,absorb
44500,1,0.0000000000,0.0000000000,2.8603915191,0.0000000000,scatter
44500,2,2.8603915191,0.0000000000,2.5819657780,-1.5238847695,scatter
44500,3,2.5819657780,-1.5238847695,2.7560320684,-1.6203118501,scatter
44500,4,2.7560320684,-1.6203118501,5.0000000000,-1.7958396462,exit_right
44600,1,0.0000000000,0.0000000000,2.6700700018,0.0000000000,scatter
44600,2,2.6700700018,0.0000000000,4.0747303835,-0.1278229071,absorb
44700,1,0.0000000000,0.0000000000,2.6472460020,0.0000000000,absorb
44800,1,0.0000000000,0.0000000000,1.1469418471,0.0000000000,scatter
44800,2,1.1469418471,0.0000000000,1.0914605930,0.3474589018,scatter
44800,3,1.0914605930,0.3474589018,2.3550685623,3.7067228376,scatter
44800,4,2.3550685623,3.7067228376,4.1798626218,4.6695522944,scatter
44800,5,4.1798626218,4.6695522944,3.6627460570,4.8426607027,scatter
44800,6,3.6627460570,4.8426607027,1.9694853366,3.4350514329,scatter
44800,7,1.9694853366,3.4350514329,1.6753119344,4.3912148289,scatter
44800,8,1.6753119344,4.3912148289,2.9784931276,4.4384458162,absorb
44900,1,0.0000000000,0.0000000000,1.7753433644,0.0000000000,scatter
44900,2,1.7753433644,0.0000000000,0.0000000000,0.0415490195,exit_left
45000,1,0.0000000000,0.0000000000,3.0317934978,0.0000000000,scatter
45000,2,3.0317934978,0.0000000000,3.2201356957,1.5123476362,scatter
45000,3,3.2201356957,1.5123476362,0.8289798951,3.4820547133,absorb
45100,1,0.0000000000,0.0000000000,4.9551365763,0.0000000000,scatter
45100,2,4.9551365763,0.0000000000,5.0000000000,0.0123539833,exit_right
45200,1,0.0000000000,0.0000000000,1.1918184303,0.0000000000,scatter
45200,2,1.1918184303,0.0000000000,1.2140220513,0.8635127978,scatter
45200,3,1.2140220513,0.8635127978,0.5191632303,0.9184498035,scatter
45200,4,0.5191632303,0.9184498035,0.0000000000,1.1989086910,exit_left
45300,1,0.0000000000,0.0000000000,2.6822731676,0.0000000000,absorb
45400,1,0.0000000000,0.0000000000,1.0931353715,0.0000000000,scatter
45400,2,1.0931353715,0.0000000000,5.0000000000,-1.1593620537,exit_right
45500,1,0.0000000000,0.0000000000,2.2219915652,0.0000000000,scatter
45500,2,2.2219915652,0.0000000000,2.5927244941,-1.1308013646,scatter
45500,3,2.5927244941,-1.1308013646,2.7146879540,-0.6329623706,scatter
45500,4,2.7146879540,-0.6329623706,0.9872890961,0.2275680782,absorb
45600,1,0.0000000000,0.0000000000,0.6006734313,0.0000000000,scatter
45600,2,0.6006734313,0.0000000000,0.0000000000,-0.0876637852,exit_left
45700,1,0.0000000000,0.0000000000,0.9002959259,0.0000000000,scatter
45700,2,0.9002959259,0.0000000000,1.8741774391,-2.2079047315,scatter
45700,3,1.8741774391,-2.2079047315,1.9179721378,1.6595684662,scatter
45700,4,1.9179721378,1.6595684662,0.0000000000,2.0966874893,exit_left
45800,1,0.0000000000,0.0000000000,5.0000000000,0.0000000000,exit_right
45900,1,0.0000000000,0.0000000000,0.8655891438,0.0000000000,scatter
45900,2,0.8655891438,0.0000000000,0.9538442633,0.1249747293,absorb
46000,1,0.0000000000,0.0000000000,1.0030308336,0.0000000000,scatter
46000,2,1.0030308336,0.0000000000,2.4443425073,1.7145836590,scatter
46000,3,2.4443425073,1.7145836590,2.6959113465,-4.6259407733,scatter
46000,4,2.6959113465,-4.6259407733,1.2818643044,-2.1188737793,scatter
46000,5,1.2818643044,-2.1188737793,1.0419079311,0.4023555332,scatter
46000,6,1.0419079311,0.4023555332,1.1808782630,0.7903531986,scatter
46000,7,1.1808782630,0.7903531986,0.2370320730,0.9353323712,scatter
46000,8,0.2370320730,0.9353323712,0.0000000000,0.9905461035,exit_left
46100,1,0.0000000000,0.0000000000,3.1673614255,0.0000000000,absorb
46200,1,0.0000000000,0.0000000000,4.3936336044,0.0000000000,scatter
46200,2,4.3936336044,0.0000000000,4.3713054954,0.0066018723,scatter
46200,3,4.3713054954,0.0066018723,1.5715806108,-1.7151826031,scatter
46200,4,1.5715806108,-1.7151826031,2.3035685635,-1.6039336351,absorb
46300,1,0.0000000000,0.0000000000,2.4692356673,0.0000000000,scatter
46300,2,2.4692356673,0.0000000000,2.4527846309,-0.1734315675,scatter
46300,3,2.4527846309,-0.1734315675,2.2986513751,0.4343792868,scatter
46300,4,2.2986513751,0.4343792868,2.3585642841,-0.6712725417,scatter
46300,5,2.3585642841,-0.6712725417,1.9344910083,2.4782054255,scatter
46300,6,1.9344910083,2.4782054255,3.1503810766,4.4736528422,scatter
46300,7,3.1503810766,4.4736528422,3.6361509246,6.5558343223,scatter
46300,8,3.6361509246,6.5558343223,3.5931953928,6.7742512851,scatter
46300,9,3.5931953928,6.7742512851,5.0000000000,4.0376087938,exit_right
46400,1,0.0000000000,0.0000000000,1.1450684373,0.0000000000,scatter
46400,2,1.1450684373,0.0000000000,0.5404758341,8.2744620505,scatter
46400,3,0.5404758341,8.2744620505,0.2277231258,7.8946962290,scatter
46400,4,0.2277231258,7.8946962290,0.0000000000,7.3924236505,exit_left
46500,1,0.0000000000,0.0000000000,0.5530873355,0.0000000000,scatter
46500,2,0.5530873355,0.0000000000,0.0000000000,0.1439004300,exit_left
46600,1,0.0000000000,0.0000000000,0.5484273062,0.0000000000,absorb
46700,1,0.0000000000,0.0000000000,0.8597354108,0.0000000000,scatter
46700,2,0.8597354108,0.0000000000,2.7817911724,-0.0796958945,scatter
46700,3,2.7817911724,-0.0796958945,1.9275930714,0.8634534569,scatter
46700,4,1.9275930714,0.8634534569,2.1360849007,0.9480506697,scatter
46700,5,2.1360849007,0.9480506697,1.5867262244,0.6710478311,scatter
46700,6,1.5867262244,0.6710478311,1.6019596703,1.6044308519,scatter
46700,7,1.6019596703,1.6044308519,5.0000000000,0.9755947292,exit_right
46800,1,0.0000000000,0.0000000000,1.3737442017,0.0000000000,scatter
46800,2,1.3737442017,0.0000000000,0.6013418043,0.2061904068,scatter
46800,3,0.6013418043,0.2061904068,2.0807275675,-0.9781271107,scatter
46800,4,2.0807275675,-0.9781271107,3.1209655425,-1.0186851043,scatter
46800,5,3.1209655425,-1.0186851043,4.4633516230,-5.2209046854,absorb
46900,1,0.0000000000,0.0000000000,1.4392122194,0.0000000000,scatter
46900,2,1.4392122194,0.0000000000,1.4389101349,-0.0404426355,scatter
46900,3,1.4389101349,-0.0404426355,2.4824530870,0.3686567910,scatter
46900,4,2.4824530870,0.3686567910,0.6099250528,-1.5814484467,scatter
46900,5,0.6099250528,-1.5814484467,1.6222692158,-3.9539435864,scatter
46900,6,1.6222692158,-3.9539435864,3.5072734162,-3.9176862943,absorb
47000,1,0.0000000000,0.0000000000,2.7766918167,0.0000000000,absorb
47100,1,0.0000000000,0.0000000000,3.3026141906,0.0000000000,absorb
47200,1,0.0000000000,0.0000000000,2.4723962985,0.0000000000,absorb
47300,1,0.0000000000,0.0000000000,0.1089921057,0.0000000000,scatter
47300,2,0.1089921057,0.0000000000,0.7026366247,-1.2907501731,absorb
47400,1,0.0000000000,0.0000000000,3.8045559933,0.0000000000,scatter
47400,2,3.8045559933,0.0000000000,3.0961890328,-0.3098170051,scatter
47400,3,3.0961890328,-0.3098170051,3.1003368482,-0.3117367974,scatter
47400,4,3.1003368482,-0.3117367974,2.7134570563,-0.1955644566,scatter
47400,5,2.7134570563,-0.1955644566,2.5137408922,-0.2291869511,scatter
47400,6,2.5137408922,-0.2291869511,2.5128563144,-0.2318601132,scatter
47400,7,2.5128563144,-0.2318601132,3.5448108029,0.3574611692,scatter
47400,8,3.5448108029,0.3574611692,4.1229603041,-0.0572668348,scatter
47400,9,4.1229603041,-0.0572668348,5.0000000000,-0.1744426337,exit_right
47500,1,0.0000000000,0.0000000000,0.1754239667,0.0000000000,scatter
47500,2,0.1754239667,0.0000000000,0.0000000000,0.0667163207,exit_left
47600,1,0.0000000000,0.0000000000,2.4411561661,0.0000000000,scatter
47600,2,2.4411561661,0.0000000000,5.0000000000,1.6704791136,exit_right
47700,1,0.0000000000,0.0000000000,0.5704877452,0.0000000000,scatter
47700,2,0.5704877452,0.0000000000,0.4797479891,-1.0693250907,scatter
47700,3,0.4797479891,-1.0693250907,3.0410398476,-6.2244363644,scatter
47700,4,3.0410398476,-6.2244363644,2.3134318649,-6.7951121714,scatter
47700,5,2.3134318649,-6.7951121714,0.0032790375,-9.2790836927,scatter
47700,6,0.0032790375,-9.2790836927,0.0000000000,-9.2996941467,exit_left
47800,1,0.0000000000,0.0000000000,1.0372911664,0.0000000000,scatter
47800,2,1.0372911664,0.0000000000,0.9152899676,-0.0759884201,absorb
47900,1,0.0000000000,0.0000000000,2.0340303980,0.0000000000,scatter
47900,2,2.0340303980,0.0000000000,2.2188759592,-0.6881168850,scatter
47900,3,2.2188759592,-0.6881168850,2.2268977482,-0.7877094860,scatter
47900,4,2.2268977482,-0.7877094860,5.0000000000,0.1492128419,exit_right
48000,1,0.0000000000,0.0000000000,2.7838979810,0.0000000000,scatter
48000,2,2.7838979810,0.0000000000,0.1468109460,6.3740297266,absorb
48100,1,0.0000000000,0.0000000000,0.6578320825,0.0000000000,scatter
48100,2,0.6578320825,0.0000000000,3.0291946589,-1.5489315494,scatter
48100,3,3.0291946589,-1.5489315494,3.0201148108,-1.5527268430,absorb
48200,1,0.0000000000,0.0000000000,1.4700494898,0.0000000000,scatter
48200,2,1.4700494898,0.0000000000,1.1035441322,1.8934603370,scatter
48200,3,1.1035441322,1.8934603370,1.8116802205,5.3492792174,scatter
48200,4,1.8116802205,5.3492792174,5.0000000000,5.2536089965,exit_right
48300,1,0.0000000000,0.0000000000,0.9548190015,0.0000000000,scatter
48300,2,0.9548190015,0.0000000000,1.2386310312,1.0332036628,scatter
48300,3,1.2386310312,1.0332036628,1.3417670941,0.6617019114,scatter
48300,4,1.3417670941,0.6617019114,0.7268709056,0.3553437217,scatter
48300,5,0.7268709056,0.3553437217,1.1155320401,-0.6880034758,scatter
48300,6,1.1155320401,-0.6880034758,3.2552273623,-4.1286970035,scatter
48300,7,3.2552273623,-4.1286970035,1.8570227253,-3.6961297289,scatter
48300,8,1.8570227253,-3.6961297289,0.0000000000,-2.9846135838,exit_left
48400,1,0.0000000000,0.0000000000,0.2286127907,0.0000000000,scatter
48400,2,0.2286127907,0.0000000000,1.4292349103,0.6471861305,scatter
48400,3,1.4292349103,0.6471861305,0.0000000000,0.0104975830,exit_left
48500,1,0.0000000000,0.0000000000,1.2484287596,0.0000000000,scatter
48500,2,1.2484287596,0.0000000000,1.0977348912,-0.1429775211,scatter
48500,3,1.0977348912,-0.1429775211,0.5574676251,1.6318604285,absorb
48600,1,0.0000000000,0.0000000000,4.1014924347,0.0000000000,scatter
48600,2,4.1014924347,0.0000000000,5.0000000000,-0.4457164374,exit_right
48700,1,0.0000000000,0.0000000000,0.0077519502,0.0000000000,scatter
48700,2,0.0077519502,0.0000000000,0.0000000000,-0.0076366792,exit_left
48800,1,0.0000000000,0.0000000000,0.8105206657,0.0000000000,scatter
48800,2,0.8105206657,0.0000000000,1.6990373594,-3.9624241891,scatter
48800,3,1.6990373594,-3.9624241891,2.0281462481,-4.9385699615,scatter
48800,4,2.0281462481,-4.9385699615,2.1243980691,-5.4847095058,scatter
48800,5,2.1243980691,-5.4847095058,2.5393719753,-4.4635635118,scatter
48800,6,2.5393719753,-4.4635635118,2.3557333430,-5.0525525512,scatter
48800,7,2.3557333430,-5.0525525512,2.2564640603,-6.6282492491,scatter
48800,8,2.2564640603,-6.6282492491,5.0000000000,-4.5620520614,exit_right
48900,1,0.0000000000,0.0000000000,3.0099695671,0.0000000000,absorb
49000,1,0.0000000000,0.0000000000,0.9207744231,0.0000000000,scatter
49000,2,0.9207744231,0.0000000000,0.0000000000,0.4175037243,exit_left
49100,1,0.0000000000,0.0000000000,1.0487222367,0.0000000000,scatter
49100,2,1.0487222367,0.0000000000,1.6004594079,-0.2853573599,scatter
49100,3,1.6004594079,-0.2853573599,1.6008973625,-0.2811394158,scatter
49100,4,1.6008973625,-0.2811394158,1.0717921106,1.0839635860,scatter
49100,5,1.0717921106,1.0839635860,5.0000000000,-0.7300584779,exit_right
49200,1,0.0000000000,0.0000000000,0.1575757147,0.0000000000,scatter
49200,2,0.1575757147,0.0000000000,0.0000000000,-0.3387432335,exit_left
49300,1,0.0000000000,0.0000000000,5.0000000000,0.0000000000,exit_right
49400,1,0.0000000000,0.0000000000,0.3961120792,0.0000000000,scatter
49400,2,0.3961120792,0.0000000000,0.9771109792,-0.9456139446,scatter
49400,3,0.9771109792,-0.9456139446,2.2653158450,-1.0841317796,scatter
49400,4,2.2653158450,-1.0841317796,2.2288184203,-1.1277826975,scatter
49400,5,2.2288184203,-1.1277826975,3.8710103501,-0.2204256367,scatter
49400,6,3.8710103501,-0.2204256367,5.0000000000,-1.6336534953,exit_right
49500,1,0.0000000000,0.0000000000,0.7127561735,0.0000000000,scatter
49500,2,0.7127561735,0.0000000000,0.6825714179,-0.1038089496,scatter
49500,3,0.6825714179,-0.1038089496,0.0000000000,0.1467499984,exit_left
49600,1,0.0000000000,0.0000000000,0.9669089345,0.0000000000,scatter
49600,2,0.9669089345,0.0000000000,0.6534219286,0.8620313223,scatter
49600,3,0.6534219286,0.8620313223,3.2275552304,0.7212979370,scatter
49600,4,3.2275552304,0.7212979370,2.7658897038,0.0122479910,scatter
49600,5,2.7658897038,0.0122479910,2.8468360331,-1.2820237406,scatter
49600,6,2.8468360331,-1.2820237406,2.8329564165,-2.8302030563,absorb
49700,1,0.0000000000,0.0000000000,0.5762167525,0.0000000000,scatter
49700,2,0.5762167525,0.0000000000,0.7241004030,0.3009327384,absorb
49800,1,0.0000000000,0.0000000000,1.5554221426,0.0000000000,scatter
49800,2,1.5554221426,0.0000000000,0.2548007270,-0.8599537764,scatter
49800,3,0.2548007270,-0.8599537764,0.0000000000,1.0464245427,exit_left
49900,1,0.0000000000,0.0000000000,0.2352050521,0.0000000000,scatter
49900,2,0.2352050521,0.0000000000,2.3152242200,-0.3152192190,scatter
49900,3,2.3152242200,-0.3152192190,0.0000000000,-5.5782212221,exit_left
50000,1,0.0000000000,0.0000000000,1.1011538358,0.0000000000,scatter
50000,2,1.1011538358,0.0000000000,0.0000000000,-1.0134496116,exit_left
50100,1,0.0000000000,0.0000000000,0.7376834904,0.0000000000,scatter
50100,2,0.7376834904,0.0000000000,0.0000000000,-0.9487766255,exit_left
50200,1,0.0000000000,0.0000000000,0.1159276949,0.0000000000,scatter
50200,2,0.1159276949,0.0000000000,2.4123599231,-2.6896947660,scatter
50200,3,2.4123599231,-2.6896947660,1.9525026420,-2.0887604419,scatter
50200,4,1.9525026420,-2.0887604419,0.9173148973,-10.2088318912,absorb
50300,1,0.0000000000,0.0000000000,0.6475945730,0.0000000000,scatter
50300,2,0.6475945730,0.0000000000,0.5380272167,0.0105403725,absorb
50400,1,0.0000000000,0.0000000000,0.0741571768,0.0000000000,scatter
50400,2,0.0741571768,0.0000000000,3.4011596177,0.6853879455,scatter
50400,3,3.4011596177,0.6853879455,2.5622113789,3.4419869311,scatter
50400,4,2.5622113789,3.4419869311,2.7465717228,2.9646985256,scatter
50400,5,2.7465717228,2.9646985256,2.4361350294,2.9260547888,absorb
50500,1,0.0000000000,0.0000000000,1.3454528521,0.0000000000,scatter
50500,2,1.3454528521,0.0000000000,0.0000000000,0.1489593528,exit_left
50600,1,0.0000000000,0.0000000000,0.9873182528,0.0000000000,absorb
50700,1,0.0000000000,0.0000000000,2.5439254689,0.0000000000,absorb
50800,1,0.0000000000,0.0000000000,1.8849285026,0.0000000000,scatter
50800,2,1.8849285026,0.0000000000,0.3970669672,-1.0518027945,absorb
50900,1,0.0000000000,0.0000000000,1.0177561693,0.0000000000,scatter
50900,2,1.0177561693,0.0000000000,0.0000000000,-4.7343319101,exit_left
51000,1,0.0000000000,0.0000000000,2.0704017256,0.0000000000,scatter
51000,2,2.0704017256,0.0000000000,2.5043924461,-0.3086461151,scatter
51000,3,2.5043924461,-0.3086461151,4.6303941302,-0.2975803296,scatter
51000,4,4.6303941302,-0.2975803296,2.6022073144,-1.2650141020,scatter
51000,5,2.6022073144,-1.2650141020,3.5197114705,-0.7444071566,scatter
51000,6,3.5197114705,-0.7444071566,1.0775780118,-2.0028769375,scatter
51000,7,1.0775780118,-2.0028769375,0.7098264503,-1.8589852328,scatter
51000,8,0.7098264503,-1.8589852328,0.8876371822,-3.3968677534,scatter
51000,9,0.8876371822,-3.3968677534,4.4749772161,5.1039137108,scatter
51000,10,4.4749772161,5.1039137108,3.2638433846,5.2596641331,scatter
51000,11,3.2638433846,5.2596641331,4.3104591432,5.5533544845,scatter
51000,12,4.3104591432,5.5533544845,5.0000000000,5.6955838482,exit_right
51100,1,0.0000000000,0.0000000000,2.2874666515,0.0000000000,absorb
51200,1,0.0000000000,0.0000000000,2.8891365624,0.0000000000,scatter
51200,2,2.8891365624,0.0000000000,1.0375731588,5.2569078558,scatter
51200,3,1.0375731588,5.2569078558,0.9059908370,2.5625192158,absorb
51300,1,0.0000000000,0.0000000000,1.7232246451,0.0000000000,scatter
51300,2,1.7232246451,0.0000000000,0.0000000000,-0.1278535788,exit_left
51400,1,0.0000000000,0.0000000000,3.7085177717,0.0000000000,absorb
51500,1,0.0000000000,0.0000000000,0.3732991726,0.0000000000,scatter
51500,2,0.3732991726,0.0000000000,0.0000000000,-0.4415680315,exit_left
51600,1,0.0000000000,0.0000000000,2.4641667158,0.0000000000,scatter
51600,2,2.4641667158,0.0000000000,2.7137495184,-0.1090356063,scatter
51600,3,2.7137495184,-0.1090356063,2.3927341394,-0.0194418710,scatter
51600,4,2.3927341394,-0.0194418710,2.4058594909,-0.0144276969,scatter
51600,5,2.4058594909,-0.0144276969,2.1328759293,0.7860008729,absorb
51700,1,0.0000000000,0.0000000000,0.1940466221,0.0000000000,absorb
51800,1,0.0000000000,0.0000000000,5.0000000000,0.0000000000,exit_right
51900,1,0.0000000000,0.0000000000,0.5496530275,0.0000000000,scatter
51900,2,0.5496530275,0.0000000000,0.0000000000,1.3577056543,exit_left
52000,1,0.0000000000,0.0000000000,5.0000000000,0.0000000000,exit_right
52100,1,0.0000000000,0.0000000000,1.0755437621,0.0000000000,scatter
52100,2,1.0755437621,0.0000000000,1.5173382270,1.9522615677,scatter
52100,3,1.5173382270,1.9522615677,1.4534714149,1.8641572599,scatter
52100,4,1.4534714149,1.8641572599,3.8528564811,0.9616274013,scatter
52100,5,3.8528564811,0.9616274013,3.8845049309,0.9198581595,scatter
52100,6,3.8845049309,0.9198581595,5.0000000000,2.2850370358,exit_right
52200,1,0.0000000000,0.0000000000,5.0000000000,0.0000000000,exit_right
52300,1,0.0000000000,0.0000000000,0.5470913688,0.0000000000,absorb
52400,1,0.0000000000,0.0000000000,3.9470514081,0.0000000000,scatter
52400,2,3.9470514081,0.0000000000,3.6140327664,-0.4020477316,scatter
52400,3,3.6140327664,-0.4020477316,3.7563009399,-0.3213135329,absorb
52500,1,0.0000000000,0.0000000000,5.0000000000,0.0000000000,exit_right
52600,1,0.0000000000,0.0000000000,1.1631705560,0.0000000000,scatter
52600,2,1.1631705560,0.0000000000,0.2308575251,-0.5641936816,absorb
52700,1,0.0000000000,0.0000000000,0.3321471882,0.0000000000,scatter
52700,2,0.3321471882,0.0000000000,0.3677849984,-0.0235064942,scatter
52700,3,0.3677849984,-0.0235064942,2.0976438235,-0.0811868182,absorb
52800,1,0.0000000000,0.0000000000,0.1042076396,0.0000000000,scatter
52800,2,0.1042076396,0.0000000000,0.0000000000,0.1287152725,exit_left
52900,1,0.0000000000,0.0000000000,1.6172620544,0.0000000000,absorb
53000,1,0.0000000000,0.0000000000,0.2978225637,0.0000000000,absorb
53100,1,0.0000000000,0.0000000000,2.6924875745,0.0000000000,scatter
53100,2,2.6924875745,0.0000000000,1.6552371403,-5.2845235915,scatter
53100,3,1.6552371403,-5.2845235915,1.2945140829,-4.5027965981,scatter
53100,4,1.2945140829,-4.5027965981,1.4984892389,-4.7006019592,scatter
53100,5,1.4984892389,-4.7006019592,3.0578035620,-1.9923069485,scatter
53100,6,3.0578035620,-1.9923069485,3.8032376375,0.2477701126,absorb
53200,1,0.0000000000,0.0000000000,1.0075863827,0.0000000000,scatter
53200,2,1.0075863827,0.0000000000,0.8730882350,0.0731703426,scatter
53200,3,0.8730882350,0.0731703426,0.7251172625,0.7626508415,scatter
53200,4,0.7251172625,0.7626508415,0.0000000000,-0.5922457925,exit_left
53300,1,0.0000000000,0.0000000000,0.9396482234,0.0000000000,scatter
53300,2,0.9396482234,0.0000000000,0.0000000000,-1.3716036471,exit_left
53400,1,0.0000000000,0.0000000000,2.0767331917,0.0000000000,scatter
53400,2,2.0767331917,0.0000000000,2.9309674417,-0.4390245818,scatter
53400,3,2.9309674417,-0.4390245818,4.6598689824,0.8769874053,scatter
53400,4,4.6598689824,0.8769874053,5.0000000000,1.1612514620,exit_right
53500,1,0.0000000000,0.0000000000,0.1454806438,0.0000000000,scatter
53500,2,0.1454806438,0.0000000000,0.7649650811,-0.6892658166,scatter
53500,3,0.7649650811,-0.6892658166,0.9197723345,-0.7129319551,scatter
53500,4,0.9197723345,-0.7129319551,0.4920300295,0.1082990622,scatter
53500,5,0.4920300295,0.1082990622,1.2023820703,0.4869408419,scatter
53500,6,1.2023820703,0.4869408419,0.5268389253,2.0759429835,scatter
53500,7,0.5268389253,2.0759429835,0.0000000000,0.9984036818,exit_left
53600,1,0.0000000000,0.0000000000,1.9234670369,0.0000000000,scatter
53600,2,1.9234670369,0.0000000000,1.6000590024,-3.7558277107,scatter
53600,3,1.6000590024,-3.7558277107,1.4139276824,-4.2382498148,scatter
53600,4,1.4139276824,-4.2382498148,1.8970508623,-5.7587886003,scatter
53600,5,1.8970508623,-5.7587886003,5.0000000000,-1.8413900564,exit_right
53700,1,0.0000000000,0.0000000000,0.5080895199,0.0000000000,scatter
53700,2,0.5080895199,0.0000000000,0.0000000000,0.2057127421,exit_left
53800,1,0.0000000000,0.0000000000,1.4078374166,0.0000000000,scatter
53800,2,1.4078374166,0.0000000000,0.7511901662,-1.1176663061,scatter
53800,3,0.7511901662,-1.1176663061,2.0778507506,-2.1448384598,scatter
53800,4,2.0778507506,-2.1448384598,0.0000000000,-1.3393195069,exit_left
53900,1,0.0000000000,0.0000000000,0.0445894575,0.0000000000,scatter
53900,2,0.0445894575,0.0000000000,0.0000000000,-0.2514961448,exit_left
54000,1,0.0000000000,0.0000000000,1.4250809078,0.0000000000,scatter
54000,2,1.4250809078,0.0000000000,5.0000000000,0.5183015745,exit_right
54100,1,0.0000000000,0.0000000000,1.0215117415,0.0000000000,scatter
54100,2,1.0215117415,0.0000000000,0.2189206855,-0.1738909960,scatter
54100,3,0.2189206855,-0.1738909960,1.8839968391,-0.1215575656,scatter
54100,4,1.8839968391,-0.1215575656,0.0000000000,2.1936002323,exit_left
54200,1,0.0000000000,0.0000000000,4.5235163026,0.0000000000,scatter
54200,2,4.5235163026,0.0000000000,4.4657622883,0.1200290059,scatter
54200,3,4.4657622883,0.1200290059,5.0000000000,-0.5787327068,exit_right
54300,1,0.0000000000,0.0000000000,0.7975849619,0.0000000000,scatter
54300,2,0.7975849619,0.0000000000,5.0000000000,0.4463042963,exit_right
54400,1,0.0000000000,0.0000000000,0.9814882763,0.0000000000,scatter
54400,2,0.9814882763,0.0000000000,0.5584532633,0.2817266436,scatter
54400,3,0.5584532633,0.2817266436,0.9023942429,-0.0175733569,scatter
54400,4,0.9023942429,-0.0175733569,0.0795800174,0.3022204966,scatter
54400,5,0.0795800174,0.3022204966,0.9593556660,-4.2167941845,scatter
54400,6,0.9593556660,-4.2167941845,1.8021460016,-3.4094585756,scatter
54400,7,1.8021460016,-3.4094585756,1.6024421266,-5.3462504129,scatter
54400,8,1.6024421266,-5.3462504129,1.9310369398,-6.0590841356,scatter
54400,9,1.9310369398,-6.0590841356,0.5604237738,-6.4742778204,scatter
54400,10,0.5604237738,-6.4742778204,0.3768092817,-6.4401765801,scatter
54400,11,0.3768092817,-6.4401765801,0.0000000000,-6.1500403665,exit_left
54500,1,0.0000000000,0.0000000000,0.1008215279,0.0000000000,scatter
54500,2,0.1008215279,0.0000000000,0.0000000000,0.4759655985,exit_left
54600,1,0.0000000000,0.0000000000,5.0000000000,0.0000000000,exit_right
54700,1,0.0000000000,0.0000000000,0.6982495418,0.0000000000,scatter
54700,2,0.6982495418,0.0000000000,0.7110130093,0.7741303210,scatter
54700,3,0.7110130093,0.7741303210,0.0000000000,0.4394093197,exit_left
54800,1,0.0000000000,0.0000000000,0.8968806095,0.0000000000,scatter
54800,2,0.8968806095,0.0000000000,1.7532243993,0.0384441590,absorb
54900,1,0.0000000000,0.0000000000,1.3146401072,0.0000000000,scatter
54900,2,1.3146401072,0.0000000000,3.3065701638,0.8249528382,scatter
54900,3,3.3065701638,0.8249528382,3.5807412148,0.0237406057,absorb
55000,1,0.0000000000,0.0000000000,0.7592320630,0.0000000000,scatter
55000,2,0.7592320630,0.0000000000,0.0000000000,0.0782571290,exit_left
55100,1,0.0000000000,0.0000000000,2.5714224943,0.0000000000,scatter
55100,2,2.5714224943,0.0000000000,2.0471143838,-0.3712361919,scatter
55100,3,2.0471143838,-0.3712361919,0.0000000000,0.6496826520,exit_left
55200,1,0.0000000000,0.0000000000,0.8383365110,0.0000000000,absorb
55300,1,0.0000000000,0.0000000000,1.2713049292,0.0000000000,scatter
55300,2,1.2713049292,0.0000000000,2.2678279398,0.7584531519,scatter
55300,3,2.2678279398,0.7584531519,0.0000000000,1.2971993451,exit_left
55400,1,0.0000000000,0.0000000000,1.3922917821,0.0000000000,absorb
55500,1,0.0000000000,0.0000000000,1.8466825313,0.0000000000,scatter
55500,2,1.8466825313,0.0000000000,1.6052255529,-0.1889940650,scatter
55500,3,1.6052255529,-0.1889940650,0.9686573896,0.2225055125,scatter
55500,4,0.9686573896,0.2225055125,0.7712631721,0.1872627818,scatter
55500,5,0.7712631721,0.1872627818,0.8406838005,1.0154020173,scatter
55500,6,0.8406838005,1.0154020173,0.6403758314,1.2291658183,absorb
55600,1,0.0000000000,0.0000000000,1.3051863218,0.0000000000,scatter
55600,2,1.3051863218,0.0000000000,0.0000000000,1.4218604680,exit_left
55700,1,0.0000000000,0.0000000000,0.2025800711,0.0000000000,scatter
55700,2,0.2025800711,0.0000000000,3.8830903704,-0.5264909677,scatter
55700,3,3.8830903704,-0.5264909677,3.9422756336,-0.5144567307,scatter
55700,4,3.9422756336,-0.5144567307,3.2824961583,-0.8111988743,scatter
55700,5,3.2824961583,-0.8111988743,3.9389069130,-0.6182357807,absorb
55800,1,0.0000000000,0.0000000000,3.4191486716,0.0000000000,absorb
55900,1,0.0000000000,0.0000000000,4.5719307630,0.0000000000,scatter
55900,2,4.5719307630,0.0000000000,0.0000000000,2.4238700333,exit_left
56000,1,0.0000000000,0.0000000000,1.1963238576,0.0000000000,scatter
56000,2,1.1963238576,0.0000000000,1.0896672794,0.4582608440,absorb
56100,1,0.0000000000,0.0000000000,1.9437806488,0.0000000000,scatter
56100,2,1.9437806488,0.0000000000,2.6545521405,0.4968177971,scatter
56100,3,2.6545521405,0.4968177971,2.2923611611,-0.5638429090,scatter
56100,4,2.2923611611,-0.5638429090,1.9606507121,-0.7177047235,scatter
56100,5,1.9606507121,-0.7177047235,2.3677457483,-0.9673767108,scatter
56100,6,2.3677457483,-0.9673767108,3.7170707194,-2.1296674155,scatter
56100,7,3.7170707194,-2.1296674155,4.1983699085,-2.4136565091,scatter
56100,8,4.1983699085,-2.4136565091,2.9140870526,0.6053890280,scatter
56100,9,2.9140870526,0.6053890280,5.0000000000,-1.3406942938,exit_right
56200,1,0.0000000000,0.0000000000,3.3127652948,0.0000000000,absorb
56300,1,0.0000000000,0.0000000000,0.3596969913,0.0000000000,absorb
56400,1,0.0000000000,0.0000000000,0.3996500957,0.0000000000,absorb
56500,1,0.0000000000,0.0000000000,1.5858535621,0.0000000000,absorb
56600,1,0.0000000000,0.0000000000,5.0000000000,0.0000000000,exit_right
56700,1,0.0000000000,0.0000000000,2.2577752224,0.0000000000,scatter
56700,2,2.2577752224,0.0000000000,2.0591076456,0.1534982487,scatter
56700,3,2.0591076456,0.1534982487,1.6814186437,-0.8759141882,scatter
56700,4,1.6814186437,-0.8759141882,1.7506792612,-0.4900460289,scatter
56700,5,1.7506792612,-0.4900460289,0.0000000000,-1.2036497517,exit_left
56800,1,0.0000000000,0.0000000000,3.7215408132,0.0000000000,scatter
56800,2,3.7215408132,0.0000000000,5.0000000000,-1.5970463179,exit_right
56900,1,0.0000000000,0.0000000000,1.4056027994,0.0000000000,scatter
56900,2,1.4056027994,0.0000000000,2.0485081870,1.4829596602,scatter
56900,3,2.0485081870,1.4829596602,5.0000000000,-0.6569696925,exit_right
57000,1,0.0000000000,0.0000000000,4.0067001118,0.0000000000,scatter
57000,2,4.0067001118,0.0000000000,3.3953088717,1.4242347444,scatter
57000,3,3.3953088717,1.4242347444,3.5794908068,2.8463126568,scatter
57000,4,3.5794908068,2.8463126568,1.5865861233,4.0419064004,scatter
57000,5,1.5865861233,4.0419064004,3.5269765559,2.8783860111,scatter
57000,6,3.5269765559,2.8783860111,3.8383306553,1.7788507248,absorb
57100,1,0.0000000000,0.0000000000,3.1613033862,0.0000000000,scatter
57100,2,3.1613033862,0.0000000000,3.3966317049,0.4402571419,scatter
57100,3,3.3966317049,0.4402571419,4.9429978648,2.3657405771,scatter
57100,4,4.9429978648,2.3657405771,5.0000000000,2.3346187570,exit_right
57200,1,0.0000000000,0.0000000000,0.6536487150,0.0000000000,scatter
57200,2,0.6536487150,0.0000000000,2.6127856309,0.1951676876,absorb
57300,1,0.0000000000,0.0000000000,0.7173505011,0.0000000000,scatter
57300,2,0.7173505011,0.0000000000,2.1104620708,-1.1819123373,absorb
57400,1,0.0000000000,0.0000000000,5.0000000000,0.0000000000,exit_right
57500,1,0.0000000000,0.0000000000,3.1207152784,0.0000000000,scatter
57500,2,3.1207152784,0.0000000000,2.3670816397,-0.3559904164,scatter
57500,3,2.3670816397,-0.3559904164,1.9211746951,1.0618218643,scatter
57500,4,1.9211746951,1.0618218643,4.1520040866,-2.5489069433,scatter
57500,5,4.1520040866,-2.5489069433,3.2193328944,-3.7727874398,scatter
57500,6,3.2193328944,-3.7727874398,0.0000000000,-4.8295777412,exit_left
57600,1,0.0000000000,0.0000000000,2.5497203704,0.0000000000,scatter
57600,2,2.5497203704,0.0000000000,1.6270532517,0.6233151947,scatter
57600,3,1.6270532517,0.6233151947,2.2770168512,-0.3626457652,absorb
57700,1,0.0000000000,0.0000000000,2.9191138234,0.0000000000,scatter
57700,2,2.9191138234,0.0000000000,3.1126510929,1.6267763343,scatter
57700,3,3.1126510929,1.6267763343,3.3174797347,0.9491903812,scatter
57700,4,3.3174797347,0.9491903812,0.4592255135,1.8892779923,absorb
57800,1,0.0000000000,0.0000000000,0.9333148217,0.0000000000,absorb
57900,1,0.0000000000,0.0000000000,1.3533635987,0.0000000000,scatter
57900,2,1.3533635987,0.0000000000,1.5510013370,0.3312102832,scatter
57900,3,1.5510013370,0.3312102832,1.9777282549,0.4045278724,scatter
57900,4,1.9777282549,0.4045278724,2.3836051441,-0.3977512981,scatter
57900,5,2.3836051441,-0.3977512981,1.7113956648,-0.0788216342,absorb
58000,1,0.0000000000,0.0000000000,0.8545414101,0.0000000000,absorb
58100,1,0.0000000000,0.0000000000,5.0000000000,0.0000000000,exit_right
58200,1,0.0000000000,0.0000000000,3.8172061039,0.0000000000,absorb
58300,1,0.0000000000,0.0000000000,4.4448612989,0.0000000000,absorb
58400,1,0.0000000000,0.0000000000,0.2678909908,0.0000000000,scatter
58400,2,0.2678909908,0.0000000000,0.6556824273,0.2174603705,scatter
58400,3,0.6556824273,0.2174603705,0.8075850720,0.6438578727,scatter
58400,4,0.8075850720,0.6438578727,1.7531735961,-0.5498231085,scatter
58400,5,1.7531735961,-0.5498231085,4.0647605622,-3.1193403882,scatter
58400,6,4.0647605622,-3.1193403882,4.2296024799,-2.7368263010,scatter
58400,7,4.2296024799,-2.7368263010,5.0000000000,-2.4304288036,exit_right
58500,1,0.0000000000,0.0000000000,1.3395306166,0.0000000000,scatter
58500,2,1.3395306166,0.0000000000,0.9622896018,0.3599806241,scatter
58500,3,0.9622896018,0.3599806241,1.8337707288,-0.1241959975,scatter
58500,4,1.8337707288,-0.1241959975,2.7387655654,-0.4646971329,absorb
58600,1,0.0000000000,0.0000000000,0.5459002604,0.0000000000,scatter
58600,2,0.5459002604,0.0000000000,2.5177720165,-1.0155998751,scatter
58600,3,2.5177720165,-1.0155998751,2.1858351026,-0.2217154257,scatter
58600,4,2.1858351026,-0.2217154257,2.1772637268,-0.4623927996,scatter
58600,5,2.1772637268,-0.4623927996,2.4514122638,-0.5892598592,absorb
58700,1,0.0000000000,0.0000000000,5.0000000000,0.0000000000,exit_right
58800,1,0.0000000000,0.0000000000,2.6968091404,0.0000000000,scatter
58800,2,2.6968091404,0.0000000000,4.8333288957,4.0561269600,absorb
58900,1,0.0000000000,0.0000000000,0.2443857352,0.0000000000,scatter
58900,2,0.2443857352,0.0000000000,0.3013041498,0.0425702518,scatter
58900,3,0.3013041498,0.0425702518,0.4558890959,0.1119455391,scatter
58900,4,0.4558890959,0.1119455391,0.7594701738,-4.5589538427,scatter
58900,5,0.7594701738,-4.5589538427,5.0000000000,-5.9948006691,exit_right
59000,1,0.0000000000,0.0000000000,3.8200220240,0.0000000000,absorb
59100,1,0.0000000000,0.0000000000,3.1851170718,0.0000000000,scatter
59100,2,3.1851170718,0.0000000000,2.2590531485,-3.0148881063,scatter
59100,3,2.2590531485,-3.0148881063,3.5363728982,-1.9013942580,scatter
59100,4,3.5363728982,-1.9013942580,4.5756806932,-2.1628940965,absorb
59200,1,0.0000000000,0.0000000000,0.8482902806,0.0000000000,scatter
59200,2,0.8482902806,0.0000000000,0.0000000000,0.4514641305,exit_left
59300,1,0.0000000000,0.0000000000,1.9498155141,0.0000000000,scatter
59300,2,1.9498155141,0.0000000000,2.0472970555,0.0275868440,scatter
59300,3,2.0472970555,0.0275868440,2.0117966599,0.0860745552,absorb
59400,1,0.0000000000,0.0000000000,2.1542017658,0.0000000000,scatter
59400,2,2.1542017658,0.0000000000,1.5657301843,-0.2904628966,scatter
59400,3,1.5657301843,-0.2904628966,1.6193611711,-1.7349415853,scatter
59400,4,1.6193611711,-1.7349415853,1.7144954282,-1.3133418796,absorb
59500,1,0.0000000000,0.0000000000,0.4576077383,0.0000000000,scatter
59500,2,0.4576077383,0.0000000000,2.1777551108,0.4914007565,absorb
59600,1,0.0000000000,0.0000000000,1.2402380164,0.0000000000,scatter
59600,2,1.2402380164,0.0000000000,0.0000000000,-0.6701665168,exit_left
59700,1,0.0000000000,0.0000000000,3.1006792177,0.0000000000,absorb
59800,1,0.0000000000,0.0000000000,0.5569973311,0.0000000000,scatter
59800,2,0.5569973311,0.0000000000,2.0825774914,0.5815501243,scatter
59800,3,2.0825774914,0.5815501243,5.0000000000,-0.8725881693,exit_right
59900,1,0.0000000000,0.0000000000,0.3148474548,0.0000000000,scatter
59900,2,0.3148474548,0.0000000000,0.7241527541,-0.6350801633,scatter
59900,3,0.7241527541,-0.6350801633,0.6586055409,-0.6140870193,scatter
59900,4,0.6586055409,-0.6140870193,1.1597358196,2.3651418433,scatter
59900,5,1.1597358196,2.3651418433,1.2043508842,2.9592897598,scatter
59900,6,1.2043508842,2.9592897598,0.0000000000,3.8680828623,exit_left
60000,1,0.0000000000,0.0000000000,2.9426045432,0.0000000000,scatter
60000,2,2.9426045432,0.0000000000,3.0526990822,-0.1371747321,scatter
60000,3,3.0526990822,-0.1371747321,3.0418853692,-0.1674517382,scatter
60000,4,3.0418853692,-0.1674517382,3.6607803778,0.9595192751,scatter
60000,5,3.6607803778,0.9595192751,3.3548242008,1.3129908703,scatter
60000,6,3.3548242008,1.3129908703,3.3576477125,1.3051473744,scatter
60000,7,3.3576477125,1.3051473744,3.3513407403,1.2853682003,scatter
60000,8,3.3513407403,1.2853682003,0.0000000000,1.3882808665,exit_left
60100,1,0.0000000000,0.0000000000,1.0363894175,0.0000000000,scatter
60100,2,1.0363894175,0.0000000000,0.9976330576,0.0282697275,scatter
60100,3,0.9976330576,0.0282697275,0.0000000000,0.5601556112,exit_left
60200,1,0.0000000000,0.0000000000,4.9642533688,0.0000000000,scatter
60200,2,4.9642533688,0.0000000000,5.0000000000,0.0338041333,exit_right
60300,1,0.0000000000,0.0000000000,3.9082641434,0.0000000000,scatter
60300,2,3.9082641434,0.0000000000,3.6590332280,-0.0596191346,scatter
60300,3,3.6590332280,-0.0596191346,4.2240397303,2.7229757532,scatter
60300,4,4.2240397303,2.7229757532,1.7699055160,7.6071582317,absorb
60400,1,0.0000000000,0.0000000000,2.4282640475,0.0000000000,scatter
60400,2,2.4282640475,0.0000000000,1.1231733799,2.5506589605,scatter
60400,3,1.1231733799,2.5506589605,1.1759960487,2.6217314620,scatter
60400,4,1.1759960487,2.6217314620,0.0000000000,1.9738633259,exit_left
60500,1,0.0000000000,0.0000000000,1.1308775624,0.0000000000,scatter
60500,2,1.1308775624,0.0000000000,0.4536751548,0.7251268476,scatter
60500,3,0.4536751548,0.7251268476,1.7393299531,-0.4006376747,scatter
60500,4,1.7393299531,-0.4006376747,1.3980982248,0.6008991093,absorb
60600,1,0.0000000000,0.0000000000,0.0315622063,0.0000000000,scatter
60600,2,0.0315622063,0.0000000000,0.3214245696,0.0331957341,scatter
60600,3,0.3214245696,0.0331957341,0.0000000000,-0.1024155837,exit_left
60700,1,0.0000000000,0.0000000000,0.6254369145,0.0000000000,scatter
60700,2,0.6254369145,0.0000000000,0.4364490256,-0.3221938590,scatter
60700,3,0.4364490256,-0.3221938590,0.0000000000,-0.6420058125,exit_left
60800,1,0.0000000000,0.0000000000,2.7679377673,0.0000000000,scatter
60800,2,2.7679377673,0.0000000000,3.7910932112,0.6591892716,scatter
60800,3,3.7910932112,0.6591892716,1.7303374693,0.3059287774,scatter
60800,4,1.7303374693,0.3059287774,5.0000000000,2.8961589183,exit_right
60900,1,0.0000000000,0.0000000000,0.0704694723,0.0000000000,absorb
61000,1,0.0000000000,0.0000000000,0.5462563572,0.0000000000,scatter
61000,2,0.5462563572,0.0000000000,0.0000000000,-1.3545585874,exit_left
61100,1,0.0000000000,0.0000000000,2.1703358037,0.0000000000,scatter
61100,2,2.1703358037,0.0000000000,0.0000000000,1.4069234744,exit_left
61200,1,0.0000000000,0.0000000000,3.6388989345,0.0000000000,scatter
61200,2,3.6388989345,0.0000000000,4.4364846635,3.0880416132,absorb
61300,1,0.0000000000,0.0000000000,0.2119115011,0.0000000000,scatter
61300,2,0.2119115011,0.0000000000,0.7128822140,0.0675796501,scatter
61300,3,0.7128822140,0.0675796501,0.0000000000,-0.1401491159,exit_left
61400,1,0.0000000000,0.0000000000,0.5032126210,0.0000000000,scatter
61400,2,0.5032126210,0.0000000000,0.7043339700,0.0609537532,absorb
61500,1,0.0000000000,0.0000000000,1.7904656967,0.0000000000,scatter
61500,2,1.7904656967,0.0000000000,1.8374942390,0.5668971131,absorb
61600,1,0.0000000000,0.0000000000,4.7668103637,0.0000000000,scatter
61600,2,4.7668103637,0.0000000000,3.4275150866,-0.0746762773,scatter
61600,3,3.4275150866,-0.0746762773,3.9965521247,0.5842965765,absorb
61700,1,0.0000000000,0.0000000000,0.2303493706,0.0000000000,scatter
61700,2,0.2303493706,0.0000000000,0.0000000000,0.0859587821,exit_left
61800,1,0.0000000000,0.0000000000,0.6129140710,0.0000000000,absorb
61900,1,0.0000000000,0.0000000000,1.1562438059,0.0000000000,scatter
61900,2,1.1562438059,0.0000000000,1.6451750546,-0.4308944424,absorb
62000,1,0.0000000000,0.0000000000,0.4843028745,0.0000000000,scatter
62000,2,0.4843028745,0.0000000000,1.1297977176,1.3466683819,scatter
62000,3,1.1297977176,1.3466683819,1.1527442266,1.3773971629,scatter
62000,4,1.1527442266,1.3773971629,2.8161258783,1.8792651502,scatter
62000,5,2.8161258783,1.8792651502,2.8051041855,1.8638844096,scatter
62000,6,2.8051041855,1.8638844096,4.2544147366,1.2262759042,scatter
62000,7,4.2544147366,1.2262759042,4.1555315514,1.0731113234,scatter
62000,8,4.1555315514,1.0731113234,3.2093543746,-0.7807905021,scatter
62000,9,3.2093543746,-0.7807905021,3.5145516769,-1.5641685046,scatter
62000,10,3.5145516769,-1.5641685046,2.5822831225,-0.3189006931,scatter
62000,11,2.5822831225,-0.3189006931,1.5004353013,0.7473574311,scatter
62000,12,1.5004353013,0.7473574311,1.4186922855,-0.1203391605,scatter
62000,13,1.4186922855,-0.1203391605,1.0383886770,0.1377766137,scatter
62000,14,1.0383886770,0.1377766137,1.3695870089,0.2363860198,scatter
62000,15,1.3695870089,0.2363860198,1.5023292986,-1.1744669211,scatter
62000,16,1.5023292986,-1.1744669211,2.4156782463,0.2649776472,scatter
62000,17,2.4156782463,0.2649776472,0.0000000000,1.5102534764,exit_left
62100,1,0.0000000000,0.0000000000,1.2300934394,0.0000000000,scatter
62100,2,1.2300934394,0.0000000000,1.5720399908,0.0646904073,absorb
62200,1,0.0000000000,0.0000000000,2.4463178665,0.0000000000,scatter
62200,2,2.4463178665,0.0000000000,2.0259367551,-0.1172007104,scatter
62200,3,2.0259367551,-0.1172007104,0.0000000000,-2.2220669880,exit_left
62300,1,0.0000000000,0.0000000000,1.4157449561,0.0000000000,scatter
62300,2,1.4157449561,0.0000000000,0.9254306223,-1.1901480122,scatter
62300,3,0.9254306223,-1.1901480122,1.2438850073,-1.0068151679,scatter
62300,4,1.2438850073,-1.0068151679,0.0000000000,-1.0169203475,exit_left
62400,1,0.0000000000,0.0000000000,0.0969746336,0.0000000000,scatter
62400,2,0.0969746336,0.0000000000,0.0118974972,2.6798209323,scatter
62400,3,0.0118974972,2.6798209323,2.6053792694,3.2938798016,absorb
62500,1,0.0000000000,0.0000000000,2.9999403822,0.0000000000,absorb
62600,1,0.0000000000,0.0000000000,0.2432474944,0.0000000000,scatter
62600,2,0.2432474944,0.0000000000,0.4001510143,0.1671942677,scatter
62600,3,0.4001510143,0.1671942677,0.0812898306,1.0616556854,absorb
62700,1,0.0000000000,0.0000000000,1.8804360640,0.0000000000,scatter
62700,2,1.8804360640,0.0000000000,5.0000000000,2.1848799370,exit_right
62800,1,0.0000000000,0.0000000000,3.9703448532,0.0000000000,scatter
62800,2,3.9703448532,0.0000000000,2.2512806356,-0.5453326138,scatter
62800,3,2.2512806356,-0.5453326138,2.8828248941,-0.3307880203,scatter
62800,4,2.8828248941,-0.3307880203,2.4519946107,1.9484918796,absorb
62900,1,0.0000000000,0.0000000000,0.9263695689,0.0000000000,scatter
62900,2,0.9263695689,0.0000000000,0.0000000000,0.2185726616,exit_left
63000,1,0.0000000000,0.0000000000,1.3836373871,0.0000000000,scatter
63000,2,1.3836373871,0.0000000000,0.9699344970,0.0870613149,scatter
63000,3,0.9699344970,0.0870613149,0.7437912435,-0.1591314905,scatter
63000,4,0.7437912435,-0.1591314905,5.0000000000,-1.1085150776,exit_right
63100,1,0.0000000000,0.0000000000,1.6631683355,0.0000000000,scatter
63100,2,1.6631683355,0.0000000000,0.3243010121,1.6408170164,scatter
63100,3,0.3243010121,1.6408170164,0.0000000000,-2.2722067355,exit_left
63200,1,0.0000000000,0.0000000000,2.0416558763,0.0000000000,scatter
63200,2,2.0416558763,0.0000000000,0.9940655890,0.3112210492,scatter
63200,3,0.9940655890,0.3112210492,2.2192368170,-3.0910937039,absorb
63300,1,0.0000000000,0.0000000000,0.8527921733,0.0000000000,absorb
63400,1,0.0000000000,0.0000000000,2.3373114431,0.0000000000,scatter
63400,2,2.3373114431,0.0000000000,1.1689687175,0.7393867088,scatter
63400,3,1.1689687175,0.7393867088,0.9455543687,1.2094574208,absorb
63500,1,0.0000000000,0.0000000000,1.1552333317,0.0000000000,scatter
63500,2,1.1552333317,0.0000000000,0.6486987300,0.2768407282,absorb
63600,1,0.0000000000,0.0000000000,2.9687480447,0.0000000000,scatter
63600,2,2.9687480447,0.0000000000,3.3123449085,-1.4669432504,absorb
63700,1,0.0000000000,0.0000000000,0.6353262913,0.0000000000,scatter
63700,2,0.6353262913,0.0000000000,0.0000000000,0.5331526234,exit_left
63800,1,0.0000000000,0.0000000000,1.4858717036,0.0000000000,scatter
63800,2,1.4858717036,0.0000000000,0.6382087602,-2.9711923632,scatter
63800,3,0.6382087602,-2.9711923632,0.0000000000,-2.9393628370,exit_left
63900,1,0.0000000000,0.0000000000,0.9171281391,0.0000000000,absorb
64000,1,0.0000000000,0.0000000000,1.1982625572,0.0000000000,scatter
64000,2,1.1982625572,0.0000000000,0.0000000000,-1.8559517369,exit_left
64100,1,0.0000000000,0.0000000000,4.7873691202,0.0000000000,scatter
64100,2,4.7873691202,0.0000000000,3.8117624103,1.9415755588,scatter
64100,3,3.8117624103,1.9415755588,5.0000000000,2.9171862416,exit_right
64200,1,0.0000000000,0.0000000000,1.3081908167,0.0000000000,absorb
64300,1,0.0000000000,0.0000000000,3.2541060053,0.0000000000,scatter
64300,2,3.2541060053,0.0000000000,4.1058527965,-0.9683724754,scatter
64300,3,4.1058527965,-0.9683724754,4.7386414014,-0.4608133119,scatter
64300,4,4.7386414014,-0.4608133119,5.0000000000,-0.7781108318,exit_right
64400,1,0.0000000000,0.0000000000,2.4084483420,0.0000000000,scatter
64400,2,2.4084483420,0.0000000000,4.3752190950,-1.9142509320,scatter
64400,3,4.3752190950,-1.9142509320,1.6596751050,-5.8563794107,absorb
64500,1,0.0000000000,0.0000000000,0.1658087127,0.0000000000,scatter
64500,2,0.1658087127,0.0000000000,0.0000000000,0.3009284910,exit_left
64600,1,0.0000000000,0.0000000000,0.7741829357,0.0000000000,absorb
64700,1,0.0000000000,0.0000000000,0.5168687668,0.0000000000,scatter
64700,2,0.5168687668,0.0000000000,0.0335791555,1.2412990443,scatter
64700,3,0.0335791555,1.2412990443,0.2892526664,0.9944801844,scatter
64700,4,0.2892526664,0.9944801844,0.6561868638,1.4416895493,scatter
64700,5,0.6561868638,1.4416895493,0.6540401409,1.4389528921,scatter
64700,6,0.6540401409,1.4389528921,1.6335342551,2.0652466457,scatter
64700,7,1.6335342551,2.0652466457,2.4637568093,6.5192001107,scatter
64700,8,2.4637568093,6.5192001107,2.1345465112,6.1431634214,scatter
64700,9,2.1345465112,6.1431634214,0.9964264546,7.3101509662,scatter
64700,10,0.9964264546,7.3101509662,2.3159332536,6.1148044980,absorb
64800,1,0.0000000000,0.0000000000,0.0588433295,0.0000000000,absorb
64900,1,0.0000000000,0.0000000000,4.3453129454,0.0000000000,scatter
64900,2,4.3453129454,0.0000000000,5.0000000000,0.3478822053,exit_right
65000,1,0.0000000000,0.0000000000,2.2944488244,0.0000000000,scatter
65000,2,2.2944488244,0.0000000000,3.0378330785,0.5424451463,scatter
65000,3,3.0378330785,0.5424451463,3.5959602730,1.2234691707,scatter
65000,4,3.5959602730,1.2234691707,1.8202540602,-1.9965869577,scatter
65000,5,1.8202540602,-1.9965869577,1.5404724252,-1.8992143703,absorb
65100,1,0.0000000000,0.0000000000,1.2064734374,0.0000000000,scatter
65100,2,1.2064734374,0.0000000000,0.4566987636,-1.7108422201,scatter
65100,3,0.4566987636,-1.7108422201,0.0000000000,-2.4924200273,exit_left
65200,1,0.0000000000,0.0000000000,1.1979183158,0.0000000000,absorb
65300,1,0.0000000000,0.0000000000,0.1364988916,0.0000000000,scatter
65300,2,0.1364988916,0.0000000000,2.1035426952,-1.9040099503,scatter
65300,3,2.1035426952,-1.9040099503,2.4956393745,-1.4091207468,absorb
65400,1,0.0000000000,0.0000000000,0.5260744813,0.0000000000,scatter
65400,2,0.5260744813,0.0000000000,0.0000000000,0.3924797370,exit_left
65500,1,0.0000000000,0.0000000000,0.5738398739,0.0000000000,scatter
65500,2,0.5738398739,0.0000000000,0.5670597508,-0.0029717322,absorb
65600,1,0.0000000000,0.0000000000,0.6927783664,0.0000000000,scatter
65600,2,0.6927783664,0.0000000000,0.8337007103,3.0845057713,scatter
65600,3,0.8337007103,3.0845057713,1.2025938742,5.6785423178,scatter
65600,4,1.2025938742,5.6785423178,0.0000000000,4.0603004952,exit_left
65700,1,0.0000000000,0.0000000000,0.9017281422,0.0000000000,scatter
65700,2,0.9017281422,0.0000000000,0.9451992139,2.7659231650,scatter
65700,3,0.9451992139,2.7659231650,0.9198717059,2.7978240449,scatter
65700,4,0.9198717059,2.7978240449,0.0000000000,5.0822875787,exit_left
65800,1,0.0000000000,0.0000000000,0.1779388660,0.0000000000,scatter
65800,2,0.1779388660,0.0000000000,5.0000000000,2.9032712568,exit_right
65900,1,0.0000000000,0.0000000000,0.8529264145,0.0000000000,absorb
66000,1,0.0000000000,0.0000000000,0.2853607916,0.0000000000,scatter
66000,2,0.2853607916,0.0000000000,0.0756267274,-0.9745448732,scatter
66000,3,0.0756267274,-0.9745448732,0.3182754628,-0.2526145937,scatter
66000,4,0.3182754628,-0.2526145937,0.0000000000,0.0773857061,exit_left
66100,1,0.0000000000,0.0000000000,5.0000000000,0.0000000000,exit_right
66200,1,0.0000000000,0.0000000000,0.4155746300,0.0000000000,scatter
66200,2,0.4155746300,0.0000000000,0.1813711068,0.0864216389,scatter
66200,3,0.1813711068,0.0864216389,0.0000000000,-0.1545459279,exit_left
66300,1,0.0000000000,0.0000000000,3.9805441897,0.0000000000,scatter
66300,2,3.9805441897,0.0000000000,5.0000000000,1.2176728619,exit_right
66400,1,0.0000000000,0.0000000000,0.5533049530,0.0000000000,scatter
66400,2,0.5533049530,0.0000000000,0.6631893234,-1.1300380855,scatter
66400,3,0.6631893234,-1.1300380855,1.2203158404,-2.4674363060,scatter
66400,4,1.2203158404,-2.4674363060,0.6728459101,-2.5115709290,scatter
66400,5,0.6728459101,-2.5115709290,4.5422029133,-0.9715009382,scatter
66400,6,4.5422029133,-0.9715009382,5.0000000000,-0.2412515689,exit_right
66500,1,0.0000000000,0.0000000000,0.0082593688,0.0000000000,scatter
66500,2,0.0082593688,0.0000000000,0.2431428366,0.2397583078,scatter
66500,3,0.2431428366,0.2397583078,0.0000000000,0.9297580271,exit_left
66600,1,0.0000000000,0.0000000000,3.5622114294,0.0000000000,scatter
66600,2,3.5622114294,0.0000000000,0.5088729608,-5.3968920416,absorb
66700,1,0.0000000000,0.0000000000,0.6662957594,0.0000000000,scatter
66700,2,0.6662957594,0.0000000000,0.9727537099,1.0579932454,scatter
66700,3,0.9727537099,1.0579932454,2.6252059523,1.3141799898,scatter
66700,4,2.6252059523,1.3141799898,3.5383856761,1.5191871745,absorb
66800,1,0.0000000000,0.0000000000,5.0000000000,0.0000000000,exit_right
66900,1,0.0000000000,0.0000000000,0.5282800014,0.0000000000,scatter
66900,2,0.5282800014,0.0000000000,0.0000000000,-0.0216558741,exit_left
67000,1,0.0000000000,0.0000000000,0.7583254010,0.0000000000,scatter
67000,2,0.7583254010,0.0000000000,0.5505000114,0.4009702006,scatter
67000,3,0.5505000114,0.4009702006,0.9560448596,-1.7972006561,scatter
67000,4,0.9560448596,-1.7972006561,0.0000000000,-1.6473526619,exit_left
67100,1,0.0000000000,0.0000000000,5.0000000000,0.0000000000,exit_right
67200,1,0.0000000000,0.0000000000,0.3546090898,0.0000000000,scatter
67200,2,0.3546090898,0.0000000000,0.3741708614,0.0505703222,scatter
67200,3,0.3741708614,0.0505703222,0.0000000000,0.0348139091,exit_left
67300,1,0.0000000000,0.0000000000,5.0000000000,0.0000000000,exit_right
67400,1,0.0000000000,0.0000000000,0.0447373572,0.0000000000,scatter
67400,2,0.0447373572,0.0000000000,0.2242482860,-0.6745993542,scatter
67400,3,0.2242482860,-0.6745993542,2.7638527138,-5.6058625921,scatter
67400,4,2.7638527138,-5.6058625921,2.7548582516,-5.8612024983,absorb
67500,1,0.0000000000,0.0000000000,3.4389219343,0.0000000000,scatter
67500,2,3.4389219343,0.0000000000,3.5489714516,-0.2368920449,scatter
67500,3,3.5489714516,-0.2368920449,3.5578962695,-0.2541388783,scatter
67500,4,3.5578962695,-0.2541388783,3.7993051778,-0.3060093169,scatter
67500,5,3.7993051778,-0.3060093169,3.6441288877,-3.2802726560,scatter
67500,6,3.6441288877,-3.2802726560,2.7077098578,-4.2987105687,scatter
67500,7,2.7077098578,-4.2987105687,2.1264749860,-2.9092258177,scatter
67500,8,2.1264749860,-2.9092258177,2.0713127815,-2.6681584365,scatter
67500,9,2.0713127815,-2.6681584365,2.7502515777,-2.6547689251,scatter
67500,10,2.7502515777,-2.6547689251,3.7954276412,0.1097745781,absorb
67600,1,0.0000000000,0.0000000000,5.0000000000,0.0000000000,exit_right
67700,1,0.0000000000,0.0000000000,2.6398579571,0.0000000000,scatter
67700,2,2.6398579571,0.0000000000,0.0538402688,0.6889192845,scatter
67700,3,0.0538402688,0.6889192845,0.0942822406,0.7340093806,scatter
67700,4,0.0942822406,0.7340093806,0.3186507286,-0.6061449298,scatter
67700,5,0.3186507286,-0.6061449298,0.0000000000,-0.7994421134,exit_left
67800,1,0.0000000000,0.0000000000,1.8185919882,0.0000000000,scatter
67800,2,1.8185919882,0.0000000000,0.0000000000,1.3458180813,exit_left
67900,1,0.0000000000,0.0000000000,0.3994349569,0.0000000000,scatter
67900,2,0.3994349569,0.0000000000,0.0000000000,-0.0970954579,exit_left
68000,1,0.0000000000,0.0000000000,4.9720355331,0.0000000000,scatter
68000,2,4.9720355331,0.0000000000,3.2185343529,-1.8814944309,absorb
68100,1,0.0000000000,0.0000000000,0.8261519154,0.0000000000,scatter
68100,2,0.8261519154,0.0000000000,1.3282656745,-1.5696832727,scatter
68100,3,1.3282656745,-1.5696832727,0.0000000000,-2.3084128952,exit_left
68200,1,0.0000000000,0.0000000000,5.0000000000,0.0000000000,exit_right
68300,1,0.0000000000,0.0000000000,0.5485982539,0.0000000000,scatter
68300,2,0.5485982539,0.0000000000,0.9670978766,-0.4230195604,scatter
68300,3,0.9670978766,-0.4230195604,1.2768018562,0.0118792691,absorb
68400,1,0.0000000000,0.0000000000,2.8159015222,0.0000000000,absorb
68500,1,0.0000000000,0.0000000000,2.1949350964,0.0000000000,scatter
68500,2,2.1949350964,0.0000000000,1.6873510378,0.1180933702,scatter
68500,3,1.6873510378,0.1180933702,3.8397596527,4.3883251897,scatter
68500,4,3.8397596527,4.3883251897,3.5276140272,4.7488986914,scatter
68500,5,3.5276140272,4.7488986914,3.7199887673,4.8579876941,absorb
68600,1,0.0000000000,0.0000000000,0.3636656802,0.0000000000,scatter
68600,2,0.3636656802,0.0000000000,0.3758680553,0.6278515541,absorb
68700,1,0.0000000000,0.0000000000,1.0635326323,0.0000000000,scatter
68700,2,1.0635326323,0.0000000000,0.0000000000,1.1969550439,exit_left
68800,1,0.0000000000,0.0000000000,0.1578075773,0.0000000000,scatter
68800,2,0.1578075773,0.0000000000,0.0000000000,-0.0122627405,exit_left
68900,1,0.0000000000,0.0000000000,1.2122201940,0.0000000000,scatter
68900,2,1.2122201940,0.0000000000,2.1664288663,-0.6779272983,absorb
69000,1,0.0000000000,0.0000000000,0.8671597726,0.0000000000,scatter
69000,2,0.8671597726,0.0000000000,1.8731410498,0.1135986034,scatter
69000,3,1.8731410498,0.1135986034,1.8586965123,-0.0579316096,scatter
69000,4,1.8586965123,-0.0579316096,1.2236510880,-0.5503849889,scatter
69000,5,1.2236510880,-0.5503849889,1.9591928150,-0.9669923785,scatter
69000,6,1.9591928150,-0.9669923785,0.8902575836,0.8958653310,scatter
69000,7,0.8902575836,0.8958653310,0.6791821936,1.8780176497,scatter
69000,8,0.6791821936,1.8780176497,0.0000000000,2.7085021306,exit_left
69100,1,0.0000000000,0.0000000000,1.1652554346,0.0000000000,scatter
69100,2,1.1652554346,0.0000000000,1.6217243595,-1.7684896122,absorb
69200,1,0.0000000000,0.0000000000,0.7916097659,0.0000000000,scatter
69200,2,0.7916097659,0.0000000000,1.8071335685,0.2589145058,scatter
69200,3,1.8071335685,0.2589145058,0.6169808184,1.5187410972,scatter
69200,4,0.6169808184,1.5187410972,0.8636331806,1.5051748978,scatter
69200,5,0.8636331806,1.5051748978,0.8453767293,1.4727840596,scatter
69200,6,0.8453767293,1.4727840596,0.0000000000,-2.1416265014,exit_left
69300,1,0.0000000000,0.0000000000,5.0000000000,0.0000000000,exit_right
69400,1,0.0000000000,0.0000000000,5.0000000000,0.0000000000,exit_right
69500,1,0.0000000000,0.0000000000,2.2892781662,0.0000000000,scatter
69500,2,2.2892781662,0.0000000000,2.7039243413,0.2472753192,scatter
69500,3,2.7039243413,0.2472753192,3.8249454785,-0.7832624432,scatter
69500,4,3.8249454785,-0.7832624432,1.3954744795,-0.5442192824,scatter
69500,5,1.3954744795,-0.5442192824,1.1031219587,-0.2370325023,scatter
69500,6,1.1031219587,-0.2370325023,1.1860162567,-0.1615659961,scatter
69500,7,1.1860162567,-0.1615659961,0.4958369123,-2.4346706253,scatter
69500,8,0.4958369123,-2.4346706253,2.0241100650,-6.7118861805,scatter
69500,9,2.0241100650,-6.7118861805,2.7138018169,-6.9051924950,absorb
69600,1,0.0000000000,0.0000000000,0.7865777567,0.0000000000,scatter
69600,2,0.7865777567,0.0000000000,0.0000000000,1.5357920291,exit_left
69700,1,0.0000000000,0.0000000000,0.2525552371,0.0000000000,scatter
69700,2,0.2525552371,0.0000000000,0.3075620156,0.5632321285,absorb
69800,1,0.0000000000,0.0000000000,2.3470068539,0.0000000000,scatter
69800,2,2.3470068539,0.0000000000,5.0000000000,-2.0356887805,exit_right
69900,1,0.0000000000,0.0000000000,2.0419071784,0.0000000000,absorb
70000,1,0.0000000000,0.0000000000,2.8078626370,0.0000000000,scatter
70000,2,2.8078626370,0.0000000000,2.7974497326,0.4374761207,absorb
70100,1,0.0000000000,0.0000000000,0.9997138214,0.0000000000,scatter
70100,2,0.9997138214,0.0000000000,4.3996730430,-1.8843698850,scatter
70100,3,4.3996730430,-1.8843698850,4.3087023456,-1.9259663730,scatter
70100,4,4.3087023456,-1.9259663730,4.5117758672,1.7659856974,scatter
70100,5,4.5117758672,1.7659856974,4.3513799841,1.5501626533,scatter
70100,6,4.3513799841,1.5501626533,0.0000000000,-2.5775182643,exit_left
70200,1,0.0000000000,0.0000000000,0.9708705015,0.0000000000,absorb
70300,1,0.0000000000,0.0000000000,2.5615665235,0.0000000000,absorb
70400,1,0.0000000000,0.0000000000,0.1563045381,0.0000000000,scatter
70400,2,0.1563045381,0.0000000000,1.2429466783,0.2082025728,scatter
70400,3,1.2429466783,0.2082025728,0.3097082403,6.3371713595,scatter
70400,4,0.3097082403,6.3371713595,0.0000000000,6.2778702559,exit_left
70500,1,0.0000000000,0.0000000000,1.1919535866,0.0000000000,scatter
70500,2,1.1919535866,0.0000000000,0.0000000000,-0.4425619383,exit_left
70600,1,0.0000000000,0.0000000000,3.4867059883,0.0000000000,scatter
70600,2,3.4867059883,0.0000000000,3.3443167104,-0.1915413196,scatter
70600,3,3.3443167104,-0.1915413196,3.7545008660,-0.6097775478,scatter
70600,4,3.7545008660,-0.6097775478,3.9052161819,-0.1095388378,scatter
70600,5,3.9052161819,-0.1095388378,4.6371081022,-0.4215867850,absorb
70700,1,0.0000000000,0.0000000000,0.7359236892,0.0000000000,absorb
70800,1,0.0000000000,0.0000000000,1.0723042659,0.0000000000,absorb
70900,1,0.0000000000,0.0000000000,3.1421244948,0.0000000000,scatter
70900,2,3.1421244948,0.0000000000,5.0000000000,0.9004367456,exit_right
71000,1,0.0000000000,0.0000000000,3.5113002523,0.0000000000,scatter
71000,2,3.5113002523,0.0000000000,0.7455570782,-2.4258845633,scatter
71000,3,0.7455570782,-2.4258845633,2.5738551905,-2.7076514077,scatter
71000,4,2.5738551905,-2.7076514077,4.5710012928,-2.6677184908,scatter
71000,5,4.5710012928,-2.6677184908,4.5841135233,-2.6338142771,scatter
71000,6,4.5841135233,-2.6338142771,5.0000000000,-2.3691291772,exit_right
71100,1,0.0000000000,0.0000000000,1.1996119473,0.0000000000,scatter
71100,2,1.1996119473,0.0000000000,0.1488024597,3.2589904138,absorb
71200,1,0.0000000000,0.0000000000,1.7986464053,0.0000000000,scatter
71200,2,1.7986464053,0.0000000000,1.9316066056,-0.7998687465,scatter
71200,3,1.9316066056,-0.7998687465,1.1799690754,-0.7617410635,scatter
71200,4,1.1799690754,-0.7617410635,3.6996401134,-0.4729804669,scatter
71200,5,3.6996401134,-0.4729804669,3.6030442907,-0.1945613155,scatter
71200,6,3.6030442907,-0.1945613155,4.4995535977,2.5753928781,scatter
71200,7,4.4995535977,2.5753928781,5.0000000000,3.4847255676,exit_right
71300,1,0.0000000000,0.0000000000,0.7733604927,0.0000000000,scatter
71300,2,0.7733604927,0.0000000000,0.0000000000,-0.2120394623,exit_left
71400,1,0.0000000000,0.0000000000,0.7399683880,0.0000000000,scatter
71400,2,0.7399683880,0.0000000000,0.0000000000,0.9196478301,exit_left
71500,1,0.0000000000,0.0000000000,0.4583007009,0.0000000000,absorb
71600,1,0.0000000000,0.0000000000,5.0000000000,0.0000000000,exit_right
71700,1,0.0000000000,0.0000000000,5.0000000000,0.0000000000,exit_right
71800,1,0.0000000000,0.0000000000,0.5452593488,0.0000000000,scatter
71800,2,0.5452593488,0.0000000000,0.3351413356,3.0205199644,scatter
71800,3,0.3351413356,3.0205199644,1.1030843097,2.7485492033,absorb
71900,1,0.0000000000,0.0000000000,0.3515097848,0.0000000000,absorb
72000,1,0.0000000000,0.0000000000,2.2471757815,0.0000000000,scatter
72000,2,2.2471757815,0.0000000000,1.6285241633,1.5644104732,scatter
72000,3,1.6285241633,1.5644104732,5.0000000000,0.9340591506,exit_right
72100,1,0.0000000000,0.0000000000,0.0129381373,0.0000000000,scatter
72100,2,0.0129381373,0.0000000000,0.0000000000,0.0422087940,exit_left
72200,1,0.0000000000,0.0000000000,0.4769282954,0.0000000000,scatter
72200,2,0.4769282954,0.0000000000,0.3157757105,0.4659683732,scatter
72200,3,0.3157757105,0.4659683732,0.0000000000,0.6493179837,exit_left
72300,1,0.0000000000,0.0000000000,0.3015959720,0.0000000000,absorb
72400,1,0.0000000000,0.0000000000,0.9601184276,0.0000000000,scatter
72400,2,0.9601184276,0.0000000000,2.0650728683,1.9814880656,scatter
72400,3,2.0650728683,1.9814880656,3.8815774515,-0.4044091155,absorb
72500,1,0.0000000000,0.0000000000,0.7330424065,0.0000000000,absorb
72600,1,0.0000000000,0.0000000000,1.7698381001,0.0000000000,absorb
72700,1,0.0000000000,0.0000000000,1.6720598640,0.0000000000,absorb
72800,1,0.0000000000,0.0000000000,2.3329837426,0.0000000000,scatter
72800,2,2.3329837426,0.0000000000,1.6860702767,0.6164430961,scatter
72800,3,1.6860702767,0.6164430961,1.7177844594,0.7460301214,scatter
72800,4,1.7177844594,0.7460301214,4.1639425100,2.1613704104,scatter
72800,5,4.1639425100,2.1613704104,4.7211254112,1.6966579297,scatter
72800,6,4.7211254112,1.6966579297,4.6206492791,4.7534925728,scatter
72800,7,4.6206492791,4.7534925728,4.3181731598,4.9536552185,scatter
72800,8,4.3181731598,4.9536552185,4.0778388485,4.8117531424,scatter
72800,9,4.0778388485,4.8117531424,4.1268475646,4.9086272515,scatter
72800,10,4.1268475646,4.9086272515,4.9695114170,5.0285198250,scatter
72800,11,4.9695114170,5.0285198250,5.0000000000,5.1120002834,exit_right
72900,1,0.0000000000,0.0000000000,1.7814210755,0.0000000000,scatter
72900,2,1.7814210755,0.0000000000,1.9522463559,-4.9986456291,scatter
72900,3,1.9522463559,-4.9986456291,1.9491646738,2.5875901282,scatter
72900,4,1.9491646738,2.5875901282,0.4225357410,1.4705187622,absorb
73000,1,0.0000000000,0.0000000000,0.4085870985,0.0000000000,scatter
73000,2,0.4085870985,0.0000000000,0.0000000000,-0.8217738006,exit_left
73100,1,0.0000000000,0.0000000000,0.3158147591,0.0000000000,scatter
73100,2,0.3158147591,0.0000000000,0.0000000000,-0.1927542494,exit_left
73200,1,0.0000000000,0.0000000000,0.3862973171,0.0000000000,scatter
73200,2,0.3862973171,0.0000000000,0.8161600662,-2.1541697250,scatter
73200,3,0.8161600662,-2.1541697250,2.2365967926,0.1362396882,absorb
73300,1,0.0000000000,0.0000000000,0.5228206439,0.0000000000,scatter
73300,2,0.5228206439,0.0000000000,0.0000000000,-0.4398487409,exit_left
73400,1,0.0000000000,0.0000000000,0.8511274555,0.0000000000,absorb
73500,1,0.0000000000,0.0000000000,0.2930434140,0.0000000000,scatter
73500,2,0.2930434140,0.0000000000,0.6774936771,0.0697720555,scatter
73500,3,0.6774936771,0.0697720555,1.1956791162,-0.2587559525,scatter
73500,4,1.1956791162,-0.2587559525,3.2612051906,-0.2708605799,scatter
73500,5,3.2612051906,-0.2708605799,3.5224961005,-0.0896848328,scatter
73500,6,3.5224961005,-0.0896848328,5.0000000000,0.7595732314,exit_right
73600,1,0.0000000000,0.0000000000,5.0000000000,0.0000000000,exit_right
73700,1,0.0000000000,0.0000000000,3.2289876917,0.0000000000,scatter
73700,2,3.2289876917,0.0000000000,4.2196689107,1.2753556142,scatter
73700,3,4.2196689107,1.2753556142,5.0000000000,2.0795886662,exit_right
73800,1,0.0000000000,0.0000000000,0.8389371260,0.0000000000,absorb
73900,1,0.0000000000,0.0000000000,1.4596841755,0.0000000000,scatter
73900,2,1.4596841755,0.0000000000,3.1927598123,-0.5431638034,scatter
73900,3,3.1927598123,-0.5431638034,3.8667613414,0.6055659557,scatter
73900,4,3.8667613414,0.6055659557,3.1495996823,0.2953111793,absorb
74000,1,0.0000000000,0.0000000000,2.6344652565,0.0000000000,scatter
74000,2,2.6344652565,0.0000000000,2.5621048339,-1.6609717738,scatter
74000,3,2.5621048339,-1.6609717738,1.8158751805,-1.5147154141,scatter
74000,4,1.8158751805,-1.5147154141,2.6504348305,0.8116402301,scatter
74000,5,2.6504348305,0.8116402301,3.6251855592,-0.1375785695,scatter
74000,6,3.6251855592,-0.1375785695,4.6361676388,-0.4551119609,absorb
74100,1,0.0000000000,0.0000000000,5.0000000000,0.0000000000,exit_right
74200,1,0.0000000000,0.0000000000,1.8849504792,0.0000000000,scatter
74200,2,1.8849504792,0.0000000000,2.9832173556,-2.5065841901,absorb
74300,1,0.0000000000,0.0000000000,0.2866664543,0.0000000000,scatter
74300,2,0.2866664543,0.0000000000,0.5565900805,-0.9529163736,absorb
74400,1,0.0000000000,0.0000000000,3.0307946662,0.0000000000,scatter
74400,2,3.0307946662,0.0000000000,2.5688548977,1.0476676892,absorb
74500,1,0.0000000000,0.0000000000,0.7928829630,0.0000000000,absorb
74600,1,0.0000000000,0.0000000000,0.5699952026,0.0000000000,scatter
74600,2,0.5699952026,0.0000000000,0.5317404688,0.1033377994,scatter
74600,3,0.5317404688,0.1033377994,1.4499233065,-0.7785097486,scatter
74600,4,1.4499233065,-0.7785097486,2.9116745127,-1.9871169681,scatter
74600,5,2.9116745127,-1.9871169681,3.7871814807,-1.8108951946,scatter
74600,6,3.7871814807,-1.8108951946,3.0655196855,-1.9550915802,absorb
74700,1,0.0000000000,0.0000000000,0.4339933747,0.0000000000,scatter
74700,2,0.4339933747,0.0000000000,2.1053504461,-1.1077297285,scatter
74700,3,2.1053504461,-1.1077297285,0.0000000000,-0.9729463083,exit_left
74800,1,0.0000000000,0.0000000000,0.8162495137,0.0000000000,scatter
74800,2,0.8162495137,0.0000000000,0.0000000000,0.8041243167,exit_left
74900,1,0.0000000000,0.0000000000,0.7233222242,0.0000000000,scatter
74900,2,0.7233222242,0.0000000000,0.5500660787,1.2316519369,scatter
74900,3,0.5500660787,1.2316519369,0.0000000000,1.1713548646,exit_left
75000,1,0.0000000000,0.0000000000,1.1169620568,0.0000000000,scatter
75000,2,1.1169620568,0.0000000000,0.0000000000,-0.3760373625,exit_left
75100,1,0.0000000000,0.0000000000,0.0604544767,0.0000000000,scatter
75100,2,0.0604544767,0.0000000000,0.0000000000,0.0057261913,exit_left
75200,1,0.0000000000,0.0000000000,4.4527619548,0.0000000000,scatter
75200,2,4.4527619548,0.0000000000,2.8397731303,-0.1882659550,scatter
75200,3,2.8397731303,-0.1882659550,0.0000000000,-2.6034966347,exit_left
75300,1,0.0000000000,0.0000000000,2.9483737986,0.0000000000,scatter
75300,2,2.9483737986,0.0000000000,3.0098866039,0.2222673069,scatter
75300,3,3.0098866039,0.2222673069,3.5528661811,-0.2154215130,scatter
75300,4,3.5528661811,-0.2154215130,4.8732725742,2.7886002370,scatter
75300,5,4.8732725742,2.7886002370,5.0000000000,2.8390254237,exit_right
75400,1,0.0000000000,0.0000000000,1.2171476801,0.0000000000,scatter
75400,2,1.2171476801,0.0000000000,3.2419997183,-0.2641133570,absorb
75500,1,0.0000000000,0.0000000000,2.5825352974,0.0000000000,scatter
75500,2,2.5825352974,0.0000000000,0.0000000000,1.8105455837,exit_left
75600,1,0.0000000000,0.0000000000,1.1397320070,0.0000000000,scatter
75600,2,1.1397320070,0.0000000000,1.1506739846,0.0246980095,scatter
75600,3,1.1506739846,0.0246980095,2.0159592137,2.3740653958,scatter
75600,4,2.0159592137,2.3740653958,4.2997579935,-0.9844841031,absorb
75700,1,0.0000000000,0.0000000000,0.0100247165,0.0000000000,scatter
75700,2,0.0100247165,0.0000000000,0.0000000000,0.0023840880,exit_left
75800,1,0.0000000000,0.0000000000,0.0117661263,0.0000000000,scatter
75800,2,0.0117661263,0.0000000000,3.8737206330,-0.0211305367,scatter
75800,3,3.8737206330,-0.0211305367,5.0000000000,0.7438061891,exit_right
75900,1,0.0000000000,0.0000000000,0.5412188034,0.0000000000,scatter
75900,2,0.5412188034,0.0000000000,2.7775283196,-1.4607561239,scatter
75900,3,2.7775283196,-1.4607561239,3.2375451807,-0.7863310156,scatter
75900,4,3.2375451807,-0.7863310156,0.0000000000,-3.1474682198,exit_left
76000,1,0.0000000000,0.0000000000,0.9272959284,0.0000000000,scatter
76000,2,0.9272959284,0.0000000000,2.2349349999,2.4521610053,scatter
76000,3,2.2349349999,2.4521610053,2.2856756900,2.5673595816,absorb
76100,1,0.0000000000,0.0000000000,5.0000000000,0.0000000000,exit_right
76200,1,0.0000000000,0.0000000000,5.0000000000,0.0000000000,exit_right
76300,1,0.0000000000,0.0000000000,1.6025653131,0.0000000000,scatter
76300,2,1.6025653131,0.0000000000,3.6013202153,-0.4014532379,scatter
76300,3,3.6013202153,-0.4014532379,0.0000000000,-0.0585486644,exit_left
76400,1,0.0000000000,0.0000000000,0.1425518497,0.0000000000,scatter
76400,2,0.1425518497,0.0000000000,0.0000000000,0.2826674452,exit_left
76500,1,0.0000000000,0.0000000000,0.8026737921,0.0000000000,scatter
76500,2,0.8026737921,0.0000000000,0.0000000000,-0.1146995940,exit_left
76600,1,0.0000000000,0.0000000000,0.3515659643,0.0000000000,scatter
76600,2,0.3515659643,0.0000000000,0.0763272025,0.9592281227,scatter
76600,3,0.0763272025,0.9592281227,1.6665872524,2.7149523816,scatter
76600,4,1.6665872524,2.7149523816,0.1209509383,2.7511339476,scatter
76600,5,0.1209509383,2.7511339476,0.0586044348,3.9885528730,scatter
76600,6,0.0586044348,3.9885528730,0.0000000000,3.9935776175,exit_left
76700,1,0.0000000000,0.0000000000,1.5692785591,0.0000000000,scatter
76700,2,1.5692785591,0.0000000000,0.2445260935,-0.5649328486,scatter
76700,3,0.2445260935,-0.5649328486,2.0214700801,-0.1357705515,scatter
76700,4,2.0214700801,-0.1357705515,0.0000000000,-0.6765662657,exit_left
76800,1,0.0000000000,0.0000000000,2.5237049569,0.0000000000,scatter
76800,2,2.5237049569,0.0000000000,3.0208582471,1.9519761515,absorb
76900,1,0.0000000000,0.0000000000,5.0000000000,0.0000000000,exit_right
77000,1,0.0000000000,0.0000000000,1.7277765333,0.0000000000,absorb
77100,1,0.0000000000,0.0000000000,0.6996433037,0.0000000000,scatter
77100,2,0.6996433037,0.0000000000,0.0000000000,0.4093999239,exit_left
77200,1,0.0000000000,0.0000000000,5.0000000000,0.0000000000,exit_right
77300,1,0.0000000000,0.0000000000,2.5764792066,0.0000000000,scatter
77300,2,2.5764792066,0.0000000000,3.6417482427,-5.8404234663,absorb
77400,1,0.0000000000,0.0000000000,2.3021466202,0.0000000000,scatter
77400,2,2.3021466202,0.0000000000,0.0000000000,0.2193932793,exit_left
77500,1,0.0000000000,0.0000000000,0.1304722636,0.0000000000,scatter
77500,2,0.1304722636,0.0000000000,2.0527001113,-0.2684710059,scatter
77500,3,2.0527001113,-0.2684710059,2.5741858601,-1.0487202691,scatter
77500,4,2.5741858601,-1.0487202691,2.1614028286,2.0353124599,absorb
77600,1,0.0000000000,0.0000000000,1.1773408920,0.0000000000,scatter
77600,2,1.1773408920,0.0000000000,0.0000000000,-0.2136337589,exit_left
77700,1,0.0000000000,0.0000000000,1.3196893293,0.0000000000,scatter
77700,2,1.3196893293,0.0000000000,1.3289639029,0.0365061436,scatter
77700,3,1.3289639029,0.0365061436,4.3593088684,-1.5930626525,scatter
77700,4,4.3593088684,-1.5930626525,5.0000000000,-2.2135065994,exit_right
77800,1,0.0000000000,0.0000000000,0.3164395099,0.0000000000,scatter
77800,2,0.3164395099,0.0000000000,0.1661655982,-1.6691081722,absorb
77900,1,0.0000000000,0.0000000000,0.1290913186,0.0000000000,scatter
77900,2,0.1290913186,0.0000000000,0.3784742842,0.5809994880,absorb
78000,1,0.0000000000,0.0000000000,1.7559311089,0.0000000000,scatter
78000,2,1.7559311089,0.0000000000,2.1880394324,-0.0914403824,scatter
78000,3,2.1880394324,-0.0914403824,4.8264973298,-2.1473358919,scatter
78000,4,4.8264973298,-2.1473358919,4.8102706860,-1.8837676658,scatter
78000,5,4.8102706860,-1.8837676658,4.3755378069,-1.6958400350,scatter
78000,6,4.3755378069,-1.6958400350,5.0000000000,-1.2841704877,exit_right
78100,1,0.0000000000,0.0000000000,2.3584507199,0.0000000000,scatter
78100,2,2.3584507199,0.0000000000,2.2456878050,-0.9747474679,scatter
78100,3,2.2456878050,-0.9747474679,0.0000000000,-0.5866224499,exit_left
78200,1,0.0000000000,0.0000000000,1.4680019315,0.0000000000,scatter
78200,2,1.4680019315,0.0000000000,1.3028855884,-0.3679150592,absorb
78300,1,0.0000000000,0.0000000000,3.0268459463,0.0000000000,scatter
78300,2,3.0268459463,0.0000000000,5.0000000000,-0.3679286854,exit_right
78400,1,0.0000000000,0.0000000000,2.6121481681,0.0000000000,scatter
78400,2,2.6121481681,0.0000000000,2.5926827568,0.0279707001,scatter
78400,3,2.5926827568,0.0279707001,1.8873675802,-0.2653498481,absorb
78500,1,0.0000000000,0.0000000000,0.3194664659,0.0000000000,absorb
78600,1,0.0000000000,0.0000000000,4.8800558546,0.0000000000,scatter
78600,2,4.8800558546,0.0000000000,3.8992618367,0.9995178635,scatter
78600,3,3.8992618367,0.9995178635,4.6103922047,1.8677942924,scatter
78600,4,4.6103922047,1.8677942924,4.3232397736,-4.0584779053,scatter
78600,5,4.3232397736,-4.0584779053,4.6131140972,-3.2518498978,scatter
78600,6,4.6131140972,-3.2518498978,4.9031058652,-10.8355641954,scatter
78600,7,4.9031058652,-10.8355641954,5.0000000000,-10.8300557155,exit_right
78700,1,0.0000000000,0.0000000000,2.5885753175,0.0000000000,scatter
78700,2,2.5885753175,0.0000000000,2.4852573163,-1.5338530740,scatter
78700,3,2.4852573163,-1.5338530740,0.5528553265,4.3006752982,scatter
78700,4,0.5528553265,4.3006752982,0.0446048644,3.5388952280,scatter
78700,5,0.0446048644,3.5388952280,0.3649341244,3.0971517073,scatter
78700,6,0.3649341244,3.0971517073,0.0000000000,3.1515057144,exit_left
78800,1,0.0000000000,0.0000000000,5.0000000000,0.0000000000,exit_right
78900,1,0.0000000000,0.0000000000,0.5543541872,0.0000000000,scatter
78900,2,0.5543541872,0.0000000000,0.0000000000,1.0470829169,exit_left
79000,1,0.0000000000,0.0000000000,0.0690507820,0.0000000000,scatter
79000,2,0.0690507820,0.0000000000,0.0000000000,-0.2178354064,exit_left
79100,1,0.0000000000,0.0000000000,2.4183417985,0.0000000000,scatter
79100,2,2.4183417985,0.0000000000,1.3953345853,0.4918108913,scatter
79100,3,1.3953345853,0.4918108913,0.8389903907,-0.0760897515,scatter
79100,4,0.8389903907,-0.0760897515,0.8353355578,-0.1000314699,absorb
79200,1,0.0000000000,0.0000000000,3.5466548286,0.0000000000,absorb
79300,1,0.0000000000,0.0000000000,4.7458108036,0.0000000000,absorb
79400,1,0.0000000000,0.0000000000,1.9427798694,0.0000000000,scatter
79400,2,1.9427798694,0.0000000000,5.0000000000,-1.4455040384,exit_right
79500,1,0.0000000000,0.0000000000,3.2487415042,0.0000000000,absorb
79600,1,0.0000000000,0.0000000000,0.2596844557,0.0000000000,absorb
79700,1,0.0000000000,0.0000000000,2.9347362019,0.0000000000,scatter
79700,2,2.9347362019,0.0000000000,2.4798685365,0.5089016941,scatter
79700,3,2.4798685365,0.5089016941,4.9145149065,1.8520483249,scatter
79700,4,4.9145149065,1.8520483249,2.4009219316,-1.9437145127,scatter
79700,5,2.4009219316,-1.9437145127,1.8825082282,-1.3654077344,scatter
79700,6,1.8825082282,-1.3654077344,2.1272445142,-1.2378938563,scatter
79700,7,2.1272445142,-1.2378938563,2.1466923083,-1.4854035528,scatter
79700,8,2.1466923083,-1.4854035528,0.0000000000,3.8384224759,exit_left
79800,1,0.0000000000,0.0000000000,0.9556453040,0.0000000000,scatter
79800,2,0.9556453040,0.0000000000,1.3515191006,0.3102680708,absorb
79900,1,0.0000000000,0.0000000000,2.1540023755,0.0000000000,scatter
79900,2,2.1540023755,0.0000000000,1.5471798754,-0.2691453476,scatter
79900,3,1.5471798754,-0.2691453476,1.9365780888,-5.1939500510,scatter
79900,4,1.9365780888,-5.1939500510,2.7162913570,-5.4918966657,scatter
79900,5,2.7162913570,-5.4918966657,1.7398110641,-5.4498129368,scatter
79900,6,1.7398110641,-5.4498129368,1.7609477447,-5.3704395405,absorb
80000,1,0.0000000000,0.0000000000,1.5139066789,0.0000000000,scatter
80000,2,1.5139066789,0.0000000000,0.0000000000,-0.2779144850,exit_left
80100,1,0.0000000000,0.0000000000,0.3627583997,0.0000000000,scatter
80100,2,0.3627583997,0.0000000000,1.5233507616,0.1082874555,scatter
80100,3,1.5233507616,0.1082874555,1.6527168170,0.3277182066,scatter
80100,4,1.6527168170,0.3277182066,0.3497640848,-0.8551164452,scatter
80100,5,0.3497640848,-0.8551164452,1.5153640047,-3.3796088291,absorb
80200,1,0.0000000000,0.0000000000,0.1849051549,0.0000000000,scatter
80200,2,0.1849051549,0.0000000000,0.0000000000,0.1487021809,exit_left
80300,1,0.0000000000,0.0000000000,2.6300566524,0.0000000000,scatter
80300,2,2.6300566524,0.0000000000,2.8319667873,0.2535642603,absorb
80400,1,0.0000000000,0.0000000000,4.6046715324,0.0000000000,absorb
80500,1,0.0000000000,0.0000000000,1.1590320498,0.0000000000,scatter
80500,2,1.1590320498,0.0000000000,0.4998551772,-0.4306425714,scatter
80500,3,0.4998551772,-0.4306425714,0.2706890916,-2.8665462420,scatter
80500,4,0.2706890916,-2.8665462420,0.2253621685,-2.7680406770,scatter
80500,5,0.2253621685,-2.7680406770,0.0000000000,-2.7404997879,exit_left
80600,1,0.0000000000,0.0000000000,2.2504225889,0.0000000000,scatter
80600,2,2.2504225889,0.0000000000,2.3144575287,-0.1412902433,scatter
80600,3,2.3144575287,-0.1412902433,1.8197676579,-1.6574781241,scatter
80600,4,1.8197676579,-1.6574781241,2.4326689755,-3.5166301723,scatter
80600,5,2.4326689755,-3.5166301723,2.4742871880,-11.5283899176,scatter
80600,6,2.4742871880,-11.5283899176,2.0064030064,-13.3171800016,scatter
80600,7,2.0064030064,-13.3171800016,3.3990182812,-10.6779279198,absorb
80700,1,0.0000000000,0.0000000000,0.0776734286,0.0000000000,scatter
80700,2,0.0776734286,0.0000000000,0.0000000000,-0.0724800571,exit_left
80800,1,0.0000000000,0.0000000000,1.9535642154,0.0000000000,absorb
80900,1,0.0000000000,0.0000000000,5.0000000000,0.0000000000,exit_right
81000,1,0.0000000000,0.0000000000,3.4123450719,0.0000000000,scatter
81000,2,3.4123450719,0.0000000000,4.5615211099,-0.5061560700,scatter
81000,3,4.5615211099,-0.5061560700,5.0000000000,-0.0739897963,exit_right
81100,1,0.0000000000,0.0000000000,4.0929270376,0.0000000000,scatter
81100,2,4.0929270376,0.0000000000,4.7116714876,-0.4053291663,absorb
81200,1,0.0000000000,0.0000000000,0.4645413042,0.0000000000,scatter
81200,2,0.4645413042,0.0000000000,2.0472113493,0.4259441289,scatter
81200,3,2.0472113493,0.4259441289,5.0000000000,-1.4978464261,exit_right
81300,1,0.0000000000,0.0000000000,0.2802672131,0.0000000000,scatter
81300,2,0.2802672131,0.0000000000,5.0000000000,0.4613732638,exit_right
81400,1,0.0000000000,0.0000000000,0.0752373411,0.0000000000,scatter
81400,2,0.0752373411,0.0000000000,0.0732013397,0.0024622726,scatter
81400,3,0.0732013397,0.0024622726,0.1480561650,-0.2838975337,scatter
81400,4,0.1480561650,-0.2838975337,4.3828568857,-0.9760025951,scatter
81400,5,4.3828568857,-0.9760025951,4.8253896204,-0.3020511996,absorb
81500,1,0.0000000000,0.0000000000,3.3663258367,0.0000000000,scatter
81500,2,3.3663258367,0.0000000000,1.2417199728,4.7399836337,scatter
81500,3,1.2417199728,4.7399836337,1.4480217660,5.3942571034,scatter
81500,4,1.4480217660,5.3942571034,5.0000000000,6.5448839018,exit_right
81600,1,0.0000000000,0.0000000000,1.3250695693,0.0000000000,scatter
81600,2,1.3250695693,0.0000000000,4.8205811880,-1.0631785895,scatter
81600,3,4.8205811880,-1.0631785895,4.7909284371,-1.0707288048,scatter
81600,4,4.7909284371,-1.0707288048,5.0000000000,-1.0318898894,exit_right
81700,1,0.0000000000,0.0000000000,0.5035397680,0.0000000000,scatter
81700,2,0.5035397680,0.0000000000,0.0000000000,2.5788606291,exit_left
81800,1,0.0000000000,0.0000000000,5.0000000000,0.0000000000,exit_right
81900,1,0.0000000000,0.0000000000,2.1211990032,0.0000000000,scatter
81900,2,2.1211990032,0.0000000000,2.1540206204,-0.0077591251,absorb
82000,1,0.0000000000,0.0000000000,2.5552131879,0.0000000000,scatter
82000,2,2.5552131879,0.0000000000,3.0559734506,-0.1234160171,scatter
82000,3,3.0559734506,-0.1234160171,3.0461542560,-0.0756388221,scatter
82000,4,3.0461542560,-0.0756388221,3.4419612220,-0.6123367465,scatter
82000,5,3.4419612220,-0.6123367465,1.0711534482,-9.8477092853,scatter
82000,6,1.0711534482,-9.8477092853,2.9263129380,-7.7410588469,scatter
82000,7,2.9263129380,-7.7410588469,1.3377168744,-10.1716103284,scatter
82000,8,1.3377168744,-10.1716103284,1.3570297023,-10.2609811365,scatter
82000,9,1.3570297023,-10.2609811365,2.0431750462,-7.7254885425,absorb
82100,1,0.0000000000,0.0000000000,2.3958311076,0.0000000000,scatter
82100,2,2.3958311076,0.0000000000,2.9517495648,-0.0145870465,scatter
82100,3,2.9517495648,-0.0145870465,1.8899457814,-0.7811064236,scatter
82100,4,1.8899457814,-0.7811064236,1.9584366150,-0.9302043268,scatter
82100,5,1.9584366150,-0.9302043268,2.5713211271,-1.0636043519,absorb
82200,1,0.0000000000,0.0000000000,0.9609971706,0.0000000000,scatter
82200,2,0.9609971706,0.0000000000,1.1320476025,0.1435103968,scatter
82200,3,1.1320476025,0.1435103968,1.4891885937,-0.4315538412,scatter
82200,4,1.4891885937,-0.4315538412,0.0000000000,-1.7890344100,exit_left
82300,1,0.0000000000,0.0000000000,3.6323635653,0.0000000000,absorb
82400,1,0.0000000000,0.0000000000,2.3547584451,0.0000000000,scatter
82400,2,2.3547584451,0.0000000000,4.1918085647,-0.2384741010,scatter
82400,3,4.1918085647,-0.2384741010,2.6831816461,1.8616572210,scatter
82400,4,2.6831816461,1.8616572210,3.2945872859,0.8751443771,scatter
82400,5,3.2945872859,0.8751443771,3.2281746741,0.5653370123,scatter
82400,6,3.2281746741,0.5653370123,5.0000000000,-1.8020077208,exit_right
82500,1,0.0000000000,0.0000000000,1.9453559908,0.0000000000,scatter
82500,2,1.9453559908,0.0000000000,1.9153414261,0.0924523307,absorb
82600,1,0.0000000000,0.0000000000,5.0000000000,0.0000000000,exit_right
82700,1,0.0000000000,0.0000000000,0.2106881613,0.0000000000,absorb
82800,1,0.0000000000,0.0000000000,3.7750583610,0.0000000000,absorb
82900,1,0.0000000000,0.0000000000,0.2970942062,0.0000000000,scatter
82900,2,0.2970942062,0.0000000000,0.3078322549,0.1386391729,scatter
82900,3,0.3078322549,0.1386391729,1.3759829815,-0.0674876147,scatter
82900,4,1.3759829815,-0.0674876147,1.8920633185,1.8400088893,absorb
83000,1,0.0000000000,0.0000000000,5.0000000000,0.0000000000,exit_right
83100,1,0.0000000000,0.0000000000,0.4092543901,0.0000000000,scatter
83100,2,0.4092543901,0.0000000000,0.0000000000,-0.3487547860,exit_left
83200,1,0.0000000000,0.0000000000,0.2637415870,0.0000000000,scatter
83200,2,0.2637415870,0.0000000000,0.0265614384,0.1189526111,scatter
83200,3,0.0265614384,0.1189526111,0.5029572222,1.1207795605,scatter
83200,4,0.5029572222,1.1207795605,0.0000000000,0.4342019497,exit_left
83300,1,0.0000000000,0.0000000000,2.1885244255,0.0000000000,scatter
83300,2,2.1885244255,0.0000000000,2.1204686214,-0.3599166619,absorb
83400,1,0.0000000000,0.0000000000,0.4453723903,0.0000000000,scatter
83400,2,0.4453723903,0.0000000000,0.1889140019,0.1031201639,absorb
83500,1,0.0000000000,0.0000000000,3.7355588724,0.0000000000,scatter
83500,2,3.7355588724,0.0000000000,3.0519731557,-0.4126933857,absorb
83600,1,0.0000000000,0.0000000000,5.0000000000,0.0000000000,exit_right
83700,1,0.0000000000,0.0000000000,2.9910796386,0.0000000000,scatter
83700,2,2.9910796386,0.0000000000,3.3069360692,-0.2145891321,scatter
83700,3,3.3069360692,-0.2145891321,4.0159153893,-3.0368139371,scatter
83700,4,4.0159153893,-3.0368139371,1.9271352409,-1.3383452866,scatter
83700,5,1.9271352409,-1.3383452866,2.7845313192,2.0742987506,scatter
83700,6,2.7845313192,2.0742987506,3.0842019390,2.4448846096,scatter
83700,7,3.0842019390,2.4448846096,3.0470794642,3.1174590540,scatter
83700,8,3.0470794642,3.1174590540,2.3172709300,4.9408215844,scatter
83700,9,2.3172709300,4.9408215844,0.0000000000,10.4838600994,exit_left
83800,1,0.0000000000,0.0000000000,0.0059961104,0.0000000000,scatter
83800,2,0.0059961104,0.0000000000,1.7725113149,-0.2645075888,scatter
83800,3,1.7725113149,-0.2645075888,4.7366524182,-11.7085118919,scatter
83800,4,4.7366524182,-11.7085118919,5.0000000000,-12.8276137347,exit_right
83900,1,0.0000000000,0.0000000000,1.0854455476,0.0000000000,scatter
83900,2,1.0854455476,0.0000000000,1.1026136170,-0.3178974684,absorb
84000,1,0.0000000000,0.0000000000,0.5462990360,0.0000000000,scatter
84000,2,0.5462990360,0.0000000000,0.6664730512,0.1031499327,scatter
84000,3,0.6664730512,0.1031499327,0.0000000000,-2.0110324207,exit_left
84100,1,0.0000000000,0.0000000000,0.7446011312,0.0000000000,scatter
84100,2,0.7446011312,0.0000000000,0.7345697422,-0.0110653090,scatter
84100,3,0.7345697422,-0.0110653090,3.2047170307,-0.3223914578,scatter
84100,4,3.2047170307,-0.3223914578,2.8913959108,-0.2071200945,scatter
84100,5,2.8913959108,-0.2071200945,2.6341196827,-0.3896265774,scatter
84100,6,2.6341196827,-0.3896265774,2.0687631221,-3.4188824794,absorb
84200,1,0.0000000000,0.0000000000,0.0193725227,0.0000000000,scatter
84200,2,0.0193725227,0.0000000000,1.2299994773,-0.6027220850,scatter
84200,3,1.2299994773,-0.6027220850,0.3028897638,-0.0370548573,scatter
84200,4,0.3028897638,-0.0370548573,0.0000000000,0.3092140082,exit_left
84300,1,0.0000000000,0.0000000000,0.7350407456,0.0000000000,scatter
84300,2,0.7350407456,0.0000000000,0.0000000000,-0.4257919425,exit_left
84400,1,0.0000000000,0.0000000000,3.0067775363,0.0000000000,scatter
84400,2,3.0067775363,0.0000000000,3.2245013456,0.7345627336,absorb
84500,1,0.0000000000,0.0000000000,1.0756200316,0.0000000000,scatter
84500,2,1.0756200316,0.0000000000,2.2593331669,0.4674060425,scatter
84500,3,2.2593331669,0.4674060425,0.3763911609,-1.0992882472,scatter
84500,4,0.3763911609,-1.0992882472,3.7547989414,-0.8652892575,scatter
84500,5,3.7547989414,-0.8652892575,4.9336324542,-1.9506769191,scatter
84500,6,4.9336324542,-1.9506769191,4.8184752564,-1.4492051200,scatter
84500,7,4.8184752564,-1.4492051200,2.4621079978,-2.8231313467,scatter
84500,8,2.4621079978,-2.8231313467,0.3068537719,-10.2603639683,scatter
84500,9,0.3068537719,-10.2603639683,0.0000000000,-10.1458265844,exit_left
84600,1,0.0000000000,0.0000000000,0.9447583195,0.0000000000,scatter
84600,2,0.9447583195,0.0000000000,2.7900233063,2.7191830825,scatter
84600,3,2.7900233063,2.7191830825,3.5941470974,2.3280306526,scatter
84600,4,3.5941470974,2.3280306526,1.2598755064,0.6342181313,scatter
84600,5,1.2598755064,0.6342181313,0.5320827391,-0.3184242259,scatter
84600,6,0.5320827391,-0.3184242259,5.0000000000,1.3416599947,exit_right
84700,1,0.0000000000,0.0000000000,2.0583330627,0.0000000000,scatter
84700,2,2.0583330627,0.0000000000,2.1727686730,0.7412730683,scatter
84700,3,2.1727686730,0.7412730683,2.0921428811,0.6313458078,absorb
84800,1,0.0000000000,0.0000000000,0.3510038267,0.0000000000,scatter
84800,2,0.3510038267,0.0000000000,0.0000000000,0.1234860752,exit_left
84900,1,0.0000000000,0.0000000000,1.9312570211,0.0000000000,scatter
84900,2,1.9312570211,0.0000000000,0.0000000000,1.3889920229,exit_left
85000,1,0.0000000000,0.0000000000,1.0864144439,0.0000000000,scatter
85000,2,1.0864144439,0.0000000000,2.2377341698,-0.3929338497,scatter
85000,3,2.2377341698,-0.3929338497,2.5008774082,-0.4794013533,scatter
85000,4,2.5008774082,-0.4794013533,3.8196455272,-1.3975032413,scatter
85000,5,3.8196455272,-1.3975032413,3.8448957238,-1.5285886898,scatter
85000,6,3.8448957238,-1.5285886898,2.8583849839,-1.9873664143,scatter
85000,7,2.8583849839,-1.9873664143,0.5098911587,-5.4032697190,scatter
85000,8,0.5098911587,-5.4032697190,0.8436377452,-4.9644527933,absorb
85100,1,0.0000000000,0.0000000000,3.4007672074,0.0000000000,absorb
85200,1,0.0000000000,0.0000000000,1.8970129597,0.0000000000,scatter
85200,2,1.8970129597,0.0000000000,4.1921441720,3.2924657304,scatter
85200,3,4.1921441720,3.2924657304,5.0000000000,1.9374818939,exit_right
85300,1,0.0000000000,0.0000000000,1.2397613949,0.0000000000,scatter
85300,2,1.2397613949,0.0000000000,1.0650456595,-0.7662464871,scatter
85300,3,1.0650456595,-0.7662464871,1.5793507926,-1.0751797237,absorb
85400,1,0.0000000000,0.0000000000,0.6049888614,0.0000000000,scatter
85400,2,0.6049888614,0.0000000000,0.9267801737,-4.8965957805,scatter
85400,3,0.9267801737,-4.8965957805,0.9054951728,-4.9023857424,scatter
85400,4,0.9054951728,-4.9023857424,1.1728099977,-3.6634507372,scatter
85400,5,1.1728099977,-3.6634507372,5.0000000000,-4.9645049306,exit_right
85500,1,0.0000000000,0.0000000000,0.9061923595,0.0000000000,scatter
85500,2,0.9061923595,0.0000000000,0.0000000000,-0.5130086987,exit_left
85600,1,0.0000000000,0.0000000000,0.2604242389,0.0000000000,scatter
85600,2,0.2604242389,0.0000000000,1.2169741783,-1.4416672575,scatter
85600,3,1.2169741783,-1.4416672575,1.7134758703,-1.6165198857,scatter
85600,4,1.7134758703,-1.6165198857,3.6257006419,-1.3845144662,scatter
85600,5,3.6257006419,-1.3845144662,3.2909465681,-1.5477179144,scatter
85600,6,3.2909465681,-1.5477179144,2.9381825081,-4.0236705285,scatter
85600,7,2.9381825081,-4.0236705285,3.1493134682,-3.7296094235,scatter
85600,8,3.1493134682,-3.7296094235,0.0000000000,-2.8727100223,exit_left
85700,1,0.0000000000,0.0000000000,0.1231452215,0.0000000000,scatter
85700,2,0.1231452215,0.0000000000,0.0000000000,-0.0890109636,exit_left
85800,1,0.0000000000,0.0000000000,0.0925392964,0.0000000000,scatter
85800,2,0.0925392964,0.0000000000,0.5302772071,3.8382857237,scatter
85800,3,0.5302772071,3.8382857237,0.2173246558,3.4538685702,scatter
85800,4,0.2173246558,3.4538685702,0.0000000000,3.5357978450,exit_left
85900,1,0.0000000000,0.0000000000,0.9181276925,0.0000000000,scatter
85900,2,0.9181276925,0.0000000000,1.6849019113,0.3895430283,scatter
85900,3,1.6849019113,0.3895430283,4.1118122528,-1.4579539046,absorb
86000,1,0.0000000000,0.0000000000,0.2773732513,0.0000000000,scatter
86000,2,0.2773732513,0.0000000000,0.0784826439,1.3732174248,scatter
86000,3,0.0784826439,1.3732174248,1.4195821066,1.9721203619,scatter
86000,4,1.4195821066,1.9721203619,0.9875942973,1.9456019180,absorb
86100,1,0.0000000000,0.0000000000,1.7744071497,0.0000000000,scatter
86100,2,1.7744071497,0.0000000000,0.0000000000,0.6734998885,exit_left
86200,1,0.0000000000,0.0000000000,3.2387473634,0.0000000000,scatter
86200,2,3.2387473634,0.0000000000,0.7192061527,0.3893158536,scatter
86200,3,0.7192061527,0.3893158536,0.0000000000,0.4118775877,exit_left
86300,1,0.0000000000,0.0000000000,5.0000000000,0.0000000000,exit_right
86400,1,0.0000000000,0.0000000000,1.4879735139,0.0000000000,scatter
86400,2,1.4879735139,0.0000000000,0.8919883553,-2.0471355254,absorb
86500,1,0.0000000000,0.0000000000,0.9043589448,0.0000000000,scatter
86500,2,0.9043589448,0.0000000000,5.0000000000,-0.6168726805,exit_right
86600,1,0.0000000000,0.0000000000,0.6960474090,0.0000000000,scatter
86600,2,0.6960474090,0.0000000000,0.1785080979,0.5022590635,scatter
86600,3,0.1785080979,0.5022590635,0.0000000000,0.5354849954,exit_left
86700,1,0.0000000000,0.0000000000,1.6357692506,0.0000000000,scatter
86700,2,1.6357692506,0.0000000000,1.2563427034,-0.4296590596,scatter
86700,3,1.2563427034,-0.4296590596,1.2379966154,-0.4850232984,scatter
86700,4,1.2379966154,-0.4850232984,1.4420370453,-1.0490358787,scatter
86700,5,1.4420370453,-1.0490358787,2.1665448389,7.0948596235,scatter
86700,6,2.1665448389,7.0948596235,2.5014570715,6.9197294386,scatter
86700,7,2.5014570715,6.9197294386,2.3848274572,7.3495158478,absorb
86800,1,0.0000000000,0.0000000000,2.0614588844,0.0000000000,scatter
86800,2,2.0614588844,0.0000000000,1.0506367197,-0.9196601858,scatter
86800,3,1.0506367197,-0.9196601858,1.2310282500,-0.8699502756,absorb
86900,1,0.0000000000,0.0000000000,0.8998356290,0.0000000000,scatter
86900,2,0.8998356290,0.0000000000,3.1175261713,-2.3138332239,scatter
86900,3,3.1175261713,-2.3138332239,3.0526543297,-2.2198708015,scatter
86900,4,3.0526543297,-2.2198708015,1.4454028399,-7.3779605409,scatter
86900,5,1.4454028399,-7.3779605409,5.0000000000,-9.2556099377,exit_right
87000,1,0.0000000000,0.0000000000,2.4047176662,0.0000000000,absorb
87100,1,0.0000000000,0.0000000000,0.0021477097,0.0000000000,scatter
87100,2,0.0021477097,0.0000000000,0.0000000000,0.0013288366,exit_left
87200,1,0.0000000000,0.0000000000,1.3213259616,0.0000000000,scatter
87200,2,1.3213259616,0.0000000000,0.6963963810,0.8082794760,scatter
87200,3,0.6963963810,0.8082794760,0.0000000000,0.6558464269,exit_left
87300,1,0.0000000000,0.0000000000,2.1385277022,0.0000000000,scatter
87300,2,2.1385277022,0.0000000000,2.0681775024,-1.9312225108,scatter
87300,3,2.0681775024,-1.9312225108,3.1766308654,-1.7254160870,absorb
87400,1,0.0000000000,0.0000000000,1.9765174105,0.0000000000,scatter
87400,2,1.9765174105,0.0000000000,1.5218341866,-0.1683853499,scatter
87400,3,1.5218341866,-0.1683853499,2.2672308948,1.5651224047,scatter
87400,4,2.2672308948,1.5651224047,2.9448394350,1.7928178620,scatter
87400,5,2.9448394350,1.7928178620,2.3380854979,-3.4367971384,scatter
87400,6,2.3380854979,-3.4367971384,3.5144742297,-3.4486601649,scatter
87400,7,3.5144742297,-3.4486601649,5.0000000000,-1.0903044024,exit_right
87500,1,0.0000000000,0.0000000000,1.8887724563,0.0000000000,absorb
87600,1,0.0000000000,0.0000000000,0.3512415943,0.0000000000,scatter
87600,2,0.3512415943,0.0000000000,0.0000000000,-0.2687129473,exit_left
87700,1,0.0000000000,0.0000000000,0.0370011792,0.0000000000,scatter
87700,2,0.0370011792,0.0000000000,0.0000000000,-0.0474477276,exit_left
87800,1,0.0000000000,0.0000000000,0.9562282366,0.0000000000,scatter
87800,2,0.9562282366,0.0000000000,1.9068173781,1.1255555018,scatter
87800,3,1.9068173781,1.1255555018,1.3532190792,2.2705850310,absorb
87900,1,0.0000000000,0.0000000000,5.0000000000,0.0000000000,exit_right
88000,1,0.0000000000,0.0000000000,2.1590952008,0.0000000000,scatter
88000,2,2.1590952008,0.0000000000,1.8429280124,-1.5527877640,scatter
88000,3,1.8429280124,-1.5527877640,1.8989238529,-1.6047788703,scatter
88000,4,1.8989238529,-1.6047788703,1.0090760414,-3.7246963088,scatter
88000,5,1.0090760414,-3.7246963088,4.7767170734,-3.4411542420,scatter
88000,6,4.7767170734,-3.4411542420,4.1940853989,-2.1713443643,scatter
88000,7,4.1940853989,-2.1713443643,2.4209399547,-3.1188926610,scatter
88000,8,2.4209399547,-3.1188926610,2.2834579771,-4.1840436797,scatter
88000,9,2.2834579771,-4.1840436797,3.4848839114,-2.4122944173,scatter
88000,10,3.4848839114,-2.4122944173,3.5020637521,-3.5914155394,scatter
88000,11,3.5020637521,-3.5914155394,2.5023734879,-2.5891509501,absorb
88100,1,0.0000000000,0.0000000000,0.5848667444,0.0000000000,absorb
88200,1,0.0000000000,0.0000000000,0.4309370475,0.0000000000,scatter
88200,2,0.4309370475,0.0000000000,0.9150732959,-0.9208064685,scatter
88200,3,0.9150732959,-0.9208064685,0.0000000000,-1.5548282758,exit_left
88300,1,0.0000000000,0.0000000000,0.2575917787,0.0000000000,scatter
88300,2,0.2575917787,0.0000000000,1.5266057129,-0.1268892959,scatter
88300,3,1.5266057129,-0.1268892959,0.7448808748,-0.0378970556,absorb
88400,1,0.0000000000,0.0000000000,1.3714774348,0.0000000000,absorb
88500,1,0.0000000000,0.0000000000,0.9734216467,0.0000000000,scatter
88500,2,0.9734216467,0.0000000000,0.0000000000,-1.2125315999,exit_left
88600,1,0.0000000000,0.0000000000,0.2114331596,0.0000000000,scatter
88600,2,0.2114331596,0.0000000000,0.0000000000,-0.0092836610,exit_left
88700,1,0.0000000000,0.0000000000,0.0658625533,0.0000000000,scatter
88700,2,0.0658625533,0.0000000000,0.0823481054,-0.8203344181,scatter
88700,3,0.0823481054,-0.8203344181,0.0000000000,-0.7157083074,exit_left
88800,1,0.0000000000,0.0000000000,0.3691733760,0.0000000000,scatter
88800,2,0.3691733760,0.0000000000,2.8034784327,0.1990706904,scatter
88800,3,2.8034784327,0.1990706904,3.9847792910,0.4771005672,scatter
88800,4,3.9847792910,0.4771005672,5.0000000000,0.4602239905,exit_right
88900,1,0.0000000000,0.0000000000,4.2888668781,0.0000000000,scatter
88900,2,4.2888668781,0.0000000000,5.0000000000,-0.2070537181,exit_right
89000,1,0.0000000000,0.0000000000,2.4158598943,0.0000000000,absorb
89100,1,0.0000000000,0.0000000000,1.2696546932,0.0000000000,scatter
89100,2,1.2696546932,0.0000000000,0.2734929089,1.7208635484,absorb
89200,1,0.0000000000,0.0000000000,0.1412056537,0.0000000000,scatter
89200,2,0.1412056537,0.0000000000,0.3670930424,0.0629335379,absorb
89300,1,0.0000000000,0.0000000000,1.4962472215,0.0000000000,absorb
89400,1,0.0000000000,0.0000000000,0.6151804223,0.0000000000,scatter
89400,2,0.6151804223,0.0000000000,1.2035943916,2.4652652883,scatter
89400,3,1.2035943916,2.4652652883,1.2559829573,2.4176370366,scatter
89400,4,1.2559829573,2.4176370366,0.5114650759,7.7169350927,scatter
89400,5,0.5114650759,7.7169350927,2.9488661750,7.1554685376,scatter
89400,6,2.9488661750,7.1554685376,1.3424491009,8.8010679813,scatter
89400,7,1.3424491009,8.8010679813,2.3755275980,9.0392620826,absorb
89500,1,0.0000000000,0.0000000000,1.0083593656,0.0000000000,scatter
89500,2,1.0083593656,0.0000000000,1.8859569717,0.3729422416,scatter
89500,3,1.8859569717,0.3729422416,1.9207810310,-0.3876841123,scatter
89500,4,1.9207810310,-0.3876841123,1.1316128435,-1.4793742265,scatter
89500,5,1.1316128435,-1.4793742265,1.1182214309,-1.4892997122,scatter
89500,6,1.1182214309,-1.4892997122,0.0000000000,-1.8613066903,exit_left
89600,1,0.0000000000,0.0000000000,5.0000000000,0.0000000000,exit_right
89700,1,0.0000000000,0.0000000000,2.1725153390,0.0000000000,scatter
89700,2,2.1725153390,0.0000000000,2.0313546489,0.0401604783,scatter
89700,3,2.0313546489,0.0401604783,1.0830777807,-1.8942442468,scatter
89700,4,1.0830777807,-1.8942442468,0.9845761813,-2.2681377687,absorb
89800,1,0.0000000000,0.0000000000,0.0866072427,0.0000000000,scatter
89800,2,0.0866072427,0.0000000000,0.7139568515,6.6261938729,absorb
89900,1,0.0000000000,0.0000000000,3.5076069209,0.0000000000,scatter
89900,2,3.5076069209,0.0000000000,3.6147802684,0.0456964890,scatter
89900,3,3.6147802684,0.0456964890,3.2385880954,0.3178091109,absorb
90000,1,0.0000000000,0.0000000000,0.2441799046,0.0000000000,scatter
90000,2,0.2441799046,0.0000000000,0.0000000000,0.1578470895,exit_left
90100,1,0.0000000000,0.0000000000,4.2789658849,0.0000000000,scatter
90100,2,4.2789658849,0.0000000000,4.6168151969,0.1083127519,scatter
90100,3,4.6168151969,0.1083127519,4.8906235280,1.6740464087,scatter
90100,4,4.8906235280,1.6740464087,5.0000000000,1.6318192857,exit_right
90200,1,0.0000000000,0.0000000000,0.6025377013,0.0000000000,scatter
90200,2,0.6025377013,0.0000000000,0.7373846272,0.0815719786,scatter
90200,3,0.7373846272,0.0815719786,4.4305024625,-3.3538727231,scatter
90200,4,4.4305024625,-3.3538727231,4.6395281803,-3.7739148265,absorb
90300,1,0.0000000000,0.0000000000,4.0353363489,0.0000000000,scatter
90300,2,4.0353363489,0.0000000000,3.6085891175,-1.3835478790,scatter
90300,3,3.6085891175,-1.3835478790,2.7910942187,3.2192082907,scatter
90300,4,2.7910942187,3.2192082907,5.0000000000,2.2765401715,exit_right
90400,1,0.0000000000,0.0000000000,4.5344549737,0.0000000000,absorb
90500,1,0.0000000000,0.0000000000,5.0000000000,0.0000000000,exit_right
90600,1,0.0000000000,0.0000000000,1.7886229801,0.0000000000,scatter
90600,2,1.7886229801,0.0000000000,1.8155695563,0.0808317248,scatter
90600,3,1.8155695563,0.0808317248,1.8579712918,0.0934833033,absorb
90700,1,0.0000000000,0.0000000000,2.0068326121,0.0000000000,scatter
90700,2,2.0068326121,0.0000000000,4.2840153373,0.3370621235,scatter
90700,3,4.2840153373,0.3370621235,2.8295978640,0.7886719747,scatter
90700,4,2.8295978640,0.7886719747,2.6350687587,0.6680917033,scatter
90700,5,2.6350687587,0.6680917033,5.0000000000,-0.6782002907,exit_right
90800,1,0.0000000000,0.0000000000,0.7113637787,0.0000000000,scatter
90800,2,0.7113637787,0.0000000000,3.8627401103,-2.1257685027,absorb
90900,1,0.0000000000,0.0000000000,5.0000000000,0.0000000000,exit_right
91000,1,0.0000000000,0.0000000000,1.6049661191,0.0000000000,scatter
91000,2,1.6049661191,0.0000000000,2.8711186865,0.9174595771,scatter
91000,3,2.8711186865,0.9174595771,3.1810958760,0.1089658683,absorb
91100,1,0.0000000000,0.0000000000,2.2362426383,0.0000000000,scatter
91100,2,2.2362426383,0.0000000000,2.0984134394,-0.2343890254,scatter
91100,3,2.0984134394,-0.2343890254,3.0308936028,0.4682294945,scatter
91100,4,3.0308936028,0.4682294945,3.8640532444,1.3937625337,absorb
91200,1,0.0000000000,0.0000000000,0.0240064532,0.0000000000,scatter
91200,2,0.0240064532,0.0000000000,0.0000000000,-0.0883326790,exit_left
91300,1,0.0000000000,0.0000000000,0.7454935252,0.0000000000,scatter
91300,2,0.7454935252,0.0000000000,1.3680352807,0.1473212837,scatter
91300,3,1.3680352807,0.1473212837,0.5326724367,-0.5324531434,scatter
91300,4,0.5326724367,-0.5324531434,0.0000000000,0.0006226394,exit_left
91400,1,0.0000000000,0.0000000000,0.7067686121,0.0000000000,scatter
91400,2,0.7067686121,0.0000000000,3.1572198819,-4.7640251496,scatter
91400,3,3.1572198819,-4.7640251496,5.0000000000,-6.3328934075,exit_right
91500,1,0.0000000000,0.0000000000,5.0000000000,0.0000000000,exit_right
91600,1,0.0000000000,0.0000000000,2.4029982218,0.0000000000,scatter
91600,2,2.4029982218,0.0000000000,3.3020590733,0.1467152349,scatter
91600,3,3.3020590733,0.1467152349,4.1056055582,-1.7476054280,absorb
91700,1,0.0000000000,0.0000000000,0.1630817901,0.0000000000,scatter
91700,2,0.1630817901,0.0000000000,1.5190693088,0.3822884044,scatter
91700,3,1.5190693088,0.3822884044,0.0000000000,-1.3384090238,exit_left
91800,1,0.0000000000,0.0000000000,5.0000000000,0.0000000000,exit_right
91900,1,0.0000000000,0.0000000000,1.4818637592,0.0000000000,scatter
91900,2,1.4818637592,0.0000000000,1.2518457948,0.1668585844,absorb
92000,1,0.0000000000,0.0000000000,0.9240788062,0.0000000000,scatter
92000,2,0.9240788062,0.0000000000,0.0000000000,-1.3895068735,exit_left
92100,1,0.0000000000,0.0000000000,2.2808618107,0.0000000000,absorb
92200,1,0.0000000000,0.0000000000,3.1538613492,0.0000000000,scatter
92200,2,3.1538613492,0.0000000000,3.6291927606,0.4086075026,absorb
92300,1,0.0000000000,0.0000000000,5.0000000000,0.0000000000,exit_right
92400,1,0.0000000000,0.0000000000,1.7642280741,0.0000000000,scatter
92400,2,1.7642280741,0.0000000000,4.2402275252,-1.2294334381,scatter
92400,3,4.2402275252,-1.2294334381,4.3473833045,-1.2719593650,absorb
92500,1,0.0000000000,0.0000000000,0.7610522646,0.0000000000,scatter
92500,2,0.7610522646,0.0000000000,0.0000000000,0.5696042637,exit_left
92600,1,0.0000000000,0.0000000000,1.8465549582,0.0000000000,scatter
92600,2,1.8465549582,0.0000000000,1.8147397022,0.2178976782,scatter
92600,3,1.8147397022,0.2178976782,0.0000000000,-1.2787225884,exit_left
92700,1,0.0000000000,0.0000000000,0.6841683824,0.0000000000,scatter
92700,2,0.6841683824,0.0000000000,0.3408491860,-1.1746183006,scatter
92700,3,0.3408491860,-1.1746183006,0.1966497225,-1.6564058104,scatter
92700,4,0.1966497225,-1.6564058104,1.9697476314,-3.2948383644,scatter
92700,5,1.9697476314,-3.2948383644,1.9912755082,-3.3386592467,scatter
92700,6,1.9912755082,-3.3386592467,0.2833261260,-0.9142540825,scatter
92700,7,0.2833261260,-0.9142540825,2.7293637323,-0.3417948213,scatter
92700,8,2.7293637323,-0.3417948213,5.0000000000,-1.2507062684,exit_right
92800,1,0.0000000000,0.0000000000,0.3093677139,0.0000000000,scatter
92800,2,0.3093677139,0.0000000000,0.0000000000,-0.2392817673,exit_left
92900,1,0.0000000000,0.0000000000,1.0774431806,0.0000000000,scatter
92900,2,1.0774431806,0.0000000000,1.5390655086,0.5348092360,absorb
93000,1,0.0000000000,0.0000000000,0.0723091929,0.0000000000,absorb
93100,1,0.0000000000,0.0000000000,0.7483541832,0.0000000000,absorb
93200,1,0.0000000000,0.0000000000,5.0000000000,0.0000000000,exit_right
93300,1,0.0000000000,0.0000000000,2.1605891979,0.0000000000,absorb
93400,1,0.0000000000,0.0000000000,1.6351371711,0.0000000000,absorb
93500,1,0.0000000000,0.0000000000,0.6215740310,0.0000000000,absorb
93600,1,0.0000000000,0.0000000000,0.4970192554,0.0000000000,scatter
93600,2,0.4970192554,0.0000000000,2.6364191402,-1.5927212897,scatter
93600,3,2.6364191402,-1.5927212897,4.2267799246,-1.6250054008,scatter
93600,4,4.2267799246,-1.6250054008,4.3165894068,-2.5634599697,scatter
93600,5,4.3165894068,-2.5634599697,5.0000000000,-1.7851547171,exit_right
93700,1,0.0000000000,0.0000000000,5.0000000000,0.0000000000,exit_right
93800,1,0.0000000000,0.0000000000,0.5208525992,0.0000000000,scatter
93800,2,0.5208525992,0.0000000000,0.5713210274,-1.3986607093,absorb
93900,1,0.0000000000,0.0000000000,5.0000000000,0.0000000000,exit_right
94000,1,0.0000000000,0.0000000000,0.8352362860,0.0000000000,scatter
94000,2,0.8352362860,0.0000000000,1.7212874911,-1.0910654251,scatter
94000,3,1.7212874911,-1.0910654251,1.7894997303,-1.0473053054,scatter
94000,4,1.7894997303,-1.0473053054,0.3285029418,-2.3344197824,scatter
94000,5,0.3285029418,-2.3344197824,0.3509343501,-2.4446945218,scatter
94000,6,0.3509343501,-2.4446945218,0.3740394716,-2.9545742378,scatter
94000,7,0.3740394716,-2.9545742378,0.0000000000,-2.4745090232,exit_left
94100,1,0.0000000000,0.0000000000,3.8098747606,0.0000000000,scatter
94100,2,3.8098747606,0.0000000000,5.0000000000,-2.6414031526,exit_right
94200,1,0.0000000000,0.0000000000,0.0115606974,0.0000000000,scatter
94200,2,0.0115606974,0.0000000000,0.0093241917,-0.1706182408,absorb
94300,1,0.0000000000,0.0000000000,0.3805959132,0.0000000000,absorb
94400,1,0.0000000000,0.0000000000,0.4255854686,0.0000000000,scatter
94400,2,0.4255854686,0.0000000000,0.0000000000,-0.1999028184,exit_left
94500,1,0.0000000000,0.0000000000,1.0029219081,0.0000000000,scatter
94500,2,1.0029219081,0.0000000000,1.4224742163,0.4618863478,scatter
94500,3,1.4224742163,0.4618863478,1.5787672565,0.3221837531,absorb
94600,1,0.0000000000,0.0000000000,0.7276604622,0.0000000000,scatter
94600,2,0.7276604622,0.0000000000,0.0000000000,-0.1544150206,exit_left
94700,1,0.0000000000,0.0000000000,2.0094945997,0.0000000000,scatter
94700,2,2.0094945997,0.0000000000,1.6087284814,0.9656245781,absorb
94800,1,0.0000000000,0.0000000000,4.1621598792,0.0000000000,scatter
94800,2,4.1621598792,0.0000000000,0.2704165698,-0.5244087320,scatter
94800,3,0.2704165698,-0.5244087320,0.1585472596,-0.2634294082,scatter
94800,4,0.1585472596,-0.2634294082,0.0000000000,-0.2024010246,exit_left
94900,1,0.0000000000,0.0000000000,3.5124196787,0.0000000000,scatter
94900,2,3.5124196787,0.0000000000,3.4345034185,-2.8175551871,scatter
94900,3,3.4345034185,-2.8175551871,5.0000000000,-4.3957682837,exit_right
95000,1,0.0000000000,0.0000000000,5.0000000000,0.0000000000,exit_right
95100,1,0.0000000000,0.0000000000,0.0772370865,0.0000000000,scatter
95100,2,0.0772370865,0.0000000000,2.4446055373,-3.3395348954,scatter
95100,3,2.4446055373,-3.3395348954,3.1874153238,-4.1291665387,scatter
95100,4,3.1874153238,-4.1291665387,3.1995488103,-3.6034448155,absorb
95200,1,0.0000000000,0.0000000000,0.3679495709,0.0000000000,scatter
95200,2,0.3679495709,0.0000000000,1.9036336771,1.5941672051,scatter
95200,3,1.9036336771,1.5941672051,1.8964179661,3.4042666227,scatter
95200,4,1.8964179661,3.4042666227,5.0000000000,1.4184318710,exit_right
95300,1,0.0000000000,0.0000000000,1.0752862222,0.0000000000,scatter
95300,2,1.0752862222,0.0000000000,1.2922094307,-0.3767268165,scatter
95300,3,1.2922094307,-0.3767268165,1.3145863552,-1.7797017043,absorb
95400,1,0.0000000000,0.0000000000,0.3373141064,0.0000000000,scatter
95400,2,0.3373141064,0.0000000000,0.1439372706,-0.3686624833,scatter
95400,3,0.1439372706,-0.3686624833,0.9588315119,-0.2093491104,scatter
95400,4,0.9588315119,-0.2093491104,0.8475488767,-0.2217420093,scatter
95400,5,0.8475488767,-0.2217420093,0.8949621789,0.0650946059,absorb
95500,1,0.0000000000,0.0000000000,5.0000000000,0.0000000000,exit_right
95600,1,0.0000000000,0.0000000000,0.0992043736,0.0000000000,scatter
95600,2,0.0992043736,0.0000000000,0.8620772706,-2.6383965506,scatter
95600,3,0.8620772706,-2.6383965506,0.0000000000,-1.9951918360,exit_left
95700,1,0.0000000000,0.0000000000,2.0518791238,0.0000000000,absorb
95800,1,0.0000000000,0.0000000000,2.2800197078,0.0000000000,scatter
95800,2,2.2800197078,0.0000000000,3.0183182889,-2.1150531878,scatter
95800,3,3.0183182889,-2.1150531878,2.5908142042,-1.8429946124,scatter
95800,4,2.5908142042,-1.8429946124,2.2571256401,-2.8100733288,scatter
95800,5,2.2571256401,-2.8100733288,0.8193239310,-3.4303023752,scatter
95800,6,0.8193239310,-3.4303023752,1.3019371091,-2.2950390198,scatter
95800,7,1.3019371091,-2.2950390198,1.1243175259,-1.8321033784,scatter
95800,8,1.1243175259,-1.8321033784,0.7217763331,-2.7108550253,scatter
95800,9,0.7217763331,-2.7108550253,0.6157374529,-2.4596714117,scatter
95800,10,0.6157374529,-2.4596714117,0.0000000000,-2.9465685825,exit_left
95900,1,0.0000000000,0.0000000000,5.0000000000,0.0000000000,exit_right
96000,1,0.0000000000,0.0000000000,1.8649751789,0.0000000000,scatter
96000,2,1.8649751789,0.0000000000,2.0425840051,0.0229479250,scatter
96000,3,2.0425840051,0.0229479250,1.5366515767,-0.1573256723,scatter
96000,4,1.5366515767,-0.1573256723,1.9658934687,0.4851734645,absorb
96100,1,0.0000000000,0.0000000000,1.8465956263,0.0000000000,scatter
96100,2,1.8465956263,0.0000000000,2.6520675924,0.6932724729,absorb
96200,1,0.0000000000,0.0000000000,2.4961691158,0.0000000000,scatter
96200,2,2.4961691158,0.0000000000,1.4736528348,2.3905519035,scatter
96200,3,1.4736528348,2.3905519035,5.0000000000,1.4062625826,exit_right
96300,1,0.0000000000,0.0000000000,0.1676397512,0.0000000000,scatter
96300,2,0.1676397512,0.0000000000,0.7404348420,0.6316121727,scatter
96300,3,0.7404348420,0.6316121727,0.6188634522,1.3917740152,scatter
96300,4,0.6188634522,1.3917740152,0.5945457010,1.4333629019,scatter
96300,5,0.5945457010,1.4333629019,0.0000000000,1.2535503982,exit_left
96400,1,0.0000000000,0.0000000000,0.2904283610,0.0000000000,scatter
96400,2,0.2904283610,0.0000000000,0.0000000000,0.3353933888,exit_left
96500,1,0.0000000000,0.0000000000,2.6964639175,0.0000000000,scatter
96500,2,2.6964639175,0.0000000000,0.0000000000,-1.8923668755,exit_left
96600,1,0.0000000000,0.0000000000,1.9335942472,0.0000000000,scatter
96600,2,1.9335942472,0.0000000000,0.0000000000,-0.1244782190,exit_left
96700,1,0.0000000000,0.0000000000,4.9566978785,0.0000000000,scatter
96700,2,4.9566978785,0.0000000000,4.4786297212,0.0722622910,absorb
96800,1,0.0000000000,0.0000000000,1.8194495967,0.0000000000,absorb
96900,1,0.0000000000,0.0000000000,3.3566815012,0.0000000000,scatter
96900,2,3.3566815012,0.0000000000,3.0923737638,0.6063035510,scatter
96900,3,3.0923737638,0.6063035510,1.9901644214,-0.2166201939,scatter
96900,4,1.9901644214,-0.2166201939,2.4466937293,0.3689179984,scatter
96900,5,2.4466937293,0.3689179984,2.3765633729,0.4707462742,scatter
96900,6,2.3765633729,0.4707462742,2.5020461522,-9.7748504926,absorb
97000,1,0.0000000000,0.0000000000,0.7217004592,0.0000000000,scatter
97000,2,0.7217004592,0.0000000000,1.9717190130,-0.9316208870,scatter
97000,3,1.9717190130,-0.9316208870,3.2926420676,-1.6205615804,scatter
97000,4,3.2926420676,-1.6205615804,3.4258170109,-4.1750429788,scatter
97000,5,3.4258170109,-4.1750429788,3.2363347217,-4.0092274094,scatter
97000,6,3.2363347217,-4.0092274094,3.3851478329,-5.0298269758,absorb
97100,1,0.0000000000,0.0000000000,0.9669082217,0.0000000000,scatter
97100,2,0.9669082217,0.0000000000,0.0000000000,-0.6113276272,exit_left
97200,1,0.0000000000,0.0000000000,0.3558832972,0.0000000000,absorb
97300,1,0.0000000000,0.0000000000,1.7106115861,0.0000000000,scatter
97300,2,1.7106115861,0.0000000000,2.7209891011,0.0362014668,absorb
97400,1,0.0000000000,0.0000000000,2.5106015305,0.0000000000,scatter
97400,2,2.5106015305,0.0000000000,1.8194640629,0.3387942092,scatter
97400,3,1.8194640629,0.3387942092,0.0000000000,0.0031036770,exit_left
97500,1,0.0000000000,0.0000000000,1.2682736709,0.0000000000,scatter
97500,2,1.2682736709,0.0000000000,0.8992277264,-1.2226975966,scatter
97500,3,0.8992277264,-1.2226975966,0.0000000000,-2.7973871033,exit_left
97600,1,0.0000000000,0.0000000000,2.6069947571,0.0000000000,scatter
97600,2,2.6069947571,0.0000000000,2.6115988167,0.0175567427,scatter
97600,3,2.6115988167,0.0175567427,4.0534028466,-0.7762103733,scatter
97600,4,4.0534028466,-0.7762103733,5.0000000000,-1.2743455785,exit_right
97700,1,0.0000000000,0.0000000000,1.1992819776,0.0000000000,scatter
97700,2,1.1992819776,0.0000000000,0.6394766779,0.2884719049,scatter
97700,3,0.6394766779,0.2884719049,0.5951740801,0.2380130316,scatter
97700,4,0.5951740801,0.2380130316,3.2333695219,7.9366745452,scatter
97700,5,3.2333695219,7.9366745452,3.3966093075,16.5879831642,scatter
97700,6,3.3966093075,16.5879831642,0.1622568816,16.0178022119,scatter
97700,7,0.1622568816,16.0178022119,0.2028925958,15.9722894207,scatter
97700,8,0.2028925958,15.9722894207,0.0000000000,15.7967784794,exit_left
97800,1,0.0000000000,0.0000000000,0.0914957701,0.0000000000,scatter
97800,2,0.0914957701,0.0000000000,0.0000000000,0.0031431570,exit_left
97900,1,0.0000000000,0.0000000000,2.3129889577,0.0000000000,absorb
98000,1,0.0000000000,0.0000000000,0.6752712657,0.0000000000,scatter
98000,2,0.6752712657,0.0000000000,3.0545260906,-0.3522955867,scatter
98000,3,3.0545260906,-0.3522955867,2.5715966349,-1.2145834237,absorb
98100,1,0.0000000000,0.0000000000,1.5188763728,0.0000000000,absorb
98200,1,0.0000000000,0.0000000000,4.8595451788,0.0000000000,absorb
98300,1,0.0000000000,0.0000000000,3.3026354733,0.0000000000,scatter
98300,2,3.3026354733,0.0000000000,3.6128375703,1.0971226983,absorb
98400,1,0.0000000000,0.0000000000,0.0379328027,0.0000000000,scatter
98400,2,0.0379328027,0.0000000000,0.0000000000,0.0833185037,exit_left
98500,1,0.0000000000,0.0000000000,3.5760906950,0.0000000000,scatter
98500,2,3.5760906950,0.0000000000,3.6710026815,-0.0243849927,scatter
98500,3,3.6710026815,-0.0243849927,5.0000000000,-0.5533034139,exit_right
98600,1,0.0000000000,0.0000000000,1.1465698326,0.0000000000,scatter
98600,2,1.1465698326,0.0000000000,1.8676704139,1.2093700874,scatter
98600,3,1.8676704139,1.2093700874,0.8388360967,6.1588905114,scatter
98600,4,0.8388360967,6.1588905114,0.8374393981,6.2904357511,scatter
98600,5,0.8374393981,6.2904357511,4.0454614583,11.4104184618,scatter
98600,6,4.0454614583,11.4104184618,2.8975670867,15.7935203658,scatter
98600,7,2.8975670867,15.7935203658,2.5319054518,16.0226931946,scatter
98600,8,2.5319054518,16.0226931946,3.6148588450,15.6633545891,scatter
98600,9,3.6148588450,15.6633545891,3.6286987078,15.8299071252,scatter
98600,10,3.6286987078,15.8299071252,3.9292914955,15.2100104928,absorb
98700,1,0.0000000000,0.0000000000,0.5196365302,0.0000000000,scatter
98700,2,0.5196365302,0.0000000000,0.0000000000,-0.7524055045,exit_left
98800,1,0.0000000000,0.0000000000,1.4869684081,0.0000000000,scatter
98800,2,1.4869684081,0.0000000000,0.0000000000,-0.6701752176,exit_left
98900,1,0.0000000000,0.0000000000,0.3600914291,0.0000000000,scatter
98900,2,0.3600914291,0.0000000000,1.3423009232,-0.0311490877,absorb
99000,1,0.0000000000,0.0000000000,2.1824920318,0.0000000000,absorb
99100,1,0.0000000000,0.0000000000,4.0597613543,0.0000000000,absorb
99200,1,0.0000000000,0.0000000000,2.9817257948,0.0000000000,scatter
99200,2,2.9817257948,0.0000000000,3.2048075304,0.0025531793,scatter
99200,3,3.2048075304,0.0025531793,3.0568547343,0.2353218698,scatter
99200,4,3.0568547343,0.2353218698,1.2331005319,1.3429543373,scatter
99200,5,1.2331005319,1.3429543373,0.0000000000,2.2770439129,exit_left
99300,1,0.0000000000,0.0000000000,2.2665517422,0.0000000000,scatter
99300,2,2.2665517422,0.0000000000,1.5535902142,-0.0190604113,scatter
99300,3,1.5535902142,-0.0190604113,0.3932848451,-2.0018792492,scatter
99300,4,0.3932848451,-2.0018792492,2.7758474424,0.1355099993,scatter
99300,5,2.7758474424,0.1355099993,0.0000000000,0.3117796066,exit_left
99400,1,0.0000000000,0.0000000000,3.6627707530,0.0000000000,scatter
99400,2,3.6627707530,0.0000000000,5.0000000000,1.0895526151,exit_right
99500,1,0.0000000000,0.0000000000,1.4582938016,0.0000000000,scatter
99500,2,1.4582938016,0.0000000000,1.1810231710,-0.0018147870,scatter
99500,3,1.1810231710,-0.0018147870,1.9384466196,-0.9104162241,scatter
99500,4,1.9384466196,-0.9104162241,3.5672451533,-6.4930325138,scatter
99500,5,3.5672451533,-6.4930325138,3.8257152564,-6.2995747066,scatter
99500,6,3.8257152564,-6.2995747066,3.6304361363,-5.9294957564,scatter
99500,7,3.6304361363,-5.9294957564,5.0000000000,-5.2431305196,exit_right
99600,1,0.0000000000,0.0000000000,3.8745905070,0.0000000000,scatter
99600,2,3.8745905070,0.0000000000,1.6993352151,0.6670262612,scatter
99600,3,1.6993352151,0.6670262612,1.0783305268,0.7313737736,scatter
99600,4,1.0783305268,0.7313737736,1.2008051847,0.1457308301,scatter
99600,5,1.2008051847,0.1457308301,1.0609504839,0.1524479572,scatter
99600,6,1.0609504839,0.1524479572,0.5077086420,-6.3592219803,absorb
99700,1,0.0000000000,0.0000000000,1.3879388344,0.0000000000,absorb
99800,1,0.0000000000,0.0000000000,3.3636769689,0.0000000000,scatter
99800,2,3.3636769689,0.0000000000,0.0000000000,-3.3397627104,exit_left
99900,1,0.0000000000,0.0000000000,1.0592663303,0.0000000000,scatter
99900,2,1.0592663303,0.0000000000,2.1132092799,0.9705463002,scatter
99900,3,2.1132092799,0.9705463002,0.0000000000,0.3920812327,exit_left
100000,1,0.0000000000,0.0000000000,5.0000000000,0.0000000000,exit_right
