neutron_id,step,x_start,y_start,x_end,y_end,event
100,1,0.0000000000,0.0000000000,0.2744642039,0.0000000000,scatter
100,2,0.2744642039,0.0000000000,0.0000000000,0.1016093072,exit_left
200,1,0.0000000000,0.0000000000,1.5025229443,0.0000000000,scatter
200,2,1.5025229443,0.0000000000,3.3584331627,0.2179703999,scatter
200,3,3.3584331627,0.2179703999,3.7500000000,0.2042743806,exit_right
300,1,0.0000000000,0.0000000000,1.4673132569,0.0000000000,scatter
300,2,1.4673132569,0.0000000000,1.8403159535,-0.0139796722,scatter
300,3,1.8403159535,-0.0139796722,3.7500000000,-2.2718079586,exit_right
400,1,0.0000000000,0.0000000000,2.0516749658,0.0000000000,scatter
400,2,2.0516749658,0.0000000000,0.0000000000,1.1329424369,exit_left
500,1,0.0000000000,0.0000000000,0.9341261925,0.0000000000,scatter
500,2,0.9341261925,0.0000000000,0.3687944963,-2.9090060721,absorb
600,1,0.0000000000,0.0000000000,3.4891258800,0.0000000000,scatter
600,2,3.4891258800,0.0000000000,1.9703439879,1.2385308660,scatter
600,3,1.9703439879,1.2385308660,2.0959060040,3.4811696268,scatter
600,4,2.0959060040,3.4811696268,3.7500000000,4.9351829248,exit_right
700,1,0.0000000000,0.0000000000,0.5189560257,0.0000000000,scatter
700,2,0.5189560257,0.0000000000,1.0103284715,-1.4371304008,scatter
700,3,1.0103284715,-1.4371304008,1.3561128772,-0.5923279704,scatter
700,4,1.3561128772,-0.5923279704,0.0000000000,2.6390524717,exit_left
800,1,0.0000000000,0.0000000000,0.0974423265,0.0000000000,absorb
900,1,0.0000000000,0.0000000000,0.0813798379,0.0000000000,scatter
900,2,0.0813798379,0.0000000000,0.1288676126,0.3757686406,absorb
1000,1,0.0000000000,0.0000000000,3.7500000000,0.0000000000,exit_right
1100,1,0.0000000000,0.0000000000,1.1766603626,0.0000000000,scatter
1100,2,1.1766603626,0.0000000000,1.3545505549,0.3490603867,scatter
1100,3,1.3545505549,0.3490603867,3.7500000000,3.8188361434,exit_right
1200,1,0.0000000000,0.0000000000,3.7500000000,0.0000000000,exit_right
1300,1,0.0000000000,0.0000000000,2.3702653600,0.0000000000,scatter
1300,2,2.3702653600,0.0000000000,3.7500000000,4.1107606786,exit_right
1400,1,0.0000000000,0.0000000000,2.2999039031,0.0000000000,absorb
1500,1,0.0000000000,0.0000000000,1.9044937525,0.0000000000,absorb
1600,1,0.0000000000,0.0000000000,2.1592569714,0.0000000000,absorb
1700,1,0.0000000000,0.0000000000,0.9857425325,0.0000000000,scatter
1700,2,0.9857425325,0.0000000000,0.9151314727,-0.0479800812,scatter
1700,3,0.9151314727,-0.0479800812,0.6059625225,-0.3086369480,scatter
1700,4,0.6059625225,-0.3086369480,2.2549781513,0.3063231133,scatter
1700,5,2.2549781513,0.3063231133,3.3264565676,0.6639287189,scatter
1700,6,3.3264565676,0.6639287189,3.7500000000,0.6215375303,exit_right
1800,1,0.0000000000,0.0000000000,0.3852374874,0.0000000000,scatter
1800,2,0.3852374874,0.0000000000,0.0812753511,-0.1546379793,scatter
1800,3,0.0812753511,-0.1546379793,0.9307809452,-0.4111590859,absorb
1900,1,0.0000000000,0.0000000000,3.1116856326,0.0000000000,scatter
1900,2,3.1116856326,0.0000000000,2.8551637548,-0.3345149214,scatter
1900,3,2.8551637548,-0.3345149214,3.6965380854,-0.4758730604,scatter
1900,4,3.6965380854,-0.4758730604,3.7500000000,-0.3686406725,exit_right
2000,1,0.0000000000,0.0000000000,3.5066294324,0.0000000000,scatter
2000,2,3.5066294324,0.0000000000,3.7500000000,-0.0903682884,exit_right
2100,1,0.0000000000,0.0000000000,2.5851192257,0.0000000000,scatter
2100,2,2.5851192257,0.0000000000,2.7506164481,0.0275232763,scatter
2100,3,2.7506164481,0.0275232763,2.1795676736,-1.5819320729,scatter
2100,4,2.1795676736,-1.5819320729,2.8938341468,1.0256077929,absorb
2200,1,0.0000000000,0.0000000000,0.5102737044,0.0000000000,scatter
2200,2,0.5102737044,0.0000000000,0.3494540857,-0.0773991829,scatter
2200,3,0.3494540857,-0.0773991829,0.0000000000,-0.1233353438,exit_left
2300,1,0.0000000000,0.0000000000,3.7500000000,0.0000000000,exit_right
2400,1,0.0000000000,0.0000000000,3.7500000000,0.0000000000,exit_right
2500,1,0.0000000000,0.0000000000,3.7194197697,0.0000000000,scatter
2500,2,3.7194197697,0.0000000000,3.7500000000,0.0104783596,exit_right
2600,1,0.0000000000,0.0000000000,0.4505550132,0.0000000000,scatter
2600,2,0.4505550132,0.0000000000,1.1124520049,-0.8260741307,absorb
2700,1,0.0000000000,0.0000000000,3.7500000000,0.0000000000,exit_right
2800,1,0.0000000000,0.0000000000,1.4988518232,0.0000000000,scatter
2800,2,1.4988518232,0.0000000000,0.0850978089,1.2289177061,scatter
2800,3,0.0850978089,1.2289177061,0.0000000000,1.2540905649,exit_left
2900,1,0.0000000000,0.0000000000,1.4918644333,0.0000000000,scatter
2900,2,1.4918644333,0.0000000000,3.7500000000,-0.9473150909,exit_right
3000,1,0.0000000000,0.0000000000,0.7750959260,0.0000000000,scatter
3000,2,0.7750959260,0.0000000000,1.0224940171,0.7957476675,absorb
3100,1,0.0000000000,0.0000000000,3.7500000000,0.0000000000,exit_right
3200,1,0.0000000000,0.0000000000,0.6055423809,0.0000000000,scatter
3200,2,0.6055423809,0.0000000000,2.4796261500,3.7091702816,scatter
3200,3,2.4796261500,3.7091702816,1.4600379143,5.6560622943,scatter
3200,4,1.4600379143,5.6560622943,0.0000000000,6.5766810361,exit_left
3300,1,0.0000000000,0.0000000000,1.8684412424,0.0000000000,scatter
3300,2,1.8684412424,0.0000000000,2.4828318098,2.4995396332,scatter
3300,3,2.4828318098,2.4995396332,2.4986252750,2.4551767048,scatter
3300,4,2.4986252750,2.4551767048,3.0796365990,5.4594392653,scatter
3300,5,3.0796365990,5.4594392653,3.0949804698,2.1324406558,absorb
3400,1,0.0000000000,0.0000000000,3.7500000000,0.0000000000,exit_right
3500,1,0.0000000000,0.0000000000,0.3512474225,0.0000000000,absorb
3600,1,0.0000000000,0.0000000000,2.2153169429,0.0000000000,scatter
3600,2,2.2153169429,0.0000000000,1.7207996204,-2.5909868694,scatter
3600,3,1.7207996204,-2.5909868694,0.0000000000,-2.6043977800,exit_left
3700,1,0.0000000000,0.0000000000,2.1497940967,0.0000000000,absorb
3800,1,0.0000000000,0.0000000000,0.0320325586,0.0000000000,absorb
3900,1,0.0000000000,0.0000000000,3.7500000000,0.0000000000,exit_right
4000,1,0.0000000000,0.0000000000,1.3622264385,0.0000000000,scatter
4000,2,1.3622264385,0.0000000000,1.0196045722,0.9544382555,scatter
4000,3,1.0196045722,0.9544382555,1.0166126942,2.9370759539,scatter
4000,4,1.0166126942,2.9370759539,3.7500000000,3.1778546558,exit_right
4100,1,0.0000000000,0.0000000000,1.2490032076,0.0000000000,scatter
4100,2,1.2490032076,0.0000000000,0.0000000000,-0.9156170980,exit_left
4200,1,0.0000000000,0.0000000000,1.1568015457,0.0000000000,scatter
4200,2,1.1568015457,0.0000000000,1.1585896290,-0.0159591450,scatter
4200,3,1.1585896290,-0.0159591450,1.1630540128,0.0486097901,scatter
4200,4,1.1630540128,0.0486097901,0.0000000000,-0.3171215904,exit_left
4300,1,0.0000000000,0.0000000000,3.7500000000,0.0000000000,exit_right
4400,1,0.0000000000,0.0000000000,0.1222530488,0.0000000000,absorb
4500,1,0.0000000000,0.0000000000,1.0105884142,0.0000000000,scatter
4500,2,1.0105884142,0.0000000000,1.5769857425,0.1208199379,scatter
4500,3,1.5769857425,0.1208199379,0.0000000000,0.1770434846,exit_left
4600,1,0.0000000000,0.0000000000,3.7500000000,0.0000000000,exit_right
4700,1,0.0000000000,0.0000000000,1.6684710289,0.0000000000,scatter
4700,2,1.6684710289,0.0000000000,0.6882619252,0.5305990050,scatter
4700,3,0.6882619252,0.5305990050,0.0000000000,-0.7480860137,exit_left
4800,1,0.0000000000,0.0000000000,3.7500000000,0.0000000000,exit_right
4900,1,0.0000000000,0.0000000000,0.3357125748,0.0000000000,scatter
4900,2,0.3357125748,0.0000000000,0.0000000000,-0.1681744600,exit_left
5000,1,0.0000000000,0.0000000000,0.1230119029,0.0000000000,scatter
5000,2,0.1230119029,0.0000000000,0.3538828712,1.7309561760,scatter
5000,3,0.3538828712,1.7309561760,0.9146370993,2.1190714826,scatter
5000,4,0.9146370993,2.1190714826,0.0771566529,3.0536276385,scatter
5000,5,0.0771566529,3.0536276385,3.7500000000,0.0711068846,exit_right
5100,1,0.0000000000,0.0000000000,0.2978521137,0.0000000000,scatter
5100,2,0.2978521137,0.0000000000,0.0000000000,0.4811853776,exit_left
5200,1,0.0000000000,0.0000000000,1.1827520952,0.0000000000,scatter
5200,2,1.1827520952,0.0000000000,2.2549942867,1.4667391498,absorb
5300,1,0.0000000000,0.0000000000,3.7500000000,0.0000000000,exit_right
5400,1,0.0000000000,0.0000000000,1.5413540260,0.0000000000,scatter
5400,2,1.5413540260,0.0000000000,0.4819428228,-1.1665307159,absorb
5500,1,0.0000000000,0.0000000000,0.3433538538,0.0000000000,scatter
5500,2,0.3433538538,0.0000000000,0.0000000000,0.0019813678,exit_left
5600,1,0.0000000000,0.0000000000,0.1340444034,0.0000000000,scatter
5600,2,0.1340444034,0.0000000000,3.7500000000,-3.8319343437,exit_right
5700,1,0.0000000000,0.0000000000,0.7741235759,0.0000000000,scatter
5700,2,0.7741235759,0.0000000000,3.5787983177,-2.6516514234,scatter
5700,3,3.5787983177,-2.6516514234,0.4512500208,-0.7586570742,absorb
5800,1,0.0000000000,0.0000000000,2.6342057796,0.0000000000,scatter
5800,2,2.6342057796,0.0000000000,2.7204602803,-1.1417824224,scatter
5800,3,2.7204602803,-1.1417824224,2.2346112785,0.0108482294,scatter
5800,4,2.2346112785,0.0108482294,0.1654444008,-0.0866459166,scatter
5800,5,0.1654444008,-0.0866459166,0.0000000000,-0.1288991179,exit_left
5900,1,0.0000000000,0.0000000000,3.7500000000,0.0000000000,exit_right
6000,1,0.0000000000,0.0000000000,1.9901702051,0.0000000000,scatter
6000,2,1.9901702051,0.0000000000,2.0298099181,-2.4921770425,scatter
6000,3,2.0298099181,-2.4921770425,2.3603211065,-2.8984270580,absorb
6100,1,0.0000000000,0.0000000000,3.7500000000,0.0000000000,exit_right
6200,1,0.0000000000,0.0000000000,1.8131626300,0.0000000000,absorb
6300,1,0.0000000000,0.0000000000,3.7500000000,0.0000000000,exit_right
6400,1,0.0000000000,0.0000000000,3.4046319709,0.0000000000,scatter
6400,2,3.4046319709,0.0000000000,3.1754146789,-0.2736095535,absorb
6500,1,0.0000000000,0.0000000000,1.4920859011,0.0000000000,absorb
6600,1,0.0000000000,0.0000000000,3.6217791979,0.0000000000,scatter
6600,2,3.6217791979,0.0000000000,2.0975693991,-10.8626471550,scatter
6600,3,2.0975693991,-10.8626471550,3.3514249072,-17.9459750906,scatter
6600,4,3.3514249072,-17.9459750906,2.3534500093,-17.5165805390,scatter
6600,5,2.3534500093,-17.5165805390,0.0000000000,-18.0476504037,exit_left
6700,1,0.0000000000,0.0000000000,2.7030662575,0.0000000000,absorb
6800,1,0.0000000000,0.0000000000,0.1044128102,0.0000000000,scatter
6800,2,0.1044128102,0.0000000000,0.0000000000,-0.1986988796,exit_left
6900,1,0.0000000000,0.0000000000,1.1403901288,0.0000000000,absorb
7000,1,0.0000000000,0.0000000000,0.5195109564,0.0000000000,scatter
7000,2,0.5195109564,0.0000000000,0.7849658649,-0.0817842128,absorb
7100,1,0.0000000000,0.0000000000,0.0573843306,0.0000000000,absorb
7200,1,0.0000000000,0.0000000000,2.2253356543,0.0000000000,absorb
7300,1,0.0000000000,0.0000000000,3.6277616208,0.0000000000,scatter
7300,2,3.6277616208,0.0000000000,3.7500000000,-0.0458809206,exit_right
7400,1,0.0000000000,0.0000000000,2.6115975088,0.0000000000,absorb
7500,1,0.0000000000,0.0000000000,0.3475584976,0.0000000000,scatter
7500,2,0.3475584976,0.0000000000,0.0000000000,-0.3305772619,exit_left
7600,1,0.0000000000,0.0000000000,3.4159692082,0.0000000000,scatter
7600,2,3.4159692082,0.0000000000,2.5449156036,0.5314297341,scatter
7600,3,2.5449156036,0.5314297341,2.8548852295,-0.9102602596,scatter
7600,4,2.8548852295,-0.9102602596,2.6695596887,1.1961544833,absorb
7700,1,0.0000000000,0.0000000000,0.8400573341,0.0000000000,scatter
7700,2,0.8400573341,0.0000000000,3.1184639192,-2.7611603500,scatter
7700,3,3.1184639192,-2.7611603500,3.2971497830,-2.9174693066,scatter
7700,4,3.2971497830,-2.9174693066,3.1054721253,-2.1822716898,absorb
7800,1,0.0000000000,0.0000000000,0.5302509213,0.0000000000,scatter
7800,2,0.5302509213,0.0000000000,2.7466742197,-3.7208856590,scatter
7800,3,2.7466742197,-3.7208856590,3.7500000000,-3.8273781504,exit_right
7900,1,0.0000000000,0.0000000000,3.2859113411,0.0000000000,scatter
7900,2,3.2859113411,0.0000000000,3.7500000000,-0.2293366058,exit_right
8000,1,0.0000000000,0.0000000000,3.7500000000,0.0000000000,exit_right
8100,1,0.0000000000,0.0000000000,3.7500000000,0.0000000000,exit_right
8200,1,0.0000000000,0.0000000000,1.5368467544,0.0000000000,scatter
8200,2,1.5368467544,0.0000000000,1.2166154698,0.4314080609,scatter
8200,3,1.2166154698,0.4314080609,0.0000000000,0.2748470127,exit_left
8300,1,0.0000000000,0.0000000000,1.2374878008,0.0000000000,absorb
8400,1,0.0000000000,0.0000000000,3.7500000000,0.0000000000,exit_right
8500,1,0.0000000000,0.0000000000,0.9509899711,0.0000000000,scatter
8500,2,0.9509899711,0.0000000000,3.7500000000,-3.1476594469,exit_right
8600,1,0.0000000000,0.0000000000,3.5445375490,0.0000000000,scatter
8600,2,3.5445375490,0.0000000000,3.5433519147,-0.0141009220,scatter
8600,3,3.5433519147,-0.0141009220,3.7500000000,0.2699428240,exit_right
8700,1,0.0000000000,0.0000000000,3.7500000000,0.0000000000,exit_right
8800,1,0.0000000000,0.0000000000,0.9033863353,0.0000000000,absorb
8900,1,0.0000000000,0.0000000000,1.9042470019,0.0000000000,scatter
8900,2,1.9042470019,0.0000000000,0.9310863297,1.7991530705,scatter
8900,3,0.9310863297,1.7991530705,1.9907553579,2.3572993123,scatter
8900,4,1.9907553579,2.3572993123,1.5090322463,1.9883523918,scatter
8900,5,1.5090322463,1.9883523918,1.9478708371,1.0184332847,scatter
8900,6,1.9478708371,1.0184332847,3.7500000000,1.3390165215,exit_right
9000,1,0.0000000000,0.0000000000,0.5081294756,0.0000000000,scatter
9000,2,0.5081294756,0.0000000000,0.0000000000,0.0623916279,exit_left
9100,1,0.0000000000,0.0000000000,0.8509043914,0.0000000000,scatter
9100,2,0.8509043914,0.0000000000,0.0000000000,-0.3252988539,exit_left
9200,1,0.0000000000,0.0000000000,0.8863417697,0.0000000000,scatter
9200,2,0.8863417697,0.0000000000,0.0000000000,1.2164543866,exit_left
9300,1,0.0000000000,0.0000000000,1.7511599033,0.0000000000,absorb
9400,1,0.0000000000,0.0000000000,3.7500000000,0.0000000000,exit_right
9500,1,0.0000000000,0.0000000000,2.5572642957,0.0000000000,scatter
9500,2,2.5572642957,0.0000000000,2.9880026080,0.7653230811,scatter
9500,3,2.9880026080,0.7653230811,2.7418251523,0.3569287193,scatter
9500,4,2.7418251523,0.3569287193,0.0000000000,-1.7913063641,exit_left
9600,1,0.0000000000,0.0000000000,0.2352154313,0.0000000000,scatter
9600,2,0.2352154313,0.0000000000,0.2825386177,-0.3689647684,absorb
9700,1,0.0000000000,0.0000000000,0.6464329137,0.0000000000,absorb
9800,1,0.0000000000,0.0000000000,1.8897708862,0.0000000000,scatter
9800,2,1.8897708862,0.0000000000,2.3720103495,-0.1207847392,absorb
9900,1,0.0000000000,0.0000000000,0.3313649153,0.0000000000,scatter
9900,2,0.3313649153,0.0000000000,2.3558775664,0.4947072104,scatter
9900,3,2.3558775664,0.4947072104,2.5040146340,0.5657598814,scatter
9900,4,2.5040146340,0.5657598814,2.0981862595,0.3686472570,scatter
9900,5,2.0981862595,0.3686472570,2.4032004342,0.2167724859,absorb
10000,1,0.0000000000,0.0000000000,0.3415127842,0.0000000000,scatter
10000,2,0.3415127842,0.0000000000,3.1076254680,-1.0496492149,scatter
10000,3,3.1076254680,-1.0496492149,1.7025784859,2.3746630237,scatter
10000,4,1.7025784859,2.3746630237,1.7667108291,2.5720171541,absorb
10100,1,0.0000000000,0.0000000000,0.3683744745,0.0000000000,scatter
10100,2,0.3683744745,0.0000000000,0.0000000000,0.1137156765,exit_left
10200,1,0.0000000000,0.0000000000,0.2469188352,0.0000000000,absorb
10300,1,0.0000000000,0.0000000000,0.3393589294,0.0000000000,scatter
10300,2,0.3393589294,0.0000000000,0.4370432758,0.4407622382,scatter
10300,3,0.4370432758,0.4407622382,0.4054533735,-0.6609695221,absorb
10400,1,0.0000000000,0.0000000000,0.2773230655,0.0000000000,scatter
10400,2,0.2773230655,0.0000000000,1.0163810495,0.6289878655,scatter
10400,3,1.0163810495,0.6289878655,0.3350354882,3.4530801656,scatter
10400,4,0.3350354882,3.4530801656,0.0340279731,3.3227226026,absorb
10500,1,0.0000000000,0.0000000000,0.0673894527,0.0000000000,scatter
10500,2,0.0673894527,0.0000000000,0.0000000000,0.0078156732,exit_left
10600,1,0.0000000000,0.0000000000,0.5524471394,0.0000000000,scatter
10600,2,0.5524471394,0.0000000000,2.6496948498,0.4179345113,scatter
10600,3,2.6496948498,0.4179345113,0.0000000000,-1.3754090546,exit_left
10700,1,0.0000000000,0.0000000000,0.2022528218,0.0000000000,scatter
10700,2,0.2022528218,0.0000000000,0.0000000000,-0.0501913481,exit_left
10800,1,0.0000000000,0.0000000000,1.1481003264,0.0000000000,scatter
10800,2,1.1481003264,0.0000000000,1.2625469481,-0.6943334442,scatter
10800,3,1.2625469481,-0.6943334442,1.3539859233,-0.3992749322,scatter
10800,4,1.3539859233,-0.3992749322,0.3694228791,-0.8349010660,scatter
10800,5,0.3694228791,-0.8349010660,1.2448747519,-1.8178800423,scatter
10800,6,1.2448747519,-1.8178800423,0.0000000000,-0.6053129158,exit_left
10900,1,0.0000000000,0.0000000000,2.3267230599,0.0000000000,scatter
10900,2,2.3267230599,0.0000000000,2.1397443809,-0.2688436686,scatter
10900,3,2.1397443809,-0.2688436686,0.0000000000,-0.3208595594,exit_left
11000,1,0.0000000000,0.0000000000,2.0055163596,0.0000000000,scatter
11000,2,2.0055163596,0.0000000000,2.0697037434,-0.9384191449,scatter
11000,3,2.0697037434,-0.9384191449,1.1993271755,-1.0791228630,scatter
11000,4,1.1993271755,-1.0791228630,0.0000000000,-1.9305732146,exit_left
11100,1,0.0000000000,0.0000000000,3.7500000000,0.0000000000,exit_right
11200,1,0.0000000000,0.0000000000,2.7497052224,0.0000000000,scatter
11200,2,2.7497052224,0.0000000000,3.7500000000,0.1180162518,exit_right
11300,1,0.0000000000,0.0000000000,2.6421830349,0.0000000000,absorb
11400,1,0.0000000000,0.0000000000,0.4966827568,0.0000000000,scatter
11400,2,0.4966827568,0.0000000000,2.3272563509,0.0093957726,scatter
11400,3,2.3272563509,0.0093957726,2.3565703730,-0.4859033358,scatter
11400,4,2.3565703730,-0.4859033358,3.3256591700,-0.3856824626,absorb
11500,1,0.0000000000,0.0000000000,0.7618597440,0.0000000000,absorb
11600,1,0.0000000000,0.0000000000,1.0625194041,0.0000000000,absorb
11700,1,0.0000000000,0.0000000000,1.7013053089,0.0000000000,absorb
11800,1,0.0000000000,0.0000000000,1.7332426983,0.0000000000,scatter
11800,2,1.7332426983,0.0000000000,2.0812016009,-0.2177534664,scatter
11800,3,2.0812016009,-0.2177534664,0.0000000000,0.8821598708,exit_left
11900,1,0.0000000000,0.0000000000,1.9707161447,0.0000000000,scatter
11900,2,1.9707161447,0.0000000000,2.1372002883,-1.8717433139,scatter
11900,3,2.1372002883,-1.8717433139,2.2123624306,-1.8052672876,scatter
11900,4,2.2123624306,-1.8052672876,2.0515493796,-2.1696879683,absorb
12000,1,0.0000000000,0.0000000000,0.5597203348,0.0000000000,scatter
12000,2,0.5597203348,0.0000000000,1.4204131505,0.6510649176,scatter
12000,3,1.4204131505,0.6510649176,0.0000000000,2.0478922004,exit_left
12100,1,0.0000000000,0.0000000000,1.3170666337,0.0000000000,scatter
12100,2,1.3170666337,0.0000000000,1.3166506113,0.0056141935,scatter
12100,3,1.3166506113,0.0056141935,0.9362922971,-0.4581069288,scatter
12100,4,0.9362922971,-0.4581069288,2.5397610996,-1.7351405592,scatter
12100,5,2.5397610996,-1.7351405592,2.7002274223,-2.8707067452,scatter
12100,6,2.7002274223,-2.8707067452,3.7500000000,-5.2305741243,exit_right
12200,1,0.0000000000,0.0000000000,2.1240025160,0.0000000000,scatter
12200,2,2.1240025160,0.0000000000,3.7500000000,2.5364698173,exit_right
12300,1,0.0000000000,0.0000000000,3.3765444336,0.0000000000,scatter
12300,2,3.3765444336,0.0000000000,3.7500000000,0.5871931142,exit_right
12400,1,0.0000000000,0.0000000000,1.5325961514,0.0000000000,scatter
12400,2,1.5325961514,0.0000000000,3.3716768690,-0.1418302055,scatter
12400,3,3.3716768690,-0.1418302055,2.0822915702,-1.5034729271,scatter
12400,4,2.0822915702,-1.5034729271,2.5366431725,-1.4813828723,scatter
12400,5,2.5366431725,-1.4813828723,3.3876630921,-1.3522225046,scatter
12400,6,3.3876630921,-1.3522225046,3.7500000000,-2.3222615736,exit_right
12500,1,0.0000000000,0.0000000000,0.1369121053,0.0000000000,scatter
12500,2,0.1369121053,0.0000000000,0.3522741792,-0.2403998433,scatter
12500,3,0.3522741792,-0.2403998433,0.4391572197,0.0808945426,absorb
12600,1,0.0000000000,0.0000000000,2.1209607939,0.0000000000,scatter
12600,2,2.1209607939,0.0000000000,0.0000000000,1.3501898664,exit_left
12700,1,0.0000000000,0.0000000000,1.4463688577,0.0000000000,scatter
12700,2,1.4463688577,0.0000000000,0.9243451504,-0.5126206298,scatter
12700,3,0.9243451504,-0.5126206298,0.0000000000,-0.9131010696,exit_left
12800,1,0.0000000000,0.0000000000,3.7500000000,0.0000000000,exit_right
12900,1,0.0000000000,0.0000000000,1.6312139457,0.0000000000,scatter
12900,2,1.6312139457,0.0000000000,1.5525042123,-0.0161232338,scatter
12900,3,1.5525042123,-0.0161232338,3.7500000000,0.5547912461,exit_right
13000,1,0.0000000000,0.0000000000,1.7865464177,0.0000000000,scatter
13000,2,1.7865464177,0.0000000000,1.1087273006,0.4737171043,absorb
13100,1,0.0000000000,0.0000000000,0.3363291914,0.0000000000,scatter
13100,2,0.3363291914,0.0000000000,0.5369976139,0.1177385344,absorb
13200,1,0.0000000000,0.0000000000,0.1938898796,0.0000000000,scatter
13200,2,0.1938898796,0.0000000000,1.1118446110,2.0073217665,scatter
13200,3,1.1118446110,2.0073217665,0.0000000000,0.9729631855,exit_left
13300,1,0.0000000000,0.0000000000,3.7500000000,0.0000000000,exit_right
13400,1,0.0000000000,0.0000000000,2.3121747540,0.0000000000,scatter
13400,2,2.3121747540,0.0000000000,2.2361637542,0.0113899439,scatter
13400,3,2.2361637542,0.0113899439,1.4714824152,-1.1896457944,scatter
13400,4,1.4714824152,-1.1896457944,3.3067772271,-1.1025835316,scatter
13400,5,3.3067772271,-1.1025835316,2.7648599313,0.7160558770,scatter
13400,6,2.7648599313,0.7160558770,2.6534168301,0.8598484274,scatter
13400,7,2.6534168301,0.8598484274,2.3813979819,0.2331717137,scatter
13400,8,2.3813979819,0.2331717137,0.8151378864,-1.5665223435,absorb
13500,1,0.0000000000,0.0000000000,3.7500000000,0.0000000000,exit_right
13600,1,0.0000000000,0.0000000000,3.7500000000,0.0000000000,exit_right
13700,1,0.0000000000,0.0000000000,1.5857996204,0.0000000000,absorb
13800,1,0.0000000000,0.0000000000,0.1775552670,0.0000000000,scatter
13800,2,0.1775552670,0.0000000000,0.0000000000,0.1472837670,exit_left
13900,1,0.0000000000,0.0000000000,3.7500000000,0.0000000000,exit_right
14000,1,0.0000000000,0.0000000000,2.6788558845,0.0000000000,scatter
14000,2,2.6788558845,0.0000000000,2.6437325290,2.5981319868,scatter
14000,3,2.6437325290,2.5981319868,2.7705048599,2.2333675284,scatter
14000,4,2.7705048599,2.2333675284,3.7500000000,2.7382649751,exit_right
14100,1,0.0000000000,0.0000000000,0.7467123811,0.0000000000,scatter
14100,2,0.7467123811,0.0000000000,0.7677649478,-0.2901333634,scatter
14100,3,0.7677649478,-0.2901333634,0.5992213306,-0.2351813211,scatter
14100,4,0.5992213306,-0.2351813211,0.0000000000,-0.2343692258,exit_left
14200,1,0.0000000000,0.0000000000,3.3937484022,0.0000000000,scatter
14200,2,3.3937484022,0.0000000000,3.2752688668,0.6100430279,scatter
14200,3,3.2752688668,0.6100430279,1.9153356849,-0.5851999798,scatter
14200,4,1.9153356849,-0.5851999798,0.0000000000,-0.8160380581,exit_left
14300,1,0.0000000000,0.0000000000,1.4518101489,0.0000000000,scatter
14300,2,1.4518101489,0.0000000000,1.4809153027,0.0463373875,scatter
14300,3,1.4809153027,0.0463373875,1.5272483448,1.2517576783,scatter
14300,4,1.5272483448,1.2517576783,3.6759301490,1.8236499565,scatter
14300,5,3.6759301490,1.8236499565,1.4277800640,2.5432150762,scatter
14300,6,1.4277800640,2.5432150762,1.4242458419,2.4099630604,scatter
14300,7,1.4242458419,2.4099630604,2.1718803167,2.3500713456,absorb
14400,1,0.0000000000,0.0000000000,0.3785523300,0.0000000000,scatter
14400,2,0.3785523300,0.0000000000,0.9161225273,0.1677373133,absorb
14500,1,0.0000000000,0.0000000000,0.0022687560,0.0000000000,scatter
14500,2,0.0022687560,0.0000000000,0.1323877218,0.0763373314,scatter
14500,3,0.1323877218,0.0763373314,0.7848348619,2.1403078822,absorb
14600,1,0.0000000000,0.0000000000,0.1533480772,0.0000000000,absorb
14700,1,0.0000000000,0.0000000000,1.0348104488,0.0000000000,scatter
14700,2,1.0348104488,0.0000000000,0.9764963848,0.0597149476,scatter
14700,3,0.9764963848,0.0597149476,0.9667389512,0.0768534512,scatter
14700,4,0.9667389512,0.0768534512,0.8173097903,0.3627879697,absorb
14800,1,0.0000000000,0.0000000000,2.1956737434,0.0000000000,scatter
14800,2,2.1956737434,0.0000000000,2.2306252005,-0.0477449222,scatter
14800,3,2.2306252005,-0.0477449222,0.0000000000,0.6920701909,exit_left
14900,1,0.0000000000,0.0000000000,1.7722779049,0.0000000000,absorb
15000,1,0.0000000000,0.0000000000,1.4343630306,0.0000000000,absorb
15100,1,0.0000000000,0.0000000000,1.7181040774,0.0000000000,scatter
15100,2,1.7181040774,0.0000000000,0.0000000000,-1.2085382605,exit_left
15200,1,0.0000000000,0.0000000000,0.8022368326,0.0000000000,absorb
15300,1,0.0000000000,0.0000000000,3.4789088520,0.0000000000,absorb
15400,1,0.0000000000,0.0000000000,2.4340683558,0.0000000000,scatter
15400,2,2.4340683558,0.0000000000,0.7403249506,-5.7109981700,absorb
15500,1,0.0000000000,0.0000000000,2.7488860717,0.0000000000,absorb
15600,1,0.0000000000,0.0000000000,2.5639142323,0.0000000000,scatter
15600,2,2.5639142323,0.0000000000,2.4746026130,0.0928562799,scatter
15600,3,2.4746026130,0.0928562799,2.6888428848,-0.2563909292,absorb
15700,1,0.0000000000,0.0000000000,1.2634539717,0.0000000000,absorb
15800,1,0.0000000000,0.0000000000,0.1567088299,0.0000000000,scatter
15800,2,0.1567088299,0.0000000000,0.8494203811,-2.1972796481,scatter
15800,3,0.8494203811,-2.1972796481,0.2180838774,2.5785478024,absorb
15900,1,0.0000000000,0.0000000000,2.5652481499,0.0000000000,scatter
15900,2,2.5652481499,0.0000000000,2.7919449259,-0.0068842678,scatter
15900,3,2.7919449259,-0.0068842678,2.7305774245,-0.0476260048,absorb
16000,1,0.0000000000,0.0000000000,2.0516682945,0.0000000000,scatter
16000,2,2.0516682945,0.0000000000,2.8113119610,0.6875755558,scatter
16000,3,2.8113119610,0.6875755558,3.7500000000,0.3998363519,exit_right
16100,1,0.0000000000,0.0000000000,2.3196448368,0.0000000000,absorb
16200,1,0.0000000000,0.0000000000,0.0237180046,0.0000000000,absorb
16300,1,0.0000000000,0.0000000000,0.7112881361,0.0000000000,scatter
16300,2,0.7112881361,0.0000000000,3.7500000000,-0.3815368078,exit_right
16400,1,0.0000000000,0.0000000000,3.7500000000,0.0000000000,exit_right
16500,1,0.0000000000,0.0000000000,1.9305359227,0.0000000000,absorb
16600,1,0.0000000000,0.0000000000,0.0605547978,0.0000000000,scatter
16600,2,0.0605547978,0.0000000000,0.0000000000,0.0320029134,exit_left
16700,1,0.0000000000,0.0000000000,2.0873655424,0.0000000000,scatter
16700,2,2.0873655424,0.0000000000,1.5962588613,0.1941088108,scatter
16700,3,1.5962588613,0.1941088108,1.6802783781,0.3145677410,absorb
16800,1,0.0000000000,0.0000000000,0.5794331218,0.0000000000,scatter
16800,2,0.5794331218,0.0000000000,1.4086418195,2.0166388482,scatter
16800,3,1.4086418195,2.0166388482,0.9687837278,0.8772980020,absorb
16900,1,0.0000000000,0.0000000000,3.7500000000,0.0000000000,exit_right
17000,1,0.0000000000,0.0000000000,0.5193268620,0.0000000000,scatter
17000,2,0.5193268620,0.0000000000,0.0005580026,0.6891364029,scatter
17000,3,0.0005580026,0.6891364029,0.0000000000,0.6879758455,exit_left
17100,1,0.0000000000,0.0000000000,1.4674253097,0.0000000000,scatter
17100,2,1.4674253097,0.0000000000,2.3005329973,0.2607755191,scatter
17100,3,2.3005329973,0.2607755191,2.2397932612,0.2559960972,scatter
17100,4,2.2397932612,0.2559960972,0.9598912432,-2.0054760932,absorb
17200,1,0.0000000000,0.0000000000,1.3128911126,0.0000000000,scatter
17200,2,1.3128911126,0.0000000000,1.2971135587,0.0107003251,scatter
17200,3,1.2971135587,0.0107003251,0.0000000000,1.6376300090,exit_left
17300,1,0.0000000000,0.0000000000,3.7500000000,0.0000000000,exit_right
17400,1,0.0000000000,0.0000000000,0.0117964185,0.0000000000,scatter
17400,2,0.0117964185,0.0000000000,0.1626842275,-0.1249923080,absorb
17500,1,0.0000000000,0.0000000000,1.0730294821,0.0000000000,scatter
17500,2,1.0730294821,0.0000000000,1.0923252678,0.1247354669,absorb
17600,1,0.0000000000,0.0000000000,0.1999122559,0.0000000000,scatter
17600,2,0.1999122559,0.0000000000,0.0000000000,0.1796671506,exit_left
17700,1,0.0000000000,0.0000000000,3.7500000000,0.0000000000,exit_right
17800,1,0.0000000000,0.0000000000,0.0777658070,0.0000000000,scatter
17800,2,0.0777658070,0.0000000000,2.5316349699,-0.2364338320,scatter
17800,3,2.5316349699,-0.2364338320,0.0000000000,3.2146828536,exit_left
17900,1,0.0000000000,0.0000000000,0.7228491634,0.0000000000,scatter
17900,2,0.7228491634,0.0000000000,0.9288125921,0.0883845687,scatter
17900,3,0.9288125921,0.0883845687,0.5597211911,0.1536063781,scatter
17900,4,0.5597211911,0.1536063781,2.6850942455,-2.3612413166,absorb
18000,1,0.0000000000,0.0000000000,2.4221243142,0.0000000000,scatter
18000,2,2.4221243142,0.0000000000,0.6914057313,0.4229800920,scatter
18000,3,0.6914057313,0.4229800920,0.0000000000,-0.7160474614,exit_left
18100,1,0.0000000000,0.0000000000,0.0336747434,0.0000000000,scatter
18100,2,0.0336747434,0.0000000000,0.0000000000,0.0363227019,exit_left
18200,1,0.0000000000,0.0000000000,3.0138249436,0.0000000000,scatter
18200,2,3.0138249436,0.0000000000,0.0793995447,-2.6307618410,scatter
18200,3,0.0793995447,-2.6307618410,0.0000000000,-2.5897967153,exit_left
18300,1,0.0000000000,0.0000000000,0.2958524288,0.0000000000,scatter
18300,2,0.2958524288,0.0000000000,0.0000000000,0.0325541655,exit_left
18400,1,0.0000000000,0.0000000000,1.8235715066,0.0000000000,scatter
18400,2,1.8235715066,0.0000000000,2.2410761894,-0.0817958259,absorb
18500,1,0.0000000000,0.0000000000,1.3057016248,0.0000000000,scatter
18500,2,1.3057016248,0.0000000000,0.7568601930,2.3327968650,scatter
18500,3,0.7568601930,2.3327968650,0.7474418900,1.9621130752,scatter
18500,4,0.7474418900,1.9621130752,0.3861829538,1.5339082617,absorb
18600,1,0.0000000000,0.0000000000,3.7500000000,0.0000000000,exit_right
18700,1,0.0000000000,0.0000000000,2.0867272822,0.0000000000,scatter
18700,2,2.0867272822,0.0000000000,2.0232135515,-0.2500075786,scatter
18700,3,2.0232135515,-0.2500075786,1.4076643972,0.0323115347,scatter
18700,4,1.4076643972,0.0323115347,0.0000000000,-1.8599220724,exit_left
18800,1,0.0000000000,0.0000000000,1.0236310342,0.0000000000,scatter
18800,2,1.0236310342,0.0000000000,3.2940953568,-2.6271283496,scatter
18800,3,3.2940953568,-2.6271283496,3.3268335925,-4.7073890913,scatter
18800,4,3.3268335925,-4.7073890913,2.9665224634,-4.6986866858,scatter
18800,5,2.9665224634,-4.6986866858,2.9229063211,-5.9253182710,scatter
18800,6,2.9229063211,-5.9253182710,2.5695227450,-6.7025468827,scatter
18800,7,2.5695227450,-6.7025468827,2.7277209884,-6.1869825275,scatter
18800,8,2.7277209884,-6.1869825275,2.4427880014,-4.9981110132,scatter
18800,9,2.4427880014,-4.9981110132,2.7798021679,-7.1135828327,absorb
18900,1,0.0000000000,0.0000000000,1.8566730233,0.0000000000,absorb
19000,1,0.0000000000,0.0000000000,0.4491590894,0.0000000000,scatter
19000,2,0.4491590894,0.0000000000,0.0000000000,0.2330068896,exit_left
19100,1,0.0000000000,0.0000000000,3.7500000000,0.0000000000,exit_right
19200,1,0.0000000000,0.0000000000,0.1231812997,0.0000000000,scatter
19200,2,0.1231812997,0.0000000000,0.6579220468,-3.1648071322,scatter
19200,3,0.6579220468,-3.1648071322,0.9501805038,-2.6734247394,scatter
19200,4,0.9501805038,-2.6734247394,0.7243007148,-3.1579836562,scatter
19200,5,0.7243007148,-3.1579836562,1.1393634167,-7.9389734587,scatter
19200,6,1.1393634167,-7.9389734587,2.0558210066,-8.4662899880,scatter
19200,7,2.0558210066,-8.4662899880,1.9521594708,-8.4709720884,scatter
19200,8,1.9521594708,-8.4709720884,1.9497194801,-8.4929307166,absorb
19300,1,0.0000000000,0.0000000000,0.5137273203,0.0000000000,scatter
19300,2,0.5137273203,0.0000000000,0.5268867717,-0.0708965694,scatter
19300,3,0.5268867717,-0.0708965694,3.7500000000,-0.6208442262,exit_right
19400,1,0.0000000000,0.0000000000,0.2812217356,0.0000000000,scatter
19400,2,0.2812217356,0.0000000000,1.8670826093,-0.0107731624,scatter
19400,3,1.8670826093,-0.0107731624,1.6508865652,0.1037919572,absorb
19500,1,0.0000000000,0.0000000000,3.7500000000,0.0000000000,exit_right
19600,1,0.0000000000,0.0000000000,1.5856033040,0.0000000000,scatter
19600,2,1.5856033040,0.0000000000,3.7500000000,-3.8038311499,exit_right
19700,1,0.0000000000,0.0000000000,2.8303497422,0.0000000000,absorb
19800,1,0.0000000000,0.0000000000,2.7154299459,0.0000000000,scatter
19800,2,2.7154299459,0.0000000000,2.3331454641,-0.2391101048,scatter
19800,3,2.3331454641,-0.2391101048,0.0000000000,1.1049321070,exit_left
19900,1,0.0000000000,0.0000000000,2.1867255344,0.0000000000,scatter
19900,2,2.1867255344,0.0000000000,1.7911352515,1.2222053419,absorb
20000,1,0.0000000000,0.0000000000,1.0104737079,0.0000000000,scatter
20000,2,1.0104737079,0.0000000000,0.0000000000,0.1419199950,exit_left
20100,1,0.0000000000,0.0000000000,0.3302642088,0.0000000000,scatter
20100,2,0.3302642088,0.0000000000,0.0000000000,0.0218899137,exit_left
20200,1,0.0000000000,0.0000000000,3.7500000000,0.0000000000,exit_right
20300,1,0.0000000000,0.0000000000,1.3759245718,0.0000000000,scatter
20300,2,1.3759245718,0.0000000000,0.0000000000,0.7225724797,exit_left
20400,1,0.0000000000,0.0000000000,0.3571170353,0.0000000000,absorb
20500,1,0.0000000000,0.0000000000,3.4644452007,0.0000000000,scatter
20500,2,3.4644452007,0.0000000000,3.2486624207,-0.0246962455,scatter
20500,3,3.2486624207,-0.0246962455,0.0000000000,-2.5791247777,exit_left
20600,1,0.0000000000,0.0000000000,1.2798195966,0.0000000000,scatter
20600,2,1.2798195966,0.0000000000,2.4574874343,-0.2613269242,absorb
20700,1,0.0000000000,0.0000000000,0.7260172930,0.0000000000,scatter
20700,2,0.7260172930,0.0000000000,1.4544889049,0.0642479624,scatter
20700,3,1.4544889049,0.0642479624,0.6954553846,0.3707967069,scatter
20700,4,0.6954553846,0.3707967069,0.3921767877,-4.0989029947,absorb
20800,1,0.0000000000,0.0000000000,0.5253014222,0.0000000000,scatter
20800,2,0.5253014222,0.0000000000,0.1371795475,0.4552656614,scatter
20800,3,0.1371795475,0.4552656614,1.0750475209,-0.5405515121,scatter
20800,4,1.0750475209,-0.5405515121,0.0000000000,-1.7907114854,exit_left
20900,1,0.0000000000,0.0000000000,1.1636067251,0.0000000000,scatter
20900,2,1.1636067251,0.0000000000,0.0000000000,0.5299864431,exit_left
21000,1,0.0000000000,0.0000000000,3.3605656924,0.0000000000,scatter
21000,2,3.3605656924,0.0000000000,2.2349131245,-2.0917404020,scatter
21000,3,2.2349131245,-2.0917404020,0.0000000000,-0.8985932746,exit_left
21100,1,0.0000000000,0.0000000000,3.7500000000,0.0000000000,exit_right
21200,1,0.0000000000,0.0000000000,0.3172181406,0.0000000000,absorb
21300,1,0.0000000000,0.0000000000,0.1354433397,0.0000000000,scatter
21300,2,0.1354433397,0.0000000000,0.0000000000,-0.2595390345,exit_left
21400,1,0.0000000000,0.0000000000,3.7500000000,0.0000000000,exit_right
21500,1,0.0000000000,0.0000000000,0.5081465666,0.0000000000,scatter
21500,2,0.5081465666,0.0000000000,0.0000000000,-0.7853521059,exit_left
21600,1,0.0000000000,0.0000000000,1.4905700445,0.0000000000,scatter
21600,2,1.4905700445,0.0000000000,1.4819433895,-0.0007626661,scatter
21600,3,1.4819433895,-0.0007626661,1.5401193621,-0.0157408356,absorb
21700,1,0.0000000000,0.0000000000,0.9373317632,0.0000000000,scatter
21700,2,0.9373317632,0.0000000000,0.3572557482,-0.5218456371,scatter
21700,3,0.3572557482,-0.5218456371,0.2481394066,-0.2288265614,absorb
21800,1,0.0000000000,0.0000000000,0.8093425071,0.0000000000,scatter
21800,2,0.8093425071,0.0000000000,0.0000000000,-0.3234487740,exit_left
21900,1,0.0000000000,0.0000000000,0.4672804148,0.0000000000,scatter
21900,2,0.4672804148,0.0000000000,0.0000000000,0.3186047952,exit_left
22000,1,0.0000000000,0.0000000000,3.7500000000,0.0000000000,exit_right
22100,1,0.0000000000,0.0000000000,3.7500000000,0.0000000000,exit_right
22200,1,0.0000000000,0.0000000000,3.7500000000,0.0000000000,exit_right
22300,1,0.0000000000,0.0000000000,0.0726612304,0.0000000000,scatter
22300,2,0.0726612304,0.0000000000,0.0000000000,-0.0837092294,exit_left
22400,1,0.0000000000,0.0000000000,1.4183394827,0.0000000000,absorb
22500,1,0.0000000000,0.0000000000,2.7241281599,0.0000000000,scatter
22500,2,2.7241281599,0.0000000000,1.9683348974,-0.0523991300,scatter
22500,3,1.9683348974,-0.0523991300,0.0000000000,-0.2414944464,exit_left
22600,1,0.0000000000,0.0000000000,0.8013718408,0.0000000000,scatter
22600,2,0.8013718408,0.0000000000,0.0000000000,0.1953594774,exit_left
22700,1,0.0000000000,0.0000000000,3.7500000000,0.0000000000,exit_right
22800,1,0.0000000000,0.0000000000,0.0399941279,0.0000000000,absorb
22900,1,0.0000000000,0.0000000000,0.2424104251,0.0000000000,scatter
22900,2,0.2424104251,0.0000000000,0.0000000000,-0.3344792740,exit_left
23000,1,0.0000000000,0.0000000000,0.9590968263,0.0000000000,scatter
23000,2,0.9590968263,0.0000000000,0.0151867950,-2.2729999541,absorb
23100,1,0.0000000000,0.0000000000,3.7500000000,0.0000000000,exit_right
23200,1,0.0000000000,0.0000000000,1.4996512681,0.0000000000,scatter
23200,2,1.4996512681,0.0000000000,0.7566794658,-2.0777452942,absorb
23300,1,0.0000000000,0.0000000000,0.7127675124,0.0000000000,scatter
23300,2,0.7127675124,0.0000000000,0.0000000000,1.1174714587,exit_left
23400,1,0.0000000000,0.0000000000,1.5064934669,0.0000000000,scatter
23400,2,1.5064934669,0.0000000000,0.0000000000,-5.3722345160,exit_left
23500,1,0.0000000000,0.0000000000,1.5354998394,0.0000000000,scatter
23500,2,1.5354998394,0.0000000000,0.9244828819,1.7267452769,scatter
23500,3,0.9244828819,1.7267452769,0.8029637448,5.4109178420,scatter
23500,4,0.8029637448,5.4109178420,0.0197583600,5.5689803609,scatter
23500,5,0.0197583600,5.5689803609,0.0000000000,5.5473604401,exit_left
23600,1,0.0000000000,0.0000000000,0.8296158103,0.0000000000,scatter
23600,2,0.8296158103,0.0000000000,1.4303659797,-1.9251767245,scatter
23600,3,1.4303659797,-1.9251767245,1.1663915720,-4.8038208736,scatter
23600,4,1.1663915720,-4.8038208736,0.0000000000,-3.8371752068,exit_left
23700,1,0.0000000000,0.0000000000,3.7500000000,0.0000000000,exit_right
23800,1,0.0000000000,0.0000000000,1.6071989380,0.0000000000,scatter
23800,2,1.6071989380,0.0000000000,1.6207589373,0.0009277043,scatter
23800,3,1.6207589373,0.0009277043,3.0260168891,1.0464229633,absorb
23900,1,0.0000000000,0.0000000000,0.5643541965,0.0000000000,scatter
23900,2,0.5643541965,0.0000000000,0.0000000000,-0.1873617452,exit_left
24000,1,0.0000000000,0.0000000000,1.1333952892,0.0000000000,scatter
24000,2,1.1333952892,0.0000000000,1.2476114542,0.2879549944,scatter
24000,3,1.2476114542,0.2879549944,1.7293182646,1.6717133505,scatter
24000,4,1.7293182646,1.6717133505,1.5827499364,3.1269783194,scatter
24000,5,1.5827499364,3.1269783194,2.9272410969,2.7582519626,scatter
24000,6,2.9272410969,2.7582519626,3.5531420466,2.4787870412,scatter
24000,7,3.5531420466,2.4787870412,3.7500000000,2.6331084403,exit_right
24100,1,0.0000000000,0.0000000000,1.2663912224,0.0000000000,scatter
24100,2,1.2663912224,0.0000000000,3.4083086047,1.0054133250,scatter
24100,3,3.4083086047,1.0054133250,3.2777523110,3.4919334943,scatter
24100,4,3.2777523110,3.4919334943,2.7694591729,3.6962993786,absorb
24200,1,0.0000000000,0.0000000000,3.7500000000,0.0000000000,exit_right
24300,1,0.0000000000,0.0000000000,1.1857904950,0.0000000000,scatter
24300,2,1.1857904950,0.0000000000,3.7500000000,3.9937326527,exit_right
24400,1,0.0000000000,0.0000000000,3.7500000000,0.0000000000,exit_right
24500,1,0.0000000000,0.0000000000,3.7500000000,0.0000000000,exit_right
24600,1,0.0000000000,0.0000000000,1.0575795304,0.0000000000,scatter
24600,2,1.0575795304,0.0000000000,1.8007147628,-0.3848368834,scatter
24600,3,1.8007147628,-0.3848368834,3.6505998928,2.0187033349,scatter
24600,4,3.6505998928,2.0187033349,2.7052268371,2.3711794368,scatter
24600,5,2.7052268371,2.3711794368,3.3174848944,1.8235218169,scatter
24600,6,3.3174848944,1.8235218169,3.7500000000,-1.5922877734,exit_right
24700,1,0.0000000000,0.0000000000,0.7590384604,0.0000000000,scatter
24700,2,0.7590384604,0.0000000000,0.8255091073,0.9641630148,absorb
24800,1,0.0000000000,0.0000000000,0.3201433178,0.0000000000,scatter
24800,2,0.3201433178,0.0000000000,0.5328058451,-0.4695372401,scatter
24800,3,0.5328058451,-0.4695372401,0.0000000000,-0.1663598587,exit_left
24900,1,0.0000000000,0.0000000000,0.0023730677,0.0000000000,absorb
25000,1,0.0000000000,0.0000000000,0.8972168364,0.0000000000,scatter
25000,2,0.8972168364,0.0000000000,0.0000000000,-0.4482235191,exit_left
25100,1,0.0000000000,0.0000000000,0.8237930890,0.0000000000,scatter
25100,2,0.8237930890,0.0000000000,0.6290572678,0.5769582652,scatter
25100,3,0.6290572678,0.5769582652,0.0000000000,0.6529387653,exit_left
25200,1,0.0000000000,0.0000000000,1.2657043869,0.0000000000,scatter
25200,2,1.2657043869,0.0000000000,1.9093603256,-0.8279866987,scatter
25200,3,1.9093603256,-0.8279866987,2.9702104561,0.6318618773,absorb
25300,1,0.0000000000,0.0000000000,3.7500000000,0.0000000000,exit_right
25400,1,0.0000000000,0.0000000000,0.2090908737,0.0000000000,scatter
25400,2,0.2090908737,0.0000000000,0.0000000000,-0.0384312574,exit_left
25500,1,0.0000000000,0.0000000000,2.4270595742,0.0000000000,scatter
25500,2,2.4270595742,0.0000000000,3.2655445845,-0.6922114564,scatter
25500,3,3.2655445845,-0.6922114564,0.6880580916,-0.6359888460,scatter
25500,4,0.6880580916,-0.6359888460,0.0000000000,-1.0990341610,exit_left
25600,1,0.0000000000,0.0000000000,1.3111426326,0.0000000000,scatter
25600,2,1.3111426326,0.0000000000,0.0000000000,0.0376732711,exit_left
25700,1,0.0000000000,0.0000000000,0.2456412111,0.0000000000,scatter
25700,2,0.2456412111,0.0000000000,0.0000000000,1.8982268552,exit_left
25800,1,0.0000000000,0.0000000000,0.4131458227,0.0000000000,scatter
25800,2,0.4131458227,0.0000000000,2.6077059635,-5.5137236351,scatter
25800,3,2.6077059635,-5.5137236351,3.7500000000,-6.8641388387,exit_right
25900,1,0.0000000000,0.0000000000,0.5143147642,0.0000000000,scatter
25900,2,0.5143147642,0.0000000000,0.3657482179,-0.1044623585,scatter
25900,3,0.3657482179,-0.1044623585,1.2386112489,7.3379599250,scatter
25900,4,1.2386112489,7.3379599250,2.0548153181,7.7019005484,absorb
26000,1,0.0000000000,0.0000000000,0.0209508917,0.0000000000,scatter
26000,2,0.0209508917,0.0000000000,0.7937002332,-0.1570477444,scatter
26000,3,0.7937002332,-0.1570477444,0.7151396622,-0.2016302258,scatter
26000,4,0.7151396622,-0.2016302258,2.0527012573,2.7140141007,scatter
26000,5,2.0527012573,2.7140141007,1.9008367663,-0.6038499524,scatter
26000,6,1.9008367663,-0.6038499524,2.1679213552,0.4493882111,scatter
26000,7,2.1679213552,0.4493882111,3.7500000000,-2.5275738859,exit_right
26100,1,0.0000000000,0.0000000000,3.5907945630,0.0000000000,scatter
26100,2,3.5907945630,0.0000000000,3.7500000000,0.1902748306,exit_right
26200,1,0.0000000000,0.0000000000,0.0118443980,0.0000000000,scatter
26200,2,0.0118443980,0.0000000000,3.7500000000,-0.9879354083,exit_right
26300,1,0.0000000000,0.0000000000,0.1579774587,0.0000000000,scatter
26300,2,0.1579774587,0.0000000000,0.0000000000,-0.2743755172,exit_left
26400,1,0.0000000000,0.0000000000,1.2351173845,0.0000000000,scatter
26400,2,1.2351173845,0.0000000000,1.7260921238,-0.6428479324,scatter
26400,3,1.7260921238,-0.6428479324,0.3983338813,-0.4488494163,scatter
26400,4,0.3983338813,-0.4488494163,0.0000000000,-0.3211732329,exit_left
26500,1,0.0000000000,0.0000000000,3.7500000000,0.0000000000,exit_right
26600,1,0.0000000000,0.0000000000,1.4244983747,0.0000000000,scatter
26600,2,1.4244983747,0.0000000000,0.4797399319,2.8563075669,absorb
26700,1,0.0000000000,0.0000000000,1.0065044066,0.0000000000,scatter
26700,2,1.0065044066,0.0000000000,0.8566401189,1.3329010856,scatter
26700,3,0.8566401189,1.3329010856,0.0000000000,2.3702311452,exit_left
26800,1,0.0000000000,0.0000000000,1.1491495655,0.0000000000,scatter
26800,2,1.1491495655,0.0000000000,0.7706923057,0.0233117946,scatter
26800,3,0.7706923057,0.0233117946,0.3615397398,1.6791666260,scatter
26800,4,0.3615397398,1.6791666260,2.4159687293,0.5168384005,scatter
26800,5,2.4159687293,0.5168384005,3.7500000000,0.3930775950,exit_right
26900,1,0.0000000000,0.0000000000,2.8501724875,0.0000000000,absorb
27000,1,0.0000000000,0.0000000000,2.1182860584,0.0000000000,scatter
27000,2,2.1182860584,0.0000000000,2.4067847053,-0.2269610929,absorb
27100,1,0.0000000000,0.0000000000,1.0759255312,0.0000000000,scatter
27100,2,1.0759255312,0.0000000000,1.2655399235,0.2464161354,scatter
27100,3,1.2655399235,0.2464161354,1.8412760465,0.3596416499,scatter
27100,4,1.8412760465,0.3596416499,0.2889546114,-0.0038807974,scatter
27100,5,0.2889546114,-0.0038807974,1.5383798457,-5.4099643270,absorb
27200,1,0.0000000000,0.0000000000,2.6253355366,0.0000000000,scatter
27200,2,2.6253355366,0.0000000000,3.7500000000,-0.1381763625,exit_right
27300,1,0.0000000000,0.0000000000,2.3884153567,0.0000000000,absorb
27400,1,0.0000000000,0.0000000000,0.1588963473,0.0000000000,absorb
27500,1,0.0000000000,0.0000000000,0.0940038480,0.0000000000,scatter
27500,2,0.0940038480,0.0000000000,0.8735366007,-1.2449461354,scatter
27500,3,0.8735366007,-1.2449461354,1.2671523535,-1.0383310365,scatter
27500,4,1.2671523535,-1.0383310365,1.7068851411,-1.0925784912,scatter
27500,5,1.7068851411,-1.0925784912,2.3516066749,0.6403038749,scatter
27500,6,2.3516066749,0.6403038749,1.1360257204,-1.2510598292,scatter
27500,7,1.1360257204,-1.2510598292,1.2620892415,-1.3813480625,scatter
27500,8,1.2620892415,-1.3813480625,0.0000000000,-1.6858654715,exit_left
27600,1,0.0000000000,0.0000000000,0.8206407849,0.0000000000,scatter
27600,2,0.8206407849,0.0000000000,0.0000000000,-0.2585099510,exit_left
27700,1,0.0000000000,0.0000000000,1.3610263951,0.0000000000,absorb
27800,1,0.0000000000,0.0000000000,1.1153779179,0.0000000000,scatter
27800,2,1.1153779179,0.0000000000,1.4988871288,0.1023157610,absorb
27900,1,0.0000000000,0.0000000000,0.5526918010,0.0000000000,scatter
27900,2,0.5526918010,0.0000000000,1.8225135528,-1.7530893154,scatter
27900,3,1.8225135528,-1.7530893154,1.6608117314,-2.0296634948,scatter
27900,4,1.6608117314,-2.0296634948,2.0979622648,-1.8875122094,scatter
27900,5,2.0979622648,-1.8875122094,2.2576112839,0.6362368417,scatter
27900,6,2.2576112839,0.6362368417,2.1661057345,0.5536317085,absorb
28000,1,0.0000000000,0.0000000000,1.2843602514,0.0000000000,absorb
28100,1,0.0000000000,0.0000000000,3.7500000000,0.0000000000,exit_right
28200,1,0.0000000000,0.0000000000,0.5241276683,0.0000000000,scatter
28200,2,0.5241276683,0.0000000000,0.0000000000,0.5165161245,exit_left
28300,1,0.0000000000,0.0000000000,3.7500000000,0.0000000000,exit_right
28400,1,0.0000000000,0.0000000000,1.2589925384,0.0000000000,scatter
28400,2,1.2589925384,0.0000000000,1.7850018048,-0.9094054692,absorb
28500,1,0.0000000000,0.0000000000,0.3074301188,0.0000000000,scatter
28500,2,0.3074301188,0.0000000000,1.5915685004,-0.1157742061,scatter
28500,3,1.5915685004,-0.1157742061,0.4763256595,1.7116516964,scatter
28500,4,0.4763256595,1.7116516964,0.0000000000,1.1386264255,exit_left
28600,1,0.0000000000,0.0000000000,3.7500000000,0.0000000000,exit_right
28700,1,0.0000000000,0.0000000000,3.7500000000,0.0000000000,exit_right
28800,1,0.0000000000,0.0000000000,3.3088003459,0.0000000000,absorb
28900,1,0.0000000000,0.0000000000,0.0714467153,0.0000000000,scatter
28900,2,0.0714467153,0.0000000000,0.0000000000,-0.1050062468,exit_left
29000,1,0.0000000000,0.0000000000,3.5943110003,0.0000000000,absorb
29100,1,0.0000000000,0.0000000000,2.9808767973,0.0000000000,scatter
29100,2,2.9808767973,0.0000000000,3.7500000000,-0.4172213470,exit_right
29200,1,0.0000000000,0.0000000000,2.5242759059,0.0000000000,scatter
29200,2,2.5242759059,0.0000000000,1.8375704340,0.3251145287,absorb
29300,1,0.0000000000,0.0000000000,1.0226360854,0.0000000000,absorb
29400,1,0.0000000000,0.0000000000,1.5457593005,0.0000000000,scatter
29400,2,1.5457593005,0.0000000000,1.4706491861,-0.1593476598,absorb
29500,1,0.0000000000,0.0000000000,0.4676593553,0.0000000000,scatter
29500,2,0.4676593553,0.0000000000,2.5455182322,2.0786426934,scatter
29500,3,2.5455182322,2.0786426934,2.6921412946,4.3271620438,scatter
29500,4,2.6921412946,4.3271620438,3.7500000000,4.4780091193,exit_right
29600,1,0.0000000000,0.0000000000,3.5365706206,0.0000000000,scatter
29600,2,3.5365706206,0.0000000000,3.2016668646,0.5795291851,scatter
29600,3,3.2016668646,0.5795291851,1.9079115621,0.3929117668,scatter
29600,4,1.9079115621,0.3929117668,0.0000000000,1.0729642212,exit_left
29700,1,0.0000000000,0.0000000000,0.3275193211,0.0000000000,absorb
29800,1,0.0000000000,0.0000000000,3.5580213208,0.0000000000,scatter
29800,2,3.5580213208,0.0000000000,3.7500000000,0.1332784850,exit_right
29900,1,0.0000000000,0.0000000000,0.1607866004,0.0000000000,absorb
30000,1,0.0000000000,0.0000000000,0.9580509336,0.0000000000,absorb
30100,1,0.0000000000,0.0000000000,3.7500000000,0.0000000000,exit_right
30200,1,0.0000000000,0.0000000000,3.7500000000,0.0000000000,exit_right
30300,1,0.0000000000,0.0000000000,3.3322123836,0.0000000000,scatter
30300,2,3.3322123836,0.0000000000,3.2168893156,-2.6294241953,scatter
30300,3,3.2168893156,-2.6294241953,2.9737357108,-2.7979520395,absorb
30400,1,0.0000000000,0.0000000000,0.6698425272,0.0000000000,absorb
30500,1,0.0000000000,0.0000000000,2.9697661856,0.0000000000,scatter
30500,2,2.9697661856,0.0000000000,2.0025086513,0.9251378446,scatter
30500,3,2.0025086513,0.9251378446,3.4217858322,0.1640079283,scatter
30500,4,3.4217858322,0.1640079283,3.7500000000,0.0858114949,exit_right
30600,1,0.0000000000,0.0000000000,0.4034940745,0.0000000000,scatter
30600,2,0.4034940745,0.0000000000,0.0000000000,-0.6444865854,exit_left
30700,1,0.0000000000,0.0000000000,2.3053759599,0.0000000000,absorb
30800,1,0.0000000000,0.0000000000,0.0446884773,0.0000000000,scatter
30800,2,0.0446884773,0.0000000000,0.1694619031,-0.1072084579,scatter
30800,3,0.1694619031,-0.1072084579,0.1560179023,-0.3412465218,scatter
30800,4,0.1560179023,-0.3412465218,0.1592121635,-0.5923955732,scatter
30800,5,0.1592121635,-0.5923955732,0.0000000000,-0.3110787751,exit_left
30900,1,0.0000000000,0.0000000000,0.7384862939,0.0000000000,scatter
30900,2,0.7384862939,0.0000000000,1.0643703733,0.2080537093,scatter
30900,3,1.0643703733,0.2080537093,1.5102019171,0.6373968851,scatter
30900,4,1.5102019171,0.6373968851,0.6882182658,-0.5066958839,scatter
30900,5,0.6882182658,-0.5066958839,1.5576357567,1.5233683860,scatter
30900,6,1.5576357567,1.5233683860,2.3116511269,-1.2006704202,scatter
30900,7,2.3116511269,-1.2006704202,0.0000000000,0.0785701352,exit_left
31000,1,0.0000000000,0.0000000000,3.6835417046,0.0000000000,scatter
31000,2,3.6835417046,0.0000000000,3.7500000000,0.1055211081,exit_right
31100,1,0.0000000000,0.0000000000,0.0771712525,0.0000000000,scatter
31100,2,0.0771712525,0.0000000000,3.7500000000,-2.6624917905,exit_right
31200,1,0.0000000000,0.0000000000,1.5287912546,0.0000000000,scatter
31200,2,1.5287912546,0.0000000000,1.5052566291,-0.0154926290,scatter
31200,3,1.5052566291,-0.0154926290,0.2579345765,0.2954876397,scatter
31200,4,0.2579345765,0.2954876397,0.0000000000,-0.1302748980,exit_left
31300,1,0.0000000000,0.0000000000,3.7500000000,0.0000000000,exit_right
31400,1,0.0000000000,0.0000000000,2.7043265478,0.0000000000,scatter
31400,2,2.7043265478,0.0000000000,0.0000000000,-1.1221272662,exit_left
31500,1,0.0000000000,0.0000000000,0.7414905882,0.0000000000,scatter
31500,2,0.7414905882,0.0000000000,0.8377419458,-0.8565798325,absorb
31600,1,0.0000000000,0.0000000000,3.1665172392,0.0000000000,scatter
31600,2,3.1665172392,0.0000000000,1.3369286752,-10.3842884682,scatter
31600,3,1.3369286752,-10.3842884682,3.0450519838,-7.5367107333,absorb
31700,1,0.0000000000,0.0000000000,0.4284553298,0.0000000000,scatter
31700,2,0.4284553298,0.0000000000,0.0000000000,0.1739550444,exit_left
31800,1,0.0000000000,0.0000000000,1.5275509666,0.0000000000,scatter
31800,2,1.5275509666,0.0000000000,1.1365453117,0.6461473784,scatter
31800,3,1.1365453117,0.6461473784,0.0000000000,0.3524098332,exit_left
31900,1,0.0000000000,0.0000000000,0.8442640849,0.0000000000,scatter
31900,2,0.8442640849,0.0000000000,3.7500000000,-2.9568308903,exit_right
32000,1,0.0000000000,0.0000000000,3.7500000000,0.0000000000,exit_right
32100,1,0.0000000000,0.0000000000,0.5789506571,0.0000000000,scatter
32100,2,0.5789506571,0.0000000000,0.5838866129,-0.0323688901,scatter
32100,3,0.5838866129,-0.0323688901,1.9888505023,2.0239699537,scatter
32100,4,1.9888505023,2.0239699537,2.8859548946,2.0599871746,absorb
32200,1,0.0000000000,0.0000000000,0.2901975157,0.0000000000,scatter
32200,2,0.2901975157,0.0000000000,3.1231029388,-1.4981945992,scatter
32200,3,3.1231029388,-1.4981945992,2.6926014354,-2.6974486951,scatter
32200,4,2.6926014354,-2.6974486951,3.2345300099,-1.4534206585,scatter
32200,5,3.2345300099,-1.4534206585,2.1348073503,-1.8705681253,scatter
32200,6,2.1348073503,-1.8705681253,2.0761462808,-2.0147263393,scatter
32200,7,2.0761462808,-2.0147263393,2.1979008357,-1.6530581025,absorb
32300,1,0.0000000000,0.0000000000,1.4573157394,0.0000000000,scatter
32300,2,1.4573157394,0.0000000000,1.4342731448,0.0411241749,scatter
32300,3,1.4342731448,0.0411241749,1.3602314697,0.7657777692,scatter
32300,4,1.3602314697,0.7657777692,0.8354425990,-0.4463885037,absorb
32400,1,0.0000000000,0.0000000000,2.2759167923,0.0000000000,scatter
32400,2,2.2759167923,0.0000000000,3.7500000000,1.4029048630,exit_right
32500,1,0.0000000000,0.0000000000,2.5693051955,0.0000000000,absorb
32600,1,0.0000000000,0.0000000000,3.7500000000,0.0000000000,exit_right
32700,1,0.0000000000,0.0000000000,0.7867421596,0.0000000000,scatter
32700,2,0.7867421596,0.0000000000,0.5200885385,-0.1067824141,scatter
32700,3,0.5200885385,-0.1067824141,0.5372898222,-0.1105614632,scatter
32700,4,0.5372898222,-0.1105614632,0.0000000000,-0.0431086238,exit_left
32800,1,0.0000000000,0.0000000000,1.9978082568,0.0000000000,scatter
32800,2,1.9978082568,0.0000000000,2.8188640571,-1.6187969672,scatter
32800,3,2.8188640571,-1.6187969672,3.7500000000,0.2251103818,exit_right
32900,1,0.0000000000,0.0000000000,0.3447197702,0.0000000000,scatter
32900,2,0.3447197702,0.0000000000,0.0000000000,-0.0986266874,exit_left
33000,1,0.0000000000,0.0000000000,3.7500000000,0.0000000000,exit_right
33100,1,0.0000000000,0.0000000000,1.3919497984,0.0000000000,absorb
33200,1,0.0000000000,0.0000000000,0.2946384490,0.0000000000,absorb
33300,1,0.0000000000,0.0000000000,3.7500000000,0.0000000000,exit_right
33400,1,0.0000000000,0.0000000000,2.6379639090,0.0000000000,scatter
33400,2,2.6379639090,0.0000000000,3.7500000000,-0.4881052568,exit_right
33500,1,0.0000000000,0.0000000000,1.2956369841,0.0000000000,scatter
33500,2,1.2956369841,0.0000000000,0.2945993197,-0.2474035498,scatter
33500,3,0.2945993197,-0.2474035498,0.0000000000,-0.6845023738,exit_left
33600,1,0.0000000000,0.0000000000,3.7500000000,0.0000000000,exit_right
33700,1,0.0000000000,0.0000000000,1.4235906896,0.0000000000,scatter
33700,2,1.4235906896,0.0000000000,1.5728028763,-2.8521265822,scatter
33700,3,1.5728028763,-2.8521265822,0.0000000000,-2.5311972054,exit_left
33800,1,0.0000000000,0.0000000000,3.7500000000,0.0000000000,exit_right
33900,1,0.0000000000,0.0000000000,0.1301995607,0.0000000000,scatter
33900,2,0.1301995607,0.0000000000,0.0000000000,0.0198433386,exit_left
34000,1,0.0000000000,0.0000000000,1.8174859766,0.0000000000,absorb
34100,1,0.0000000000,0.0000000000,0.5448714802,0.0000000000,absorb
34200,1,0.0000000000,0.0000000000,0.0798591746,0.0000000000,scatter
34200,2,0.0798591746,0.0000000000,0.0000000000,-0.0033628023,exit_left
34300,1,0.0000000000,0.0000000000,0.3980559934,0.0000000000,scatter
34300,2,0.3980559934,0.0000000000,0.0000000000,1.2357711391,exit_left
34400,1,0.0000000000,0.0000000000,0.4633804901,0.0000000000,scatter
34400,2,0.4633804901,0.0000000000,1.0371947745,-0.7620788798,scatter
34400,3,1.0371947745,-0.7620788798,0.5799301107,1.2114630203,absorb
34500,1,0.0000000000,0.0000000000,0.4036314368,0.0000000000,scatter
34500,2,0.4036314368,0.0000000000,0.4844312595,0.6470086752,scatter
34500,3,0.4844312595,0.6470086752,0.0000000000,0.5567067280,exit_left
34600,1,0.0000000000,0.0000000000,0.2063991307,0.0000000000,scatter
34600,2,0.2063991307,0.0000000000,2.1231681253,1.0091104761,scatter
34600,3,2.1231681253,1.0091104761,2.2006138718,0.9286376207,absorb
34700,1,0.0000000000,0.0000000000,1.3437170031,0.0000000000,scatter
34700,2,1.3437170031,0.0000000000,2.1457963870,-0.6407250315,scatter
34700,3,2.1457963870,-0.6407250315,2.5836055055,-2.2186142915,scatter
34700,4,2.5836055055,-2.2186142915,3.7500000000,-2.7512190307,exit_right
34800,1,0.0000000000,0.0000000000,3.7500000000,0.0000000000,exit_right
34900,1,0.0000000000,0.0000000000,2.0178293995,0.0000000000,scatter
34900,2,2.0178293995,0.0000000000,3.2842488137,-1.1131495010,scatter
34900,3,3.2842488137,-1.1131495010,3.1856577043,-0.8646099530,scatter
34900,4,3.1856577043,-0.8646099530,2.1371528202,-0.8553028715,scatter
34900,5,2.1371528202,-0.8553028715,1.7917571549,-1.5581005581,scatter
34900,6,1.7917571549,-1.5581005581,1.0179055270,1.7660540649,scatter
34900,7,1.0179055270,1.7660540649,1.0542981304,1.7914539358,scatter
34900,8,1.0542981304,1.7914539358,0.0000000000,2.2031712954,exit_left
35000,1,0.0000000000,0.0000000000,0.9681449868,0.0000000000,scatter
35000,2,0.9681449868,0.0000000000,0.8624391725,-3.2719314058,scatter
35000,3,0.8624391725,-3.2719314058,0.6527686242,-3.4183147340,absorb
35100,1,0.0000000000,0.0000000000,0.0422424270,0.0000000000,scatter
35100,2,0.0422424270,0.0000000000,0.1402012772,-1.5305355531,scatter
35100,3,0.1402012772,-1.5305355531,0.7321785680,-1.3607903161,scatter
35100,4,0.7321785680,-1.3607903161,3.6820492411,-5.0689073868,scatter
35100,5,3.6820492411,-5.0689073868,2.9774293917,-3.6624951370,scatter
35100,6,2.9774293917,-3.6624951370,2.3119130978,-3.6060117173,scatter
35100,7,2.3119130978,-3.6060117173,1.6638988979,-4.5725419202,scatter
35100,8,1.6638988979,-4.5725419202,1.6804539294,-4.5918764971,scatter
35100,9,1.6804539294,-4.5918764971,1.8959645399,-3.2317769422,scatter
35100,10,1.8959645399,-3.2317769422,0.0000000000,-2.2012207439,exit_left
35200,1,0.0000000000,0.0000000000,0.4453758626,0.0000000000,scatter
35200,2,0.4453758626,0.0000000000,3.7500000000,-0.7601137103,exit_right
35300,1,0.0000000000,0.0000000000,2.4633090246,0.0000000000,scatter
35300,2,2.4633090246,0.0000000000,3.3779577930,-0.4079930476,scatter
35300,3,3.3779577930,-0.4079930476,3.5183376235,-0.4075965639,scatter
35300,4,3.5183376235,-0.4075965639,0.7004387788,0.5482813319,scatter
35300,5,0.7004387788,0.5482813319,0.0000000000,0.9712473808,exit_left
35400,1,0.0000000000,0.0000000000,0.7420161675,0.0000000000,scatter
35400,2,0.7420161675,0.0000000000,0.0000000000,0.2846937714,exit_left
35500,1,0.0000000000,0.0000000000,1.6101837335,0.0000000000,scatter
35500,2,1.6101837335,0.0000000000,3.7500000000,-3.6120452260,exit_right
35600,1,0.0000000000,0.0000000000,1.0629713192,0.0000000000,scatter
35600,2,1.0629713192,0.0000000000,3.7500000000,1.3115548416,exit_right
35700,1,0.0000000000,0.0000000000,3.7500000000,0.0000000000,exit_right
35800,1,0.0000000000,0.0000000000,2.9990631430,0.0000000000,scatter
35800,2,2.9990631430,0.0000000000,3.7500000000,2.9300571286,exit_right
35900,1,0.0000000000,0.0000000000,2.8678574239,0.0000000000,scatter
35900,2,2.8678574239,0.0000000000,3.7500000000,-0.1306938233,exit_right
36000,1,0.0000000000,0.0000000000,2.0145378515,0.0000000000,scatter
36000,2,2.0145378515,0.0000000000,3.6178286271,1.0196537199,scatter
36000,3,3.6178286271,1.0196537199,0.8188357621,1.3572127953,scatter
36000,4,0.8188357621,1.3572127953,0.7162213792,1.2086795616,scatter
36000,5,0.7162213792,1.2086795616,0.4395009903,2.9865515414,scatter
36000,6,0.4395009903,2.9865515414,0.6087337724,-0.1873037457,scatter
36000,7,0.6087337724,-0.1873037457,2.5760936023,-0.4843858326,scatter
36000,8,2.5760936023,-0.4843858326,3.7500000000,0.3949127136,exit_right
36100,1,0.0000000000,0.0000000000,0.6210786387,0.0000000000,absorb
36200,1,0.0000000000,0.0000000000,1.4793791244,0.0000000000,absorb
36300,1,0.0000000000,0.0000000000,1.8533971065,0.0000000000,absorb
36400,1,0.0000000000,0.0000000000,3.7500000000,0.0000000000,exit_right
36500,1,0.0000000000,0.0000000000,3.7500000000,0.0000000000,exit_right
36600,1,0.0000000000,0.0000000000,0.5413300590,0.0000000000,scatter
36600,2,0.5413300590,0.0000000000,0.0442074726,0.1270635489,scatter
36600,3,0.0442074726,0.1270635489,0.0000000000,0.1342237044,exit_left
36700,1,0.0000000000,0.0000000000,3.5078381372,0.0000000000,scatter
36700,2,3.5078381372,0.0000000000,3.7500000000,0.6736804335,exit_right
36800,1,0.0000000000,0.0000000000,2.7669173833,0.0000000000,scatter
36800,2,2.7669173833,0.0000000000,0.8283746500,0.4312705496,absorb
36900,1,0.0000000000,0.0000000000,2.8792640072,0.0000000000,scatter
36900,2,2.8792640072,0.0000000000,3.7500000000,-0.2023248590,exit_right
37000,1,0.0000000000,0.0000000000,0.3249199546,0.0000000000,scatter
37000,2,0.3249199546,0.0000000000,0.0000000000,0.2926148814,exit_left
37100,1,0.0000000000,0.0000000000,2.7377378522,0.0000000000,scatter
37100,2,2.7377378522,0.0000000000,0.0000000000,5.1391599159,exit_left
37200,1,0.0000000000,0.0000000000,1.6953002504,0.0000000000,scatter
37200,2,1.6953002504,0.0000000000,3.6751187888,0.7609965341,absorb
37300,1,0.0000000000,0.0000000000,3.7500000000,0.0000000000,exit_right
37400,1,0.0000000000,0.0000000000,0.5791604052,0.0000000000,scatter
37400,2,0.5791604052,0.0000000000,0.4414952436,0.0882167821,absorb
37500,1,0.0000000000,0.0000000000,0.9404243303,0.0000000000,scatter
37500,2,0.9404243303,0.0000000000,2.3547687592,1.0431838869,scatter
37500,3,2.3547687592,1.0431838869,1.9856697671,-2.3405641462,absorb
37600,1,0.0000000000,0.0000000000,0.6416055058,0.0000000000,scatter
37600,2,0.6416055058,0.0000000000,1.5958723175,-0.2994863682,scatter
37600,3,1.5958723175,-0.2994863682,3.7500000000,-0.8877552473,exit_right
37700,1,0.0000000000,0.0000000000,2.6630297464,0.0000000000,scatter
37700,2,2.6630297464,0.0000000000,3.7500000000,-0.0170661023,exit_right
37800,1,0.0000000000,0.0000000000,0.0100251021,0.0000000000,scatter
37800,2,0.0100251021,0.0000000000,0.0000000000,0.0170908778,exit_left
37900,1,0.0000000000,0.0000000000,3.7500000000,0.0000000000,exit_right
38000,1,0.0000000000,0.0000000000,0.4915970856,0.0000000000,scatter
38000,2,0.4915970856,0.0000000000,0.5849229766,0.9311173363,scatter
38000,3,0.5849229766,0.9311173363,3.0762627211,5.4622686261,scatter
38000,4,3.0762627211,5.4622686261,3.7500000000,5.8086956202,exit_right
38100,1,0.0000000000,0.0000000000,3.7500000000,0.0000000000,exit_right
38200,1,0.0000000000,0.0000000000,3.7500000000,0.0000000000,exit_right
38300,1,0.0000000000,0.0000000000,1.0440263194,0.0000000000,scatter
38300,2,1.0440263194,0.0000000000,1.9831820081,0.4295830553,absorb
38400,1,0.0000000000,0.0000000000,0.6742582084,0.0000000000,scatter
38400,2,0.6742582084,0.0000000000,3.7500000000,0.8611665184,exit_right
38500,1,0.0000000000,0.0000000000,0.6300027743,0.0000000000,scatter
38500,2,0.6300027743,0.0000000000,0.0000000000,0.7495034085,exit_left
38600,1,0.0000000000,0.0000000000,0.5300541197,0.0000000000,scatter
38600,2,0.5300541197,0.0000000000,0.0000000000,-0.0992410301,exit_left
38700,1,0.0000000000,0.0000000000,0.2013586265,0.0000000000,scatter
38700,2,0.2013586265,0.0000000000,1.4864932898,-2.6317629580,scatter
38700,3,1.4864932898,-2.6317629580,2.3499665233,-4.4303085654,scatter
38700,4,2.3499665233,-4.4303085654,3.0472981782,-1.5579231600,absorb
38800,1,0.0000000000,0.0000000000,3.7500000000,0.0000000000,exit_right
38900,1,0.0000000000,0.0000000000,0.4197886850,0.0000000000,scatter
38900,2,0.4197886850,0.0000000000,0.8370955238,-0.3042408254,scatter
38900,3,0.8370955238,-0.3042408254,0.1518085094,1.0994351995,absorb
39000,1,0.0000000000,0.0000000000,1.1886563011,0.0000000000,absorb
39100,1,0.0000000000,0.0000000000,0.4395901766,0.0000000000,scatter
39100,2,0.4395901766,0.0000000000,3.7500000000,1.1793099853,exit_right
39200,1,0.0000000000,0.0000000000,0.5153222420,0.0000000000,scatter
39200,2,0.5153222420,0.0000000000,3.7190802121,-2.2537621394,scatter
39200,3,3.7190802121,-2.2537621394,3.7500000000,-2.2162152439,exit_right
39300,1,0.0000000000,0.0000000000,0.1639858217,0.0000000000,scatter
39300,2,0.1639858217,0.0000000000,1.5353668918,3.8133558002,scatter
39300,3,1.5353668918,3.8133558002,2.2677813042,7.8078580664,scatter
39300,4,2.2677813042,7.8078580664,2.5782320200,7.6201419751,scatter
39300,5,2.5782320200,7.6201419751,0.0000000000,7.1408621645,exit_left
39400,1,0.0000000000,0.0000000000,0.1040994106,0.0000000000,scatter
39400,2,0.1040994106,0.0000000000,1.1566631825,1.0470120952,scatter
39400,3,1.1566631825,1.0470120952,1.6065283495,0.5772109668,scatter
39400,4,1.6065283495,0.5772109668,2.4383557770,1.5149955003,scatter
39400,5,2.4383557770,1.5149955003,3.0509889241,1.8712824073,scatter
39400,6,3.0509889241,1.8712824073,3.7500000000,2.0325349921,exit_right
39500,1,0.0000000000,0.0000000000,3.3312663107,0.0000000000,scatter
39500,2,3.3312663107,0.0000000000,3.2219946560,-0.0268331336,scatter
39500,3,3.2219946560,-0.0268331336,3.4266892464,-0.0555944852,absorb
39600,1,0.0000000000,0.0000000000,3.7500000000,0.0000000000,exit_right
39700,1,0.0000000000,0.0000000000,2.9491209167,0.0000000000,scatter
39700,2,2.9491209167,0.0000000000,1.5779492632,-1.9849811131,absorb
39800,1,0.0000000000,0.0000000000,0.3010979188,0.0000000000,scatter
39800,2,0.3010979188,0.0000000000,2.1183129153,0.3467245335,scatter
39800,3,2.1183129153,0.3467245335,1.8845014374,2.1232780087,absorb
39900,1,0.0000000000,0.0000000000,3.7500000000,0.0000000000,exit_right
40000,1,0.0000000000,0.0000000000,1.9628097906,0.0000000000,scatter
40000,2,1.9628097906,0.0000000000,0.0000000000,-0.6413697382,exit_left
40100,1,0.0000000000,0.0000000000,0.5160872467,0.0000000000,absorb
40200,1,0.0000000000,0.0000000000,1.3476775122,0.0000000000,scatter
40200,2,1.3476775122,0.0000000000,0.9079949660,0.7377926467,scatter
40200,3,0.9079949660,0.7377926467,1.0461356520,-1.9385242049,scatter
40200,4,1.0461356520,-1.9385242049,0.9895271289,-2.0964372482,scatter
40200,5,0.9895271289,-2.0964372482,0.0000000000,-1.4659849921,exit_left
40300,1,0.0000000000,0.0000000000,0.5446702266,0.0000000000,scatter
40300,2,0.5446702266,0.0000000000,0.0000000000,-3.6452819625,exit_left
40400,1,0.0000000000,0.0000000000,3.7500000000,0.0000000000,exit_right
40500,1,0.0000000000,0.0000000000,3.7169165749,0.0000000000,scatter
40500,2,3.7169165749,0.0000000000,3.7500000000,-0.0221932243,exit_right
40600,1,0.0000000000,0.0000000000,2.0076157398,0.0000000000,scatter
40600,2,2.0076157398,0.0000000000,3.7500000000,4.4582645875,exit_right
40700,1,0.0000000000,0.0000000000,0.7922715295,0.0000000000,scatter
40700,2,0.7922715295,0.0000000000,0.9690540433,-0.4860157092,absorb
40800,1,0.0000000000,0.0000000000,1.5700178399,0.0000000000,scatter
40800,2,1.5700178399,0.0000000000,1.7194499645,-0.0146268034,scatter
40800,3,1.7194499645,-0.0146268034,1.6856408031,0.4013845440,scatter
40800,4,1.6856408031,0.4013845440,1.4619110651,0.6745639393,scatter
40800,5,1.4619110651,0.6745639393,0.0000000000,0.0587599736,exit_left
40900,1,0.0000000000,0.0000000000,0.6818691573,0.0000000000,scatter
40900,2,0.6818691573,0.0000000000,2.9777953769,2.2338505053,scatter
40900,3,2.9777953769,2.2338505053,3.1824543618,2.2105528995,scatter
40900,4,3.1824543618,2.2105528995,3.4144714030,2.2653654912,scatter
40900,5,3.4144714030,2.2653654912,3.4139480916,2.2560124090,scatter
40900,6,3.4139480916,2.2560124090,3.7500000000,6.1996230348,exit_right
41000,1,0.0000000000,0.0000000000,2.9169094673,0.0000000000,scatter
41000,2,2.9169094673,0.0000000000,2.6001113313,-0.0729110812,scatter
41000,3,2.6001113313,-0.0729110812,3.7500000000,2.8288943304,exit_right
41100,1,0.0000000000,0.0000000000,0.1233448327,0.0000000000,scatter
41100,2,0.1233448327,0.0000000000,0.0000000000,0.0364358036,exit_left
41200,1,0.0000000000,0.0000000000,2.7039510299,0.0000000000,scatter
41200,2,2.7039510299,0.0000000000,0.0000000000,8.7329576594,exit_left
41300,1,0.0000000000,0.0000000000,2.8592373819,0.0000000000,absorb
41400,1,0.0000000000,0.0000000000,2.0957935304,0.0000000000,scatter
41400,2,2.0957935304,0.0000000000,2.6040613951,0.6202424172,scatter
41400,3,2.6040613951,0.6202424172,3.7500000000,-0.1370752720,exit_right
41500,1,0.0000000000,0.0000000000,0.8099933743,0.0000000000,scatter
41500,2,0.8099933743,0.0000000000,1.5835151321,0.1714882845,absorb
41600,1,0.0000000000,0.0000000000,3.7500000000,0.0000000000,exit_right
41700,1,0.0000000000,0.0000000000,2.5664425033,0.0000000000,scatter
41700,2,2.5664425033,0.0000000000,0.6484711979,9.5738643696,absorb
41800,1,0.0000000000,0.0000000000,0.1261228179,0.0000000000,scatter
41800,2,0.1261228179,0.0000000000,0.0000000000,-0.2349334700,exit_left
41900,1,0.0000000000,0.0000000000,2.0091732361,0.0000000000,scatter
41900,2,2.0091732361,0.0000000000,0.8128243099,-3.8894795465,scatter
41900,3,0.8128243099,-3.8894795465,0.0000000000,-2.3134653951,exit_left
42000,1,0.0000000000,0.0000000000,0.0441227516,0.0000000000,scatter
42000,2,0.0441227516,0.0000000000,0.7244997974,-2.6269285849,scatter
42000,3,0.7244997974,-2.6269285849,1.2541766438,-2.2575640645,absorb
42100,1,0.0000000000,0.0000000000,0.6055171379,0.0000000000,scatter
42100,2,0.6055171379,0.0000000000,0.9423618734,-1.0593984207,scatter
42100,3,0.9423618734,-1.0593984207,3.7500000000,-2.8445534491,exit_right
42200,1,0.0000000000,0.0000000000,0.6099169561,0.0000000000,scatter
42200,2,0.6099169561,0.0000000000,0.7321514656,-0.2311384756,scatter
42200,3,0.7321514656,-0.2311384756,0.7160617973,-0.3168416882,scatter
42200,4,0.7160617973,-0.3168416882,2.5147049555,-1.2726085627,scatter
42200,5,2.5147049555,-1.2726085627,1.8630077766,-2.9460840483,scatter
42200,6,1.8630077766,-2.9460840483,2.1749798767,-2.8769126238,scatter
42200,7,2.1749798767,-2.8769126238,1.0004534107,-5.4071627307,scatter
42200,8,1.0004534107,-5.4071627307,0.0000000000,-4.6562478315,exit_left
42300,1,0.0000000000,0.0000000000,3.0509163016,0.0000000000,scatter
42300,2,3.0509163016,0.0000000000,3.5670784261,0.0294291988,scatter
42300,3,3.5670784261,0.0294291988,0.8268869790,-0.3779435880,scatter
42300,4,0.8268869790,-0.3779435880,0.6663576986,0.4595937529,scatter
42300,5,0.6663576986,0.4595937529,0.2026381108,-0.4301829004,scatter
42300,6,0.2026381108,-0.4301829004,0.6034392332,-1.0079749181,scatter
42300,7,0.6034392332,-1.0079749181,0.0000000000,-0.5171378382,exit_left
42400,1,0.0000000000,0.0000000000,0.4833743734,0.0000000000,scatter
42400,2,0.4833743734,0.0000000000,0.0000000000,-0.5371167489,exit_left
42500,1,0.0000000000,0.0000000000,0.9654567319,0.0000000000,scatter
42500,2,0.9654567319,0.0000000000,0.6929011127,-1.2027695806,scatter
42500,3,0.6929011127,-1.2027695806,0.8442640279,-0.9796105860,scatter
42500,4,0.8442640279,-0.9796105860,2.3996464679,0.0855536740,scatter
42500,5,2.3996464679,0.0855536740,3.2501833107,0.4600913069,scatter
42500,6,3.2501833107,0.4600913069,3.2445440090,0.5080301187,absorb
42600,1,0.0000000000,0.0000000000,1.6985760566,0.0000000000,scatter
42600,2,1.6985760566,0.0000000000,1.7447263369,-0.2673855783,scatter
42600,3,1.7447263369,-0.2673855783,2.5019711148,0.9363071512,scatter
42600,4,2.5019711148,0.9363071512,0.1280504148,6.6036612977,absorb
42700,1,0.0000000000,0.0000000000,1.1390356203,0.0000000000,scatter
42700,2,1.1390356203,0.0000000000,1.0449021408,0.1608335753,scatter
42700,3,1.0449021408,0.1608335753,2.8207258906,0.3934617125,scatter
42700,4,2.8207258906,0.3934617125,1.3059484367,0.3389926098,scatter
42700,5,1.3059484367,0.3389926098,3.5374933379,-0.2901833951,scatter
42700,6,3.5374933379,-0.2901833951,0.0000000000,-6.5482428333,exit_left
42800,1,0.0000000000,0.0000000000,3.7500000000,0.0000000000,exit_right
42900,1,0.0000000000,0.0000000000,0.0372640867,0.0000000000,scatter
42900,2,0.0372640867,0.0000000000,0.0000000000,-0.0098065980,exit_left
43000,1,0.0000000000,0.0000000000,1.2285564775,0.0000000000,scatter
43000,2,1.2285564775,0.0000000000,2.1772855433,1.3151851669,absorb
43100,1,0.0000000000,0.0000000000,1.5983299217,0.0000000000,absorb
43200,1,0.0000000000,0.0000000000,3.7500000000,0.0000000000,exit_right
43300,1,0.0000000000,0.0000000000,0.7095558263,0.0000000000,scatter
43300,2,0.7095558263,0.0000000000,1.5955408456,-1.1946589183,scatter
43300,3,1.5955408456,-1.1946589183,1.5892481876,-1.2087197343,scatter
43300,4,1.5892481876,-1.2087197343,3.7500000000,0.3929860235,exit_right
43400,1,0.0000000000,0.0000000000,0.7662243497,0.0000000000,absorb
43500,1,0.0000000000,0.0000000000,3.7500000000,0.0000000000,exit_right
43600,1,0.0000000000,0.0000000000,1.4844263044,0.0000000000,scatter
43600,2,1.4844263044,0.0000000000,2.0331754745,-1.1141280869,scatter
43600,3,2.0331754745,-1.1141280869,3.7500000000,2.0451063441,exit_right
43700,1,0.0000000000,0.0000000000,0.7923704030,0.0000000000,scatter
43700,2,0.7923704030,0.0000000000,0.0000000000,-0.1260363169,exit_left
43800,1,0.0000000000,0.0000000000,3.7137106538,0.0000000000,scatter
43800,2,3.7137106538,0.0000000000,3.7500000000,-0.0092436356,exit_right
43900,1,0.0000000000,0.0000000000,0.2991786518,0.0000000000,scatter
43900,2,0.2991786518,0.0000000000,0.0000000000,-2.4297797703,exit_left
44000,1,0.0000000000,0.0000000000,0.6724441664,0.0000000000,scatter
44000,2,0.6724441664,0.0000000000,0.0000000000,0.0005333160,exit_left
44100,1,0.0000000000,0.0000000000,1.1009694330,0.0000000000,scatter
44100,2,1.1009694330,0.0000000000,0.0000000000,0.3361705289,exit_left
44200,1,0.0000000000,0.0000000000,1.5986487124,0.0000000000,scatter
44200,2,1.5986487124,0.0000000000,0.9125631323,-0.4818571674,absorb
44300,1,0.0000000000,0.0000000000,3.7500000000,0.0000000000,exit_right
44400,1,0.0000000000,0.0000000000,3.7500000000,0.0000000000,exit_right
44500,1,0.0000000000,0.0000000000,2.0032802902,0.0000000000,absorb
44600,1,0.0000000000,0.0000000000,1.6362820241,0.0000000000,scatter
44600,2,1.6362820241,0.0000000000,1.4454873600,-0.3251881872,absorb
44700,1,0.0000000000,0.0000000000,0.3420289759,0.0000000000,absorb
44800,1,0.0000000000,0.0000000000,1.5761696729,0.0000000000,absorb
44900,1,0.0000000000,0.0000000000,3.7500000000,0.0000000000,exit_right
45000,1,0.0000000000,0.0000000000,1.0697705395,0.0000000000,absorb
45100,1,0.0000000000,0.0000000000,0.4605578340,0.0000000000,scatter
45100,2,0.4605578340,0.0000000000,0.0000000000,-0.5535558877,exit_left
45200,1,0.0000000000,0.0000000000,3.7500000000,0.0000000000,exit_right
45300,1,0.0000000000,0.0000000000,0.6565653773,0.0000000000,scatter
45300,2,0.6565653773,0.0000000000,2.2431676465,0.2921953680,scatter
45300,3,2.2431676465,0.2921953680,3.7500000000,2.7695187009,exit_right
45400,1,0.0000000000,0.0000000000,1.9402798258,0.0000000000,absorb
45500,1,0.0000000000,0.0000000000,3.7500000000,0.0000000000,exit_right
45600,1,0.0000000000,0.0000000000,1.2470997248,0.0000000000,scatter
45600,2,1.2470997248,0.0000000000,0.6826511400,0.2284246430,scatter
45600,3,0.6826511400,0.2284246430,0.5921678325,-0.6391163849,absorb
45700,1,0.0000000000,0.0000000000,3.5469101029,0.0000000000,scatter
45700,2,3.5469101029,0.0000000000,3.7500000000,-0.2097193645,exit_right
45800,1,0.0000000000,0.0000000000,2.9058742280,0.0000000000,scatter
45800,2,2.9058742280,0.0000000000,2.5309644537,-0.9390374402,scatter
45800,3,2.5309644537,-0.9390374402,3.7500000000,-2.4854008784,exit_right
45900,1,0.0000000000,0.0000000000,3.7500000000,0.0000000000,exit_right
46000,1,0.0000000000,0.0000000000,0.7839501112,0.0000000000,scatter
46000,2,0.7839501112,0.0000000000,0.0000000000,0.1607243936,exit_left
46100,1,0.0000000000,0.0000000000,2.4194830077,0.0000000000,scatter
46100,2,2.4194830077,0.0000000000,2.4576739455,1.2844282071,absorb
46200,1,0.0000000000,0.0000000000,2.8897681270,0.0000000000,scatter
46200,2,2.8897681270,0.0000000000,0.0000000000,0.4067339567,exit_left
46300,1,0.0000000000,0.0000000000,1.1025801754,0.0000000000,scatter
46300,2,1.1025801754,0.0000000000,2.4038336679,1.5555961653,scatter
46300,3,2.4038336679,1.5555961653,3.7500000000,2.0154444435,exit_right
46400,1,0.0000000000,0.0000000000,0.2509602599,0.0000000000,scatter
46400,2,0.2509602599,0.0000000000,0.0000000000,-0.0582032849,exit_left
46500,1,0.0000000000,0.0000000000,0.0886933948,0.0000000000,scatter
46500,2,0.0886933948,0.0000000000,0.0000000000,-0.0168785127,exit_left
46600,1,0.0000000000,0.0000000000,0.4602618234,0.0000000000,scatter
46600,2,0.4602618234,0.0000000000,1.9688190567,0.7325124785,absorb
46700,1,0.0000000000,0.0000000000,0.0446874697,0.0000000000,scatter
46700,2,0.0446874697,0.0000000000,0.0000000000,-0.0533711223,exit_left
46800,1,0.0000000000,0.0000000000,1.2881156459,0.0000000000,scatter
46800,2,1.2881156459,0.0000000000,1.1019380007,-0.4887232297,scatter
46800,3,1.1019380007,-0.4887232297,0.0000000000,3.6341142132,exit_left
46900,1,0.0000000000,0.0000000000,0.2352972071,0.0000000000,scatter
46900,2,0.2352972071,0.0000000000,0.0000000000,0.0467622397,exit_left
47000,1,0.0000000000,0.0000000000,1.8045981053,0.0000000000,scatter
47000,2,1.8045981053,0.0000000000,2.2564179680,-6.1909590886,scatter
47000,3,2.2564179680,-6.1909590886,2.2016245853,-6.4475654902,absorb
47100,1,0.0000000000,0.0000000000,2.0848244384,0.0000000000,scatter
47100,2,2.0848244384,0.0000000000,3.7500000000,0.7466888111,exit_right
47200,1,0.0000000000,0.0000000000,3.7500000000,0.0000000000,exit_right
47300,1,0.0000000000,0.0000000000,0.4288546560,0.0000000000,scatter
47300,2,0.4288546560,0.0000000000,0.2782742617,-0.8764805752,scatter
47300,3,0.2782742617,-0.8764805752,0.0000000000,-1.2169328595,exit_left
47400,1,0.0000000000,0.0000000000,3.7500000000,0.0000000000,exit_right
47500,1,0.0000000000,0.0000000000,3.3072803104,0.0000000000,scatter
47500,2,3.3072803104,0.0000000000,2.1795468404,2.3663935785,absorb
47600,1,0.0000000000,0.0000000000,0.2046935130,0.0000000000,scatter
47600,2,0.2046935130,0.0000000000,0.0000000000,-0.0407635320,exit_left
47700,1,0.0000000000,0.0000000000,0.2112103576,0.0000000000,scatter
47700,2,0.2112103576,0.0000000000,0.0000000000,-0.1410880734,exit_left
47800,1,0.0000000000,0.0000000000,0.3592711283,0.0000000000,absorb
47900,1,0.0000000000,0.0000000000,0.0337086142,0.0000000000,scatter
47900,2,0.0337086142,0.0000000000,1.2791631692,4.2054161937,scatter
47900,3,1.2791631692,4.2054161937,0.0000000000,4.3603352413,exit_left
48000,1,0.0000000000,0.0000000000,1.5282922415,0.0000000000,scatter
48000,2,1.5282922415,0.0000000000,1.2320143643,0.4180608125,scatter
48000,3,1.2320143643,0.4180608125,0.0000000000,-3.4937997363,exit_left
48100,1,0.0000000000,0.0000000000,0.8651655929,0.0000000000,scatter
48100,2,0.8651655929,0.0000000000,0.0212291222,-4.3157014789,scatter
48100,3,0.0212291222,-4.3157014789,0.0000000000,-4.3072367447,exit_left
48200,1,0.0000000000,0.0000000000,1.9221241290,0.0000000000,scatter
48200,2,1.9221241290,0.0000000000,3.3986429042,-1.3525312990,absorb
48300,1,0.0000000000,0.0000000000,2.7095714882,0.0000000000,absorb
48400,1,0.0000000000,0.0000000000,3.2367047267,0.0000000000,scatter
48400,2,3.2367047267,0.0000000000,3.1688787329,-1.7120368906,scatter
48400,3,3.1688787329,-1.7120368906,3.1022891939,2.5279231350,scatter
48400,4,3.1022891939,2.5279231350,3.2356207193,3.3385335398,scatter
48400,5,3.2356207193,3.3385335398,1.3897917202,2.8823265995,absorb
48500,1,0.0000000000,0.0000000000,0.4168824060,0.0000000000,scatter
48500,2,0.4168824060,0.0000000000,0.0000000000,-0.0557662190,exit_left
48600,1,0.0000000000,0.0000000000,1.4928596833,0.0000000000,scatter
48600,2,1.4928596833,0.0000000000,0.2430815990,0.7422237090,scatter
48600,3,0.2430815990,0.7422237090,0.9853718078,1.5158221543,absorb
48700,1,0.0000000000,0.0000000000,0.3585987996,0.0000000000,scatter
48700,2,0.3585987996,0.0000000000,0.3661595465,-0.1647396661,scatter
48700,3,0.3661595465,-0.1647396661,1.0423041307,-0.2064666758,scatter
48700,4,1.0423041307,-0.2064666758,2.8804770174,-0.5831558767,scatter
48700,5,2.8804770174,-0.5831558767,2.8634984786,-2.2203704946,absorb
48800,1,0.0000000000,0.0000000000,2.3884323819,0.0000000000,scatter
48800,2,2.3884323819,0.0000000000,3.7500000000,1.6786424557,exit_right
48900,1,0.0000000000,0.0000000000,1.7796558454,0.0000000000,absorb
49000,1,0.0000000000,0.0000000000,2.1155892450,0.0000000000,scatter
49000,2,2.1155892450,0.0000000000,2.8633204171,-0.5855194753,scatter
49000,3,2.8633204171,-0.5855194753,2.0751119831,1.5378809203,scatter
49000,4,2.0751119831,1.5378809203,1.9167472041,2.3288216416,scatter
49000,5,1.9167472041,2.3288216416,2.0187911691,2.1632438737,absorb
49100,1,0.0000000000,0.0000000000,1.8530043628,0.0000000000,scatter
49100,2,1.8530043628,0.0000000000,3.3758329458,-1.0925335642,scatter
49100,3,3.3758329458,-1.0925335642,1.4695698050,-2.6122824441,scatter
49100,4,1.4695698050,-2.6122824441,3.0029969846,-0.6935918562,scatter
49100,5,3.0029969846,-0.6935918562,3.7500000000,2.2203474140,exit_right
49200,1,0.0000000000,0.0000000000,0.2235287115,0.0000000000,scatter
49200,2,0.2235287115,0.0000000000,0.7981592546,0.2507571075,scatter
49200,3,0.7981592546,0.2507571075,0.6715466031,0.1335762916,scatter
49200,4,0.6715466031,0.1335762916,0.9670970301,0.6494732675,scatter
49200,5,0.9670970301,0.6494732675,0.9007178414,0.2279169565,scatter
49200,6,0.9007178414,0.2279169565,0.7803539444,0.1296006196,scatter
49200,7,0.7803539444,0.1296006196,1.0441095620,0.2120291189,scatter
49200,8,1.0441095620,0.2120291189,1.3960733128,-0.2461848492,scatter
49200,9,1.3960733128,-0.2461848492,0.8266249161,-1.8453659848,scatter
49200,10,0.8266249161,-1.8453659848,0.9174571845,-1.9553161090,scatter
49200,11,0.9174571845,-1.9553161090,0.0000000000,-1.7667605870,exit_left
49300,1,0.0000000000,0.0000000000,0.0910007513,0.0000000000,scatter
49300,2,0.0910007513,0.0000000000,0.0000000000,0.7858802094,exit_left
49400,1,0.0000000000,0.0000000000,2.1547069123,0.0000000000,scatter
49400,2,2.1547069123,0.0000000000,1.6409486019,0.1129031157,scatter
49400,3,1.6409486019,0.1129031157,2.1019082830,-5.2043211365,scatter
49400,4,2.1019082830,-5.2043211365,0.8348348895,-5.6906640323,scatter
49400,5,0.8348348895,-5.6906640323,1.0909876822,-5.7649420258,absorb
49500,1,0.0000000000,0.0000000000,0.0871164303,0.0000000000,scatter
49500,2,0.0871164303,0.0000000000,0.5743137179,-1.1798557932,scatter
49500,3,0.5743137179,-1.1798557932,1.4577834219,-0.0263834412,scatter
49500,4,1.4577834219,-0.0263834412,1.7407816325,0.0411119560,absorb
49600,1,0.0000000000,0.0000000000,0.2679774339,0.0000000000,scatter
49600,2,0.2679774339,0.0000000000,0.0000000000,-0.0659772971,exit_left
49700,1,0.0000000000,0.0000000000,2.4954555789,0.0000000000,scatter
49700,2,2.4954555789,0.0000000000,3.7500000000,0.4988425733,exit_right
49800,1,0.0000000000,0.0000000000,3.7500000000,0.0000000000,exit_right
49900,1,0.0000000000,0.0000000000,3.7500000000,0.0000000000,exit_right
50000,1,0.0000000000,0.0000000000,1.1312694521,0.0000000000,scatter
50000,2,1.1312694521,0.0000000000,1.1002888445,-0.4611514521,scatter
50000,3,1.1002888445,-0.4611514521,1.1062271564,0.5422529986,scatter
50000,4,1.1062271564,0.5422529986,1.2251987861,1.4782428300,scatter
50000,5,1.2251987861,1.4782428300,0.7534449818,1.6284376846,absorb
50100,1,0.0000000000,0.0000000000,0.0096121037,0.0000000000,scatter
50100,2,0.0096121037,0.0000000000,0.0000000000,-0.0614871829,exit_left
50200,1,0.0000000000,0.0000000000,2.8432578258,0.0000000000,absorb
50300,1,0.0000000000,0.0000000000,0.5726845116,0.0000000000,scatter
50300,2,0.5726845116,0.0000000000,2.3819795600,-1.3057199926,scatter
50300,3,2.3819795600,-1.3057199926,0.0000000000,-4.0316970388,exit_left
50400,1,0.0000000000,0.0000000000,2.1702967809,0.0000000000,absorb
50500,1,0.0000000000,0.0000000000,0.0871741669,0.0000000000,scatter
50500,2,0.0871741669,0.0000000000,1.7506197901,-0.7727747351,scatter
50500,3,1.7506197901,-0.7727747351,0.3223602546,2.2268356052,scatter
50500,4,0.3223602546,2.2268356052,0.0000000000,2.2416565824,exit_left
50600,1,0.0000000000,0.0000000000,0.6979429679,0.0000000000,absorb
50700,1,0.0000000000,0.0000000000,0.5968596121,0.0000000000,absorb
50800,1,0.0000000000,0.0000000000,1.6281194191,0.0000000000,scatter
50800,2,1.6281194191,0.0000000000,1.6308829228,-0.1962446772,scatter
50800,3,1.6308829228,-0.1962446772,2.4159123670,6.0874214697,scatter
50800,4,2.4159123670,6.0874214697,3.7500000000,5.9008942002,exit_right
50900,1,0.0000000000,0.0000000000,2.2292117642,0.0000000000,scatter
50900,2,2.2292117642,0.0000000000,2.0029277130,-0.8284014508,scatter
50900,3,2.0029277130,-0.8284014508,1.8136203691,-0.7786868340,scatter
50900,4,1.8136203691,-0.7786868340,2.3235453842,0.8325739460,scatter
50900,5,2.3235453842,0.8325739460,3.7500000000,2.0881050533,exit_right
51000,1,0.0000000000,0.0000000000,0.4662079269,0.0000000000,scatter
51000,2,0.4662079269,0.0000000000,0.4709568024,0.0680452479,absorb
51100,1,0.0000000000,0.0000000000,0.9855280533,0.0000000000,scatter
51100,2,0.9855280533,0.0000000000,1.2512312734,1.6986831760,scatter
51100,3,1.2512312734,1.6986831760,0.0000000000,1.5747787663,exit_left
51200,1,0.0000000000,0.0000000000,0.0204883319,0.0000000000,absorb
51300,1,0.0000000000,0.0000000000,3.5899237387,0.0000000000,scatter
51300,2,3.5899237387,0.0000000000,3.7066958410,-0.3590024188,scatter
51300,3,3.7066958410,-0.3590024188,3.7500000000,-0.4183014758,exit_right
51400,1,0.0000000000,0.0000000000,1.3588611449,0.0000000000,scatter
51400,2,1.3588611449,0.0000000000,1.2344407125,-1.5223967741,absorb
51500,1,0.0000000000,0.0000000000,0.1239112194,0.0000000000,scatter
51500,2,0.1239112194,0.0000000000,0.4871177306,-0.6644642586,scatter
51500,3,0.4871177306,-0.6644642586,1.1416714900,-0.9405887207,absorb
51600,1,0.0000000000,0.0000000000,0.1065585434,0.0000000000,scatter
51600,2,0.1065585434,0.0000000000,0.3016870041,-0.5119375989,scatter
51600,3,0.3016870041,-0.5119375989,0.0000000000,-1.0396391374,exit_left
51700,1,0.0000000000,0.0000000000,3.7500000000,0.0000000000,exit_right
51800,1,0.0000000000,0.0000000000,0.8025137932,0.0000000000,scatter
51800,2,0.8025137932,0.0000000000,1.0107866915,-0.1637873234,absorb
51900,1,0.0000000000,0.0000000000,0.0989098342,0.0000000000,scatter
51900,2,0.0989098342,0.0000000000,3.7500000000,0.3834948897,exit_right
52000,1,0.0000000000,0.0000000000,2.8291438002,0.0000000000,scatter
52000,2,2.8291438002,0.0000000000,2.5250228055,-0.0350881870,scatter
52000,3,2.5250228055,-0.0350881870,2.5079483016,-0.0347893885,scatter
52000,4,2.5079483016,-0.0347893885,1.8940318121,-4.3137841232,scatter
52000,5,1.8940318121,-4.3137841232,3.1712961925,2.7142621409,scatter
52000,6,3.1712961925,2.7142621409,2.5656497537,2.6467534257,scatter
52000,7,2.5656497537,2.6467534257,0.5228534241,0.6509558672,scatter
52000,8,0.5228534241,0.6509558672,0.0000000000,1.3348384768,exit_left
52100,1,0.0000000000,0.0000000000,3.7500000000,0.0000000000,exit_right
52200,1,0.0000000000,0.0000000000,0.2541896049,0.0000000000,absorb
52300,1,0.0000000000,0.0000000000,1.1979044965,0.0000000000,scatter
52300,2,1.1979044965,0.0000000000,0.4800894772,0.4602839852,absorb
52400,1,0.0000000000,0.0000000000,0.2617426067,0.0000000000,scatter
52400,2,0.2617426067,0.0000000000,0.0000000000,0.2573345780,exit_left
52500,1,0.0000000000,0.0000000000,3.7500000000,0.0000000000,exit_right
52600,1,0.0000000000,0.0000000000,1.3478478951,0.0000000000,scatter
52600,2,1.3478478951,0.0000000000,0.0000000000,-0.8413132313,exit_left
52700,1,0.0000000000,0.0000000000,1.7421142419,0.0000000000,scatter
52700,2,1.7421142419,0.0000000000,2.4531498945,-0.9882509756,scatter
52700,3,2.4531498945,-0.9882509756,1.2429432781,-3.9160283072,scatter
52700,4,1.2429432781,-3.9160283072,1.0094331824,-3.9827112020,scatter
52700,5,1.0094331824,-3.9827112020,0.0000000000,-3.7620937623,exit_left
52800,1,0.0000000000,0.0000000000,1.2883315445,0.0000000000,scatter
52800,2,1.2883315445,0.0000000000,3.3874900979,2.4487418671,scatter
52800,3,3.3874900979,2.4487418671,3.2520450049,3.5274056647,scatter
52800,4,3.2520450049,3.5274056647,3.2232372462,3.4349652811,scatter
52800,5,3.2232372462,3.4349652811,3.2655213419,3.5767427008,absorb
52900,1,0.0000000000,0.0000000000,0.3600706626,0.0000000000,absorb
53000,1,0.0000000000,0.0000000000,2.5596783114,0.0000000000,scatter
53000,2,2.5596783114,0.0000000000,2.4603000943,0.3186016748,absorb
53100,1,0.0000000000,0.0000000000,2.5369682293,0.0000000000,scatter
53100,2,2.5369682293,0.0000000000,3.7500000000,-0.7122127291,exit_right
53200,1,0.0000000000,0.0000000000,2.2755766401,0.0000000000,absorb
53300,1,0.0000000000,0.0000000000,0.4670487371,0.0000000000,scatter
53300,2,0.4670487371,0.0000000000,0.0000000000,-0.2224516543,exit_left
53400,1,0.0000000000,0.0000000000,1.1916522087,0.0000000000,absorb
53500,1,0.0000000000,0.0000000000,3.7500000000,0.0000000000,exit_right
53600,1,0.0000000000,0.0000000000,1.4511754024,0.0000000000,absorb
53700,1,0.0000000000,0.0000000000,0.9124417591,0.0000000000,scatter
53700,2,0.9124417591,0.0000000000,0.0000000000,2.8833524728,exit_left
53800,1,0.0000000000,0.0000000000,0.7489156171,0.0000000000,scatter
53800,2,0.7489156171,0.0000000000,1.3468876107,0.1401899540,absorb
53900,1,0.0000000000,0.0000000000,1.2759838348,0.0000000000,scatter
53900,2,1.2759838348,0.0000000000,3.7500000000,2.3345091622,exit_right
54000,1,0.0000000000,0.0000000000,0.7806537575,0.0000000000,scatter
54000,2,0.7806537575,0.0000000000,2.0196766131,2.5395455989,scatter
54000,3,2.0196766131,2.5395455989,0.8890095020,3.8122156079,scatter
54000,4,0.8890095020,3.8122156079,1.7431205447,3.1266673952,scatter
54000,5,1.7431205447,3.1266673952,2.9830515600,5.2953714853,scatter
54000,6,2.9830515600,5.2953714853,3.1748040340,5.6559288285,scatter
54000,7,3.1748040340,5.6559288285,3.7500000000,3.6688905682,exit_right
54100,1,0.0000000000,0.0000000000,3.7500000000,0.0000000000,exit_right
54200,1,0.0000000000,0.0000000000,0.4181248501,0.0000000000,scatter
54200,2,0.4181248501,0.0000000000,0.1759637837,0.7645099789,scatter
54200,3,0.1759637837,0.7645099789,0.0000000000,1.2270190723,exit_left
54300,1,0.0000000000,0.0000000000,0.3279226336,0.0000000000,scatter
54300,2,0.3279226336,0.0000000000,0.0000000000,-0.1428948073,exit_left
54400,1,0.0000000000,0.0000000000,0.1986459130,0.0000000000,scatter
54400,2,0.1986459130,0.0000000000,0.2410587793,0.1315794955,scatter
54400,3,0.2410587793,0.1315794955,1.2959332962,-0.4205126656,scatter
54400,4,1.2959332962,-0.4205126656,3.7500000000,-0.1930010214,exit_right
54500,1,0.0000000000,0.0000000000,2.7253334209,0.0000000000,absorb
54600,1,0.0000000000,0.0000000000,0.8520328003,0.0000000000,scatter
54600,2,0.8520328003,0.0000000000,0.7965544054,0.4436506496,scatter
54600,3,0.7965544054,0.4436506496,1.1142232734,1.0001946334,scatter
54600,4,1.1142232734,1.0001946334,1.3568550322,1.9618332253,scatter
54600,5,1.3568550322,1.9618332253,1.9363372761,1.6141658978,absorb
54700,1,0.0000000000,0.0000000000,0.8784878540,0.0000000000,scatter
54700,2,0.8784878540,0.0000000000,2.1470757910,1.5703642364,scatter
54700,3,2.1470757910,1.5703642364,1.4215931367,1.3175672886,scatter
54700,4,1.4215931367,1.3175672886,0.2027563539,0.6918665041,scatter
54700,5,0.2027563539,0.6918665041,3.7500000000,1.4676389045,exit_right
54800,1,0.0000000000,0.0000000000,3.7500000000,0.0000000000,exit_right
54900,1,0.0000000000,0.0000000000,0.5404122490,0.0000000000,scatter
54900,2,0.5404122490,0.0000000000,1.3021581792,1.6625431825,absorb
55000,1,0.0000000000,0.0000000000,1.5996548533,0.0000000000,scatter
55000,2,1.5996548533,0.0000000000,2.3110582657,-0.0851337628,scatter
55000,3,2.3110582657,-0.0851337628,2.6967252487,-3.2590759672,absorb
55100,1,0.0000000000,0.0000000000,1.6622537433,0.0000000000,scatter
55100,2,1.6622537433,0.0000000000,1.5353679271,-0.3283828228,scatter
55100,3,1.5353679271,-0.3283828228,1.8214709340,-1.3355547590,scatter
55100,4,1.8214709340,-1.3355547590,1.4721402610,-1.4277286445,scatter
55100,5,1.4721402610,-1.4277286445,1.2025317266,-1.3361675757,scatter
55100,6,1.2025317266,-1.3361675757,0.0000000000,-1.1791324657,exit_left
55200,1,0.0000000000,0.0000000000,0.5675827364,0.0000000000,scatter
55200,2,0.5675827364,0.0000000000,0.9492759917,0.0100664939,scatter
55200,3,0.9492759917,0.0100664939,1.3379429620,-0.1418813522,absorb
55300,1,0.0000000000,0.0000000000,0.2654634776,0.0000000000,scatter
55300,2,0.2654634776,0.0000000000,0.0000000000,0.1952604532,exit_left
55400,1,0.0000000000,0.0000000000,0.4671885666,0.0000000000,scatter
55400,2,0.4671885666,0.0000000000,1.2283160864,0.2905907219,scatter
55400,3,1.2283160864,0.2905907219,1.3740442068,0.3683710460,scatter
55400,4,1.3740442068,0.3683710460,1.2623058278,0.4416213066,scatter
55400,5,1.2623058278,0.4416213066,0.2590021764,-2.5257953361,scatter
55400,6,0.2590021764,-2.5257953361,1.8788918876,-2.2700915343,absorb
55500,1,0.0000000000,0.0000000000,0.7844845387,0.0000000000,scatter
55500,2,0.7844845387,0.0000000000,0.0000000000,-3.0112654382,exit_left
55600,1,0.0000000000,0.0000000000,0.2167397418,0.0000000000,absorb
55700,1,0.0000000000,0.0000000000,1.3886292621,0.0000000000,absorb
55800,1,0.0000000000,0.0000000000,0.1741809825,0.0000000000,scatter
55800,2,0.1741809825,0.0000000000,0.5330640767,0.2416840130,scatter
55800,3,0.5330640767,0.2416840130,2.3212983677,0.8793281922,scatter
55800,4,2.3212983677,0.8793281922,2.6542628593,1.7259973338,scatter
55800,5,2.6542628593,1.7259973338,3.7500000000,3.4115672177,exit_right
55900,1,0.0000000000,0.0000000000,3.6155628184,0.0000000000,scatter
55900,2,3.6155628184,0.0000000000,3.7500000000,-0.0209789408,exit_right
56000,1,0.0000000000,0.0000000000,1.6738593448,0.0000000000,scatter
56000,2,1.6738593448,0.0000000000,0.0000000000,-1.2738604304,exit_left
56100,1,0.0000000000,0.0000000000,2.8052244362,0.0000000000,scatter
56100,2,2.8052244362,0.0000000000,3.7500000000,-0.3630288110,exit_right
56200,1,0.0000000000,0.0000000000,3.5121062212,0.0000000000,scatter
56200,2,3.5121062212,0.0000000000,3.7500000000,-0.0801530539,exit_right
56300,1,0.0000000000,0.0000000000,2.4460612035,0.0000000000,scatter
56300,2,2.4460612035,0.0000000000,2.5737720676,-0.5079095391,scatter
56300,3,2.5737720676,-0.5079095391,1.5952001606,2.4269596616,scatter
56300,4,1.5952001606,2.4269596616,0.0000000000,3.5757975368,exit_left
56400,1,0.0000000000,0.0000000000,1.9783855929,0.0000000000,absorb
56500,1,0.0000000000,0.0000000000,3.6812469431,0.0000000000,absorb
56600,1,0.0000000000,0.0000000000,0.5601737997,0.0000000000,scatter
56600,2,0.5601737997,0.0000000000,0.5296140023,-0.0693398616,scatter
56600,3,0.5296140023,-0.0693398616,0.0637561914,0.8356168419,absorb
56700,1,0.0000000000,0.0000000000,0.3509388744,0.0000000000,scatter
56700,2,0.3509388744,0.0000000000,0.0000000000,-0.1906837897,exit_left
56800,1,0.0000000000,0.0000000000,2.9643824491,0.0000000000,scatter
56800,2,2.9643824491,0.0000000000,0.0000000000,-0.3669348896,exit_left
56900,1,0.0000000000,0.0000000000,1.0427483155,0.0000000000,scatter
56900,2,1.0427483155,0.0000000000,0.3006428523,1.6690580498,scatter
56900,3,0.3006428523,1.6690580498,1.0371523755,3.5874008318,scatter
56900,4,1.0371523755,3.5874008318,1.0403060316,4.6001477019,scatter
56900,5,1.0403060316,4.6001477019,1.2982454459,5.0646166657,absorb
57000,1,0.0000000000,0.0000000000,0.1225702618,0.0000000000,scatter
57000,2,0.1225702618,0.0000000000,3.7500000000,0.3820563270,exit_right
57100,1,0.0000000000,0.0000000000,1.0849399561,0.0000000000,absorb
57200,1,0.0000000000,0.0000000000,2.5033190516,0.0000000000,scatter
57200,2,2.5033190516,0.0000000000,2.6510655010,-0.5981539538,scatter
57200,3,2.6510655010,-0.5981539538,3.0972163840,0.2373463109,absorb
57300,1,0.0000000000,0.0000000000,3.7500000000,0.0000000000,exit_right
57400,1,0.0000000000,0.0000000000,1.1559378490,0.0000000000,scatter
57400,2,1.1559378490,0.0000000000,0.0000000000,2.3010866440,exit_left
57500,1,0.0000000000,0.0000000000,3.6670209621,0.0000000000,scatter
57500,2,3.6670209621,0.0000000000,0.4177950114,-1.2891119353,scatter
57500,3,0.4177950114,-1.2891119353,0.0000000000,-1.5405174666,exit_left
57600,1,0.0000000000,0.0000000000,0.0222272291,0.0000000000,scatter
57600,2,0.0222272291,0.0000000000,0.0000000000,-0.0378111572,exit_left
57700,1,0.0000000000,0.0000000000,3.7500000000,0.0000000000,exit_right
57800,1,0.0000000000,0.0000000000,0.6091920029,0.0000000000,absorb
57900,1,0.0000000000,0.0000000000,2.2718279813,0.0000000000,scatter
57900,2,2.2718279813,0.0000000000,2.2863453973,0.0071954349,scatter
57900,3,2.2863453973,0.0071954349,3.2606482658,1.0095509491,absorb
58000,1,0.0000000000,0.0000000000,1.9541600828,0.0000000000,scatter
58000,2,1.9541600828,0.0000000000,3.7500000000,-0.8549533930,exit_right
58100,1,0.0000000000,0.0000000000,1.0120607045,0.0000000000,scatter
58100,2,1.0120607045,0.0000000000,1.0471853003,-0.0599859545,scatter
58100,3,1.0471853003,-0.0599859545,1.3166195067,-0.5290658998,scatter
58100,4,1.3166195067,-0.5290658998,0.0640730967,-0.4413258919,absorb
58200,1,0.0000000000,0.0000000000,3.7500000000,0.0000000000,exit_right
58300,1,0.0000000000,0.0000000000,0.3686040859,0.0000000000,scatter
58300,2,0.3686040859,0.0000000000,0.4168611041,0.0774872854,scatter
58300,3,0.4168611041,0.0774872854,0.4545541890,0.5457316084,scatter
58300,4,0.4545541890,0.5457316084,0.2417108136,1.0603552979,scatter
58300,5,0.2417108136,1.0603552979,0.0000000000,0.9831781930,exit_left
58400,1,0.0000000000,0.0000000000,0.3508161681,0.0000000000,scatter
58400,2,0.3508161681,0.0000000000,0.3909254444,-0.2574493020,scatter
58400,3,0.3909254444,-0.2574493020,0.5252262333,0.1699869233,scatter
58400,4,0.5252262333,0.1699869233,0.0000000000,0.1881797792,exit_left
58500,1,0.0000000000,0.0000000000,1.6236505557,0.0000000000,scatter
58500,2,1.6236505557,0.0000000000,1.3428849628,-0.0176750221,scatter
58500,3,1.3428849628,-0.0176750221,1.2990385636,0.4436008786,scatter
58500,4,1.2990385636,0.4436008786,0.3416572462,3.4176444915,scatter
58500,5,0.3416572462,3.4176444915,0.0000000000,3.3515785791,exit_left
58600,1,0.0000000000,0.0000000000,1.2241422497,0.0000000000,scatter
58600,2,1.2241422497,0.0000000000,0.1512903806,1.9220060421,scatter
58600,3,0.1512903806,1.9220060421,1.6929113712,1.5498933240,scatter
58600,4,1.6929113712,1.5498933240,3.1047077718,0.6633489860,scatter
58600,5,3.1047077718,0.6633489860,0.0000000000,2.0110900989,exit_left
58700,1,0.0000000000,0.0000000000,3.6613120542,0.0000000000,scatter
58700,2,3.6613120542,0.0000000000,3.4976431617,0.3071775393,scatter
58700,3,3.4976431617,0.3071775393,2.9547186732,0.9776120278,scatter
58700,4,2.9547186732,0.9776120278,3.5841955897,2.0102169082,scatter
58700,5,3.5841955897,2.0102169082,3.7500000000,3.2541049770,exit_right
58800,1,0.0000000000,0.0000000000,0.8320559182,0.0000000000,scatter
58800,2,0.8320559182,0.0000000000,1.6367757937,-0.1346240539,absorb
58900,1,0.0000000000,0.0000000000,0.5170383624,0.0000000000,scatter
58900,2,0.5170383624,0.0000000000,0.0000000000,-0.4213817186,exit_left
59000,1,0.0000000000,0.0000000000,0.5421631345,0.0000000000,scatter
59000,2,0.5421631345,0.0000000000,0.7849395477,-0.0392582233,scatter
59000,3,0.7849395477,-0.0392582233,2.1029444263,-1.0295200046,scatter
59000,4,2.1029444263,-1.0295200046,3.7500000000,-1.9247460181,exit_right
59100,1,0.0000000000,0.0000000000,2.4044472244,0.0000000000,scatter
59100,2,2.4044472244,0.0000000000,3.2185495971,-0.0087552981,scatter
59100,3,3.2185495971,-0.0087552981,3.2034317198,0.0102732209,scatter
59100,4,3.2034317198,0.0102732209,3.2608781964,0.0147532726,scatter
59100,5,3.2608781964,0.0147532726,1.7553579511,-1.8495953434,scatter
59100,6,1.7553579511,-1.8495953434,0.9207843455,-1.6676881536,scatter
59100,7,0.9207843455,-1.6676881536,0.7353307092,-1.1275098240,scatter
59100,8,0.7353307092,-1.1275098240,0.6147351438,-1.1624135730,absorb
59200,1,0.0000000000,0.0000000000,0.1813296501,0.0000000000,scatter
59200,2,0.1813296501,0.0000000000,0.4177968891,-0.7182410279,scatter
59200,3,0.4177968891,-0.7182410279,1.0740908004,-1.0396406519,scatter
59200,4,1.0740908004,-1.0396406519,1.1734977437,-0.4615229852,scatter
59200,5,1.1734977437,-0.4615229852,1.2998149997,-0.9581378078,scatter
59200,6,1.2998149997,-0.9581378078,0.0000000000,-2.8391163763,exit_left
59300,1,0.0000000000,0.0000000000,3.7500000000,0.0000000000,exit_right
59400,1,0.0000000000,0.0000000000,1.2258807036,0.0000000000,scatter
59400,2,1.2258807036,0.0000000000,1.5204841269,-1.0649175736,scatter
59400,3,1.5204841269,-1.0649175736,2.9396525952,-1.7579833281,scatter
59400,4,2.9396525952,-1.7579833281,0.7896907928,-1.6817144830,scatter
59400,5,0.7896907928,-1.6817144830,1.1737295821,-1.2058935408,scatter
59400,6,1.1737295821,-1.2058935408,3.2821337237,-3.3664381911,scatter
59400,7,3.2821337237,-3.3664381911,2.6249820831,-2.6045747905,scatter
59400,8,2.6249820831,-2.6045747905,1.8087216405,-9.2217750808,scatter
59400,9,1.8087216405,-9.2217750808,1.5787984574,-8.0190247031,absorb
59500,1,0.0000000000,0.0000000000,2.5129238865,0.0000000000,scatter
59500,2,2.5129238865,0.0000000000,2.0034607030,0.0962386070,scatter
59500,3,2.0034607030,0.0962386070,0.8055607753,-0.3333463544,absorb
59600,1,0.0000000000,0.0000000000,0.3211011314,0.0000000000,scatter
59600,2,0.3211011314,0.0000000000,0.2404033996,0.0473871148,scatter
59600,3,0.2404033996,0.0473871148,0.0000000000,1.8005191527,exit_left
59700,1,0.0000000000,0.0000000000,0.1537615004,0.0000000000,absorb
59800,1,0.0000000000,0.0000000000,3.7500000000,0.0000000000,exit_right
59900,1,0.0000000000,0.0000000000,1.0442773861,0.0000000000,scatter
59900,2,1.0442773861,0.0000000000,0.0000000000,-0.4358428415,exit_left
60000,1,0.0000000000,0.0000000000,0.8707966340,0.0000000000,scatter
60000,2,0.8707966340,0.0000000000,1.4239526165,0.3946590868,scatter
60000,3,1.4239526165,0.3946590868,1.0476393109,0.2098545862,scatter
60000,4,1.0476393109,0.2098545862,0.4725315778,-4.3530033497,scatter
60000,5,0.4725315778,-4.3530033497,2.2137680855,-4.5185700776,scatter
60000,6,2.2137680855,-4.5185700776,2.8358471555,-9.2841727238,scatter
60000,7,2.8358471555,-9.2841727238,2.7261169598,-9.3898319033,scatter
60000,8,2.7261169598,-9.3898319033,3.7500000000,-8.7549678509,exit_right
60100,1,0.0000000000,0.0000000000,0.4180315656,0.0000000000,absorb
60200,1,0.0000000000,0.0000000000,0.5117470558,0.0000000000,scatter
60200,2,0.5117470558,0.0000000000,1.5444850714,0.4474302730,absorb
60300,1,0.0000000000,0.0000000000,3.1088719406,0.0000000000,absorb
60400,1,0.0000000000,0.0000000000,3.0787698588,0.0000000000,scatter
60400,2,3.0787698588,0.0000000000,3.7500000000,1.1729526977,exit_right
60500,1,0.0000000000,0.0000000000,0.7340535509,0.0000000000,scatter
60500,2,0.7340535509,0.0000000000,0.0000000000,0.0288074181,exit_left
60600,1,0.0000000000,0.0000000000,0.2076997491,0.0000000000,scatter
60600,2,0.2076997491,0.0000000000,0.0000000000,0.1060824867,exit_left
60700,1,0.0000000000,0.0000000000,3.0615755814,0.0000000000,scatter
60700,2,3.0615755814,0.0000000000,3.3038974061,-0.3542636093,absorb
60800,1,0.0000000000,0.0000000000,0.4116797652,0.0000000000,absorb
60900,1,0.0000000000,0.0000000000,1.7230259731,0.0000000000,scatter
60900,2,1.7230259731,0.0000000000,1.7272203305,0.0338687012,scatter
60900,3,1.7272203305,0.0338687012,1.5887932598,0.1490604343,scatter
60900,4,1.5887932598,0.1490604343,0.5423898225,-4.5353695069,scatter
60900,5,0.5423898225,-4.5353695069,0.1640370925,-4.4067732139,absorb
61000,1,0.0000000000,0.0000000000,2.8562066047,0.0000000000,scatter
61000,2,2.8562066047,0.0000000000,3.5906634558,0.3426408734,scatter
61000,3,3.5906634558,0.3426408734,3.7500000000,0.4902061570,exit_right
61100,1,0.0000000000,0.0000000000,3.7500000000,0.0000000000,exit_right
61200,1,0.0000000000,0.0000000000,0.5335226570,0.0000000000,scatter
61200,2,0.5335226570,0.0000000000,0.0000000000,-0.2852297103,exit_left
61300,1,0.0000000000,0.0000000000,3.7500000000,0.0000000000,exit_right
61400,1,0.0000000000,0.0000000000,0.1436071763,0.0000000000,scatter
61400,2,0.1436071763,0.0000000000,1.4555173087,5.6942667685,scatter
61400,3,1.4555173087,5.6942667685,0.0000000000,5.2300482027,exit_left
61500,1,0.0000000000,0.0000000000,0.5010883396,0.0000000000,scatter
61500,2,0.5010883396,0.0000000000,0.0000000000,-0.4771105053,exit_left
61600,1,0.0000000000,0.0000000000,1.5542821593,0.0000000000,scatter
61600,2,1.5542821593,0.0000000000,0.6580334467,0.0172267985,scatter
61600,3,0.6580334467,0.0172267985,1.8665786075,-1.4240508031,scatter
61600,4,1.8665786075,-1.4240508031,0.8823239680,-0.7729724185,scatter
61600,5,0.8823239680,-0.7729724185,0.0000000000,0.0130680386,exit_left
61700,1,0.0000000000,0.0000000000,0.5427346728,0.0000000000,scatter
61700,2,0.5427346728,0.0000000000,0.0000000000,0.9246669795,exit_left
61800,1,0.0000000000,0.0000000000,3.5489687181,0.0000000000,scatter
61800,2,3.5489687181,0.0000000000,3.5544347673,-0.0108071896,scatter
61800,3,3.5544347673,-0.0108071896,3.7500000000,0.8104469320,exit_right
61900,1,0.0000000000,0.0000000000,2.3399890692,0.0000000000,scatter
61900,2,2.3399890692,0.0000000000,3.1764082218,-3.1126542529,scatter
61900,3,3.1764082218,-3.1126542529,3.7500000000,-4.5912932591,exit_right
62000,1,0.0000000000,0.0000000000,3.4273952506,0.0000000000,scatter
62000,2,3.4273952506,0.0000000000,0.5025400467,-1.3150139166,scatter
62000,3,0.5025400467,-1.3150139166,1.2799623999,-1.7632808238,scatter
62000,4,1.2799623999,-1.7632808238,0.0433782867,-1.8236170633,scatter
62000,5,0.0433782867,-1.8236170633,3.7500000000,-5.1715785452,exit_right
62100,1,0.0000000000,0.0000000000,3.7500000000,0.0000000000,exit_right
62200,1,0.0000000000,0.0000000000,0.7850455584,0.0000000000,scatter
62200,2,0.7850455584,0.0000000000,0.7820873661,-0.0429425681,scatter
62200,3,0.7820873661,-0.0429425681,1.0403823035,-0.5827365265,scatter
62200,4,1.0403823035,-0.5827365265,1.0513490264,-0.4568970713,scatter
62200,5,1.0513490264,-0.4568970713,1.0514979335,-0.4569049417,scatter
62200,6,1.0514979335,-0.4569049417,0.0000000000,1.6587866735,exit_left
62300,1,0.0000000000,0.0000000000,0.0753912056,0.0000000000,scatter
62300,2,0.0753912056,0.0000000000,0.2766574966,0.6284012841,scatter
62300,3,0.2766574966,0.6284012841,0.2817673097,0.4852741445,scatter
62300,4,0.2817673097,0.4852741445,0.2611230208,0.4920352481,scatter
62300,5,0.2611230208,0.4920352481,0.0000000000,0.1713260877,exit_left
62400,1,0.0000000000,0.0000000000,0.3012593215,0.0000000000,absorb
62500,1,0.0000000000,0.0000000000,3.7500000000,0.0000000000,exit_right
62600,1,0.0000000000,0.0000000000,0.7935390005,0.0000000000,absorb
62700,1,0.0000000000,0.0000000000,0.5127950804,0.0000000000,scatter
62700,2,0.5127950804,0.0000000000,0.0000000000,0.6394135602,exit_left
62800,1,0.0000000000,0.0000000000,0.7363202901,0.0000000000,scatter
62800,2,0.7363202901,0.0000000000,3.7500000000,-0.1396173343,exit_right
62900,1,0.0000000000,0.0000000000,0.9073677201,0.0000000000,scatter
62900,2,0.9073677201,0.0000000000,3.7046484878,1.5935259107,scatter
62900,3,3.7046484878,1.5935259107,1.7782998091,3.3241522600,scatter
62900,4,1.7782998091,3.3241522600,1.4285512341,-0.7163652813,scatter
62900,5,1.4285512341,-0.7163652813,0.0000000000,-1.1140049208,exit_left
63000,1,0.0000000000,0.0000000000,3.7500000000,0.0000000000,exit_right
63100,1,0.0000000000,0.0000000000,3.7500000000,0.0000000000,exit_right
63200,1,0.0000000000,0.0000000000,0.6494025845,0.0000000000,scatter
63200,2,0.6494025845,0.0000000000,1.6226885941,-2.2773490856,scatter
63200,3,1.6226885941,-2.2773490856,2.5526961564,-2.4999774134,absorb
63300,1,0.0000000000,0.0000000000,0.6891467317,0.0000000000,scatter
63300,2,0.6891467317,0.0000000000,0.0000000000,0.1444182398,exit_left
63400,1,0.0000000000,0.0000000000,0.4761939848,0.0000000000,scatter
63400,2,0.4761939848,0.0000000000,0.0000000000,-0.5520464860,exit_left
63500,1,0.0000000000,0.0000000000,1.7233484049,0.0000000000,scatter
63500,2,1.7233484049,0.0000000000,1.2253373770,0.5492682380,absorb
63600,1,0.0000000000,0.0000000000,3.7500000000,0.0000000000,exit_right
63700,1,0.0000000000,0.0000000000,2.0735896551,0.0000000000,scatter
63700,2,2.0735896551,0.0000000000,3.2008692814,3.1243113743,absorb
63800,1,0.0000000000,0.0000000000,3.7500000000,0.0000000000,exit_right
63900,1,0.0000000000,0.0000000000,1.7748387581,0.0000000000,absorb
64000,1,0.0000000000,0.0000000000,0.0644596451,0.0000000000,scatter
64000,2,0.0644596451,0.0000000000,0.0660525550,0.8991934383,scatter
64000,3,0.0660525550,0.8991934383,0.7173484293,-1.1014016663,absorb
64100,1,0.0000000000,0.0000000000,1.4834729798,0.0000000000,scatter
64100,2,1.4834729798,0.0000000000,2.0842192020,2.3096813897,scatter
64100,3,2.0842192020,2.3096813897,2.7364185450,2.0078573597,absorb
64200,1,0.0000000000,0.0000000000,0.1155897346,0.0000000000,scatter
64200,2,0.1155897346,0.0000000000,1.7934604251,0.1468233467,scatter
64200,3,1.7934604251,0.1468233467,1.6749977902,0.1220346511,absorb
64300,1,0.0000000000,0.0000000000,1.1719994858,0.0000000000,scatter
64300,2,1.1719994858,0.0000000000,0.1693494767,-5.3156884822,absorb
64400,1,0.0000000000,0.0000000000,1.4872886945,0.0000000000,scatter
64400,2,1.4872886945,0.0000000000,0.3023240518,1.4497699969,scatter
64400,3,0.3023240518,1.4497699969,0.5621886633,1.6975409260,scatter
64400,4,0.5621886633,1.6975409260,0.0000000000,1.5082792943,exit_left
64500,1,0.0000000000,0.0000000000,0.1634288527,0.0000000000,scatter
64500,2,0.1634288527,0.0000000000,3.2636331994,-2.9862214703,scatter
64500,3,3.2636331994,-2.9862214703,3.7500000000,-1.9933601012,exit_right
64600,1,0.0000000000,0.0000000000,3.0560296952,0.0000000000,scatter
64600,2,3.0560296952,0.0000000000,2.1675960862,-1.0668111263,absorb
64700,1,0.0000000000,0.0000000000,2.8689669627,0.0000000000,scatter
64700,2,2.8689669627,0.0000000000,3.7500000000,0.8360119516,exit_right
64800,1,0.0000000000,0.0000000000,0.9048394964,0.0000000000,scatter
64800,2,0.9048394964,0.0000000000,3.7500000000,1.7069182084,exit_right
64900,1,0.0000000000,0.0000000000,1.0985095019,0.0000000000,scatter
64900,2,1.0985095019,0.0000000000,1.1225392358,0.4509871306,absorb
65000,1,0.0000000000,0.0000000000,0.9952669768,0.0000000000,scatter
65000,2,0.9952669768,0.0000000000,0.0000000000,0.2111705433,exit_left
65100,1,0.0000000000,0.0000000000,1.7996398775,0.0000000000,scatter
65100,2,1.7996398775,0.0000000000,1.3771969860,0.8160788370,scatter
65100,3,1.3771969860,0.8160788370,3.1510294799,0.6818447909,scatter
65100,4,3.1510294799,0.6818447909,3.0377189985,0.6308590136,absorb
65200,1,0.0000000000,0.0000000000,0.4054140246,0.0000000000,scatter
65200,2,0.4054140246,0.0000000000,0.0000000000,0.6734503624,exit_left
65300,1,0.0000000000,0.0000000000,2.4306892613,0.0000000000,absorb
65400,1,0.0000000000,0.0000000000,0.9082053965,0.0000000000,absorb
65500,1,0.0000000000,0.0000000000,1.8215769076,0.0000000000,scatter
65500,2,1.8215769076,0.0000000000,0.0000000000,-1.6866808404,exit_left
65600,1,0.0000000000,0.0000000000,2.7259789780,0.0000000000,scatter
65600,2,2.7259789780,0.0000000000,1.2614819019,10.1727357140,scatter
65600,3,1.2614819019,10.1727357140,1.6393442986,10.5107167425,scatter
65600,4,1.6393442986,10.5107167425,1.1826169311,8.7423552911,absorb
65700,1,0.0000000000,0.0000000000,1.3969134339,0.0000000000,scatter
65700,2,1.3969134339,0.0000000000,0.0000000000,-0.0546772892,exit_left
65800,1,0.0000000000,0.0000000000,1.4567883134,0.0000000000,absorb
65900,1,0.0000000000,0.0000000000,0.5555608046,0.0000000000,scatter
65900,2,0.5555608046,0.0000000000,0.0000000000,0.6781682719,exit_left
66000,1,0.0000000000,0.0000000000,2.0997980583,0.0000000000,scatter
66000,2,2.0997980583,0.0000000000,1.8391539964,-0.9928458845,scatter
66000,3,1.8391539964,-0.9928458845,2.9217887704,-0.0736056707,scatter
66000,4,2.9217887704,-0.0736056707,1.9035251684,1.2600939362,scatter
66000,5,1.9035251684,1.2600939362,1.4068287886,0.8907911557,scatter
66000,6,1.4068287886,0.8907911557,0.7612264979,0.5585187470,scatter
66000,7,0.7612264979,0.5585187470,1.5432373672,1.6258678307,scatter
66000,8,1.5432373672,1.6258678307,1.8817283121,1.6783516068,scatter
66000,9,1.8817283121,1.6783516068,1.9142044610,2.1734742013,scatter
66000,10,1.9142044610,2.1734742013,2.5107154556,4.7983502716,scatter
66000,11,2.5107154556,4.7983502716,0.2396807289,5.9354531584,scatter
66000,12,0.2396807289,5.9354531584,0.2271686261,5.9197202780,scatter
66000,13,0.2271686261,5.9197202780,0.0000000000,5.7054836608,exit_left
66100,1,0.0000000000,0.0000000000,0.7546832719,0.0000000000,scatter
66100,2,0.7546832719,0.0000000000,2.0755208944,-0.6626018112,absorb
66200,1,0.0000000000,0.0000000000,0.1735121757,0.0000000000,scatter
66200,2,0.1735121757,0.0000000000,0.0461520952,-0.7762437027,scatter
66200,3,0.0461520952,-0.7762437027,2.8939128480,-6.4389889323,scatter
66200,4,2.8939128480,-6.4389889323,2.9014661597,-6.6218915637,scatter
66200,5,2.9014661597,-6.6218915637,2.6690355069,-6.4001752867,scatter
66200,6,2.6690355069,-6.4001752867,2.2794542629,-5.3818728231,scatter
66200,7,2.2794542629,-5.3818728231,3.7500000000,-5.8903397803,exit_right
66300,1,0.0000000000,0.0000000000,3.7500000000,0.0000000000,exit_right
66400,1,0.0000000000,0.0000000000,0.3478461295,0.0000000000,scatter
66400,2,0.3478461295,0.0000000000,3.2909705761,7.4762819696,scatter
66400,3,3.2909705761,7.4762819696,3.2871048870,7.3095928023,scatter
66400,4,3.2871048870,7.3095928023,3.7500000000,7.3977812051,exit_right
66500,1,0.0000000000,0.0000000000,1.5928753975,0.0000000000,scatter
66500,2,1.5928753975,0.0000000000,1.6085012259,-0.0128611454,scatter
66500,3,1.6085012259,-0.0128611454,0.0000000000,-3.5859675751,exit_left
66600,1,0.0000000000,0.0000000000,0.0552975690,0.0000000000,scatter
66600,2,0.0552975690,0.0000000000,2.6529488140,0.3803935952,absorb
66700,1,0.0000000000,0.0000000000,2.5773366079,0.0000000000,scatter
66700,2,2.5773366079,0.0000000000,3.7313420065,-1.5866369361,scatter
66700,3,3.7313420065,-1.5866369361,3.6370571340,-1.4055250265,scatter
66700,4,3.6370571340,-1.4055250265,3.5602810230,-1.4990784453,absorb
66800,1,0.0000000000,0.0000000000,0.8979400490,0.0000000000,scatter
66800,2,0.8979400490,0.0000000000,0.0000000000,-0.4536072451,exit_left
66900,1,0.0000000000,0.0000000000,0.6329323730,0.0000000000,scatter
66900,2,0.6329323730,0.0000000000,0.6632963709,0.0211974253,scatter
66900,3,0.6632963709,0.0211974253,3.3041054226,0.8205760509,scatter
66900,4,3.3041054226,0.8205760509,3.4063652366,1.1693437637,scatter
66900,5,3.4063652366,1.1693437637,3.7500000000,1.1477506091,exit_right
67000,1,0.0000000000,0.0000000000,3.0426355613,0.0000000000,scatter
67000,2,3.0426355613,0.0000000000,2.6997222791,0.0012063184,scatter
67000,3,2.6997222791,0.0012063184,3.7500000000,3.8790690790,exit_right
67100,1,0.0000000000,0.0000000000,1.2267926217,0.0000000000,scatter
67100,2,1.2267926217,0.0000000000,1.0616443333,0.1308636800,scatter
67100,3,1.0616443333,0.1308636800,0.5685307936,-1.5220047783,scatter
67100,4,0.5685307936,-1.5220047783,3.7500000000,-2.3807491624,exit_right
67200,1,0.0000000000,0.0000000000,0.5131990660,0.0000000000,absorb
67300,1,0.0000000000,0.0000000000,0.9054929170,0.0000000000,scatter
67300,2,0.9054929170,0.0000000000,0.0000000000,0.1125676960,exit_left
67400,1,0.0000000000,0.0000000000,1.5821103126,0.0000000000,scatter
67400,2,1.5821103126,0.0000000000,2.1684307158,1.1693334400,absorb
67500,1,0.0000000000,0.0000000000,0.3048229902,0.0000000000,absorb
67600,1,0.0000000000,0.0000000000,0.4338042353,0.0000000000,scatter
67600,2,0.4338042353,0.0000000000,0.0000000000,0.2758962316,exit_left
67700,1,0.0000000000,0.0000000000,2.9580036343,0.0000000000,scatter
67700,2,2.9580036343,0.0000000000,0.0000000000,1.9223374138,exit_left
67800,1,0.0000000000,0.0000000000,3.1266005813,0.0000000000,scatter
67800,2,3.1266005813,0.0000000000,3.3068518544,0.0576118346,scatter
67800,3,3.3068518544,0.0576118346,3.1707828281,0.3505735358,scatter
67800,4,3.1707828281,0.3505735358,2.8245847198,3.6824372026,absorb
67900,1,0.0000000000,0.0000000000,2.4385636020,0.0000000000,scatter
67900,2,2.4385636020,0.0000000000,2.3346301712,-0.8461983245,scatter
67900,3,2.3346301712,-0.8461983245,2.9483108956,-2.7286817877,scatter
67900,4,2.9483108956,-2.7286817877,3.6104194368,-1.2359821992,scatter
67900,5,3.6104194368,-1.2359821992,3.7500000000,-0.7721102644,exit_right
68000,1,0.0000000000,0.0000000000,2.2045947797,0.0000000000,absorb
68100,1,0.0000000000,0.0000000000,0.0166397862,0.0000000000,scatter
68100,2,0.0166397862,0.0000000000,1.5605249473,-0.0359820253,scatter
68100,3,1.5605249473,-0.0359820253,3.7500000000,0.6256472731,exit_right
68200,1,0.0000000000,0.0000000000,0.4349141783,0.0000000000,scatter
68200,2,0.4349141783,0.0000000000,0.0000000000,-0.2014403334,exit_left
68300,1,0.0000000000,0.0000000000,0.8418966440,0.0000000000,absorb
68400,1,0.0000000000,0.0000000000,1.1230860621,0.0000000000,scatter
68400,2,1.1230860621,0.0000000000,3.7500000000,-0.9370018366,exit_right
68500,1,0.0000000000,0.0000000000,0.5998196569,0.0000000000,scatter
68500,2,0.5998196569,0.0000000000,0.0000000000,-0.1348669272,exit_left
68600,1,0.0000000000,0.0000000000,0.4833622187,0.0000000000,scatter
68600,2,0.4833622187,0.0000000000,0.2751314203,0.5575055192,scatter
68600,3,0.2751314203,0.5575055192,0.0893398536,2.6937458613,scatter
68600,4,0.0893398536,2.6937458613,0.0000000000,2.7346628783,exit_left
68700,1,0.0000000000,0.0000000000,2.1298527568,0.0000000000,scatter
68700,2,2.1298527568,0.0000000000,3.7500000000,1.0086081930,exit_right
68800,1,0.0000000000,0.0000000000,3.5691805269,0.0000000000,scatter
68800,2,3.5691805269,0.0000000000,3.7500000000,-0.2297900632,exit_right
68900,1,0.0000000000,0.0000000000,2.4486500778,0.0000000000,scatter
68900,2,2.4486500778,0.0000000000,0.0000000000,1.5734606677,exit_left
69000,1,0.0000000000,0.0000000000,3.7500000000,0.0000000000,exit_right
69100,1,0.0000000000,0.0000000000,3.7500000000,0.0000000000,exit_right
69200,1,0.0000000000,0.0000000000,2.8890303220,0.0000000000,scatter
69200,2,2.8890303220,0.0000000000,2.7475587723,-0.0100501926,absorb
69300,1,0.0000000000,0.0000000000,3.7500000000,0.0000000000,exit_right
69400,1,0.0000000000,0.0000000000,1.1982927934,0.0000000000,scatter
69400,2,1.1982927934,0.0000000000,1.6035259357,2.3395892401,scatter
69400,3,1.6035259357,2.3395892401,1.0601778874,3.3550599978,scatter
69400,4,1.0601778874,3.3550599978,0.6713734902,6.2626599193,scatter
69400,5,0.6713734902,6.2626599193,0.1343397790,6.7130625025,scatter
69400,6,0.1343397790,6.7130625025,0.0000000000,6.5768975589,exit_left
69500,1,0.0000000000,0.0000000000,0.3215416723,0.0000000000,scatter
69500,2,0.3215416723,0.0000000000,0.6392507665,-0.0221586938,absorb
69600,1,0.0000000000,0.0000000000,0.9932037778,0.0000000000,scatter
69600,2,0.9932037778,0.0000000000,3.7500000000,0.9514357051,exit_right
69700,1,0.0000000000,0.0000000000,3.7500000000,0.0000000000,exit_right
69800,1,0.0000000000,0.0000000000,0.1552660340,0.0000000000,scatter
69800,2,0.1552660340,0.0000000000,0.0000000000,-0.1890016544,exit_left
69900,1,0.0000000000,0.0000000000,1.2738902990,0.0000000000,absorb
70000,1,0.0000000000,0.0000000000,1.6566883211,0.0000000000,scatter
70000,2,1.6566883211,0.0000000000,1.7214643149,-0.0086007099,scatter
70000,3,1.7214643149,-0.0086007099,1.3396736586,0.2687134736,scatter
70000,4,1.3396736586,0.2687134736,0.0000000000,-2.3999222009,exit_left
70100,1,0.0000000000,0.0000000000,2.2976991877,0.0000000000,scatter
70100,2,2.2976991877,0.0000000000,2.4619435048,0.0666714039,scatter
70100,3,2.4619435048,0.0666714039,0.4540583686,-3.3282520097,scatter
70100,4,0.4540583686,-3.3282520097,0.0829945289,-4.9235449973,scatter
70100,5,0.0829945289,-4.9235449973,0.1492703946,-4.4163798330,scatter
70100,6,0.1492703946,-4.4163798330,0.0000000000,-4.6511051391,exit_left
70200,1,0.0000000000,0.0000000000,3.7500000000,0.0000000000,exit_right
70300,1,0.0000000000,0.0000000000,3.6982283883,0.0000000000,absorb
70400,1,0.0000000000,0.0000000000,1.3632492949,0.0000000000,scatter
70400,2,1.3632492949,0.0000000000,1.4992371911,-0.1251156914,scatter
70400,3,1.4992371911,-0.1251156914,1.8864711512,0.2661856233,absorb
70500,1,0.0000000000,0.0000000000,3.0744105135,0.0000000000,absorb
70600,1,0.0000000000,0.0000000000,3.6442696884,0.0000000000,scatter
70600,2,3.6442696884,0.0000000000,3.4564960807,0.1610276515,scatter
70600,3,3.4564960807,0.1610276515,0.5616909740,0.3885654289,scatter
70600,4,0.5616909740,0.3885654289,0.0000000000,1.7125571820,exit_left
70700,1,0.0000000000,0.0000000000,2.9565101932,0.0000000000,scatter
70700,2,2.9565101932,0.0000000000,2.8012761054,0.2218882110,scatter
70700,3,2.8012761054,0.2218882110,3.7500000000,0.1359829818,exit_right
70800,1,0.0000000000,0.0000000000,0.0144663450,0.0000000000,scatter
70800,2,0.0144663450,0.0000000000,0.2056512814,-0.0314930231,absorb
70900,1,0.0000000000,0.0000000000,0.0667083071,0.0000000000,scatter
70900,2,0.0667083071,0.0000000000,0.0000000000,-0.1608019083,exit_left
71000,1,0.0000000000,0.0000000000,3.0441871318,0.0000000000,scatter
71000,2,3.0441871318,0.0000000000,0.0000000000,-2.4268735705,exit_left
71100,1,0.0000000000,0.0000000000,2.0785613378,0.0000000000,scatter
71100,2,2.0785613378,0.0000000000,3.3720353334,-0.0229126040,absorb
71200,1,0.0000000000,0.0000000000,2.1117192428,0.0000000000,scatter
71200,2,2.1117192428,0.0000000000,2.0762170624,0.0515681508,scatter
71200,3,2.0762170624,0.0515681508,0.8629179608,-0.3681805269,scatter
71200,4,0.8629179608,-0.3681805269,1.0786038236,-1.2561096446,scatter
71200,5,1.0786038236,-1.2561096446,1.0637877202,-1.1991732441,scatter
71200,6,1.0637877202,-1.1991732441,1.6739965576,-2.5645333353,scatter
71200,7,1.6739965576,-2.5645333353,1.3083130256,-2.9783069859,scatter
71200,8,1.3083130256,-2.9783069859,2.0430819369,-1.3437209362,scatter
71200,9,2.0430819369,-1.3437209362,3.7500000000,-2.5211555717,exit_right
71300,1,0.0000000000,0.0000000000,2.3003565981,0.0000000000,scatter
71300,2,2.3003565981,0.0000000000,2.9114979150,-0.3207151241,scatter
71300,3,2.9114979150,-0.3207151241,3.7500000000,1.0302482343,exit_right
71400,1,0.0000000000,0.0000000000,1.5710507999,0.0000000000,scatter
71400,2,1.5710507999,0.0000000000,1.2326648218,1.7692705315,absorb
71500,1,0.0000000000,0.0000000000,1.0647662872,0.0000000000,scatter
71500,2,1.0647662872,0.0000000000,3.7500000000,1.1192190392,exit_right
71600,1,0.0000000000,0.0000000000,0.5118945675,0.0000000000,scatter
71600,2,0.5118945675,0.0000000000,0.0000000000,1.4942548917,exit_left
71700,1,0.0000000000,0.0000000000,3.6889427293,0.0000000000,scatter
71700,2,3.6889427293,0.0000000000,3.7500000000,0.0314118373,exit_right
71800,1,0.0000000000,0.0000000000,1.8853299400,0.0000000000,absorb
71900,1,0.0000000000,0.0000000000,3.7500000000,0.0000000000,exit_right
72000,1,0.0000000000,0.0000000000,2.2380535396,0.0000000000,scatter
72000,2,2.2380535396,0.0000000000,3.5939169965,0.0875658825,scatter
72000,3,3.5939169965,0.0875658825,3.7500000000,0.1315843708,exit_right
72100,1,0.0000000000,0.0000000000,3.7500000000,0.0000000000,exit_right
72200,1,0.0000000000,0.0000000000,1.5728787739,0.0000000000,scatter
72200,2,1.5728787739,0.0000000000,2.5778766796,0.4019183313,absorb
72300,1,0.0000000000,0.0000000000,2.3939079530,0.0000000000,scatter
72300,2,2.3939079530,0.0000000000,1.6816961205,0.5175760773,scatter
72300,3,1.6816961205,0.5175760773,1.8053732549,-0.4126899235,scatter
72300,4,1.8053732549,-0.4126899235,2.6201876462,-5.9835140961,scatter
72300,5,2.6201876462,-5.9835140961,1.3272961380,-6.9763031380,absorb
72400,1,0.0000000000,0.0000000000,3.7500000000,0.0000000000,exit_right
72500,1,0.0000000000,0.0000000000,3.7500000000,0.0000000000,exit_right
72600,1,0.0000000000,0.0000000000,0.0090757023,0.0000000000,scatter
72600,2,0.0090757023,0.0000000000,0.0000000000,-0.0103751853,exit_left
72700,1,0.0000000000,0.0000000000,3.7500000000,0.0000000000,exit_right
72800,1,0.0000000000,0.0000000000,3.4315288690,0.0000000000,absorb
72900,1,0.0000000000,0.0000000000,0.0936310572,0.0000000000,scatter
72900,2,0.0936310572,0.0000000000,0.0000000000,-0.2551593659,exit_left
73000,1,0.0000000000,0.0000000000,2.4465339121,0.0000000000,scatter
73000,2,2.4465339121,0.0000000000,3.7500000000,0.5081997778,exit_right
73100,1,0.0000000000,0.0000000000,2.6243268454,0.0000000000,scatter
73100,2,2.6243268454,0.0000000000,3.6299046517,1.6211475636,scatter
73100,3,3.6299046517,1.6211475636,3.7500000000,1.4760205839,exit_right
73200,1,0.0000000000,0.0000000000,3.7500000000,0.0000000000,exit_right
73300,1,0.0000000000,0.0000000000,1.0235640474,0.0000000000,absorb
73400,1,0.0000000000,0.0000000000,0.9557099386,0.0000000000,absorb
73500,1,0.0000000000,0.0000000000,1.7304966883,0.0000000000,scatter
73500,2,1.7304966883,0.0000000000,1.7957315393,0.1719562788,absorb
73600,1,0.0000000000,0.0000000000,3.7500000000,0.0000000000,exit_right
73700,1,0.0000000000,0.0000000000,2.1306803372,0.0000000000,scatter
73700,2,2.1306803372,0.0000000000,2.0347508544,-0.0351392722,scatter
73700,3,2.0347508544,-0.0351392722,0.1049281573,0.5145304607,scatter
73700,4,0.1049281573,0.5145304607,0.0000000000,0.2426403447,exit_left
73800,1,0.0000000000,0.0000000000,1.4878108580,0.0000000000,scatter
73800,2,1.4878108580,0.0000000000,0.0000000000,-0.8766367012,exit_left
73900,1,0.0000000000,0.0000000000,3.3344289125,0.0000000000,scatter
73900,2,3.3344289125,0.0000000000,3.7500000000,0.0642222508,exit_right
74000,1,0.0000000000,0.0000000000,2.2061519281,0.0000000000,absorb
74100,1,0.0000000000,0.0000000000,1.0232233787,0.0000000000,scatter
74100,2,1.0232233787,0.0000000000,0.0000000000,0.6228423375,exit_left
74200,1,0.0000000000,0.0000000000,0.9093970958,0.0000000000,scatter
74200,2,0.9093970958,0.0000000000,2.3891378068,-2.2933877368,absorb
74300,1,0.0000000000,0.0000000000,1.4930195322,0.0000000000,scatter
74300,2,1.4930195322,0.0000000000,2.0920292437,-0.7400796443,scatter
74300,3,2.0920292437,-0.7400796443,3.0864581674,0.3905554627,scatter
74300,4,3.0864581674,0.3905554627,3.4014016514,-0.0281260132,scatter
74300,5,3.4014016514,-0.0281260132,0.0000000000,3.1600590017,exit_left
74400,1,0.0000000000,0.0000000000,2.7473709135,0.0000000000,scatter
74400,2,2.7473709135,0.0000000000,2.1957436578,-0.3569836078,scatter
74400,3,2.1957436578,-0.3569836078,2.0713228713,-0.9243944512,scatter
74400,4,2.0713228713,-0.9243944512,3.7500000000,-0.1742169000,exit_right
74500,1,0.0000000000,0.0000000000,0.4175468451,0.0000000000,scatter
74500,2,0.4175468451,0.0000000000,0.6763062755,-0.1751552865,scatter
74500,3,0.6763062755,-0.1751552865,3.2723116538,-1.6870264329,absorb
74600,1,0.0000000000,0.0000000000,2.0136736780,0.0000000000,absorb
74700,1,0.0000000000,0.0000000000,1.0578381414,0.0000000000,scatter
74700,2,1.0578381414,0.0000000000,0.3457461937,-0.0240794772,scatter
74700,3,0.3457461937,-0.0240794772,0.4363028658,0.0737403138,scatter
74700,4,0.4363028658,0.0737403138,0.0000000000,0.1435031411,exit_left
74800,1,0.0000000000,0.0000000000,2.3175232701,0.0000000000,scatter
74800,2,2.3175232701,0.0000000000,3.7500000000,-1.5370573086,exit_right
74900,1,0.0000000000,0.0000000000,0.5601105248,0.0000000000,absorb
75000,1,0.0000000000,0.0000000000,0.3865001293,0.0000000000,absorb
75100,1,0.0000000000,0.0000000000,3.7500000000,0.0000000000,exit_right
75200,1,0.0000000000,0.0000000000,0.3221232653,0.0000000000,scatter
75200,2,0.3221232653,0.0000000000,0.0000000000,-0.0382244964,exit_left
75300,1,0.0000000000,0.0000000000,1.6221788504,0.0000000000,scatter
75300,2,1.6221788504,0.0000000000,3.0451082399,-0.4890631214,scatter
75300,3,3.0451082399,-0.4890631214,3.7500000000,-1.1980452500,exit_right
75400,1,0.0000000000,0.0000000000,0.3223991758,0.0000000000,scatter
75400,2,0.3223991758,0.0000000000,2.8077737334,-2.4490279993,absorb
75500,1,0.0000000000,0.0000000000,2.6345149114,0.0000000000,scatter
75500,2,2.6345149114,0.0000000000,2.7612874318,-0.1099670011,scatter
75500,3,2.7612874318,-0.1099670011,3.7500000000,-0.5486747225,exit_right
75600,1,0.0000000000,0.0000000000,2.1304568824,0.0000000000,scatter
75600,2,2.1304568824,0.0000000000,3.7500000000,-0.6862747450,exit_right
75700,1,0.0000000000,0.0000000000,2.4221886991,0.0000000000,scatter
75700,2,2.4221886991,0.0000000000,2.0668381076,0.2038553057,scatter
75700,3,2.0668381076,0.2038553057,0.4460969868,0.1264995285,scatter
75700,4,0.4460969868,0.1264995285,1.7207039650,1.1038553432,scatter
75700,5,1.7207039650,1.1038553432,1.2894668244,0.1325482992,scatter
75700,6,1.2894668244,0.1325482992,0.3309205964,-1.7960114529,scatter
75700,7,0.3309205964,-1.7960114529,1.2161283247,-2.6034136940,scatter
75700,8,1.2161283247,-2.6034136940,0.9380078260,-2.2357928534,scatter
75700,9,0.9380078260,-2.2357928534,3.7500000000,-1.9580722095,exit_right
75800,1,0.0000000000,0.0000000000,0.7568386214,0.0000000000,absorb
75900,1,0.0000000000,0.0000000000,0.8671395768,0.0000000000,scatter
75900,2,0.8671395768,0.0000000000,0.8846798741,2.1332926640,scatter
75900,3,0.8846798741,2.1332926640,1.9200638426,1.2957284610,absorb
76000,1,0.0000000000,0.0000000000,0.0219446414,0.0000000000,scatter
76000,2,0.0219446414,0.0000000000,3.7500000000,-2.4986395851,exit_right
76100,1,0.0000000000,0.0000000000,3.1622678935,0.0000000000,scatter
76100,2,3.1622678935,0.0000000000,3.2066199167,-0.2170528019,scatter
76100,3,3.2066199167,-0.2170528019,3.7500000000,-0.9809473313,exit_right
76200,1,0.0000000000,0.0000000000,1.2129797761,0.0000000000,absorb
76300,1,0.0000000000,0.0000000000,2.8762338849,0.0000000000,scatter
76300,2,2.8762338849,0.0000000000,3.5773041641,0.1384178276,scatter
76300,3,3.5773041641,0.1384178276,3.7500000000,0.1665988961,exit_right
76400,1,0.0000000000,0.0000000000,0.4563621856,0.0000000000,scatter
76400,2,0.4563621856,0.0000000000,0.4846837891,0.0494864001,scatter
76400,3,0.4846837891,0.0494864001,0.2385810707,-0.4738052383,scatter
76400,4,0.2385810707,-0.4738052383,0.0000000000,-0.8728793468,exit_left
76500,1,0.0000000000,0.0000000000,0.3609079570,0.0000000000,scatter
76500,2,0.3609079570,0.0000000000,0.0000000000,1.2401653949,exit_left
76600,1,0.0000000000,0.0000000000,2.9009703946,0.0000000000,scatter
76600,2,2.9009703946,0.0000000000,1.2858698117,1.7755200533,absorb
76700,1,0.0000000000,0.0000000000,3.7500000000,0.0000000000,exit_right
76800,1,0.0000000000,0.0000000000,0.7173491946,0.0000000000,scatter
76800,2,0.7173491946,0.0000000000,0.0000000000,-1.9194638750,exit_left
76900,1,0.0000000000,0.0000000000,0.4922955080,0.0000000000,scatter
76900,2,0.4922955080,0.0000000000,0.4492013517,0.5057979666,scatter
76900,3,0.4492013517,0.5057979666,0.4184214231,-0.3764164499,absorb
77000,1,0.0000000000,0.0000000000,0.2020883183,0.0000000000,scatter
77000,2,0.2020883183,0.0000000000,0.0000000000,-0.4626807437,exit_left
77100,1,0.0000000000,0.0000000000,1.0393564607,0.0000000000,scatter
77100,2,1.0393564607,0.0000000000,1.0921901464,-0.3500867120,scatter
77100,3,1.0921901464,-0.3500867120,3.5417797182,-2.1030028354,absorb
77200,1,0.0000000000,0.0000000000,1.4601355087,0.0000000000,scatter
77200,2,1.4601355087,0.0000000000,0.1165379074,0.7985423081,scatter
77200,3,0.1165379074,0.7985423081,1.5945235998,0.7105620199,scatter
77200,4,1.5945235998,0.7105620199,0.0000000000,-0.1256263702,exit_left
77300,1,0.0000000000,0.0000000000,1.1272005740,0.0000000000,absorb
77400,1,0.0000000000,0.0000000000,1.0685982387,0.0000000000,scatter
77400,2,1.0685982387,0.0000000000,1.4664917520,-0.2864558748,scatter
77400,3,1.4664917520,-0.2864558748,1.2489933350,1.5937203805,scatter
77400,4,1.2489933350,1.5937203805,1.3089886356,1.7556257870,scatter
77400,5,1.3089886356,1.7556257870,2.0544226826,2.3049865952,scatter
77400,6,2.0544226826,2.3049865952,1.5994844630,3.0002529137,scatter
77400,7,1.5994844630,3.0002529137,3.7500000000,-0.4924793033,exit_right
77500,1,0.0000000000,0.0000000000,2.2241783960,0.0000000000,scatter
77500,2,2.2241783960,0.0000000000,1.8797411043,2.0688247015,scatter
77500,3,1.8797411043,2.0688247015,3.2514100410,3.0371461786,scatter
77500,4,3.2514100410,3.0371461786,3.7500000000,4.4365301003,exit_right
77600,1,0.0000000000,0.0000000000,3.1208745568,0.0000000000,scatter
77600,2,3.1208745568,0.0000000000,2.9901622035,0.6328069632,absorb
77700,1,0.0000000000,0.0000000000,0.5381688475,0.0000000000,absorb
77800,1,0.0000000000,0.0000000000,3.7500000000,0.0000000000,exit_right
77900,1,0.0000000000,0.0000000000,1.9687557765,0.0000000000,scatter
77900,2,1.9687557765,0.0000000000,2.0444260684,-0.9768969793,scatter
77900,3,2.0444260684,-0.9768969793,0.8255710595,0.3480551213,absorb
78000,1,0.0000000000,0.0000000000,1.3320992028,0.0000000000,scatter
78000,2,1.3320992028,0.0000000000,3.4825279080,1.6843730622,scatter
78000,3,3.4825279080,1.6843730622,2.0835673647,0.5418659307,scatter
78000,4,2.0835673647,0.5418659307,2.0387266225,3.1719936712,scatter
78000,5,2.0387266225,3.1719936712,2.2994649376,2.9519874447,scatter
78000,6,2.2994649376,2.9519874447,1.5002529090,0.5647017649,scatter
78000,7,1.5002529090,0.5647017649,1.0752229624,0.3462786774,scatter
78000,8,1.0752229624,0.3462786774,2.0174647958,2.3349917988,scatter
78000,9,2.0174647958,2.3349917988,2.2161425636,1.7384807642,scatter
78000,10,2.2161425636,1.7384807642,3.2178908979,2.0530913266,scatter
78000,11,3.2178908979,2.0530913266,2.6646471921,1.6605768598,absorb
78100,1,0.0000000000,0.0000000000,1.3147252211,0.0000000000,scatter
78100,2,1.3147252211,0.0000000000,0.5883734626,0.4871099857,scatter
78100,3,0.5883734626,0.4871099857,0.0000000000,-1.6203140771,exit_left
78200,1,0.0000000000,0.0000000000,1.7814701541,0.0000000000,scatter
78200,2,1.7814701541,0.0000000000,1.8020516523,-0.0090134359,scatter
78200,3,1.8020516523,-0.0090134359,2.5404345140,-0.5941601517,absorb
78300,1,0.0000000000,0.0000000000,2.0802771299,0.0000000000,scatter
78300,2,2.0802771299,0.0000000000,0.7635186272,0.4154762269,scatter
78300,3,0.7635186272,0.4154762269,2.4911316848,-2.6607139734,scatter
78300,4,2.4911316848,-2.6607139734,3.7500000000,-0.2871149744,exit_right
78400,1,0.0000000000,0.0000000000,3.1351830863,0.0000000000,scatter
78400,2,3.1351830863,0.0000000000,2.6778971002,1.8119613146,scatter
78400,3,2.6778971002,1.8119613146,2.7416702384,-0.1544735759,absorb
78500,1,0.0000000000,0.0000000000,1.0771098663,0.0000000000,scatter
78500,2,1.0771098663,0.0000000000,0.3746441380,0.2813442833,scatter
78500,3,0.3746441380,0.2813442833,0.2165721134,-0.3311756834,scatter
78500,4,0.2165721134,-0.3311756834,0.0000000000,-0.5466202052,exit_left
78600,1,0.0000000000,0.0000000000,3.1691918303,0.0000000000,scatter
78600,2,3.1691918303,0.0000000000,0.9308703565,1.4679150280,scatter
78600,3,0.9308703565,1.4679150280,0.7980729507,3.9441877414,scatter
78600,4,0.7980729507,3.9441877414,1.1657291328,4.8328497912,scatter
78600,5,1.1657291328,4.8328497912,0.7941414360,5.4284037504,scatter
78600,6,0.7941414360,5.4284037504,1.0071624416,5.3639416312,scatter
78600,7,1.0071624416,5.3639416312,0.0000000000,4.3813260188,exit_left
78700,1,0.0000000000,0.0000000000,0.7819176947,0.0000000000,scatter
78700,2,0.7819176947,0.0000000000,0.6288777873,-0.3236293286,scatter
78700,3,0.6288777873,-0.3236293286,0.6965347730,-0.4644201403,absorb
78800,1,0.0000000000,0.0000000000,3.7500000000,0.0000000000,exit_right
78900,1,0.0000000000,0.0000000000,2.8453697516,0.0000000000,scatter
78900,2,2.8453697516,0.0000000000,3.6545268568,-0.4041561442,scatter
78900,3,3.6545268568,-0.4041561442,3.7500000000,-0.4526087091,exit_right
79000,1,0.0000000000,0.0000000000,0.3596201433,0.0000000000,scatter
79000,2,0.3596201433,0.0000000000,0.0000000000,0.3811321381,exit_left
79100,1,0.0000000000,0.0000000000,3.0382685407,0.0000000000,scatter
79100,2,3.0382685407,0.0000000000,2.7919408554,-0.9730272863,scatter
79100,3,2.7919408554,-0.9730272863,3.5440848363,-1.6667681942,scatter
79100,4,3.5440848363,-1.6667681942,3.5976536184,-2.3708803202,scatter
79100,5,3.5976536184,-2.3708803202,3.1994401301,-2.5970296391,scatter
79100,6,3.1994401301,-2.5970296391,3.2312731149,-2.9783517728,scatter
79100,7,3.2312731149,-2.9783517728,2.3062336480,-2.8493599305,scatter
79100,8,2.3062336480,-2.8493599305,2.5263573326,-3.0552936301,absorb
79200,1,0.0000000000,0.0000000000,3.7500000000,0.0000000000,exit_right
79300,1,0.0000000000,0.0000000000,0.0449249391,0.0000000000,scatter
79300,2,0.0449249391,0.0000000000,0.0000000000,-0.1101200824,exit_left
79400,1,0.0000000000,0.0000000000,2.8553827655,0.0000000000,scatter
79400,2,2.8553827655,0.0000000000,0.8675103427,-0.7838486933,scatter
79400,3,0.8675103427,-0.7838486933,1.6791830985,0.8847530723,scatter
79400,4,1.6791830985,0.8847530723,0.4900216417,0.2023922228,scatter
79400,5,0.4900216417,0.2023922228,1.0755972248,0.0332542230,scatter
79400,6,1.0755972248,0.0332542230,1.4777257077,-0.8828415785,scatter
79400,7,1.4777257077,-0.8828415785,1.6838060492,-1.3979901164,scatter
79400,8,1.6838060492,-1.3979901164,2.1352428388,-3.1792587096,absorb
79500,1,0.0000000000,0.0000000000,1.1018795264,0.0000000000,scatter
79500,2,1.1018795264,0.0000000000,1.1471657949,0.1919335370,scatter
79500,3,1.1471657949,0.1919335370,0.0000000000,0.1831185878,exit_left
79600,1,0.0000000000,0.0000000000,2.6566062296,0.0000000000,scatter
79600,2,2.6566062296,0.0000000000,3.2034907530,1.2208121732,scatter
79600,3,3.2034907530,1.2208121732,0.6699562105,-1.0948512069,scatter
79600,4,0.6699562105,-1.0948512069,0.0000000000,0.0644209835,exit_left
79700,1,0.0000000000,0.0000000000,2.5284790920,0.0000000000,scatter
79700,2,2.5284790920,0.0000000000,2.7075197858,-0.2640894355,scatter
79700,3,2.7075197858,-0.2640894355,0.0000000000,0.3597555004,exit_left
79800,1,0.0000000000,0.0000000000,0.1942380813,0.0000000000,absorb
79900,1,0.0000000000,0.0000000000,0.6036057980,0.0000000000,scatter
79900,2,0.6036057980,0.0000000000,0.9122084454,-0.0675591720,scatter
79900,3,0.9122084454,-0.0675591720,1.5929922791,1.7433283718,scatter
79900,4,1.5929922791,1.7433283718,1.4964596513,0.9710851922,scatter
79900,5,1.4964596513,0.9710851922,2.7170021164,0.6994857946,scatter
79900,6,2.7170021164,0.6994857946,3.7500000000,4.4377823742,exit_right
80000,1,0.0000000000,0.0000000000,0.8566111247,0.0000000000,scatter
80000,2,0.8566111247,0.0000000000,2.5451821300,0.1696947993,absorb
80100,1,0.0000000000,0.0000000000,0.4096312019,0.0000000000,scatter
80100,2,0.4096312019,0.0000000000,0.1190138561,1.0611334374,scatter
80100,3,0.1190138561,1.0611334374,3.1188288924,-2.0707360471,absorb
80200,1,0.0000000000,0.0000000000,1.3791524380,0.0000000000,scatter
80200,2,1.3791524380,0.0000000000,1.5900492722,-0.1072746404,scatter
80200,3,1.5900492722,-0.1072746404,2.9875470096,-0.2578036888,scatter
80200,4,2.9875470096,-0.2578036888,1.7795666976,3.2847421907,scatter
80200,5,1.7795666976,3.2847421907,1.7698273525,3.2825960916,scatter
80200,6,1.7698273525,3.2825960916,1.9386978619,3.3472160908,scatter
80200,7,1.9386978619,3.3472160908,2.6155439948,4.1830446947,absorb
80300,1,0.0000000000,0.0000000000,3.7500000000,0.0000000000,exit_right
80400,1,0.0000000000,0.0000000000,3.7500000000,0.0000000000,exit_right
80500,1,0.0000000000,0.0000000000,0.2927487134,0.0000000000,scatter
80500,2,0.2927487134,0.0000000000,0.0000000000,1.8736713517,exit_left
80600,1,0.0000000000,0.0000000000,3.7500000000,0.0000000000,exit_right
80700,1,0.0000000000,0.0000000000,0.9845896084,0.0000000000,scatter
80700,2,0.9845896084,0.0000000000,0.9190278607,0.1919776035,scatter
80700,3,0.9190278607,0.1919776035,3.7500000000,-0.1675295696,exit_right
80800,1,0.0000000000,0.0000000000,3.7500000000,0.0000000000,exit_right
80900,1,0.0000000000,0.0000000000,3.7500000000,0.0000000000,exit_right
81000,1,0.0000000000,0.0000000000,0.2999359161,0.0000000000,scatter
81000,2,0.2999359161,0.0000000000,0.2509518282,0.7336482779,scatter
81000,3,0.2509518282,0.7336482779,0.0000000000,1.2835684348,exit_left
81100,1,0.0000000000,0.0000000000,0.1441075480,0.0000000000,scatter
81100,2,0.1441075480,0.0000000000,0.5550221601,0.0207899262,scatter
81100,3,0.5550221601,0.0207899262,0.0000000000,0.6414828283,exit_left
81200,1,0.0000000000,0.0000000000,1.2994156766,0.0000000000,scatter
81200,2,1.2994156766,0.0000000000,3.3551115748,2.9893083236,scatter
81200,3,3.3551115748,2.9893083236,3.2009042584,2.6827113850,scatter
81200,4,3.2009042584,2.6827113850,0.0000000000,2.3310464401,exit_left
81300,1,0.0000000000,0.0000000000,0.4281523320,0.0000000000,scatter
81300,2,0.4281523320,0.0000000000,0.6657607022,-2.2180857719,scatter
81300,3,0.6657607022,-2.2180857719,1.0266892466,-2.4403924795,scatter
81300,4,1.0266892466,-2.4403924795,0.9742105123,-2.5047796437,scatter
81300,5,0.9742105123,-2.5047796437,0.0000000000,-2.4884241841,exit_left
81400,1,0.0000000000,0.0000000000,0.1750780552,0.0000000000,scatter
81400,2,0.1750780552,0.0000000000,3.7500000000,-1.2913458606,exit_right
81500,1,0.0000000000,0.0000000000,3.7500000000,0.0000000000,exit_right
81600,1,0.0000000000,0.0000000000,2.6879582477,0.0000000000,scatter
81600,2,2.6879582477,0.0000000000,3.7500000000,0.1291470040,exit_right
81700,1,0.0000000000,0.0000000000,2.4024326917,0.0000000000,scatter
81700,2,2.4024326917,0.0000000000,2.2835240300,0.3766455516,absorb
81800,1,0.0000000000,0.0000000000,3.7500000000,0.0000000000,exit_right
81900,1,0.0000000000,0.0000000000,1.7871445176,0.0000000000,scatter
81900,2,1.7871445176,0.0000000000,0.0000000000,-0.4145296164,exit_left
82000,1,0.0000000000,0.0000000000,0.3423956402,0.0000000000,scatter
82000,2,0.3423956402,0.0000000000,0.0000000000,-0.8331296947,exit_left
82100,1,0.0000000000,0.0000000000,3.7500000000,0.0000000000,exit_right
82200,1,0.0000000000,0.0000000000,2.5933713905,0.0000000000,scatter
82200,2,2.5933713905,0.0000000000,1.5719714772,-0.1942872148,scatter
82200,3,1.5719714772,-0.1942872148,2.0445044847,2.4379759841,scatter
82200,4,2.0445044847,2.4379759841,1.5176570715,3.1697892367,scatter
82200,5,1.5176570715,3.1697892367,0.0000000000,3.2158610718,exit_left
82300,1,0.0000000000,0.0000000000,3.7500000000,0.0000000000,exit_right
82400,1,0.0000000000,0.0000000000,0.2347128276,0.0000000000,scatter
82400,2,0.2347128276,0.0000000000,0.2897916158,-1.5794290789,scatter
82400,3,0.2897916158,-1.5794290789,0.2922364837,-1.6207037688,scatter
82400,4,0.2922364837,-1.6207037688,0.0000000000,-1.0450001271,exit_left
82500,1,0.0000000000,0.0000000000,0.9430926755,0.0000000000,scatter
82500,2,0.9430926755,0.0000000000,0.0000000000,-1.0926160252,exit_left
82600,1,0.0000000000,0.0000000000,0.9971377554,0.0000000000,scatter
82600,2,0.9971377554,0.0000000000,1.1222358478,0.1125767938,scatter
82600,3,1.1222358478,0.1125767938,0.0000000000,0.0418853357,exit_left
82700,1,0.0000000000,0.0000000000,1.3999453270,0.0000000000,absorb
82800,1,0.0000000000,0.0000000000,0.6557848519,0.0000000000,absorb
82900,1,0.0000000000,0.0000000000,3.7500000000,0.0000000000,exit_right
83000,1,0.0000000000,0.0000000000,3.7500000000,0.0000000000,exit_right
83100,1,0.0000000000,0.0000000000,1.2052745414,0.0000000000,scatter
83100,2,1.2052745414,0.0000000000,1.3422180003,0.3293224761,scatter
83100,3,1.3422180003,0.3293224761,3.1941663081,0.1659290676,scatter
83100,4,3.1941663081,0.1659290676,2.0205131673,0.3569193179,scatter
83100,5,2.0205131673,0.3569193179,0.6380158084,1.6339992940,scatter
83100,6,0.6380158084,1.6339992940,0.4959513626,2.8696531506,scatter
83100,7,0.4959513626,2.8696531506,3.6746320887,4.1235817568,scatter
83100,8,3.6746320887,4.1235817568,3.7500000000,4.1791651866,exit_right
83200,1,0.0000000000,0.0000000000,3.4175126391,0.0000000000,scatter
83200,2,3.4175126391,0.0000000000,3.7500000000,-1.9720054735,exit_right
83300,1,0.0000000000,0.0000000000,3.7500000000,0.0000000000,exit_right
83400,1,0.0000000000,0.0000000000,0.0142842854,0.0000000000,absorb
83500,1,0.0000000000,0.0000000000,3.7500000000,0.0000000000,exit_right
83600,1,0.0000000000,0.0000000000,0.0029426704,0.0000000000,scatter
83600,2,0.0029426704,0.0000000000,0.0000000000,-0.0048273530,exit_left
83700,1,0.0000000000,0.0000000000,3.7500000000,0.0000000000,exit_right
83800,1,0.0000000000,0.0000000000,3.7500000000,0.0000000000,exit_right
83900,1,0.0000000000,0.0000000000,1.0420652898,0.0000000000,scatter
83900,2,1.0420652898,0.0000000000,1.4085395741,0.1731888676,scatter
83900,3,1.4085395741,0.1731888676,1.6694081321,0.4368267867,scatter
83900,4,1.6694081321,0.4368267867,0.5282994601,-0.0708107632,scatter
83900,5,0.5282994601,-0.0708107632,0.0000000000,1.0664829589,exit_left
84000,1,0.0000000000,0.0000000000,1.6022445468,0.0000000000,scatter
84000,2,1.6022445468,0.0000000000,0.5773988707,0.6770076799,scatter
84000,3,0.5773988707,0.6770076799,0.7232882960,0.9894613737,scatter
84000,4,0.7232882960,0.9894613737,0.6332877770,1.1418300625,scatter
84000,5,0.6332877770,1.1418300625,0.5432668494,1.2515194351,scatter
84000,6,0.5432668494,1.2515194351,2.0310624777,-0.1897083897,scatter
84000,7,2.0310624777,-0.1897083897,0.1540323463,-1.8373003244,scatter
84000,8,0.1540323463,-1.8373003244,0.0000000000,-2.3569730923,exit_left
84100,1,0.0000000000,0.0000000000,0.2798201856,0.0000000000,scatter
84100,2,0.2798201856,0.0000000000,0.0000000000,0.2619698725,exit_left
84200,1,0.0000000000,0.0000000000,1.4360865379,0.0000000000,scatter
84200,2,1.4360865379,0.0000000000,3.7500000000,-1.0401707742,exit_right
84300,1,0.0000000000,0.0000000000,0.5085349805,0.0000000000,scatter
84300,2,0.5085349805,0.0000000000,3.7500000000,0.6470500550,exit_right
84400,1,0.0000000000,0.0000000000,1.4711812490,0.0000000000,scatter
84400,2,1.4711812490,0.0000000000,0.0000000000,0.1955267940,exit_left
84500,1,0.0000000000,0.0000000000,2.3946280185,0.0000000000,scatter
84500,2,2.3946280185,0.0000000000,3.7500000000,-0.5222045805,exit_right
84600,1,0.0000000000,0.0000000000,1.3191701976,0.0000000000,absorb
84700,1,0.0000000000,0.0000000000,3.7500000000,0.0000000000,exit_right
84800,1,0.0000000000,0.0000000000,0.6394083088,0.0000000000,scatter
84800,2,0.6394083088,0.0000000000,0.2691559353,-0.7152475768,scatter
84800,3,0.2691559353,-0.7152475768,0.0000000000,-0.6055784411,exit_left
84900,1,0.0000000000,0.0000000000,1.1998580447,0.0000000000,scatter
84900,2,1.1998580447,0.0000000000,0.5312909546,1.6447672578,scatter
84900,3,0.5312909546,1.6447672578,1.5888191937,-0.8280022411,scatter
84900,4,1.5888191937,-0.8280022411,1.4341220458,-0.8274621383,scatter
84900,5,1.4341220458,-0.8274621383,2.5133382228,-1.0302009745,scatter
84900,6,2.5133382228,-1.0302009745,2.9666162367,-2.9709250782,scatter
84900,7,2.9666162367,-2.9709250782,1.9864326149,-5.1171683596,scatter
84900,8,1.9864326149,-5.1171683596,0.3208573598,-4.6186470113,scatter
84900,9,0.3208573598,-4.6186470113,0.0000000000,-4.3821334166,exit_left
85000,1,0.0000000000,0.0000000000,0.1882372301,0.0000000000,scatter
85000,2,0.1882372301,0.0000000000,3.7500000000,-1.1654309812,exit_right
85100,1,0.0000000000,0.0000000000,1.6932687551,0.0000000000,scatter
85100,2,1.6932687551,0.0000000000,1.9237973218,-0.1547337742,scatter
85100,3,1.9237973218,-0.1547337742,0.0000000000,-0.1822420401,exit_left
85200,1,0.0000000000,0.0000000000,0.5524414016,0.0000000000,scatter
85200,2,0.5524414016,0.0000000000,0.5762133970,-0.0552904286,scatter
85200,3,0.5762133970,-0.0552904286,0.2468148600,0.2810016173,scatter
85200,4,0.2468148600,0.2810016173,0.3210871065,1.2019896314,scatter
85200,5,0.3210871065,1.2019896314,2.4675859874,0.4703820800,absorb
85300,1,0.0000000000,0.0000000000,0.5220615126,0.0000000000,scatter
85300,2,0.5220615126,0.0000000000,2.9712724542,0.4793114449,scatter
85300,3,2.9712724542,0.4793114449,3.7500000000,0.1224361304,exit_right
85400,1,0.0000000000,0.0000000000,2.6234368289,0.0000000000,scatter
85400,2,2.6234368289,0.0000000000,3.3509014625,-0.2990819564,scatter
85400,3,3.3509014625,-0.2990819564,3.3920218465,-0.1459384869,scatter
85400,4,3.3920218465,-0.1459384869,3.5598853341,-0.0947299521,scatter
85400,5,3.5598853341,-0.0947299521,3.7500000000,-0.0728172269,exit_right
85500,1,0.0000000000,0.0000000000,2.9067489928,0.0000000000,absorb
85600,1,0.0000000000,0.0000000000,0.6148959611,0.0000000000,absorb
85700,1,0.0000000000,0.0000000000,3.1851887339,0.0000000000,scatter
85700,2,3.1851887339,0.0000000000,3.7500000000,0.2111249008,exit_right
85800,1,0.0000000000,0.0000000000,3.7500000000,0.0000000000,exit_right
85900,1,0.0000000000,0.0000000000,0.4375678830,0.0000000000,scatter
85900,2,0.4375678830,0.0000000000,2.3086533856,0.4417067375,scatter
85900,3,2.3086533856,0.4417067375,0.5080827867,0.7632013505,scatter
85900,4,0.5080827867,0.7632013505,0.0000000000,0.8503639398,exit_left
86000,1,0.0000000000,0.0000000000,1.1484354880,0.0000000000,scatter
86000,2,1.1484354880,0.0000000000,1.4176372079,0.4549714678,scatter
86000,3,1.4176372079,0.4549714678,2.8214225069,1.7376216106,scatter
86000,4,2.8214225069,1.7376216106,3.3237017255,1.1032188830,scatter
86000,5,3.3237017255,1.1032188830,3.0219664962,-0.4688318916,scatter
86000,6,3.0219664962,-0.4688318916,3.0510519029,-0.3273042465,scatter
86000,7,3.0510519029,-0.3273042465,2.8607995259,-0.3419690638,scatter
86000,8,2.8607995259,-0.3419690638,0.3742910469,-0.7876550033,scatter
86000,9,0.3742910469,-0.7876550033,0.0000000000,-1.1462943664,exit_left
86100,1,0.0000000000,0.0000000000,0.8272433272,0.0000000000,scatter
86100,2,0.8272433272,0.0000000000,1.1917143833,-0.4730221327,scatter
86100,3,1.1917143833,-0.4730221327,1.2286889569,-0.4130989263,scatter
86100,4,1.2286889569,-0.4130989263,3.7500000000,-1.1431017291,exit_right
86200,1,0.0000000000,0.0000000000,1.6441488681,0.0000000000,absorb
86300,1,0.0000000000,0.0000000000,2.9390410849,0.0000000000,scatter
86300,2,2.9390410849,0.0000000000,1.2537142031,-0.7631022169,scatter
86300,3,1.2537142031,-0.7631022169,0.9826037872,-0.9649721377,scatter
86300,4,0.9826037872,-0.9649721377,0.8331702434,-0.0959537575,scatter
86300,5,0.8331702434,-0.0959537575,1.0982021876,0.6338065348,scatter
86300,6,1.0982021876,0.6338065348,0.8868202013,0.4805002722,absorb
86400,1,0.0000000000,0.0000000000,3.7500000000,0.0000000000,exit_right
86500,1,0.0000000000,0.0000000000,0.7159012450,0.0000000000,scatter
86500,2,0.7159012450,0.0000000000,0.4542670920,-0.0434271195,scatter
86500,3,0.4542670920,-0.0434271195,1.5631858077,-3.6617854272,scatter
86500,4,1.5631858077,-3.6617854272,1.3464540785,-4.6064783089,scatter
86500,5,1.3464540785,-4.6064783089,0.0000000000,-5.2416868066,exit_left
86600,1,0.0000000000,0.0000000000,1.7355272891,0.0000000000,scatter
86600,2,1.7355272891,0.0000000000,1.7215106497,-0.4349668118,scatter
86600,3,1.7215106497,-0.4349668118,1.6840067170,-0.4610964146,scatter
86600,4,1.6840067170,-0.4610964146,2.8224759384,-0.4615825804,absorb
86700,1,0.0000000000,0.0000000000,2.8099545421,0.0000000000,scatter
86700,2,2.8099545421,0.0000000000,3.0262416350,-0.6569203650,scatter
86700,3,3.0262416350,-0.6569203650,3.6657224846,-0.0918854551,absorb
86800,1,0.0000000000,0.0000000000,0.1075729339,0.0000000000,scatter
86800,2,0.1075729339,0.0000000000,0.5233621095,-0.8442321857,absorb
86900,1,0.0000000000,0.0000000000,1.5469052878,0.0000000000,scatter
86900,2,1.5469052878,0.0000000000,1.5398048254,-0.0529079715,absorb
87000,1,0.0000000000,0.0000000000,0.0646692576,0.0000000000,absorb
87100,1,0.0000000000,0.0000000000,0.7827771726,0.0000000000,scatter
87100,2,0.7827771726,0.0000000000,2.3964630879,3.7276293852,scatter
87100,3,2.3964630879,3.7276293852,2.2825073498,3.6823756510,scatter
87100,4,2.2825073498,3.6823756510,2.0236031893,4.1116853098,scatter
87100,5,2.0236031893,4.1116853098,1.9946875536,3.5135457395,scatter
87100,6,1.9946875536,3.5135457395,0.6732204224,3.6803813942,scatter
87100,7,0.6732204224,3.6803813942,0.4581011632,2.1413586616,scatter
87100,8,0.4581011632,2.1413586616,0.0000000000,2.2351835022,exit_left
87200,1,0.0000000000,0.0000000000,2.1782452727,0.0000000000,scatter
87200,2,2.1782452727,0.0000000000,2.2376475427,0.2029761286,absorb
87300,1,0.0000000000,0.0000000000,2.3885811881,0.0000000000,scatter
87300,2,2.3885811881,0.0000000000,2.8022295921,0.1115197334,scatter
87300,3,2.8022295921,0.1115197334,2.7026879090,0.1832977566,scatter
87300,4,2.7026879090,0.1832977566,3.7500000000,0.3549693291,exit_right
87400,1,0.0000000000,0.0000000000,3.3148131850,0.0000000000,scatter
87400,2,3.3148131850,0.0000000000,2.9820636525,-0.1549093763,scatter
87400,3,2.9820636525,-0.1549093763,3.7500000000,0.6614237255,exit_right
87500,1,0.0000000000,0.0000000000,0.6000111234,0.0000000000,scatter
87500,2,0.6000111234,0.0000000000,0.0000000000,-0.0641640263,exit_left
87600,1,0.0000000000,0.0000000000,3.7500000000,0.0000000000,exit_right
87700,1,0.0000000000,0.0000000000,0.3938701902,0.0000000000,scatter
87700,2,0.3938701902,0.0000000000,3.3320850586,4.1778721876,scatter
87700,3,3.3320850586,4.1778721876,2.9931142368,4.0513768924,absorb
87800,1,0.0000000000,0.0000000000,3.7500000000,0.0000000000,exit_right
87900,1,0.0000000000,0.0000000000,0.3814254012,0.0000000000,scatter
87900,2,0.3814254012,0.0000000000,0.4525444973,0.3791390255,scatter
87900,3,0.4525444973,0.3791390255,1.1192851499,0.2973441608,scatter
87900,4,1.1192851499,0.2973441608,3.1629412163,-1.1679208703,absorb
88000,1,0.0000000000,0.0000000000,2.2016895898,0.0000000000,absorb
88100,1,0.0000000000,0.0000000000,3.2625122539,0.0000000000,absorb
88200,1,0.0000000000,0.0000000000,1.8868914967,0.0000000000,scatter
88200,2,1.8868914967,0.0000000000,1.9724562659,-0.0339082913,absorb
88300,1,0.0000000000,0.0000000000,2.7151266721,0.0000000000,scatter
88300,2,2.7151266721,0.0000000000,1.3328430326,-0.2444283428,scatter
88300,3,1.3328430326,-0.2444283428,0.0000000000,-1.7410505288,exit_left
88400,1,0.0000000000,0.0000000000,2.5205922271,0.0000000000,scatter
88400,2,2.5205922271,0.0000000000,0.0000000000,-1.3782236925,exit_left
88500,1,0.0000000000,0.0000000000,1.2194104270,0.0000000000,absorb
88600,1,0.0000000000,0.0000000000,3.7500000000,0.0000000000,exit_right
88700,1,0.0000000000,0.0000000000,0.7821597003,0.0000000000,scatter
88700,2,0.7821597003,0.0000000000,3.7500000000,-1.5356858543,exit_right
88800,1,0.0000000000,0.0000000000,0.0520695345,0.0000000000,scatter
88800,2,0.0520695345,0.0000000000,0.0720786565,0.1266248762,scatter
88800,3,0.0720786565,0.1266248762,3.0808775181,2.1736839265,scatter
88800,4,3.0808775181,2.1736839265,3.7500000000,2.6818771025,exit_right
88900,1,0.0000000000,0.0000000000,0.8949338389,0.0000000000,scatter
88900,2,0.8949338389,0.0000000000,1.8976941003,-2.7879202686,scatter
88900,3,1.8976941003,-2.7879202686,1.5285049507,-2.9610287295,scatter
88900,4,1.5285049507,-2.9610287295,0.1340956767,-4.7550352189,scatter
88900,5,0.1340956767,-4.7550352189,1.3530066040,-5.3931135654,absorb
89000,1,0.0000000000,0.0000000000,3.7434329941,0.0000000000,scatter
89000,2,3.7434329941,0.0000000000,3.7500000000,0.0365390963,exit_right
89100,1,0.0000000000,0.0000000000,0.2886872769,0.0000000000,absorb
89200,1,0.0000000000,0.0000000000,2.2232488617,0.0000000000,scatter
89200,2,2.2232488617,0.0000000000,2.0274177421,-0.2934958745,scatter
89200,3,2.0274177421,-0.2934958745,1.1182774531,0.7801805190,scatter
89200,4,1.1182774531,0.7801805190,0.4782835062,0.0859386653,absorb
89300,1,0.0000000000,0.0000000000,0.3213576513,0.0000000000,scatter
89300,2,0.3213576513,0.0000000000,3.7500000000,4.1245569618,exit_right
89400,1,0.0000000000,0.0000000000,1.8088988553,0.0000000000,scatter
89400,2,1.8088988553,0.0000000000,2.6344039126,0.9185726089,scatter
89400,3,2.6344039126,0.9185726089,2.7131856793,0.9657426119,scatter
89400,4,2.7131856793,0.9657426119,3.3242956462,2.4288674842,scatter
89400,5,3.3242956462,2.4288674842,3.7131890610,3.9264489322,scatter
89400,6,3.7131890610,3.9264489322,2.7777046427,7.4141941608,scatter
89400,7,2.7777046427,7.4141941608,3.7500000000,8.0039751227,exit_right
89500,1,0.0000000000,0.0000000000,2.8177189750,0.0000000000,absorb
89600,1,0.0000000000,0.0000000000,2.8843487962,0.0000000000,scatter
89600,2,2.8843487962,0.0000000000,1.4951687422,-2.2179387289,absorb
89700,1,0.0000000000,0.0000000000,0.6504301710,0.0000000000,scatter
89700,2,0.6504301710,0.0000000000,1.7196313224,1.2187989191,scatter
89700,3,1.7196313224,1.2187989191,1.7474670394,1.3807931519,scatter
89700,4,1.7474670394,1.3807931519,0.2503878544,1.4510389436,scatter
89700,5,0.2503878544,1.4510389436,0.0000000000,1.4815603827,exit_left
89800,1,0.0000000000,0.0000000000,1.3730302436,0.0000000000,scatter
89800,2,1.3730302436,0.0000000000,1.2132470724,-0.2486591664,scatter
89800,3,1.2132470724,-0.2486591664,0.2104400198,0.9696406647,scatter
89800,4,0.2104400198,0.9696406647,3.0518735802,-2.8225948594,scatter
89800,5,3.0518735802,-2.8225948594,0.5057030190,-4.3247781842,absorb
89900,1,0.0000000000,0.0000000000,1.3628054991,0.0000000000,scatter
89900,2,1.3628054991,0.0000000000,0.0000000000,-0.8251357291,exit_left
90000,1,0.0000000000,0.0000000000,0.1822087368,0.0000000000,scatter
90000,2,0.1822087368,0.0000000000,0.1574515266,0.1777365561,scatter
90000,3,0.1574515266,0.1777365561,0.0000000000,-0.6789576000,exit_left
90100,1,0.0000000000,0.0000000000,1.7542979690,0.0000000000,scatter
90100,2,1.7542979690,0.0000000000,1.8325548504,-1.6719164141,scatter
90100,3,1.8325548504,-1.6719164141,1.8784483300,-1.6905966492,absorb
90200,1,0.0000000000,0.0000000000,0.4356498025,0.0000000000,scatter
90200,2,0.4356498025,0.0000000000,2.6890766024,-1.0439720950,absorb
90300,1,0.0000000000,0.0000000000,1.4778099436,0.0000000000,scatter
90300,2,1.4778099436,0.0000000000,0.0000000000,1.1450223466,exit_left
90400,1,0.0000000000,0.0000000000,3.7500000000,0.0000000000,exit_right
90500,1,0.0000000000,0.0000000000,3.1072488271,0.0000000000,absorb
90600,1,0.0000000000,0.0000000000,3.7500000000,0.0000000000,exit_right
90700,1,0.0000000000,0.0000000000,3.6767165536,0.0000000000,scatter
90700,2,3.6767165536,0.0000000000,3.7497646898,0.6379072721,scatter
90700,3,3.7497646898,0.6379072721,3.7500000000,0.6375138465,exit_right
90800,1,0.0000000000,0.0000000000,3.2115758951,0.0000000000,absorb
90900,1,0.0000000000,0.0000000000,2.9902383045,0.0000000000,scatter
90900,2,2.9902383045,0.0000000000,3.2531943209,0.3446679677,scatter
90900,3,3.2531943209,0.3446679677,0.0000000000,4.0899399562,exit_left
91000,1,0.0000000000,0.0000000000,1.4664597627,0.0000000000,scatter
91000,2,1.4664597627,0.0000000000,0.0000000000,0.5560425653,exit_left
91100,1,0.0000000000,0.0000000000,0.6731553177,0.0000000000,scatter
91100,2,0.6731553177,0.0000000000,0.9055730054,0.8558835138,scatter
91100,3,0.9055730054,0.8558835138,0.4360388263,0.8721171571,absorb
91200,1,0.0000000000,0.0000000000,0.1979344288,0.0000000000,scatter
91200,2,0.1979344288,0.0000000000,0.6136236656,-1.7084690136,scatter
91200,3,0.6136236656,-1.7084690136,0.7150620752,-1.7411599255,scatter
91200,4,0.7150620752,-1.7411599255,1.7694199898,-3.0591172954,scatter
91200,5,1.7694199898,-3.0591172954,0.0000000000,-7.6514373074,exit_left
91300,1,0.0000000000,0.0000000000,0.2392698625,0.0000000000,scatter
91300,2,0.2392698625,0.0000000000,2.2382476964,-0.8314964114,absorb
91400,1,0.0000000000,0.0000000000,3.7500000000,0.0000000000,exit_right
91500,1,0.0000000000,0.0000000000,0.9579740384,0.0000000000,scatter
91500,2,0.9579740384,0.0000000000,0.5332905608,0.5811748765,scatter
91500,3,0.5332905608,0.5811748765,0.5092381982,0.5802346966,absorb
91600,1,0.0000000000,0.0000000000,3.7500000000,0.0000000000,exit_right
91700,1,0.0000000000,0.0000000000,0.9601438968,0.0000000000,absorb
91800,1,0.0000000000,0.0000000000,1.0152285566,0.0000000000,scatter
91800,2,1.0152285566,0.0000000000,0.4358195624,3.1725319176,scatter
91800,3,0.4358195624,3.1725319176,0.7618021449,3.4558986344,scatter
91800,4,0.7618021449,3.4558986344,0.0000000000,5.5642397419,exit_left
91900,1,0.0000000000,0.0000000000,0.0807395767,0.0000000000,scatter
91900,2,0.0807395767,0.0000000000,0.7431081900,3.2219173417,scatter
91900,3,0.7431081900,3.2219173417,0.0000000000,2.6329082754,exit_left
92000,1,0.0000000000,0.0000000000,0.0125288751,0.0000000000,absorb
92100,1,0.0000000000,0.0000000000,1.4995771657,0.0000000000,scatter
92100,2,1.4995771657,0.0000000000,3.7500000000,0.1092468754,exit_right
92200,1,0.0000000000,0.0000000000,0.6328460621,0.0000000000,scatter
92200,2,0.6328460621,0.0000000000,3.0745863560,1.6379594142,scatter
92200,3,3.0745863560,1.6379594142,3.1020857077,1.1056698102,scatter
92200,4,3.1020857077,1.1056698102,2.5539366716,1.0768958134,scatter
92200,5,2.5539366716,1.0768958134,3.7500000000,-0.7163800680,exit_right
92300,1,0.0000000000,0.0000000000,0.7253233697,0.0000000000,scatter
92300,2,0.7253233697,0.0000000000,0.0000000000,0.4639462125,exit_left
92400,1,0.0000000000,0.0000000000,0.4350001979,0.0000000000,scatter
92400,2,0.4350001979,0.0000000000,0.0000000000,0.2633818319,exit_left
92500,1,0.0000000000,0.0000000000,0.1002630937,0.0000000000,scatter
92500,2,0.1002630937,0.0000000000,0.0000000000,-0.0445825612,exit_left
92600,1,0.0000000000,0.0000000000,2.6799673157,0.0000000000,absorb
92700,1,0.0000000000,0.0000000000,3.3604162485,0.0000000000,scatter
92700,2,3.3604162485,0.0000000000,3.7500000000,-0.0281962368,exit_right
92800,1,0.0000000000,0.0000000000,0.3729096326,0.0000000000,absorb
92900,1,0.0000000000,0.0000000000,1.3774512120,0.0000000000,scatter
92900,2,1.3774512120,0.0000000000,1.8899371889,0.9226772806,scatter
92900,3,1.8899371889,0.9226772806,3.7500000000,0.0080960482,exit_right
93000,1,0.0000000000,0.0000000000,1.2668272416,0.0000000000,scatter
93000,2,1.2668272416,0.0000000000,2.7414686884,0.8063215276,scatter
93000,3,2.7414686884,0.8063215276,3.7500000000,1.9026857549,exit_right
93100,1,0.0000000000,0.0000000000,0.2207400536,0.0000000000,scatter
93100,2,0.2207400536,0.0000000000,0.0000000000,-0.3384791343,exit_left
93200,1,0.0000000000,0.0000000000,0.8188217367,0.0000000000,scatter
93200,2,0.8188217367,0.0000000000,0.9241124171,0.3103422843,absorb
93300,1,0.0000000000,0.0000000000,1.3935530374,0.0000000000,scatter
93300,2,1.3935530374,0.0000000000,2.5742264164,2.9068902358,scatter
93300,3,2.5742264164,2.9068902358,3.7500000000,2.5925803742,exit_right
93400,1,0.0000000000,0.0000000000,1.1577600971,0.0000000000,scatter
93400,2,1.1577600971,0.0000000000,2.6643424048,4.2320492582,scatter
93400,3,2.6643424048,4.2320492582,2.6047650073,4.8041991507,scatter
93400,4,2.6047650073,4.8041991507,3.7500000000,4.5969727740,exit_right
93500,1,0.0000000000,0.0000000000,0.9872375510,0.0000000000,scatter
93500,2,0.9872375510,0.0000000000,0.0000000000,-0.7281141435,exit_left
93600,1,0.0000000000,0.0000000000,0.0434029158,0.0000000000,scatter
93600,2,0.0434029158,0.0000000000,0.0000000000,-0.1766948443,exit_left
93700,1,0.0000000000,0.0000000000,1.0650274979,0.0000000000,scatter
93700,2,1.0650274979,0.0000000000,2.8386805522,-0.6595453873,scatter
93700,3,2.8386805522,-0.6595453873,2.9155218049,-0.9002618735,scatter
93700,4,2.9155218049,-0.9002618735,3.7385730348,-0.6266485233,scatter
93700,5,3.7385730348,-0.6266485233,3.4297766327,-0.0796353231,absorb
93800,1,0.0000000000,0.0000000000,0.1720001807,0.0000000000,scatter
93800,2,0.1720001807,0.0000000000,0.1297164952,0.0231440864,scatter
93800,3,0.1297164952,0.0231440864,0.0000000000,0.0870862618,exit_left
93900,1,0.0000000000,0.0000000000,0.4181643156,0.0000000000,scatter
93900,2,0.4181643156,0.0000000000,0.4190911041,0.0127616451,absorb
94000,1,0.0000000000,0.0000000000,1.4343467520,0.0000000000,absorb
94100,1,0.0000000000,0.0000000000,3.2141981883,0.0000000000,scatter
94100,2,3.2141981883,0.0000000000,1.3890025006,5.2780996484,scatter
94100,3,1.3890025006,5.2780996484,0.3239320972,1.2292077358,scatter
94100,4,0.3239320972,1.2292077358,0.0000000000,0.4920748046,exit_left
94200,1,0.0000000000,0.0000000000,0.9585712480,0.0000000000,scatter
94200,2,0.9585712480,0.0000000000,3.7500000000,-0.9795637453,exit_right
94300,1,0.0000000000,0.0000000000,1.0265315948,0.0000000000,scatter
94300,2,1.0265315948,0.0000000000,0.0000000000,-0.9153865081,exit_left
94400,1,0.0000000000,0.0000000000,0.6720074561,0.0000000000,absorb
94500,1,0.0000000000,0.0000000000,3.7500000000,0.0000000000,exit_right
94600,1,0.0000000000,0.0000000000,0.6849210706,0.0000000000,scatter
94600,2,0.6849210706,0.0000000000,1.2514253473,-0.4545342992,absorb
94700,1,0.0000000000,0.0000000000,3.7500000000,0.0000000000,exit_right
94800,1,0.0000000000,0.0000000000,2.4694171859,0.0000000000,scatter
94800,2,2.4694171859,0.0000000000,3.7500000000,-0.5926428062,exit_right
94900,1,0.0000000000,0.0000000000,0.3242958737,0.0000000000,scatter
94900,2,0.3242958737,0.0000000000,1.6947425024,-8.0493300152,absorb
95000,1,0.0000000000,0.0000000000,0.2999408619,0.0000000000,scatter
95000,2,0.2999408619,0.0000000000,0.2586961868,1.6630132746,scatter
95000,3,0.2586961868,1.6630132746,0.0861596800,3.0987760240,scatter
95000,4,0.0861596800,3.0987760240,0.0000000000,3.0655794422,exit_left
95100,1,0.0000000000,0.0000000000,0.0556085422,0.0000000000,scatter
95100,2,0.0556085422,0.0000000000,0.0000000000,0.1649764244,exit_left
95200,1,0.0000000000,0.0000000000,1.3111268387,0.0000000000,scatter
95200,2,1.3111268387,0.0000000000,0.0564842693,-0.0514366423,scatter
95200,3,0.0564842693,-0.0514366423,0.0000000000,0.3368648863,exit_left
95300,1,0.0000000000,0.0000000000,2.1458883149,0.0000000000,scatter
95300,2,2.1458883149,0.0000000000,2.3876809320,1.1649790798,scatter
95300,3,2.3876809320,1.1649790798,2.3565257388,1.3507049100,absorb
95400,1,0.0000000000,0.0000000000,0.5879636892,0.0000000000,scatter
95400,2,0.5879636892,0.0000000000,0.9085998941,0.9551470950,scatter
95400,3,0.9085998941,0.9551470950,0.0000000000,0.5438206414,exit_left
95500,1,0.0000000000,0.0000000000,0.1626209810,0.0000000000,scatter
95500,2,0.1626209810,0.0000000000,0.1500659262,-0.0044299599,scatter
95500,3,0.1500659262,-0.0044299599,0.0000000000,0.4804541800,exit_left
95600,1,0.0000000000,0.0000000000,3.7500000000,0.0000000000,exit_right
95700,1,0.0000000000,0.0000000000,3.7500000000,0.0000000000,exit_right
95800,1,0.0000000000,0.0000000000,0.4863402827,0.0000000000,scatter
95800,2,0.4863402827,0.0000000000,0.9766343866,0.7628484062,scatter
95800,3,0.9766343866,0.7628484062,0.0000000000,-0.1895658354,exit_left
95900,1,0.0000000000,0.0000000000,3.7500000000,0.0000000000,exit_right
96000,1,0.0000000000,0.0000000000,0.8330641498,0.0000000000,scatter
96000,2,0.8330641498,0.0000000000,1.0065690333,-1.0695735959,scatter
96000,3,1.0065690333,-1.0695735959,2.2304947871,2.0005421518,scatter
96000,4,2.2304947871,2.0005421518,3.5192189456,2.4985177636,scatter
96000,5,3.5192189456,2.4985177636,3.7500000000,1.8691230540,exit_right
96100,1,0.0000000000,0.0000000000,0.0882082815,0.0000000000,scatter
96100,2,0.0882082815,0.0000000000,0.0000000000,-0.0594494779,exit_left
96200,1,0.0000000000,0.0000000000,0.3738965002,0.0000000000,scatter
96200,2,0.3738965002,0.0000000000,0.9882594084,-1.6018820093,scatter
96200,3,0.9882594084,-1.6018820093,0.9207146351,-1.5056890030,scatter
96200,4,0.9207146351,-1.5056890030,1.3268517163,1.0738123219,scatter
96200,5,1.3268517163,1.0738123219,3.7500000000,3.1226088585,exit_right
96300,1,0.0000000000,0.0000000000,2.4483102435,0.0000000000,scatter
96300,2,2.4483102435,0.0000000000,2.5290299715,0.2713806647,absorb
96400,1,0.0000000000,0.0000000000,2.6107604919,0.0000000000,scatter
96400,2,2.6107604919,0.0000000000,1.0579570478,-1.7501923734,scatter
96400,3,1.0579570478,-1.7501923734,0.0000000000,-1.7837065321,exit_left
96500,1,0.0000000000,0.0000000000,3.7164723977,0.0000000000,scatter
96500,2,3.7164723977,0.0000000000,3.7500000000,-0.0031961453,exit_right
96600,1,0.0000000000,0.0000000000,0.2816975847,0.0000000000,scatter
96600,2,0.2816975847,0.0000000000,0.0000000000,0.3926783012,exit_left
96700,1,0.0000000000,0.0000000000,3.7500000000,0.0000000000,exit_right
96800,1,0.0000000000,0.0000000000,1.6609502491,0.0000000000,scatter
96800,2,1.6609502491,0.0000000000,0.0000000000,0.9227510004,exit_left
96900,1,0.0000000000,0.0000000000,3.2687043303,0.0000000000,scatter
96900,2,3.2687043303,0.0000000000,3.7500000000,-0.0210027955,exit_right
97000,1,0.0000000000,0.0000000000,1.0249039645,0.0000000000,scatter
97000,2,1.0249039645,0.0000000000,1.0309500068,0.1114661344,scatter
97000,3,1.0309500068,0.1114661344,1.1909114235,1.4105074193,scatter
97000,4,1.1909114235,1.4105074193,1.2909367041,1.5551602961,scatter
97000,5,1.2909367041,1.5551602961,1.2253780096,2.1845704581,scatter
97000,6,1.2253780096,2.1845704581,1.1800223420,1.8231082487,scatter
97000,7,1.1800223420,1.8231082487,1.3017659727,1.8686220591,scatter
97000,8,1.3017659727,1.8686220591,1.3083734708,1.1195902180,scatter
97000,9,1.3083734708,1.1195902180,0.0000000000,0.3099304532,exit_left
97100,1,0.0000000000,0.0000000000,0.3474370456,0.0000000000,scatter
97100,2,0.3474370456,0.0000000000,0.1071192477,-0.3573639122,scatter
97100,3,0.1071192477,-0.3573639122,0.9546662145,0.2775200234,scatter
97100,4,0.9546662145,0.2775200234,1.1038592021,1.3216052663,scatter
97100,5,1.1038592021,1.3216052663,3.2098145296,0.7518569658,absorb
97200,1,0.0000000000,0.0000000000,3.7500000000,0.0000000000,exit_right
97300,1,0.0000000000,0.0000000000,2.6551908361,0.0000000000,scatter
97300,2,2.6551908361,0.0000000000,1.1309867504,2.5561050628,absorb
97400,1,0.0000000000,0.0000000000,1.9722821772,0.0000000000,scatter
97400,2,1.9722821772,0.0000000000,1.0331718534,3.7006605057,scatter
97400,3,1.0331718534,3.7006605057,2.8185110936,5.0945027587,absorb
97500,1,0.0000000000,0.0000000000,1.3717299250,0.0000000000,scatter
97500,2,1.3717299250,0.0000000000,1.0527672514,-0.1702169879,absorb
97600,1,0.0000000000,0.0000000000,2.7107193760,0.0000000000,absorb
97700,1,0.0000000000,0.0000000000,0.1816449847,0.0000000000,scatter
97700,2,0.1816449847,0.0000000000,0.2101804165,0.1565792602,scatter
97700,3,0.2101804165,0.1565792602,0.0000000000,-0.2717360869,exit_left
97800,1,0.0000000000,0.0000000000,0.4529414583,0.0000000000,scatter
97800,2,0.4529414583,0.0000000000,0.0000000000,0.9186676363,exit_left
97900,1,0.0000000000,0.0000000000,3.7500000000,0.0000000000,exit_right
98000,1,0.0000000000,0.0000000000,0.1417589427,0.0000000000,scatter
98000,2,0.1417589427,0.0000000000,0.0000000000,0.1030095806,exit_left
98100,1,0.0000000000,0.0000000000,0.1633715674,0.0000000000,scatter
98100,2,0.1633715674,0.0000000000,0.0000000000,-0.0447781062,exit_left
98200,1,0.0000000000,0.0000000000,0.7617865836,0.0000000000,absorb
98300,1,0.0000000000,0.0000000000,0.2469664568,0.0000000000,absorb
98400,1,0.0000000000,0.0000000000,2.3569960759,0.0000000000,absorb
98500,1,0.0000000000,0.0000000000,3.7500000000,0.0000000000,exit_right
98600,1,0.0000000000,0.0000000000,2.3048511367,0.0000000000,scatter
98600,2,2.3048511367,0.0000000000,2.5941006737,-0.0765574091,absorb
98700,1,0.0000000000,0.0000000000,0.6347259841,0.0000000000,scatter
98700,2,0.6347259841,0.0000000000,1.3428686217,-1.8879318052,scatter
98700,3,1.3428686217,-1.8879318052,2.2789436250,0.1583688171,scatter
98700,4,2.2789436250,0.1583688171,0.0000000000,1.1025941549,exit_left
98800,1,0.0000000000,0.0000000000,2.1043597408,0.0000000000,scatter
98800,2,2.1043597408,0.0000000000,2.9707899107,-1.4206902650,scatter
98800,3,2.9707899107,-1.4206902650,3.3213883160,-1.4993527851,scatter
98800,4,3.3213883160,-1.4993527851,1.3289419922,-1.9773244670,scatter
98800,5,1.3289419922,-1.9773244670,0.0000000000,-4.8967930557,exit_left
98900,1,0.0000000000,0.0000000000,0.2972057723,0.0000000000,scatter
98900,2,0.2972057723,0.0000000000,0.2028761593,0.6859845362,scatter
98900,3,0.2028761593,0.6859845362,0.7326336872,-0.2518021438,scatter
98900,4,0.7326336872,-0.2518021438,0.8614356577,0.1028490293,scatter
98900,5,0.8614356577,0.1028490293,1.7414211514,1.0164149299,scatter
98900,6,1.7414211514,1.0164149299,1.3419073045,0.7541129376,absorb
99000,1,0.0000000000,0.0000000000,1.6773597485,0.0000000000,scatter
99000,2,1.6773597485,0.0000000000,0.0000000000,1.4997725015,exit_left
99100,1,0.0000000000,0.0000000000,0.9982738314,0.0000000000,scatter
99100,2,0.9982738314,0.0000000000,1.0251351214,0.0055320619,scatter
99100,3,1.0251351214,0.0055320619,0.7290731542,-0.0461806919,scatter
99100,4,0.7290731542,-0.0461806919,0.6397321580,0.0886812543,scatter
99100,5,0.6397321580,0.0886812543,1.3987870581,0.2610733569,absorb
99200,1,0.0000000000,0.0000000000,2.1567249855,0.0000000000,scatter
99200,2,2.1567249855,0.0000000000,2.1211199075,-0.7437923795,scatter
99200,3,2.1211199075,-0.7437923795,3.7500000000,-2.0948287075,exit_right
99300,1,0.0000000000,0.0000000000,2.8746737671,0.0000000000,scatter
99300,2,2.8746737671,0.0000000000,2.8453432366,0.0670258495,scatter
99300,3,2.8453432366,0.0670258495,2.0362371182,-0.0410578530,absorb
99400,1,0.0000000000,0.0000000000,1.0947606170,0.0000000000,scatter
99400,2,1.0947606170,0.0000000000,1.5375890741,2.3485377169,scatter
99400,3,1.5375890741,2.3485377169,2.4330612403,3.5735806933,scatter
99400,4,2.4330612403,3.5735806933,2.7205327707,3.5245809391,scatter
99400,5,2.7205327707,3.5245809391,3.2731239824,7.9880013385,scatter
99400,6,3.2731239824,7.9880013385,3.7500000000,7.1704042041,exit_right
99500,1,0.0000000000,0.0000000000,0.5604908280,0.0000000000,scatter
99500,2,0.5604908280,0.0000000000,0.0141100479,0.3725375724,absorb
99600,1,0.0000000000,0.0000000000,1.9441334613,0.0000000000,scatter
99600,2,1.9441334613,0.0000000000,3.7500000000,4.5862407493,exit_right
99700,1,0.0000000000,0.0000000000,2.1765548634,0.0000000000,absorb
99800,1,0.0000000000,0.0000000000,0.3314744151,0.0000000000,absorb
99900,1,0.0000000000,0.0000000000,3.1777067616,0.0000000000,absorb
100000,1,0.0000000000,0.0000000000,3.7500000000,0.0000000000,exit_right
