neutron_id,step,x_start,y_start,x_end,y_end,event
100,1,0.0000000000,0.0000000000,1.3930576882,0.0000000000,scatter
100,2,1.3930576882,0.0000000000,1.2328404998,-0.0819392168,scatter
100,3,1.2328404998,-0.0819392168,1.6925123501,-0.0350081660,scatter
100,4,1.6925123501,-0.0350081660,0.6707558771,-3.3043168547,absorb
200,1,0.0000000000,0.0000000000,4.2500000000,0.0000000000,exit_right
300,1,0.0000000000,0.0000000000,1.1554841685,0.0000000000,scatter
300,2,1.1554841685,0.0000000000,1.3551689255,0.1294518552,scatter
300,3,1.3551689255,0.1294518552,0.8106500414,0.2070810107,scatter
300,4,0.8106500414,0.2070810107,1.8528880182,-0.2817598016,scatter
300,5,1.8528880182,-0.2817598016,1.4780442365,-0.4233185197,absorb
400,1,0.0000000000,0.0000000000,4.2500000000,0.0000000000,exit_right
500,1,0.0000000000,0.0000000000,2.1394992416,0.0000000000,absorb
600,1,0.0000000000,0.0000000000,1.4389059612,0.0000000000,scatter
600,2,1.4389059612,0.0000000000,1.6111882941,0.3430309297,scatter
600,3,1.6111882941,0.3430309297,4.2500000000,-1.5398959840,exit_right
700,1,0.0000000000,0.0000000000,1.4837828560,0.0000000000,scatter
700,2,1.4837828560,0.0000000000,0.7695089766,0.5619420034,absorb
800,1,0.0000000000,0.0000000000,2.5791675253,0.0000000000,absorb
900,1,0.0000000000,0.0000000000,1.3137510510,0.0000000000,scatter
900,2,1.3137510510,0.0000000000,1.8280476031,-2.0614259950,scatter
900,3,1.8280476031,-2.0614259950,0.3733284999,-3.9455199484,absorb
1000,1,0.0000000000,0.0000000000,4.2500000000,0.0000000000,exit_right
1100,1,0.0000000000,0.0000000000,0.2988393660,0.0000000000,absorb
1200,1,0.0000000000,0.0000000000,0.7051175043,0.0000000000,scatter
1200,2,0.7051175043,0.0000000000,1.0198589959,0.1701561706,absorb
1300,1,0.0000000000,0.0000000000,2.0177492405,0.0000000000,scatter
1300,2,2.0177492405,0.0000000000,4.2500000000,0.7794304603,exit_right
1400,1,0.0000000000,0.0000000000,0.7709481328,0.0000000000,absorb
1500,1,0.0000000000,0.0000000000,0.3917327259,0.0000000000,absorb
1600,1,0.0000000000,0.0000000000,0.4659255404,0.0000000000,scatter
1600,2,0.4659255404,0.0000000000,1.1128060322,-0.9633741998,scatter
1600,3,1.1128060322,-0.9633741998,0.0000000000,-1.5394280713,exit_left
1700,1,0.0000000000,0.0000000000,0.2988599227,0.0000000000,scatter
1700,2,0.2988599227,0.0000000000,4.2500000000,2.5297670617,exit_right
1800,1,0.0000000000,0.0000000000,0.9817245079,0.0000000000,scatter
1800,2,0.9817245079,0.0000000000,2.8918382328,-1.3403889709,absorb
1900,1,0.0000000000,0.0000000000,0.3947254633,0.0000000000,absorb
2000,1,0.0000000000,0.0000000000,1.2037977926,0.0000000000,absorb
2100,1,0.0000000000,0.0000000000,1.5373596902,0.0000000000,scatter
2100,2,1.5373596902,0.0000000000,2.0383413591,0.7472115665,scatter
2100,3,2.0383413591,0.7472115665,1.8121627478,4.2170809482,scatter
2100,4,1.8121627478,4.2170809482,1.4036184702,6.3081166416,scatter
2100,5,1.4036184702,6.3081166416,0.0000000000,5.9476715184,exit_left
2200,1,0.0000000000,0.0000000000,3.8715824066,0.0000000000,scatter
2200,2,3.8715824066,0.0000000000,3.4089838286,-0.0198737497,scatter
2200,3,3.4089838286,-0.0198737497,0.0000000000,0.3476018400,exit_left
2300,1,0.0000000000,0.0000000000,0.1944080238,0.0000000000,scatter
2300,2,0.1944080238,0.0000000000,1.6556950130,1.4254849645,scatter
2300,3,1.6556950130,1.4254849645,1.5986631632,1.3588702762,absorb
2400,1,0.0000000000,0.0000000000,4.2500000000,0.0000000000,exit_right
2500,1,0.0000000000,0.0000000000,2.0121360099,0.0000000000,absorb
2600,1,0.0000000000,0.0000000000,3.9106605261,0.0000000000,scatter
2600,2,3.9106605261,0.0000000000,4.2500000000,0.7114736182,exit_right
2700,1,0.0000000000,0.0000000000,4.0498432889,0.0000000000,scatter
2700,2,4.0498432889,0.0000000000,1.9870275846,-0.0081535335,scatter
2700,3,1.9870275846,-0.0081535335,1.6738828205,-0.7103785154,absorb
2800,1,0.0000000000,0.0000000000,1.0896701738,0.0000000000,absorb
2900,1,0.0000000000,0.0000000000,0.4337129040,0.0000000000,scatter
2900,2,0.4337129040,0.0000000000,0.9702493912,1.3995468198,scatter
2900,3,0.9702493912,1.3995468198,4.2500000000,-1.4515455335,exit_right
3000,1,0.0000000000,0.0000000000,0.6177727365,0.0000000000,scatter
3000,2,0.6177727365,0.0000000000,0.0247458168,-0.5899308946,scatter
3000,3,0.0247458168,-0.5899308946,0.3858306141,0.5512203214,scatter
3000,4,0.3858306141,0.5512203214,0.1161836861,0.6425830577,scatter
3000,5,0.1161836861,0.6425830577,0.1279735976,0.6270802374,scatter
3000,6,0.1279735976,0.6270802374,0.6322833514,0.5895310936,scatter
3000,7,0.6322833514,0.5895310936,0.6732886540,0.4848906595,scatter
3000,8,0.6732886540,0.4848906595,0.1049777565,0.1056048155,absorb
3100,1,0.0000000000,0.0000000000,0.5033315482,0.0000000000,scatter
3100,2,0.5033315482,0.0000000000,1.3761397817,5.1539864913,scatter
3100,3,1.3761397817,5.1539864913,1.6448710147,5.3022994858,scatter
3100,4,1.6448710147,5.3022994858,2.9501616005,7.0694244356,scatter
3100,5,2.9501616005,7.0694244356,2.9636490290,7.0763065688,scatter
3100,6,2.9636490290,7.0763065688,3.1228418667,5.6070121143,absorb
3200,1,0.0000000000,0.0000000000,0.7329394740,0.0000000000,scatter
3200,2,0.7329394740,0.0000000000,0.0000000000,-0.1907333629,exit_left
3300,1,0.0000000000,0.0000000000,1.4006928895,0.0000000000,scatter
3300,2,1.4006928895,0.0000000000,0.5252913829,0.2283335180,scatter
3300,3,0.5252913829,0.2283335180,0.6643847198,-0.0010054711,scatter
3300,4,0.6643847198,-0.0010054711,0.0000000000,0.8917886458,exit_left
3400,1,0.0000000000,0.0000000000,0.6490774472,0.0000000000,scatter
3400,2,0.6490774472,0.0000000000,1.2627078387,-0.2908115172,scatter
3400,3,1.2627078387,-0.2908115172,2.3764090657,-0.3642142118,scatter
3400,4,2.3764090657,-0.3642142118,0.0000000000,-0.0068365162,exit_left
3500,1,0.0000000000,0.0000000000,1.0931626550,0.0000000000,scatter
3500,2,1.0931626550,0.0000000000,0.0000000000,0.5697635121,exit_left
3600,1,0.0000000000,0.0000000000,0.6667344294,0.0000000000,absorb
3700,1,0.0000000000,0.0000000000,2.1985963848,0.0000000000,absorb
3800,1,0.0000000000,0.0000000000,0.9138306305,0.0000000000,absorb
3900,1,0.0000000000,0.0000000000,1.4745899540,0.0000000000,scatter
3900,2,1.4745899540,0.0000000000,2.5981253675,0.2132646968,scatter
3900,3,2.5981253675,0.2132646968,2.6859872484,-0.2150144698,scatter
3900,4,2.6859872484,-0.2150144698,4.2500000000,0.2675404105,exit_right
4000,1,0.0000000000,0.0000000000,0.3333423250,0.0000000000,scatter
4000,2,0.3333423250,0.0000000000,0.0000000000,-0.2425333409,exit_left
4100,1,0.0000000000,0.0000000000,0.5734823532,0.0000000000,absorb
4200,1,0.0000000000,0.0000000000,0.1915970057,0.0000000000,scatter
4200,2,0.1915970057,0.0000000000,0.8670362645,0.1998586116,scatter
4200,3,0.8670362645,0.1998586116,0.9634317013,-2.0000922649,scatter
4200,4,0.9634317013,-2.0000922649,3.0082351863,-2.0269697824,scatter
4200,5,3.0082351863,-2.0269697824,2.3049065085,-3.6678185946,scatter
4200,6,2.3049065085,-3.6678185946,2.3468448541,-4.7192026604,scatter
4200,7,2.3468448541,-4.7192026604,2.4255579855,-6.1806207782,absorb
4300,1,0.0000000000,0.0000000000,2.7442206182,0.0000000000,scatter
4300,2,2.7442206182,0.0000000000,4.2500000000,1.0487671075,exit_right
4400,1,0.0000000000,0.0000000000,0.1402992160,0.0000000000,scatter
4400,2,0.1402992160,0.0000000000,0.4281647225,-0.2074895921,absorb
4500,1,0.0000000000,0.0000000000,0.6938435545,0.0000000000,scatter
4500,2,0.6938435545,0.0000000000,2.0710608963,-1.7706932894,scatter
4500,3,2.0710608963,-1.7706932894,3.2000588049,-2.3748419175,scatter
4500,4,3.2000588049,-2.3748419175,4.2500000000,-2.4107691343,exit_right
4600,1,0.0000000000,0.0000000000,0.6842780559,0.0000000000,scatter
4600,2,0.6842780559,0.0000000000,0.8830079228,-0.4912197257,scatter
4600,3,0.8830079228,-0.4912197257,0.9358561048,-0.4618675010,scatter
4600,4,0.9358561048,-0.4618675010,0.9262879115,0.3323370782,absorb
4700,1,0.0000000000,0.0000000000,2.9707214591,0.0000000000,absorb
4800,1,0.0000000000,0.0000000000,1.9104723506,0.0000000000,scatter
4800,2,1.9104723506,0.0000000000,0.6643498895,0.5701421847,scatter
4800,3,0.6643498895,0.5701421847,0.0000000000,0.4247771335,exit_left
4900,1,0.0000000000,0.0000000000,1.8010528396,0.0000000000,scatter
4900,2,1.8010528396,0.0000000000,0.8758493359,-1.0795560486,scatter
4900,3,0.8758493359,-1.0795560486,0.9079073409,-1.5139234853,absorb
5000,1,0.0000000000,0.0000000000,4.2500000000,0.0000000000,exit_right
5100,1,0.0000000000,0.0000000000,0.5888767322,0.0000000000,absorb
5200,1,0.0000000000,0.0000000000,4.2500000000,0.0000000000,exit_right
5300,1,0.0000000000,0.0000000000,2.5337088562,0.0000000000,scatter
5300,2,2.5337088562,0.0000000000,2.4253118472,-2.2164670715,scatter
5300,3,2.4253118472,-2.2164670715,0.0000000000,-3.1678910071,exit_left
5400,1,0.0000000000,0.0000000000,0.3696941109,0.0000000000,scatter
5400,2,0.3696941109,0.0000000000,1.5470174208,1.0943945000,scatter
5400,3,1.5470174208,1.0943945000,1.4931142051,1.4424521514,scatter
5400,4,1.4931142051,1.4424521514,1.9473749178,0.8200040803,scatter
5400,5,1.9473749178,0.8200040803,0.5870609854,4.8679177978,scatter
5400,6,0.5870609854,4.8679177978,0.0000000000,3.5831741470,exit_left
5500,1,0.0000000000,0.0000000000,2.0960324979,0.0000000000,scatter
5500,2,2.0960324979,0.0000000000,2.4728775125,-0.9952288996,scatter
5500,3,2.4728775125,-0.9952288996,2.9953707171,-2.5000186229,scatter
5500,4,2.9953707171,-2.5000186229,2.6082116820,-2.9784873217,scatter
5500,5,2.6082116820,-2.9784873217,2.1115384924,-3.2219258359,absorb
5600,1,0.0000000000,0.0000000000,1.5066629569,0.0000000000,scatter
5600,2,1.5066629569,0.0000000000,0.0000000000,1.2934202403,exit_left
5700,1,0.0000000000,0.0000000000,0.9789413042,0.0000000000,scatter
5700,2,0.9789413042,0.0000000000,0.0000000000,-0.3387901301,exit_left
5800,1,0.0000000000,0.0000000000,2.6005638453,0.0000000000,scatter
5800,2,2.6005638453,0.0000000000,4.2500000000,-0.5462024929,exit_right
5900,1,0.0000000000,0.0000000000,0.4652565059,0.0000000000,scatter
5900,2,0.4652565059,0.0000000000,0.0000000000,0.1147144923,exit_left
6000,1,0.0000000000,0.0000000000,2.7521347622,0.0000000000,scatter
6000,2,2.7521347622,0.0000000000,2.9431328601,0.2392068989,scatter
6000,3,2.9431328601,0.2392068989,2.8108373190,-1.6792543117,scatter
6000,4,2.8108373190,-1.6792543117,4.0703315400,0.5701248500,scatter
6000,5,4.0703315400,0.5701248500,4.2033775626,0.4676367254,scatter
6000,6,4.2033775626,0.4676367254,3.6892364018,0.5783417373,scatter
6000,7,3.6892364018,0.5783417373,4.2500000000,0.7747245316,exit_right
6100,1,0.0000000000,0.0000000000,1.8987687697,0.0000000000,absorb
6200,1,0.0000000000,0.0000000000,2.4002057495,0.0000000000,scatter
6200,2,2.4002057495,0.0000000000,1.6553827478,4.2138541599,scatter
6200,3,1.6553827478,4.2138541599,3.5712374481,-0.0545292238,absorb
6300,1,0.0000000000,0.0000000000,4.2500000000,0.0000000000,exit_right
6400,1,0.0000000000,0.0000000000,2.5343097220,0.0000000000,scatter
6400,2,2.5343097220,0.0000000000,1.7778196024,0.2818804259,scatter
6400,3,1.7778196024,0.2818804259,1.2008138592,0.2343651265,scatter
6400,4,1.2008138592,0.2343651265,1.2002559401,0.2178924880,scatter
6400,5,1.2002559401,0.2178924880,2.9376482537,2.0597555616,absorb
6500,1,0.0000000000,0.0000000000,0.7081054552,0.0000000000,scatter
6500,2,0.7081054552,0.0000000000,3.5943159058,0.4514066128,absorb
6600,1,0.0000000000,0.0000000000,0.0473677000,0.0000000000,scatter
6600,2,0.0473677000,0.0000000000,3.0379082255,-3.0992018205,scatter
6600,3,3.0379082255,-3.0992018205,4.2500000000,-3.4171646379,exit_right
6700,1,0.0000000000,0.0000000000,2.0313459172,0.0000000000,scatter
6700,2,2.0313459172,0.0000000000,1.8634547733,7.3226868701,scatter
6700,3,1.8634547733,7.3226868701,0.7509714994,7.4626324152,absorb
6800,1,0.0000000000,0.0000000000,4.2500000000,0.0000000000,exit_right
6900,1,0.0000000000,0.0000000000,4.2500000000,0.0000000000,exit_right
7000,1,0.0000000000,0.0000000000,2.0433906966,0.0000000000,scatter
7000,2,2.0433906966,0.0000000000,1.7898458819,-0.3242850786,scatter
7000,3,1.7898458819,-0.3242850786,1.7884108481,-0.2077012178,scatter
7000,4,1.7884108481,-0.2077012178,1.7488681527,-0.1737123443,scatter
7000,5,1.7488681527,-0.1737123443,0.1406510087,-2.2875028945,scatter
7000,6,0.1406510087,-2.2875028945,0.9990150154,-0.2766453804,scatter
7000,7,0.9990150154,-0.2766453804,0.0000000000,-0.7150141424,exit_left
7100,1,0.0000000000,0.0000000000,0.1555718525,0.0000000000,scatter
7100,2,0.1555718525,0.0000000000,2.6626958604,-1.3854731217,scatter
7100,3,2.6626958604,-1.3854731217,2.3670085128,-0.4541737928,scatter
7100,4,2.3670085128,-0.4541737928,2.0109307945,0.7291265079,scatter
7100,5,2.0109307945,0.7291265079,0.0000000000,0.5295158646,exit_left
7200,1,0.0000000000,0.0000000000,4.2500000000,0.0000000000,exit_right
7300,1,0.0000000000,0.0000000000,3.9044461685,0.0000000000,scatter
7300,2,3.9044461685,0.0000000000,2.4376765541,0.7788849103,absorb
7400,1,0.0000000000,0.0000000000,1.5805282479,0.0000000000,scatter
7400,2,1.5805282479,0.0000000000,4.2500000000,1.0236203822,exit_right
7500,1,0.0000000000,0.0000000000,2.3375334047,0.0000000000,absorb
7600,1,0.0000000000,0.0000000000,1.8158736657,0.0000000000,scatter
7600,2,1.8158736657,0.0000000000,1.8762185171,0.8026031645,scatter
7600,3,1.8762185171,0.8026031645,1.3671848862,1.5117947664,scatter
7600,4,1.3671848862,1.5117947664,0.6830249155,0.9648582399,absorb
7700,1,0.0000000000,0.0000000000,0.0033325185,0.0000000000,scatter
7700,2,0.0033325185,0.0000000000,2.6721299324,-0.8400981972,scatter
7700,3,2.6721299324,-0.8400981972,1.6001637425,-1.1990735306,scatter
7700,4,1.6001637425,-1.1990735306,0.0000000000,-0.8756613584,exit_left
7800,1,0.0000000000,0.0000000000,0.7118195689,0.0000000000,absorb
7900,1,0.0000000000,0.0000000000,0.5534155478,0.0000000000,scatter
7900,2,0.5534155478,0.0000000000,2.6864676755,2.3949160760,absorb
8000,1,0.0000000000,0.0000000000,2.3552025249,0.0000000000,scatter
8000,2,2.3552025249,0.0000000000,2.3628746949,-0.0148089290,scatter
8000,3,2.3628746949,-0.0148089290,1.2989700878,-0.3006730996,scatter
8000,4,1.2989700878,-0.3006730996,0.0000000000,-4.4224972038,exit_left
8100,1,0.0000000000,0.0000000000,4.2500000000,0.0000000000,exit_right
8200,1,0.0000000000,0.0000000000,2.7083840048,0.0000000000,scatter
8200,2,2.7083840048,0.0000000000,2.6808636051,0.1808228438,absorb
8300,1,0.0000000000,0.0000000000,1.5224685273,0.0000000000,scatter
8300,2,1.5224685273,0.0000000000,0.0000000000,-3.3065647911,exit_left
8400,1,0.0000000000,0.0000000000,1.1298926366,0.0000000000,absorb
8500,1,0.0000000000,0.0000000000,1.9991775174,0.0000000000,scatter
8500,2,1.9991775174,0.0000000000,1.9704103406,-0.0043168668,absorb
8600,1,0.0000000000,0.0000000000,2.6480526391,0.0000000000,scatter
8600,2,2.6480526391,0.0000000000,4.2500000000,1.6648425296,exit_right
8700,1,0.0000000000,0.0000000000,0.5943620555,0.0000000000,scatter
8700,2,0.5943620555,0.0000000000,0.7677171720,0.6402478832,scatter
8700,3,0.7677171720,0.6402478832,0.7851382453,2.4068973433,scatter
8700,4,0.7851382453,2.4068973433,0.0000000000,3.6453860866,exit_left
8800,1,0.0000000000,0.0000000000,0.0533532161,0.0000000000,scatter
8800,2,0.0533532161,0.0000000000,0.0000000000,0.1000640842,exit_left
8900,1,0.0000000000,0.0000000000,0.4669937246,0.0000000000,scatter
8900,2,0.4669937246,0.0000000000,0.0000000000,-0.0117316662,exit_left
9000,1,0.0000000000,0.0000000000,3.2753283039,0.0000000000,absorb
9100,1,0.0000000000,0.0000000000,0.1343725224,0.0000000000,scatter
9100,2,0.1343725224,0.0000000000,1.8971060803,-0.5002521288,absorb
9200,1,0.0000000000,0.0000000000,4.2500000000,0.0000000000,exit_right
9300,1,0.0000000000,0.0000000000,3.1329686782,0.0000000000,scatter
9300,2,3.1329686782,0.0000000000,2.7030813234,1.7771026692,scatter
9300,3,2.7030813234,1.7771026692,2.5747222284,2.1768793050,absorb
9400,1,0.0000000000,0.0000000000,4.0796194270,0.0000000000,scatter
9400,2,4.0796194270,0.0000000000,3.6991463339,-1.1346496312,scatter
9400,3,3.6991463339,-1.1346496312,4.2500000000,0.4315138962,exit_right
9500,1,0.0000000000,0.0000000000,4.2500000000,0.0000000000,exit_right
9600,1,0.0000000000,0.0000000000,0.5316688689,0.0000000000,scatter
9600,2,0.5316688689,0.0000000000,1.7917937331,-0.6954822502,scatter
9600,3,1.7917937331,-0.6954822502,1.9816175852,-0.5965884273,absorb
9700,1,0.0000000000,0.0000000000,0.1848503975,0.0000000000,absorb
9800,1,0.0000000000,0.0000000000,4.2500000000,0.0000000000,exit_right
9900,1,0.0000000000,0.0000000000,0.1584855723,0.0000000000,scatter
9900,2,0.1584855723,0.0000000000,0.6916211605,-0.1334415284,scatter
9900,3,0.6916211605,-0.1334415284,0.1616243702,-0.7902050001,scatter
9900,4,0.1616243702,-0.7902050001,0.0000000000,-0.9232387727,exit_left
10000,1,0.0000000000,0.0000000000,0.5969649472,0.0000000000,scatter
10000,2,0.5969649472,0.0000000000,0.0000000000,-0.2194112938,exit_left
10100,1,0.0000000000,0.0000000000,2.5153453201,0.0000000000,scatter
10100,2,2.5153453201,0.0000000000,2.1328234703,-0.1373945747,scatter
10100,3,2.1328234703,-0.1373945747,1.6799790880,-1.6801688307,scatter
10100,4,1.6799790880,-1.6801688307,0.4658323781,-1.1880677113,scatter
10100,5,0.4658323781,-1.1880677113,0.0000000000,-1.3313150268,exit_left
10200,1,0.0000000000,0.0000000000,2.1247828269,0.0000000000,scatter
10200,2,2.1247828269,0.0000000000,0.4799551864,-1.0545903373,scatter
10200,3,0.4799551864,-1.0545903373,0.0000000000,-0.3698907789,exit_left
10300,1,0.0000000000,0.0000000000,2.1860918454,0.0000000000,scatter
10300,2,2.1860918454,0.0000000000,1.9728729216,0.2851324406,scatter
10300,3,1.9728729216,0.2851324406,2.2741934735,-0.3616022518,scatter
10300,4,2.2741934735,-0.3616022518,3.3762948766,0.0914202479,absorb
10400,1,0.0000000000,0.0000000000,2.5649452892,0.0000000000,scatter
10400,2,2.5649452892,0.0000000000,4.2500000000,-0.6094311563,exit_right
10500,1,0.0000000000,0.0000000000,1.8405808867,0.0000000000,absorb
10600,1,0.0000000000,0.0000000000,2.2410089185,0.0000000000,scatter
10600,2,2.2410089185,0.0000000000,2.5089723790,0.1313626205,scatter
10600,3,2.5089723790,0.1313626205,1.3345880179,1.9107563640,scatter
10600,4,1.3345880179,1.9107563640,1.3660971301,1.8344619222,scatter
10600,5,1.3660971301,1.8344619222,3.6019878555,5.3306957237,absorb
10700,1,0.0000000000,0.0000000000,4.2500000000,0.0000000000,exit_right
10800,1,0.0000000000,0.0000000000,0.9615360332,0.0000000000,scatter
10800,2,0.9615360332,0.0000000000,1.4703312054,0.4421061781,scatter
10800,3,1.4703312054,0.4421061781,1.1459551862,-1.1269537404,scatter
10800,4,1.1459551862,-1.1269537404,0.0000000000,0.0433263637,exit_left
10900,1,0.0000000000,0.0000000000,1.3583436822,0.0000000000,scatter
10900,2,1.3583436822,0.0000000000,0.5451615300,-4.8736212518,scatter
10900,3,0.5451615300,-4.8736212518,0.0000000000,-6.0122780946,exit_left
11000,1,0.0000000000,0.0000000000,0.2205052979,0.0000000000,scatter
11000,2,0.2205052979,0.0000000000,3.0064155675,-0.8823041346,absorb
11100,1,0.0000000000,0.0000000000,1.9363190701,0.0000000000,scatter
11100,2,1.9363190701,0.0000000000,1.9869615345,-0.0129259063,scatter
11100,3,1.9869615345,-0.0129259063,1.7761261148,0.8634859511,scatter
11100,4,1.7761261148,0.8634859511,1.4318046153,0.9771162073,scatter
11100,5,1.4318046153,0.9771162073,0.0000000000,-0.9470170657,exit_left
11200,1,0.0000000000,0.0000000000,3.0578884353,0.0000000000,scatter
11200,2,3.0578884353,0.0000000000,2.3642038164,-1.0398812038,scatter
11200,3,2.3642038164,-1.0398812038,0.0000000000,1.4611737092,exit_left
11300,1,0.0000000000,0.0000000000,0.1781866586,0.0000000000,scatter
11300,2,0.1781866586,0.0000000000,0.0000000000,0.1409683388,exit_left
11400,1,0.0000000000,0.0000000000,0.1037476474,0.0000000000,absorb
11500,1,0.0000000000,0.0000000000,0.5607464446,0.0000000000,absorb
11600,1,0.0000000000,0.0000000000,0.5218444512,0.0000000000,scatter
11600,2,0.5218444512,0.0000000000,0.6147621675,-0.7034229509,scatter
11600,3,0.6147621675,-0.7034229509,0.7515005903,1.0739597810,absorb
11700,1,0.0000000000,0.0000000000,2.3933496931,0.0000000000,scatter
11700,2,2.3933496931,0.0000000000,1.7629492847,-0.2752830051,absorb
11800,1,0.0000000000,0.0000000000,2.0696063309,0.0000000000,absorb
11900,1,0.0000000000,0.0000000000,4.2215672227,0.0000000000,scatter
11900,2,4.2215672227,0.0000000000,4.2500000000,-0.0071804667,exit_right
12000,1,0.0000000000,0.0000000000,1.0553600367,0.0000000000,scatter
12000,2,1.0553600367,0.0000000000,1.0576679671,0.0659447789,absorb
12100,1,0.0000000000,0.0000000000,2.8448297549,0.0000000000,scatter
12100,2,2.8448297549,0.0000000000,2.4538775264,-0.9618830106,absorb
12200,1,0.0000000000,0.0000000000,1.1667620093,0.0000000000,scatter
12200,2,1.1667620093,0.0000000000,1.3243696991,-2.2831133573,scatter
12200,3,1.3243696991,-2.2831133573,0.8801391928,-0.8884788313,scatter
12200,4,0.8801391928,-0.8884788313,0.0000000000,-1.1534505154,exit_left
12300,1,0.0000000000,0.0000000000,1.0216694547,0.0000000000,scatter
12300,2,1.0216694547,0.0000000000,1.1927414753,-0.3511501759,scatter
12300,3,1.1927414753,-0.3511501759,1.3478022014,2.5470087325,scatter
12300,4,1.3478022014,2.5470087325,1.6276755415,2.6503311534,scatter
12300,5,1.6276755415,2.6503311534,1.8037148393,6.1108657801,scatter
12300,6,1.8037148393,6.1108657801,4.1026925289,10.9291982512,scatter
12300,7,4.1026925289,10.9291982512,4.2158636941,10.8776132330,scatter
12300,8,4.2158636941,10.8776132330,4.1560618333,10.2152130307,scatter
12300,9,4.1560618333,10.2152130307,4.2500000000,10.2700044664,exit_right
12400,1,0.0000000000,0.0000000000,0.7774234777,0.0000000000,absorb
12500,1,0.0000000000,0.0000000000,4.2500000000,0.0000000000,exit_right
12600,1,0.0000000000,0.0000000000,0.4096608301,0.0000000000,scatter
12600,2,0.4096608301,0.0000000000,0.0000000000,0.0613539059,exit_left
12700,1,0.0000000000,0.0000000000,0.6385739102,0.0000000000,scatter
12700,2,0.6385739102,0.0000000000,1.5078800873,-0.2963538809,scatter
12700,3,1.5078800873,-0.2963538809,1.0835804902,-1.4083640920,scatter
12700,4,1.0835804902,-1.4083640920,0.9859631337,-1.2121417856,absorb
12800,1,0.0000000000,0.0000000000,2.0872744633,0.0000000000,absorb
12900,1,0.0000000000,0.0000000000,0.6516958785,0.0000000000,scatter
12900,2,0.6516958785,0.0000000000,1.3320859101,0.1215858167,scatter
12900,3,1.3320859101,0.1215858167,1.5432716494,0.1369996207,absorb
13000,1,0.0000000000,0.0000000000,0.1329889384,0.0000000000,scatter
13000,2,0.1329889384,0.0000000000,4.2500000000,0.3352798265,exit_right
13100,1,0.0000000000,0.0000000000,1.7527905085,0.0000000000,scatter
13100,2,1.7527905085,0.0000000000,4.2500000000,-0.8767739895,exit_right
13200,1,0.0000000000,0.0000000000,1.1678414348,0.0000000000,absorb
13300,1,0.0000000000,0.0000000000,1.5217705344,0.0000000000,scatter
13300,2,1.5217705344,0.0000000000,2.8365661743,0.9132862345,scatter
13300,3,2.8365661743,0.9132862345,2.7554525687,0.8887812140,scatter
13300,4,2.7554525687,0.8887812140,2.7940683730,0.8439406814,scatter
13300,5,2.7940683730,0.8439406814,2.6061279378,0.8696533009,absorb
13400,1,0.0000000000,0.0000000000,4.2500000000,0.0000000000,exit_right
13500,1,0.0000000000,0.0000000000,0.4233997118,0.0000000000,scatter
13500,2,0.4233997118,0.0000000000,0.0000000000,0.8279989117,exit_left
13600,1,0.0000000000,0.0000000000,4.2500000000,0.0000000000,exit_right
13700,1,0.0000000000,0.0000000000,2.6985711690,0.0000000000,scatter
13700,2,2.6985711690,0.0000000000,1.6244691054,-1.0352717856,scatter
13700,3,1.6244691054,-1.0352717856,1.5775483489,-1.2431310049,scatter
13700,4,1.5775483489,-1.2431310049,3.9444960984,-2.8962421360,scatter
13700,5,3.9444960984,-2.8962421360,4.2500000000,-3.0392496042,exit_right
13800,1,0.0000000000,0.0000000000,2.9437683786,0.0000000000,scatter
13800,2,2.9437683786,0.0000000000,1.1762797174,-0.6295025008,scatter
13800,3,1.1762797174,-0.6295025008,1.5141291305,-0.8084727443,scatter
13800,4,1.5141291305,-0.8084727443,3.1592975689,-0.4533828926,absorb
13900,1,0.0000000000,0.0000000000,0.2192117341,0.0000000000,absorb
14000,1,0.0000000000,0.0000000000,4.2500000000,0.0000000000,exit_right
14100,1,0.0000000000,0.0000000000,0.0265815796,0.0000000000,scatter
14100,2,0.0265815796,0.0000000000,0.0386554230,0.0250078922,scatter
14100,3,0.0386554230,0.0250078922,1.5601415765,-5.5273591728,scatter
14100,4,1.5601415765,-5.5273591728,1.6635274417,-4.3372579362,absorb
14200,1,0.0000000000,0.0000000000,2.8154228305,0.0000000000,scatter
14200,2,2.8154228305,0.0000000000,2.7934697249,0.0404113052,absorb
14300,1,0.0000000000,0.0000000000,1.1014925887,0.0000000000,absorb
14400,1,0.0000000000,0.0000000000,1.2932312963,0.0000000000,absorb
14500,1,0.0000000000,0.0000000000,0.4538199046,0.0000000000,scatter
14500,2,0.4538199046,0.0000000000,4.2500000000,-2.5693153394,exit_right
14600,1,0.0000000000,0.0000000000,3.9399399659,0.0000000000,scatter
14600,2,3.9399399659,0.0000000000,4.2500000000,-0.0765444349,exit_right
14700,1,0.0000000000,0.0000000000,0.3844446404,0.0000000000,scatter
14700,2,0.3844446404,0.0000000000,0.0000000000,0.1868010353,exit_left
14800,1,0.0000000000,0.0000000000,0.7820083289,0.0000000000,scatter
14800,2,0.7820083289,0.0000000000,0.4850933807,0.3899850876,scatter
14800,3,0.4850933807,0.3899850876,1.6184532505,1.7152917848,scatter
14800,4,1.6184532505,1.7152917848,3.5516723201,1.1323563956,absorb
14900,1,0.0000000000,0.0000000000,4.2500000000,0.0000000000,exit_right
15000,1,0.0000000000,0.0000000000,4.2500000000,0.0000000000,exit_right
15100,1,0.0000000000,0.0000000000,0.2120709268,0.0000000000,scatter
15100,2,0.2120709268,0.0000000000,0.0235080686,-0.0907303096,absorb
15200,1,0.0000000000,0.0000000000,2.7338514888,0.0000000000,scatter
15200,2,2.7338514888,0.0000000000,3.8998417495,0.4542315638,scatter
15200,3,3.8998417495,0.4542315638,3.9877377760,-2.0725355447,scatter
15200,4,3.9877377760,-2.0725355447,4.2500000000,-1.8274506217,exit_right
15300,1,0.0000000000,0.0000000000,1.0668142044,0.0000000000,scatter
15300,2,1.0668142044,0.0000000000,1.2191496649,-0.0381594528,scatter
15300,3,1.2191496649,-0.0381594528,2.1746236450,-0.6455730237,scatter
15300,4,2.1746236450,-0.6455730237,0.9108578669,-0.3569058557,scatter
15300,5,0.9108578669,-0.3569058557,0.0000000000,0.5688565814,exit_left
15400,1,0.0000000000,0.0000000000,3.3622542507,0.0000000000,scatter
15400,2,3.3622542507,0.0000000000,3.5108371908,-0.0105806294,scatter
15400,3,3.5108371908,-0.0105806294,4.2500000000,-3.7555076672,exit_right
15500,1,0.0000000000,0.0000000000,1.2904318155,0.0000000000,scatter
15500,2,1.2904318155,0.0000000000,1.0444463252,-0.1263395478,scatter
15500,3,1.0444463252,-0.1263395478,1.1138410031,0.7153787495,scatter
15500,4,1.1138410031,0.7153787495,1.1149007883,0.7172480668,scatter
15500,5,1.1149007883,0.7172480668,1.3731944472,-0.0995501052,scatter
15500,6,1.3731944472,-0.0995501052,0.0000000000,-0.1324542061,exit_left
15600,1,0.0000000000,0.0000000000,1.5063137322,0.0000000000,absorb
15700,1,0.0000000000,0.0000000000,4.2500000000,0.0000000000,exit_right
15800,1,0.0000000000,0.0000000000,3.2241458177,0.0000000000,scatter
15800,2,3.2241458177,0.0000000000,3.3158315727,0.3902156042,scatter
15800,3,3.3158315727,0.3902156042,4.2500000000,0.4968833204,exit_right
15900,1,0.0000000000,0.0000000000,2.8433124700,0.0000000000,scatter
15900,2,2.8433124700,0.0000000000,3.0388107987,-0.3222911709,scatter
15900,3,3.0388107987,-0.3222911709,3.6164354246,-0.4171058825,scatter
15900,4,3.6164354246,-0.4171058825,1.5704696983,-0.2060083321,scatter
15900,5,1.5704696983,-0.2060083321,0.0000000000,-0.9977292320,exit_left
16000,1,0.0000000000,0.0000000000,0.6926856534,0.0000000000,scatter
16000,2,0.6926856534,0.0000000000,0.9028907826,0.1688488645,absorb
16100,1,0.0000000000,0.0000000000,2.6105849748,0.0000000000,scatter
16100,2,2.6105849748,0.0000000000,0.0302006628,0.2096409948,scatter
16100,3,0.0302006628,0.2096409948,0.0000000000,0.1867589235,exit_left
16200,1,0.0000000000,0.0000000000,2.2369753727,0.0000000000,scatter
16200,2,2.2369753727,0.0000000000,1.4128542150,0.9794188519,absorb
16300,1,0.0000000000,0.0000000000,1.4216228640,0.0000000000,scatter
16300,2,1.4216228640,0.0000000000,1.4038005389,0.0175406661,scatter
16300,3,1.4038005389,0.0175406661,1.7019346023,-2.0093035597,scatter
16300,4,1.7019346023,-2.0093035597,1.6677420198,-2.0693999904,scatter
16300,5,1.6677420198,-2.0693999904,3.7353041605,-1.9393212056,absorb
16400,1,0.0000000000,0.0000000000,0.4632954227,0.0000000000,scatter
16400,2,0.4632954227,0.0000000000,4.2062454211,4.3859484224,absorb
16500,1,0.0000000000,0.0000000000,0.7733129721,0.0000000000,scatter
16500,2,0.7733129721,0.0000000000,0.7669377380,0.2186358913,scatter
16500,3,0.7669377380,0.2186358913,0.7954411134,0.2181528293,scatter
16500,4,0.7954411134,0.2181528293,0.1250778692,1.4720233793,absorb
16600,1,0.0000000000,0.0000000000,1.1049733109,0.0000000000,absorb
16700,1,0.0000000000,0.0000000000,1.0081341111,0.0000000000,absorb
16800,1,0.0000000000,0.0000000000,0.3992884388,0.0000000000,scatter
16800,2,0.3992884388,0.0000000000,0.4263634309,-0.0531911671,scatter
16800,3,0.4263634309,-0.0531911671,4.2500000000,4.9437200606,exit_right
16900,1,0.0000000000,0.0000000000,1.9641896909,0.0000000000,scatter
16900,2,1.9641896909,0.0000000000,1.9602793109,-0.0049296660,absorb
17000,1,0.0000000000,0.0000000000,4.2500000000,0.0000000000,exit_right
17100,1,0.0000000000,0.0000000000,0.3328762812,0.0000000000,scatter
17100,2,0.3328762812,0.0000000000,0.0000000000,2.6878563414,exit_left
17200,1,0.0000000000,0.0000000000,0.0026636521,0.0000000000,scatter
17200,2,0.0026636521,0.0000000000,0.0000000000,0.0025871066,exit_left
17300,1,0.0000000000,0.0000000000,2.9372136455,0.0000000000,absorb
17400,1,0.0000000000,0.0000000000,3.5348206287,0.0000000000,scatter
17400,2,3.5348206287,0.0000000000,2.4524349873,0.2074426435,scatter
17400,3,2.4524349873,0.2074426435,2.4514834426,0.1723497630,scatter
17400,4,2.4514834426,0.1723497630,2.3730950880,0.1240218725,scatter
17400,5,2.3730950880,0.1240218725,4.2471721362,-0.0461926629,scatter
17400,6,4.2471721362,-0.0461926629,4.0202844981,2.1115197668,scatter
17400,7,4.0202844981,2.1115197668,3.6255550598,3.3181416353,scatter
17400,8,3.6255550598,3.3181416353,0.0000000000,3.5194379256,exit_left
17500,1,0.0000000000,0.0000000000,4.2500000000,0.0000000000,exit_right
17600,1,0.0000000000,0.0000000000,0.8907215930,0.0000000000,scatter
17600,2,0.8907215930,0.0000000000,4.2500000000,5.2476465129,exit_right
17700,1,0.0000000000,0.0000000000,0.9225728452,0.0000000000,scatter
17700,2,0.9225728452,0.0000000000,0.0000000000,0.3880730201,exit_left
17800,1,0.0000000000,0.0000000000,3.0580566236,0.0000000000,scatter
17800,2,3.0580566236,0.0000000000,2.6117278526,-0.6888525501,absorb
17900,1,0.0000000000,0.0000000000,1.6297291960,0.0000000000,scatter
17900,2,1.6297291960,0.0000000000,1.6172805073,0.0304934352,scatter
17900,3,1.6172805073,0.0304934352,4.2468738643,2.7647731421,scatter
17900,4,4.2468738643,2.7647731421,4.2500000000,2.7615133670,exit_right
18000,1,0.0000000000,0.0000000000,1.9533516817,0.0000000000,absorb
18100,1,0.0000000000,0.0000000000,0.9950052906,0.0000000000,scatter
18100,2,0.9950052906,0.0000000000,1.1422945772,-0.2653710413,absorb
18200,1,0.0000000000,0.0000000000,1.5110581027,0.0000000000,scatter
18200,2,1.5110581027,0.0000000000,1.0615462619,-1.2309001916,scatter
18200,3,1.0615462619,-1.2309001916,3.1347641747,-0.8953735362,scatter
18200,4,3.1347641747,-0.8953735362,2.7506220902,-1.4019026106,scatter
18200,5,2.7506220902,-1.4019026106,4.0649380225,-2.1484557779,absorb
18300,1,0.0000000000,0.0000000000,3.6457837967,0.0000000000,scatter
18300,2,3.6457837967,0.0000000000,3.6382131368,-0.2094191916,absorb
18400,1,0.0000000000,0.0000000000,0.8007461806,0.0000000000,scatter
18400,2,0.8007461806,0.0000000000,1.2129655200,0.9324365739,scatter
18400,3,1.2129655200,0.9324365739,2.5528101073,0.9390328549,scatter
18400,4,2.5528101073,0.9390328549,2.6073658621,1.0375877684,absorb
18500,1,0.0000000000,0.0000000000,2.4025867757,0.0000000000,absorb
18600,1,0.0000000000,0.0000000000,4.2500000000,0.0000000000,exit_right
18700,1,0.0000000000,0.0000000000,1.8513316390,0.0000000000,scatter
18700,2,1.8513316390,0.0000000000,1.4071721802,-0.1495347599,scatter
18700,3,1.4071721802,-0.1495347599,3.5264373587,1.7949253755,absorb
18800,1,0.0000000000,0.0000000000,0.7490995235,0.0000000000,absorb
18900,1,0.0000000000,0.0000000000,0.1391625685,0.0000000000,scatter
18900,2,0.1391625685,0.0000000000,0.0000000000,0.0216677760,exit_left
19000,1,0.0000000000,0.0000000000,2.6501034885,0.0000000000,absorb
19100,1,0.0000000000,0.0000000000,4.2500000000,0.0000000000,exit_right
19200,1,0.0000000000,0.0000000000,1.1995914485,0.0000000000,absorb
19300,1,0.0000000000,0.0000000000,0.5725065514,0.0000000000,scatter
19300,2,0.5725065514,0.0000000000,0.0000000000,1.8587758963,exit_left
19400,1,0.0000000000,0.0000000000,0.8606963997,0.0000000000,absorb
19500,1,0.0000000000,0.0000000000,0.4319566328,0.0000000000,scatter
19500,2,0.4319566328,0.0000000000,0.4247428309,-0.0123269596,scatter
19500,3,0.4247428309,-0.0123269596,0.8157491945,2.1021989937,scatter
19500,4,0.8157491945,2.1021989937,3.6856349460,1.2935213064,absorb
19600,1,0.0000000000,0.0000000000,0.2924891390,0.0000000000,scatter
19600,2,0.2924891390,0.0000000000,0.6766925220,-0.2703115182,scatter
19600,3,0.6766925220,-0.2703115182,1.6991779591,1.8250366186,scatter
19600,4,1.6991779591,1.8250366186,0.0000000000,1.4253027373,exit_left
19700,1,0.0000000000,0.0000000000,1.8630055898,0.0000000000,scatter
19700,2,1.8630055898,0.0000000000,3.7816086643,-2.7598581524,absorb
19800,1,0.0000000000,0.0000000000,0.1621710152,0.0000000000,scatter
19800,2,0.1621710152,0.0000000000,0.0000000000,-0.2361604472,exit_left
19900,1,0.0000000000,0.0000000000,1.1382310201,0.0000000000,scatter
19900,2,1.1382310201,0.0000000000,0.0000000000,1.6826745006,exit_left
20000,1,0.0000000000,0.0000000000,0.7016743787,0.0000000000,scatter
20000,2,0.7016743787,0.0000000000,0.0000000000,-0.3240490063,exit_left
20100,1,0.0000000000,0.0000000000,4.2500000000,0.0000000000,exit_right
20200,1,0.0000000000,0.0000000000,3.2112567685,0.0000000000,absorb
20300,1,0.0000000000,0.0000000000,0.5872093851,0.0000000000,scatter
20300,2,0.5872093851,0.0000000000,0.0000000000,-1.0512284514,exit_left
20400,1,0.0000000000,0.0000000000,0.2289132848,0.0000000000,scatter
20400,2,0.2289132848,0.0000000000,0.0000000000,0.0919554911,exit_left
20500,1,0.0000000000,0.0000000000,1.5362384414,0.0000000000,scatter
20500,2,1.5362384414,0.0000000000,1.6322057940,2.0845479540,absorb
20600,1,0.0000000000,0.0000000000,4.2500000000,0.0000000000,exit_right
20700,1,0.0000000000,0.0000000000,1.5899183812,0.0000000000,scatter
20700,2,1.5899183812,0.0000000000,0.5299140668,3.7616017901,scatter
20700,3,0.5299140668,3.7616017901,0.9505709527,4.1155347196,scatter
20700,4,0.9505709527,4.1155347196,0.5393544722,3.8819041410,scatter
20700,5,0.5393544722,3.8819041410,0.5223190337,3.4276219099,absorb
20800,1,0.0000000000,0.0000000000,1.2853590724,0.0000000000,scatter
20800,2,1.2853590724,0.0000000000,1.2905243814,-0.0017014376,scatter
20800,3,1.2905243814,-0.0017014376,0.0000000000,1.6861245743,exit_left
20900,1,0.0000000000,0.0000000000,2.7534826462,0.0000000000,scatter
20900,2,2.7534826462,0.0000000000,3.3341523419,0.1690630187,scatter
20900,3,3.3341523419,0.1690630187,4.2500000000,-0.1107446185,exit_right
21000,1,0.0000000000,0.0000000000,1.7142306128,0.0000000000,absorb
21100,1,0.0000000000,0.0000000000,4.2500000000,0.0000000000,exit_right
21200,1,0.0000000000,0.0000000000,0.4344261769,0.0000000000,scatter
21200,2,0.4344261769,0.0000000000,0.2865806825,0.0466372114,absorb
21300,1,0.0000000000,0.0000000000,4.2500000000,0.0000000000,exit_right
21400,1,0.0000000000,0.0000000000,3.9909225488,0.0000000000,absorb
21500,1,0.0000000000,0.0000000000,3.2678215674,0.0000000000,absorb
21600,1,0.0000000000,0.0000000000,1.8937586649,0.0000000000,absorb
21700,1,0.0000000000,0.0000000000,4.2500000000,0.0000000000,exit_right
21800,1,0.0000000000,0.0000000000,1.1801777109,0.0000000000,scatter
21800,2,1.1801777109,0.0000000000,1.7892221990,0.0349373689,absorb
21900,1,0.0000000000,0.0000000000,4.2500000000,0.0000000000,exit_right
22000,1,0.0000000000,0.0000000000,1.6145691702,0.0000000000,scatter
22000,2,1.6145691702,0.0000000000,2.7746019558,-10.0182270017,absorb
22100,1,0.0000000000,0.0000000000,2.4599546535,0.0000000000,scatter
22100,2,2.4599546535,0.0000000000,2.3031455894,-0.0488762952,scatter
22100,3,2.3031455894,-0.0488762952,1.6120252295,3.1506795706,scatter
22100,4,1.6120252295,3.1506795706,1.7208943884,3.2491922469,scatter
22100,5,1.7208943884,3.2491922469,1.5285995953,1.8833103835,scatter
22100,6,1.5285995953,1.8833103835,2.5133919222,1.6179526064,scatter
22100,7,2.5133919222,1.6179526064,1.5411035823,2.1806390129,scatter
22100,8,1.5411035823,2.1806390129,1.5453875887,3.0811911958,scatter
22100,9,1.5453875887,3.0811911958,3.1779613964,4.1523865522,absorb
22200,1,0.0000000000,0.0000000000,0.9041480997,0.0000000000,scatter
22200,2,0.9041480997,0.0000000000,0.0000000000,1.6436548358,exit_left
22300,1,0.0000000000,0.0000000000,0.5768416663,0.0000000000,scatter
22300,2,0.5768416663,0.0000000000,1.3210538042,0.7209263749,scatter
22300,3,1.3210538042,0.7209263749,0.7401157717,0.0907814780,absorb
22400,1,0.0000000000,0.0000000000,4.2500000000,0.0000000000,exit_right
22500,1,0.0000000000,0.0000000000,0.4834094302,0.0000000000,scatter
22500,2,0.4834094302,0.0000000000,0.0000000000,-1.0920371161,exit_left
22600,1,0.0000000000,0.0000000000,0.5563618369,0.0000000000,scatter
22600,2,0.5563618369,0.0000000000,1.6146534315,-1.5619307391,scatter
22600,3,1.6146534315,-1.5619307391,0.2299590632,-2.0425828686,scatter
22600,4,0.2299590632,-2.0425828686,0.3485410780,-3.0388955117,scatter
22600,5,0.3485410780,-3.0388955117,3.3931157316,-1.9280800749,scatter
22600,6,3.3931157316,-1.9280800749,3.1048303239,-4.4406822537,scatter
22600,7,3.1048303239,-4.4406822537,2.2865026491,-5.2400712839,scatter
22600,8,2.2865026491,-5.2400712839,1.5460956933,-6.5155045557,scatter
22600,9,1.5460956933,-6.5155045557,4.2500000000,-7.3647930241,exit_right
22700,1,0.0000000000,0.0000000000,4.2500000000,0.0000000000,exit_right
22800,1,0.0000000000,0.0000000000,1.1506687755,0.0000000000,absorb
22900,1,0.0000000000,0.0000000000,4.2500000000,0.0000000000,exit_right
23000,1,0.0000000000,0.0000000000,1.4446139846,0.0000000000,absorb
23100,1,0.0000000000,0.0000000000,0.7009495238,0.0000000000,scatter
23100,2,0.7009495238,0.0000000000,0.0000000000,-0.5080178095,exit_left
23200,1,0.0000000000,0.0000000000,0.8886544171,0.0000000000,scatter
23200,2,0.8886544171,0.0000000000,0.3209584105,0.8238059088,scatter
23200,3,0.3209584105,0.8238059088,1.1472452185,0.2732337391,scatter
23200,4,1.1472452185,0.2732337391,0.0000000000,0.1486427090,exit_left
23300,1,0.0000000000,0.0000000000,4.2500000000,0.0000000000,exit_right
23400,1,0.0000000000,0.0000000000,3.8157090168,0.0000000000,scatter
23400,2,3.8157090168,0.0000000000,4.2500000000,1.2839817325,exit_right
23500,1,0.0000000000,0.0000000000,0.1099949466,0.0000000000,scatter
23500,2,0.1099949466,0.0000000000,0.6223201662,0.2370571701,scatter
23500,3,0.6223201662,0.2370571701,0.0000000000,0.3340532071,exit_left
23600,1,0.0000000000,0.0000000000,0.2824613079,0.0000000000,scatter
23600,2,0.2824613079,0.0000000000,0.4189219373,-1.0790473043,scatter
23600,3,0.4189219373,-1.0790473043,0.0000000000,-1.1543610523,exit_left
23700,1,0.0000000000,0.0000000000,1.6268574223,0.0000000000,scatter
23700,2,1.6268574223,0.0000000000,2.9132815096,0.8696386483,scatter
23700,3,2.9132815096,0.8696386483,4.2500000000,1.0916950631,exit_right
23800,1,0.0000000000,0.0000000000,3.2073371494,0.0000000000,scatter
23800,2,3.2073371494,0.0000000000,1.6846068396,6.4360832958,absorb
23900,1,0.0000000000,0.0000000000,0.5455793581,0.0000000000,scatter
23900,2,0.5455793581,0.0000000000,3.0818027753,-6.6962820213,scatter
23900,3,3.0818027753,-6.6962820213,3.1105436795,-6.7016773099,scatter
23900,4,3.1105436795,-6.7016773099,2.7830765363,-6.7257497397,scatter
23900,5,2.7830765363,-6.7257497397,2.9174034496,-6.7325451447,absorb
24000,1,0.0000000000,0.0000000000,0.6239476462,0.0000000000,scatter
24000,2,0.6239476462,0.0000000000,0.0000000000,-0.7085290940,exit_left
24100,1,0.0000000000,0.0000000000,3.3559612263,0.0000000000,scatter
24100,2,3.3559612263,0.0000000000,3.5550724457,0.2548183758,scatter
24100,3,3.5550724457,0.2548183758,0.0000000000,1.6300613462,exit_left
24200,1,0.0000000000,0.0000000000,0.3001606931,0.0000000000,absorb
24300,1,0.0000000000,0.0000000000,4.2500000000,0.0000000000,exit_right
24400,1,0.0000000000,0.0000000000,1.3078689625,0.0000000000,absorb
24500,1,0.0000000000,0.0000000000,2.5057960076,0.0000000000,scatter
24500,2,2.5057960076,0.0000000000,3.0767258447,-1.1029828378,scatter
24500,3,3.0767258447,-1.1029828378,2.9437327827,-0.4639108162,scatter
24500,4,2.9437327827,-0.4639108162,4.2500000000,1.2295781302,exit_right
24600,1,0.0000000000,0.0000000000,0.4139539978,0.0000000000,scatter
24600,2,0.4139539978,0.0000000000,0.0000000000,0.1864369991,exit_left
24700,1,0.0000000000,0.0000000000,2.5653138285,0.0000000000,scatter
24700,2,2.5653138285,0.0000000000,0.6158803259,-1.1103838916,scatter
24700,3,0.6158803259,-1.1103838916,0.0000000000,0.9101961442,exit_left
24800,1,0.0000000000,0.0000000000,0.3694100403,0.0000000000,scatter
24800,2,0.3694100403,0.0000000000,4.0450154994,3.9305734412,scatter
24800,3,4.0450154994,3.9305734412,3.8870163735,5.1781872602,scatter
24800,4,3.8870163735,5.1781872602,4.2500000000,5.2420727737,exit_right
24900,1,0.0000000000,0.0000000000,3.7305345270,0.0000000000,scatter
24900,2,3.7305345270,0.0000000000,3.8808428673,0.1906548240,scatter
24900,3,3.8808428673,0.1906548240,3.7116002530,1.4749812949,scatter
24900,4,3.7116002530,1.4749812949,3.9281518989,1.9543337164,scatter
24900,5,3.9281518989,1.9543337164,3.6644406642,2.8936240470,scatter
24900,6,3.6644406642,2.8936240470,4.2500000000,4.8771822097,exit_right
25000,1,0.0000000000,0.0000000000,2.8288498855,0.0000000000,scatter
25000,2,2.8288498855,0.0000000000,3.3600199842,0.0436139729,scatter
25000,3,3.3600199842,0.0436139729,4.2500000000,-0.0515537527,exit_right
25100,1,0.0000000000,0.0000000000,0.2958871253,0.0000000000,scatter
25100,2,0.2958871253,0.0000000000,0.5212825029,-0.4846759746,scatter
25100,3,0.5212825029,-0.4846759746,0.0000000000,1.5136078883,exit_left
25200,1,0.0000000000,0.0000000000,0.6863916378,0.0000000000,scatter
25200,2,0.6863916378,0.0000000000,0.0000000000,0.5366597780,exit_left
25300,1,0.0000000000,0.0000000000,2.1397099315,0.0000000000,scatter
25300,2,2.1397099315,0.0000000000,2.1022078102,-0.1493872345,absorb
25400,1,0.0000000000,0.0000000000,0.1915557855,0.0000000000,absorb
25500,1,0.0000000000,0.0000000000,4.2500000000,0.0000000000,exit_right
25600,1,0.0000000000,0.0000000000,0.7173732256,0.0000000000,scatter
25600,2,0.7173732256,0.0000000000,1.4723446979,-0.3103866584,absorb
25700,1,0.0000000000,0.0000000000,3.4419553320,0.0000000000,scatter
25700,2,3.4419553320,0.0000000000,3.6395745830,-0.7262938486,scatter
25700,3,3.6395745830,-0.7262938486,3.5577343799,-0.7353795079,scatter
25700,4,3.5577343799,-0.7353795079,4.2500000000,-1.8792685922,exit_right
25800,1,0.0000000000,0.0000000000,1.6433013053,0.0000000000,scatter
25800,2,1.6433013053,0.0000000000,1.4631842996,-0.0702207495,scatter
25800,3,1.4631842996,-0.0702207495,1.3276430841,3.1143406101,scatter
25800,4,1.3276430841,3.1143406101,1.0066039163,3.7722751780,scatter
25800,5,1.0066039163,3.7722751780,0.3045897654,2.6571584252,scatter
25800,6,0.3045897654,2.6571584252,0.0000000000,2.9441154137,exit_left
25900,1,0.0000000000,0.0000000000,2.3631618565,0.0000000000,scatter
25900,2,2.3631618565,0.0000000000,2.4063561994,-0.0589461445,scatter
25900,3,2.4063561994,-0.0589461445,2.3884769315,-0.0202171568,scatter
25900,4,2.3884769315,-0.0202171568,2.9091788742,-0.0340461571,scatter
25900,5,2.9091788742,-0.0340461571,3.8485931989,0.1748389752,scatter
25900,6,3.8485931989,0.1748389752,3.4857271858,-0.4084130871,scatter
25900,7,3.4857271858,-0.4084130871,4.1921939211,-3.2901676511,scatter
25900,8,4.1921939211,-3.2901676511,4.2500000000,-3.3343457843,exit_right
26000,1,0.0000000000,0.0000000000,4.2500000000,0.0000000000,exit_right
26100,1,0.0000000000,0.0000000000,2.8498442965,0.0000000000,scatter
26100,2,2.8498442965,0.0000000000,1.1068154338,-4.1193874045,absorb
26200,1,0.0000000000,0.0000000000,1.8024475238,0.0000000000,scatter
26200,2,1.8024475238,0.0000000000,2.3473249141,-0.1188473360,scatter
26200,3,2.3473249141,-0.1188473360,4.1455386026,-0.6213893505,scatter
26200,4,4.1455386026,-0.6213893505,4.2500000000,0.0649231548,exit_right
26300,1,0.0000000000,0.0000000000,0.8328895192,0.0000000000,scatter
26300,2,0.8328895192,0.0000000000,0.6293749519,-0.2764745706,scatter
26300,3,0.6293749519,-0.2764745706,0.0000000000,0.0725423238,exit_left
26400,1,0.0000000000,0.0000000000,2.9476884387,0.0000000000,scatter
26400,2,2.9476884387,0.0000000000,0.0000000000,0.6621371675,exit_left
26500,1,0.0000000000,0.0000000000,1.7658925657,0.0000000000,scatter
26500,2,1.7658925657,0.0000000000,0.0000000000,0.3405528137,exit_left
26600,1,0.0000000000,0.0000000000,0.3314196908,0.0000000000,scatter
26600,2,0.3314196908,0.0000000000,0.1818517698,3.3794080405,scatter
26600,3,0.1818517698,3.3794080405,0.0000000000,3.7076140098,exit_left
26700,1,0.0000000000,0.0000000000,1.8628106453,0.0000000000,scatter
26700,2,1.8628106453,0.0000000000,1.6924405349,-0.1277179936,scatter
26700,3,1.6924405349,-0.1277179936,0.0000000000,0.1624086327,exit_left
26800,1,0.0000000000,0.0000000000,4.2500000000,0.0000000000,exit_right
26900,1,0.0000000000,0.0000000000,3.5502975766,0.0000000000,absorb
27000,1,0.0000000000,0.0000000000,0.2117805953,0.0000000000,scatter
27000,2,0.2117805953,0.0000000000,0.0000000000,-0.0165417066,exit_left
27100,1,0.0000000000,0.0000000000,0.7385825155,0.0000000000,scatter
27100,2,0.7385825155,0.0000000000,0.0000000000,0.0421170594,exit_left
27200,1,0.0000000000,0.0000000000,0.5537788216,0.0000000000,scatter
27200,2,0.5537788216,0.0000000000,0.0000000000,0.0558170256,exit_left
27300,1,0.0000000000,0.0000000000,3.4422635091,0.0000000000,scatter
27300,2,3.4422635091,0.0000000000,1.0069158860,-0.5383049745,scatter
27300,3,1.0069158860,-0.5383049745,4.2500000000,-1.0423951411,exit_right
27400,1,0.0000000000,0.0000000000,0.5304985698,0.0000000000,scatter
27400,2,0.5304985698,0.0000000000,0.8650375893,0.7732048659,scatter
27400,3,0.8650375893,0.7732048659,0.0000000000,-1.4222211859,exit_left
27500,1,0.0000000000,0.0000000000,4.2500000000,0.0000000000,exit_right
27600,1,0.0000000000,0.0000000000,4.0777841553,0.0000000000,scatter
27600,2,4.0777841553,0.0000000000,4.2500000000,0.1866350080,exit_right
27700,1,0.0000000000,0.0000000000,0.9894139491,0.0000000000,scatter
27700,2,0.9894139491,0.0000000000,0.8078211246,-0.0517626436,scatter
27700,3,0.8078211246,-0.0517626436,0.0000000000,-2.0748371915,exit_left
27800,1,0.0000000000,0.0000000000,1.2932044262,0.0000000000,absorb
27900,1,0.0000000000,0.0000000000,1.1749051475,0.0000000000,scatter
27900,2,1.1749051475,0.0000000000,0.8894998730,-0.5096652364,scatter
27900,3,0.8894998730,-0.5096652364,0.0000000000,0.1909761593,exit_left
28000,1,0.0000000000,0.0000000000,4.2500000000,0.0000000000,exit_right
28100,1,0.0000000000,0.0000000000,1.7533039105,0.0000000000,absorb
28200,1,0.0000000000,0.0000000000,2.8200401243,0.0000000000,absorb
28300,1,0.0000000000,0.0000000000,1.2965015745,0.0000000000,scatter
28300,2,1.2965015745,0.0000000000,1.7688498910,-2.6974956837,scatter
28300,3,1.7688498910,-2.6974956837,0.5038319324,-3.8050096522,absorb
28400,1,0.0000000000,0.0000000000,0.3457150098,0.0000000000,scatter
28400,2,0.3457150098,0.0000000000,0.0000000000,0.4883576393,exit_left
28500,1,0.0000000000,0.0000000000,4.2500000000,0.0000000000,exit_right
28600,1,0.0000000000,0.0000000000,2.4963703964,0.0000000000,absorb
28700,1,0.0000000000,0.0000000000,0.3571405291,0.0000000000,scatter
28700,2,0.3571405291,0.0000000000,0.8118017789,3.3925856905,absorb
28800,1,0.0000000000,0.0000000000,1.3289877160,0.0000000000,scatter
28800,2,1.3289877160,0.0000000000,1.3569128391,-0.0186507885,scatter
28800,3,1.3569128391,-0.0186507885,0.0000000000,-1.1584873150,exit_left
28900,1,0.0000000000,0.0000000000,0.9058883775,0.0000000000,scatter
28900,2,0.9058883775,0.0000000000,3.4364226470,2.7481177794,scatter
28900,3,3.4364226470,2.7481177794,2.0565100175,1.8770741366,scatter
28900,4,2.0565100175,1.8770741366,1.8334157344,4.7382426208,scatter
28900,5,1.8334157344,4.7382426208,1.4786986023,4.4367656726,scatter
28900,6,1.4786986023,4.4367656726,0.0000000000,4.9851788038,exit_left
29000,1,0.0000000000,0.0000000000,0.2196371936,0.0000000000,scatter
29000,2,0.2196371936,0.0000000000,0.5909636878,0.6783295720,scatter
29000,3,0.5909636878,0.6783295720,1.3323460592,1.4270013610,absorb
29100,1,0.0000000000,0.0000000000,1.9422084774,0.0000000000,scatter
29100,2,1.9422084774,0.0000000000,0.0000000000,-2.2602481084,exit_left
29200,1,0.0000000000,0.0000000000,0.7403769754,0.0000000000,scatter
29200,2,0.7403769754,0.0000000000,0.0000000000,-0.1635512650,exit_left
29300,1,0.0000000000,0.0000000000,3.4772050223,0.0000000000,scatter
29300,2,3.4772050223,0.0000000000,1.4142681500,-1.0926110429,scatter
29300,3,1.4142681500,-1.0926110429,3.2000040973,-1.9068738670,scatter
29300,4,3.2000040973,-1.9068738670,2.2342412959,-2.9194451547,scatter
29300,5,2.2342412959,-2.9194451547,3.2507333883,-5.7553727578,scatter
29300,6,3.2507333883,-5.7553727578,3.5951603981,-6.0019226441,scatter
29300,7,3.5951603981,-6.0019226441,4.2500000000,-5.3023394464,exit_right
29400,1,0.0000000000,0.0000000000,2.1289182873,0.0000000000,scatter
29400,2,2.1289182873,0.0000000000,0.5890328933,1.0713130740,scatter
29400,3,0.5890328933,1.0713130740,2.1657861328,-1.6423799403,scatter
29400,4,2.1657861328,-1.6423799403,0.0000000000,-1.1670639512,exit_left
29500,1,0.0000000000,0.0000000000,1.3557463961,0.0000000000,scatter
29500,2,1.3557463961,0.0000000000,1.9453334526,-0.4451548503,absorb
29600,1,0.0000000000,0.0000000000,2.6369441412,0.0000000000,scatter
29600,2,2.6369441412,0.0000000000,3.0132531526,2.5890903203,absorb
29700,1,0.0000000000,0.0000000000,0.2963079915,0.0000000000,scatter
29700,2,0.2963079915,0.0000000000,0.4189510536,0.1417911883,scatter
29700,3,0.4189510536,0.1417911883,0.6130480093,-0.8924722570,scatter
29700,4,0.6130480093,-0.8924722570,2.3767472004,1.1940025637,scatter
29700,5,2.3767472004,1.1940025637,3.0144035657,1.5791573829,scatter
29700,6,3.0144035657,1.5791573829,0.8582383541,-1.1823303804,scatter
29700,7,0.8582383541,-1.1823303804,3.5686783105,-2.7687301574,scatter
29700,8,3.5686783105,-2.7687301574,4.2500000000,-2.8584321453,exit_right
29800,1,0.0000000000,0.0000000000,0.2798156374,0.0000000000,scatter
29800,2,0.2798156374,0.0000000000,1.5903049540,-0.6375343501,scatter
29800,3,1.5903049540,-0.6375343501,1.8757476387,0.7778606652,scatter
29800,4,1.8757476387,0.7778606652,1.6347020890,1.0432185058,scatter
29800,5,1.6347020890,1.0432185058,2.2317051893,0.3973008106,scatter
29800,6,2.2317051893,0.3973008106,1.7459165737,1.1315000471,absorb
29900,1,0.0000000000,0.0000000000,1.4324970190,0.0000000000,scatter
29900,2,1.4324970190,0.0000000000,1.7980429690,0.3141271975,absorb
30000,1,0.0000000000,0.0000000000,2.1964164420,0.0000000000,scatter
30000,2,2.1964164420,0.0000000000,2.7252760605,-0.0499501185,scatter
30000,3,2.7252760605,-0.0499501185,2.8033526480,0.0795264981,absorb
30100,1,0.0000000000,0.0000000000,1.8437807982,0.0000000000,scatter
30100,2,1.8437807982,0.0000000000,2.6467703524,0.9118577334,absorb
30200,1,0.0000000000,0.0000000000,4.2500000000,0.0000000000,exit_right
30300,1,0.0000000000,0.0000000000,4.2500000000,0.0000000000,exit_right
30400,1,0.0000000000,0.0000000000,0.5525993377,0.0000000000,scatter
30400,2,0.5525993377,0.0000000000,0.3137223158,-0.6387294413,scatter
30400,3,0.3137223158,-0.6387294413,0.0000000000,-0.5902644879,exit_left
30500,1,0.0000000000,0.0000000000,2.1000819328,0.0000000000,scatter
30500,2,2.1000819328,0.0000000000,4.2500000000,-0.9248573008,exit_right
30600,1,0.0000000000,0.0000000000,0.0499868509,0.0000000000,absorb
30700,1,0.0000000000,0.0000000000,1.2776100664,0.0000000000,scatter
30700,2,1.2776100664,0.0000000000,3.6098560858,-0.7734688185,scatter
30700,3,3.6098560858,-0.7734688185,3.6468052439,-0.8187870033,scatter
30700,4,3.6468052439,-0.8187870033,3.0579241450,-1.5488312518,scatter
30700,5,3.0579241450,-1.5488312518,2.5118251090,-3.1412489851,scatter
30700,6,2.5118251090,-3.1412489851,3.8996099069,-3.9666214591,scatter
30700,7,3.8996099069,-3.9666214591,2.3681062343,-2.9094965821,absorb
30800,1,0.0000000000,0.0000000000,2.4298705930,0.0000000000,scatter
30800,2,2.4298705930,0.0000000000,3.8656357682,-3.9310340033,scatter
30800,3,3.8656357682,-3.9310340033,3.9229570830,-4.0866213297,absorb
30900,1,0.0000000000,0.0000000000,0.1910085692,0.0000000000,scatter
30900,2,0.1910085692,0.0000000000,0.1918698170,-0.0282062757,scatter
30900,3,0.1918698170,-0.0282062757,0.0561881103,1.6368734688,absorb
31000,1,0.0000000000,0.0000000000,0.7134435806,0.0000000000,scatter
31000,2,0.7134435806,0.0000000000,0.0000000000,2.4591326582,exit_left
31100,1,0.0000000000,0.0000000000,1.2931658970,0.0000000000,scatter
31100,2,1.2931658970,0.0000000000,0.8849789701,0.9340306871,scatter
31100,3,0.8849789701,0.9340306871,3.8990949096,-0.4276860631,scatter
31100,4,3.8990949096,-0.4276860631,4.2500000000,-0.8216758032,exit_right
31200,1,0.0000000000,0.0000000000,0.7845735301,0.0000000000,scatter
31200,2,0.7845735301,0.0000000000,0.8031647777,-2.1730787833,absorb
31300,1,0.0000000000,0.0000000000,0.6327407448,0.0000000000,scatter
31300,2,0.6327407448,0.0000000000,0.4247205831,-0.2335771467,scatter
31300,3,0.4247205831,-0.2335771467,0.0000000000,-0.1346059441,exit_left
31400,1,0.0000000000,0.0000000000,4.2100139499,0.0000000000,scatter
31400,2,4.2100139499,0.0000000000,4.2500000000,-0.0394017943,exit_right
31500,1,0.0000000000,0.0000000000,0.0572294627,0.0000000000,scatter
31500,2,0.0572294627,0.0000000000,1.0331786781,0.3056251739,scatter
31500,3,1.0331786781,0.3056251739,1.0345631936,0.3101058624,scatter
31500,4,1.0345631936,0.3101058624,0.0000000000,0.8982298711,exit_left
31600,1,0.0000000000,0.0000000000,0.6333225285,0.0000000000,scatter
31600,2,0.6333225285,0.0000000000,2.2123030755,-0.2402897060,scatter
31600,3,2.2123030755,-0.2402897060,2.4389111881,-0.2800221019,scatter
31600,4,2.4389111881,-0.2800221019,2.1338576707,-1.8859578373,scatter
31600,5,2.1338576707,-1.8859578373,2.0422571780,-1.8768256513,scatter
31600,6,2.0422571780,-1.8768256513,3.6471292305,-1.1525327878,absorb
31700,1,0.0000000000,0.0000000000,0.6405665200,0.0000000000,scatter
31700,2,0.6405665200,0.0000000000,0.7130251324,1.9371592651,scatter
31700,3,0.7130251324,1.9371592651,4.1807223832,1.4828410724,scatter
31700,4,4.1807223832,1.4828410724,3.2944979442,1.6852662266,scatter
31700,5,3.2944979442,1.6852662266,3.3363338926,1.6247933123,scatter
31700,6,3.3363338926,1.6247933123,4.2500000000,2.8641305410,exit_right
31800,1,0.0000000000,0.0000000000,0.5843727065,0.0000000000,absorb
31900,1,0.0000000000,0.0000000000,0.3997209191,0.0000000000,scatter
31900,2,0.3997209191,0.0000000000,4.2500000000,10.6775626762,exit_right
32000,1,0.0000000000,0.0000000000,2.6397315905,0.0000000000,scatter
32000,2,2.6397315905,0.0000000000,3.4498158747,-0.6550127412,scatter
32000,3,3.4498158747,-0.6550127412,3.9622922262,-0.5958411271,scatter
32000,4,3.9622922262,-0.5958411271,3.8778325589,-1.0699769439,scatter
32000,5,3.8778325589,-1.0699769439,4.1515284148,-1.2385247810,absorb
32100,1,0.0000000000,0.0000000000,0.6029289264,0.0000000000,scatter
32100,2,0.6029289264,0.0000000000,0.2787672173,0.2423722769,absorb
32200,1,0.0000000000,0.0000000000,1.4885589496,0.0000000000,scatter
32200,2,1.4885589496,0.0000000000,1.5105625408,-0.5582585261,scatter
32200,3,1.5105625408,-0.5582585261,2.7868930498,0.4820157597,scatter
32200,4,2.7868930498,0.4820157597,1.5148945299,-2.6910591484,scatter
32200,5,1.5148945299,-2.6910591484,1.6318363288,-2.8382032757,scatter
32200,6,1.6318363288,-2.8382032757,3.7193192355,-1.6540413901,scatter
32200,7,3.7193192355,-1.6540413901,3.7658982276,-2.3424521977,absorb
32300,1,0.0000000000,0.0000000000,2.0358381058,0.0000000000,scatter
32300,2,2.0358381058,0.0000000000,3.5405496643,-1.3618178612,absorb
32400,1,0.0000000000,0.0000000000,3.6388456232,0.0000000000,scatter
32400,2,3.6388456232,0.0000000000,4.2500000000,0.8187278656,exit_right
32500,1,0.0000000000,0.0000000000,4.2500000000,0.0000000000,exit_right
32600,1,0.0000000000,0.0000000000,0.9167592390,0.0000000000,scatter
32600,2,0.9167592390,0.0000000000,0.8250491043,-1.6129084226,scatter
32600,3,0.8250491043,-1.6129084226,1.8205468870,-2.1718635358,scatter
32600,4,1.8205468870,-2.1718635358,1.7266929807,-2.7209916243,scatter
32600,5,1.7266929807,-2.7209916243,2.1399085607,-2.8534674914,scatter
32600,6,2.1399085607,-2.8534674914,3.2081274432,-2.8183651893,scatter
32600,7,3.2081274432,-2.8183651893,3.1422821948,-2.7037402187,absorb
32700,1,0.0000000000,0.0000000000,3.7428541433,0.0000000000,absorb
32800,1,0.0000000000,0.0000000000,0.4435091890,0.0000000000,scatter
32800,2,0.4435091890,0.0000000000,1.9270181566,1.9123563392,scatter
32800,3,1.9270181566,1.9123563392,1.1849634312,-0.7324583561,scatter
32800,4,1.1849634312,-0.7324583561,1.2655390627,1.4420656688,scatter
32800,5,1.2655390627,1.4420656688,1.2653515967,1.4495000677,absorb
32900,1,0.0000000000,0.0000000000,0.6328913846,0.0000000000,scatter
32900,2,0.6328913846,0.0000000000,0.8498126012,-0.5120662215,scatter
32900,3,0.8498126012,-0.5120662215,0.4181798183,0.1567525653,absorb
33000,1,0.0000000000,0.0000000000,1.2009903761,0.0000000000,scatter
33000,2,1.2009903761,0.0000000000,0.0000000000,0.8979883621,exit_left
33100,1,0.0000000000,0.0000000000,0.5127615639,0.0000000000,absorb
33200,1,0.0000000000,0.0000000000,0.3667432228,0.0000000000,scatter
33200,2,0.3667432228,0.0000000000,0.0000000000,0.5204325575,exit_left
33300,1,0.0000000000,0.0000000000,0.1606419971,0.0000000000,scatter
33300,2,0.1606419971,0.0000000000,0.0000000000,0.0193372242,exit_left
33400,1,0.0000000000,0.0000000000,4.2500000000,0.0000000000,exit_right
33500,1,0.0000000000,0.0000000000,0.4657939024,0.0000000000,scatter
33500,2,0.4657939024,0.0000000000,0.0000000000,-0.2236060106,exit_left
33600,1,0.0000000000,0.0000000000,0.3454000782,0.0000000000,scatter
33600,2,0.3454000782,0.0000000000,0.1870571140,0.0443330070,scatter
33600,3,0.1870571140,0.0443330070,0.1973442488,0.0331786534,scatter
33600,4,0.1973442488,0.0331786534,0.0000000000,0.1033622679,exit_left
33700,1,0.0000000000,0.0000000000,0.1544644413,0.0000000000,scatter
33700,2,0.1544644413,0.0000000000,0.0000000000,-0.0129791084,exit_left
33800,1,0.0000000000,0.0000000000,2.6988095769,0.0000000000,absorb
33900,1,0.0000000000,0.0000000000,4.2500000000,0.0000000000,exit_right
34000,1,0.0000000000,0.0000000000,0.4944047763,0.0000000000,scatter
34000,2,0.4944047763,0.0000000000,3.6829505487,6.6707453629,scatter
34000,3,3.6829505487,6.6707453629,4.2500000000,7.2908281032,exit_right
34100,1,0.0000000000,0.0000000000,1.3528733585,0.0000000000,scatter
34100,2,1.3528733585,0.0000000000,1.7614770649,-0.0135069891,scatter
34100,3,1.7614770649,-0.0135069891,1.9039874638,-2.7554279830,scatter
34100,4,1.9039874638,-2.7554279830,1.7413640435,-2.7449819449,absorb
34200,1,0.0000000000,0.0000000000,1.2212794831,0.0000000000,scatter
34200,2,1.2212794831,0.0000000000,0.9618676167,-1.0237987558,scatter
34200,3,0.9618676167,-1.0237987558,0.0000000000,-0.9831837039,exit_left
34300,1,0.0000000000,0.0000000000,0.7866431817,0.0000000000,scatter
34300,2,0.7866431817,0.0000000000,0.5724987546,1.1749582046,absorb
34400,1,0.0000000000,0.0000000000,1.0060699392,0.0000000000,scatter
34400,2,1.0060699392,0.0000000000,0.0000000000,0.1839490254,exit_left
34500,1,0.0000000000,0.0000000000,0.6651399989,0.0000000000,scatter
34500,2,0.6651399989,0.0000000000,4.2500000000,-3.5215754662,exit_right
34600,1,0.0000000000,0.0000000000,0.3905740884,0.0000000000,scatter
34600,2,0.3905740884,0.0000000000,0.0580743879,-1.2957743719,scatter
34600,3,0.0580743879,-1.2957743719,0.0000000000,-1.7892417423,exit_left
34700,1,0.0000000000,0.0000000000,0.7550381009,0.0000000000,scatter
34700,2,0.7550381009,0.0000000000,0.0000000000,3.6123655485,exit_left
34800,1,0.0000000000,0.0000000000,0.3999644635,0.0000000000,absorb
34900,1,0.0000000000,0.0000000000,0.1688971779,0.0000000000,scatter
34900,2,0.1688971779,0.0000000000,0.0000000000,0.1854067585,exit_left
35000,1,0.0000000000,0.0000000000,0.9264366402,0.0000000000,scatter
35000,2,0.9264366402,0.0000000000,0.6090943182,0.5775161256,absorb
35100,1,0.0000000000,0.0000000000,3.4397383162,0.0000000000,scatter
35100,2,3.4397383162,0.0000000000,4.0734948088,1.7196175964,scatter
35100,3,4.0734948088,1.7196175964,0.0000000000,-0.9864402663,exit_left
35200,1,0.0000000000,0.0000000000,1.5828919904,0.0000000000,scatter
35200,2,1.5828919904,0.0000000000,4.2500000000,0.2660524710,exit_right
35300,1,0.0000000000,0.0000000000,0.3849088672,0.0000000000,scatter
35300,2,0.3849088672,0.0000000000,0.0000000000,-0.3410390028,exit_left
35400,1,0.0000000000,0.0000000000,4.2500000000,0.0000000000,exit_right
35500,1,0.0000000000,0.0000000000,3.7213622295,0.0000000000,scatter
35500,2,3.7213622295,0.0000000000,3.9511107639,-0.3343178481,scatter
35500,3,3.9511107639,-0.3343178481,4.2500000000,-0.1817965450,exit_right
35600,1,0.0000000000,0.0000000000,3.4433791875,0.0000000000,scatter
35600,2,3.4433791875,0.0000000000,2.9966349578,5.7453022714,scatter
35600,3,2.9966349578,5.7453022714,0.7533581222,5.1802899423,scatter
35600,4,0.7533581222,5.1802899423,1.9922342774,9.2148648159,scatter
35600,5,1.9922342774,9.2148648159,1.7644862474,7.4268108318,scatter
35600,6,1.7644862474,7.4268108318,1.0725707260,7.2357129846,scatter
35600,7,1.0725707260,7.2357129846,0.0000000000,5.5688678602,exit_left
35700,1,0.0000000000,0.0000000000,0.6353809330,0.0000000000,scatter
35700,2,0.6353809330,0.0000000000,0.0544871936,1.4509460273,absorb
35800,1,0.0000000000,0.0000000000,2.3112916585,0.0000000000,scatter
35800,2,2.3112916585,0.0000000000,1.4550130490,-0.2327047133,scatter
35800,3,1.4550130490,-0.2327047133,1.6758320425,0.4019771645,absorb
35900,1,0.0000000000,0.0000000000,2.1790994941,0.0000000000,scatter
35900,2,2.1790994941,0.0000000000,4.2500000000,3.2072015673,exit_right
36000,1,0.0000000000,0.0000000000,2.4334045662,0.0000000000,scatter
36000,2,2.4334045662,0.0000000000,1.9589023169,0.0998481774,scatter
36000,3,1.9589023169,0.0998481774,2.3686795531,-0.2794796064,scatter
36000,4,2.3686795531,-0.2794796064,3.5713911853,-0.3527474790,scatter
36000,5,3.5713911853,-0.3527474790,1.9747357864,-0.7098380330,absorb
36100,1,0.0000000000,0.0000000000,0.6276513774,0.0000000000,scatter
36100,2,0.6276513774,0.0000000000,0.3482768807,0.0151645061,scatter
36100,3,0.3482768807,0.0151645061,0.0000000000,-0.2848528084,exit_left
36200,1,0.0000000000,0.0000000000,0.9934682373,0.0000000000,absorb
36300,1,0.0000000000,0.0000000000,0.4311251869,0.0000000000,absorb
36400,1,0.0000000000,0.0000000000,4.2500000000,0.0000000000,exit_right
36500,1,0.0000000000,0.0000000000,1.2002529243,0.0000000000,scatter
36500,2,1.2002529243,0.0000000000,0.0000000000,-0.8084268530,exit_left
36600,1,0.0000000000,0.0000000000,0.0163985103,0.0000000000,absorb
36700,1,0.0000000000,0.0000000000,0.6607568404,0.0000000000,scatter
36700,2,0.6607568404,0.0000000000,0.6311448062,0.3988519215,scatter
36700,3,0.6311448062,0.3988519215,0.0000000000,0.7359707030,exit_left
36800,1,0.0000000000,0.0000000000,1.0496464733,0.0000000000,scatter
36800,2,1.0496464733,0.0000000000,0.0000000000,0.8761771603,exit_left
36900,1,0.0000000000,0.0000000000,1.8742369019,0.0000000000,absorb
37000,1,0.0000000000,0.0000000000,0.3515924519,0.0000000000,scatter
37000,2,0.3515924519,0.0000000000,0.0000000000,-0.5138520796,exit_left
37100,1,0.0000000000,0.0000000000,4.2500000000,0.0000000000,exit_right
37200,1,0.0000000000,0.0000000000,1.0559207285,0.0000000000,scatter
37200,2,1.0559207285,0.0000000000,0.0000000000,0.7691526149,exit_left
37300,1,0.0000000000,0.0000000000,1.1633601510,0.0000000000,scatter
37300,2,1.1633601510,0.0000000000,0.0000000000,-0.7688672554,exit_left
37400,1,0.0000000000,0.0000000000,1.0267131661,0.0000000000,scatter
37400,2,1.0267131661,0.0000000000,0.5136702756,-0.3587173348,scatter
37400,3,0.5136702756,-0.3587173348,0.0000000000,-0.5621633576,exit_left
37500,1,0.0000000000,0.0000000000,4.2500000000,0.0000000000,exit_right
37600,1,0.0000000000,0.0000000000,0.6832652765,0.0000000000,absorb
37700,1,0.0000000000,0.0000000000,4.2500000000,0.0000000000,exit_right
37800,1,0.0000000000,0.0000000000,0.1659711332,0.0000000000,absorb
37900,1,0.0000000000,0.0000000000,1.7358478828,0.0000000000,scatter
37900,2,1.7358478828,0.0000000000,1.2486019497,3.0598971518,scatter
37900,3,1.2486019497,3.0598971518,0.0000000000,1.7228624924,exit_left
38000,1,0.0000000000,0.0000000000,0.0967612316,0.0000000000,scatter
38000,2,0.0967612316,0.0000000000,0.0000000000,-0.4264320433,exit_left
38100,1,0.0000000000,0.0000000000,0.7442457072,0.0000000000,scatter
38100,2,0.7442457072,0.0000000000,1.0243844186,-0.3594215026,scatter
38100,3,1.0243844186,-0.3594215026,0.5154987634,3.6655702633,scatter
38100,4,0.5154987634,3.6655702633,0.0000000000,2.5635382273,exit_left
38200,1,0.0000000000,0.0000000000,1.7275239065,0.0000000000,scatter
38200,2,1.7275239065,0.0000000000,1.7103013268,-0.0102609622,scatter
38200,3,1.7103013268,-0.0102609622,2.5899143474,2.7489716701,absorb
38300,1,0.0000000000,0.0000000000,4.2103049291,0.0000000000,scatter
38300,2,4.2103049291,0.0000000000,4.0230470908,0.8299187898,absorb
38400,1,0.0000000000,0.0000000000,3.2176808694,0.0000000000,absorb
38500,1,0.0000000000,0.0000000000,3.4261775410,0.0000000000,scatter
38500,2,3.4261775410,0.0000000000,4.1725962452,-1.1242238515,scatter
38500,3,4.1725962452,-1.1242238515,0.0000000000,-4.0078900296,exit_left
38600,1,0.0000000000,0.0000000000,0.3230089852,0.0000000000,scatter
38600,2,0.3230089852,0.0000000000,0.8281957369,0.7040330732,scatter
38600,3,0.8281957369,0.7040330732,0.6939506572,0.2496217766,absorb
38700,1,0.0000000000,0.0000000000,1.4281629311,0.0000000000,scatter
38700,2,1.4281629311,0.0000000000,3.3974049135,-0.7942068258,scatter
38700,3,3.3974049135,-0.7942068258,2.6364195222,-4.0429748071,scatter
38700,4,2.6364195222,-4.0429748071,1.9376448909,-3.2035197711,scatter
38700,5,1.9376448909,-3.2035197711,1.9610790572,-3.1921834330,scatter
38700,6,1.9610790572,-3.1921834330,2.8740151192,-1.9472504041,scatter
38700,7,2.8740151192,-1.9472504041,0.5758488100,-2.8642507932,scatter
38700,8,0.5758488100,-2.8642507932,0.0000000000,-2.3698426908,exit_left
38800,1,0.0000000000,0.0000000000,0.0423560333,0.0000000000,scatter
38800,2,0.0423560333,0.0000000000,1.4138815498,-1.7274364814,absorb
38900,1,0.0000000000,0.0000000000,0.1947940314,0.0000000000,scatter
38900,2,0.1947940314,0.0000000000,0.0000000000,0.0766190962,exit_left
39000,1,0.0000000000,0.0000000000,0.1583074626,0.0000000000,scatter
39000,2,0.1583074626,0.0000000000,0.2843929123,0.4524432006,scatter
39000,3,0.2843929123,0.4524432006,0.3207844360,0.3036795737,scatter
39000,4,0.3207844360,0.3036795737,0.0000000000,-1.5441410804,exit_left
39100,1,0.0000000000,0.0000000000,0.0095794844,0.0000000000,scatter
39100,2,0.0095794844,0.0000000000,0.0000000000,0.0178730513,exit_left
39200,1,0.0000000000,0.0000000000,0.5244971490,0.0000000000,scatter
39200,2,0.5244971490,0.0000000000,0.0000000000,-0.6456754257,exit_left
39300,1,0.0000000000,0.0000000000,0.9711004151,0.0000000000,scatter
39300,2,0.9711004151,0.0000000000,0.0000000000,-0.4935679238,exit_left
39400,1,0.0000000000,0.0000000000,1.0438532067,0.0000000000,scatter
39400,2,1.0438532067,0.0000000000,1.1583265588,0.6564538788,scatter
39400,3,1.1583265588,0.6564538788,1.3336852939,0.5918485370,absorb
39500,1,0.0000000000,0.0000000000,4.2500000000,0.0000000000,exit_right
39600,1,0.0000000000,0.0000000000,2.0953450473,0.0000000000,scatter
39600,2,2.0953450473,0.0000000000,1.1752843249,0.5379597693,scatter
39600,3,1.1752843249,0.5379597693,3.1613132776,-0.3324560277,absorb
39700,1,0.0000000000,0.0000000000,1.7573105785,0.0000000000,scatter
39700,2,1.7573105785,0.0000000000,0.2598548391,0.1661140027,scatter
39700,3,0.2598548391,0.1661140027,0.8614421322,-1.1039038064,scatter
39700,4,0.8614421322,-1.1039038064,1.0824692587,-1.1942351332,scatter
39700,5,1.0824692587,-1.1942351332,4.2500000000,-0.6934227449,exit_right
39800,1,0.0000000000,0.0000000000,3.1842636110,0.0000000000,absorb
39900,1,0.0000000000,0.0000000000,2.3033384637,0.0000000000,scatter
39900,2,2.3033384637,0.0000000000,1.9713561177,1.5949437715,scatter
39900,3,1.9713561177,1.5949437715,4.2500000000,5.0550480127,exit_right
40000,1,0.0000000000,0.0000000000,4.2500000000,0.0000000000,exit_right
40100,1,0.0000000000,0.0000000000,1.5417359674,0.0000000000,scatter
40100,2,1.5417359674,0.0000000000,0.0000000000,1.7078521099,exit_left
40200,1,0.0000000000,0.0000000000,0.7680184725,0.0000000000,absorb
40300,1,0.0000000000,0.0000000000,2.0582319582,0.0000000000,scatter
40300,2,2.0582319582,0.0000000000,2.1727768630,-0.1481541416,scatter
40300,3,2.1727768630,-0.1481541416,3.1445858673,-0.0094674630,scatter
40300,4,3.1445858673,-0.0094674630,2.6836650907,-0.2440406000,scatter
40300,5,2.6836650907,-0.2440406000,4.2500000000,1.8769077644,exit_right
40400,1,0.0000000000,0.0000000000,0.5928497772,0.0000000000,scatter
40400,2,0.5928497772,0.0000000000,0.0000000000,0.0865308534,exit_left
40500,1,0.0000000000,0.0000000000,4.2500000000,0.0000000000,exit_right
40600,1,0.0000000000,0.0000000000,0.5075421216,0.0000000000,scatter
40600,2,0.5075421216,0.0000000000,0.0000000000,0.9923906807,exit_left
40700,1,0.0000000000,0.0000000000,0.3391220107,0.0000000000,scatter
40700,2,0.3391220107,0.0000000000,0.0000000000,0.8534931544,exit_left
40800,1,0.0000000000,0.0000000000,2.2095877480,0.0000000000,scatter
40800,2,2.2095877480,0.0000000000,2.1039345054,-0.4150360676,scatter
40800,3,2.1039345054,-0.4150360676,2.5282442716,2.8107150429,absorb
40900,1,0.0000000000,0.0000000000,4.0487417033,0.0000000000,scatter
40900,2,4.0487417033,0.0000000000,4.2500000000,0.1033923119,exit_right
41000,1,0.0000000000,0.0000000000,3.3422869356,0.0000000000,scatter
41000,2,3.3422869356,0.0000000000,2.9894827397,-0.5500923722,absorb
41100,1,0.0000000000,0.0000000000,4.2500000000,0.0000000000,exit_right
41200,1,0.0000000000,0.0000000000,0.2391404936,0.0000000000,scatter
41200,2,0.2391404936,0.0000000000,0.8288531356,0.5342838874,scatter
41200,3,0.8288531356,0.5342838874,0.0000000000,1.6676817654,exit_left
41300,1,0.0000000000,0.0000000000,0.6861914008,0.0000000000,scatter
41300,2,0.6861914008,0.0000000000,0.6801204787,0.0053797809,absorb
41400,1,0.0000000000,0.0000000000,0.0415903671,0.0000000000,scatter
41400,2,0.0415903671,0.0000000000,3.2474916045,-1.3596551759,scatter
41400,3,3.2474916045,-1.3596551759,1.1590965063,-0.7370720958,absorb
41500,1,0.0000000000,0.0000000000,4.2500000000,0.0000000000,exit_right
41600,1,0.0000000000,0.0000000000,4.0836259485,0.0000000000,scatter
41600,2,4.0836259485,0.0000000000,4.2500000000,0.0717730815,exit_right
41700,1,0.0000000000,0.0000000000,1.2840951378,0.0000000000,scatter
41700,2,1.2840951378,0.0000000000,2.6996149262,-0.8381182301,scatter
41700,3,2.6996149262,-0.8381182301,3.2323614957,-1.6504615799,scatter
41700,4,3.2323614957,-1.6504615799,2.7967302388,-2.1072926153,absorb
41800,1,0.0000000000,0.0000000000,0.8863654113,0.0000000000,scatter
41800,2,0.8863654113,0.0000000000,0.8763803665,-0.0922589153,absorb
41900,1,0.0000000000,0.0000000000,1.3804107192,0.0000000000,scatter
41900,2,1.3804107192,0.0000000000,1.4451141392,-0.2038937900,scatter
41900,3,1.4451141392,-0.2038937900,3.7114411311,-11.3350864990,absorb
42000,1,0.0000000000,0.0000000000,2.0007850665,0.0000000000,absorb
42100,1,0.0000000000,0.0000000000,1.4349331076,0.0000000000,scatter
42100,2,1.4349331076,0.0000000000,2.1324433351,-0.8277640474,scatter
42100,3,2.1324433351,-0.8277640474,2.5614648332,-0.0626946139,scatter
42100,4,2.5614648332,-0.0626946139,2.6997350982,0.0313205120,scatter
42100,5,2.6997350982,0.0313205120,2.3494673535,0.1966644604,scatter
42100,6,2.3494673535,0.1966644604,4.2500000000,2.7107828085,exit_right
42200,1,0.0000000000,0.0000000000,1.2402690687,0.0000000000,absorb
42300,1,0.0000000000,0.0000000000,0.6903535032,0.0000000000,scatter
42300,2,0.6903535032,0.0000000000,0.5793683151,-0.1064370422,scatter
42300,3,0.5793683151,-0.1064370422,0.0000000000,-0.1655673826,exit_left
42400,1,0.0000000000,0.0000000000,1.6678682205,0.0000000000,scatter
42400,2,1.6678682205,0.0000000000,0.0000000000,3.0018544338,exit_left
42500,1,0.0000000000,0.0000000000,3.7134328977,0.0000000000,absorb
42600,1,0.0000000000,0.0000000000,4.2500000000,0.0000000000,exit_right
42700,1,0.0000000000,0.0000000000,0.3409391591,0.0000000000,scatter
42700,2,0.3409391591,0.0000000000,0.9234157553,-0.4912364560,scatter
42700,3,0.9234157553,-0.4912364560,0.8822120709,-0.5414255060,scatter
42700,4,0.8822120709,-0.5414255060,0.0000000000,-0.6291721174,exit_left
42800,1,0.0000000000,0.0000000000,2.9854957511,0.0000000000,scatter
42800,2,2.9854957511,0.0000000000,1.8722916189,-0.5804957291,scatter
42800,3,1.8722916189,-0.5804957291,2.3158229175,0.4678841811,scatter
42800,4,2.3158229175,0.4678841811,2.4001233499,0.1993700141,scatter
42800,5,2.4001233499,0.1993700141,3.2655833343,0.9921726547,scatter
42800,6,3.2655833343,0.9921726547,4.2500000000,0.3661433618,exit_right
42900,1,0.0000000000,0.0000000000,1.7714561672,0.0000000000,scatter
42900,2,1.7714561672,0.0000000000,2.0043737335,0.5511214001,absorb
43000,1,0.0000000000,0.0000000000,0.9747370970,0.0000000000,absorb
43100,1,0.0000000000,0.0000000000,0.2379336790,0.0000000000,scatter
43100,2,0.2379336790,0.0000000000,1.3631121719,-2.4296051846,scatter
43100,3,1.3631121719,-2.4296051846,1.0714261592,-1.8731593786,scatter
43100,4,1.0714261592,-1.8731593786,2.7898603652,-2.2465534730,scatter
43100,5,2.7898603652,-2.2465534730,2.0100126062,-4.5596228957,scatter
43100,6,2.0100126062,-4.5596228957,1.9712176374,-4.6465103980,scatter
43100,7,1.9712176374,-4.6465103980,2.4153980799,-5.5528312789,absorb
43200,1,0.0000000000,0.0000000000,0.4714699755,0.0000000000,scatter
43200,2,0.4714699755,0.0000000000,0.2374560111,0.4303372546,scatter
43200,3,0.2374560111,0.4303372546,0.0000000000,0.4396740960,exit_left
43300,1,0.0000000000,0.0000000000,0.2709971179,0.0000000000,absorb
43400,1,0.0000000000,0.0000000000,1.1964210472,0.0000000000,absorb
43500,1,0.0000000000,0.0000000000,0.4959548006,0.0000000000,scatter
43500,2,0.4959548006,0.0000000000,0.6125904032,-0.1142897451,scatter
43500,3,0.6125904032,-0.1142897451,2.7389154271,3.2443702701,scatter
43500,4,2.7389154271,3.2443702701,2.3113005657,5.2759082905,scatter
43500,5,2.3113005657,5.2759082905,2.3072064034,5.2847346594,scatter
43500,6,2.3072064034,5.2847346594,2.6111924947,5.1857663969,scatter
43500,7,2.6111924947,5.1857663969,2.4299719792,4.9998592882,absorb
43600,1,0.0000000000,0.0000000000,4.2500000000,0.0000000000,exit_right
43700,1,0.0000000000,0.0000000000,2.1695683491,0.0000000000,scatter
43700,2,2.1695683491,0.0000000000,2.6961719911,-0.5752637512,scatter
43700,3,2.6961719911,-0.5752637512,2.7221637651,-0.9345032804,scatter
43700,4,2.7221637651,-0.9345032804,2.5928244354,-0.1707027499,scatter
43700,5,2.5928244354,-0.1707027499,2.3789367500,-0.4857036195,scatter
43700,6,2.3789367500,-0.4857036195,1.2069362358,-3.3084463874,absorb
43800,1,0.0000000000,0.0000000000,2.1519024349,0.0000000000,scatter
43800,2,2.1519024349,0.0000000000,2.2985596162,-0.3519869389,scatter
43800,3,2.2985596162,-0.3519869389,3.3873083457,0.1234553374,absorb
43900,1,0.0000000000,0.0000000000,0.1535179643,0.0000000000,scatter
43900,2,0.1535179643,0.0000000000,2.7498897935,1.1897516971,scatter
43900,3,2.7498897935,1.1897516971,3.5078679333,2.4531088816,scatter
43900,4,3.5078679333,2.4531088816,3.6329712871,2.1638961568,scatter
43900,5,3.6329712871,2.1638961568,3.6326667429,2.3666829533,scatter
43900,6,3.6326667429,2.3666829533,3.9787357966,5.4352289849,scatter
43900,7,3.9787357966,5.4352289849,4.2500000000,5.8711263571,exit_right
44000,1,0.0000000000,0.0000000000,2.5000806607,0.0000000000,scatter
44000,2,2.5000806607,0.0000000000,1.0656652036,1.6281227713,scatter
44000,3,1.0656652036,1.6281227713,0.0000000000,1.7539666637,exit_left
44100,1,0.0000000000,0.0000000000,1.7652058680,0.0000000000,scatter
44100,2,1.7652058680,0.0000000000,0.0000000000,-4.7043232198,exit_left
44200,1,0.0000000000,0.0000000000,3.0743224609,0.0000000000,scatter
44200,2,3.0743224609,0.0000000000,3.6003549605,0.0506348633,scatter
44200,3,3.6003549605,0.0506348633,3.6697470964,-0.4196899934,scatter
44200,4,3.6697470964,-0.4196899934,4.2500000000,0.6328874884,exit_right
44300,1,0.0000000000,0.0000000000,0.0845046005,0.0000000000,scatter
44300,2,0.0845046005,0.0000000000,2.5699667127,-5.0052601304,scatter
44300,3,2.5699667127,-5.0052601304,3.1325293768,-4.6287023634,scatter
44300,4,3.1325293768,-4.6287023634,4.1046004343,-4.2644072447,absorb
44400,1,0.0000000000,0.0000000000,4.2500000000,0.0000000000,exit_right
44500,1,0.0000000000,0.0000000000,3.0245012972,0.0000000000,scatter
44500,2,3.0245012972,0.0000000000,3.1477317340,-0.0790532844,scatter
44500,3,3.1477317340,-0.0790532844,3.0774688173,-0.3054742053,scatter
44500,4,3.0774688173,-0.3054742053,2.6052815887,-0.4090966331,scatter
44500,5,2.6052815887,-0.4090966331,0.1310726456,-2.5797922766,scatter
44500,6,0.1310726456,-2.5797922766,0.3093977051,-2.2663863245,scatter
44500,7,0.3093977051,-2.2663863245,1.4024763281,-10.5845591704,scatter
44500,8,1.4024763281,-10.5845591704,1.6643627009,-11.1023626904,scatter
44500,9,1.6643627009,-11.1023626904,3.8481372754,-11.4996613573,scatter
44500,10,3.8481372754,-11.4996613573,0.5291702788,-23.2953188998,absorb
44600,1,0.0000000000,0.0000000000,0.0030727435,0.0000000000,scatter
44600,2,0.0030727435,0.0000000000,0.8677044905,-0.0732131248,scatter
44600,3,0.8677044905,-0.0732131248,0.5585212234,-0.7161674150,scatter
44600,4,0.5585212234,-0.7161674150,0.5811297801,-1.0677018725,scatter
44600,5,0.5811297801,-1.0677018725,0.0000000000,-1.7516263696,exit_left
44700,1,0.0000000000,0.0000000000,0.5291012790,0.0000000000,scatter
44700,2,0.5291012790,0.0000000000,2.8229277854,-0.6806338305,scatter
44700,3,2.8229277854,-0.6806338305,4.2500000000,-0.1329069145,exit_right
44800,1,0.0000000000,0.0000000000,2.8883609932,0.0000000000,scatter
44800,2,2.8883609932,0.0000000000,0.6172965115,-1.5601812576,scatter
44800,3,0.6172965115,-1.5601812576,0.0000000000,-3.3548303689,exit_left
44900,1,0.0000000000,0.0000000000,0.0127079754,0.0000000000,absorb
45000,1,0.0000000000,0.0000000000,4.2500000000,0.0000000000,exit_right
45100,1,0.0000000000,0.0000000000,1.2937060322,0.0000000000,scatter
45100,2,1.2937060322,0.0000000000,0.0000000000,1.6259776864,exit_left
45200,1,0.0000000000,0.0000000000,0.5987298093,0.0000000000,scatter
45200,2,0.5987298093,0.0000000000,1.5095473315,2.8417432025,absorb
45300,1,0.0000000000,0.0000000000,0.4384156801,0.0000000000,scatter
45300,2,0.4384156801,0.0000000000,0.4988229883,-0.0733094749,scatter
45300,3,0.4988229883,-0.0733094749,0.0688413896,-3.0848908509,scatter
45300,4,0.0688413896,-3.0848908509,1.0980876863,-3.2436863108,scatter
45300,5,1.0980876863,-3.2436863108,2.0973915406,-4.3175838297,scatter
45300,6,2.0973915406,-4.3175838297,1.5903026716,-4.6493187786,scatter
45300,7,1.5903026716,-4.6493187786,1.2623614556,-9.5899057745,scatter
45300,8,1.2623614556,-9.5899057745,0.0000000000,-9.4033373750,exit_left
45400,1,0.0000000000,0.0000000000,2.0415780291,0.0000000000,scatter
45400,2,2.0415780291,0.0000000000,1.6488417107,-0.3400601692,absorb
45500,1,0.0000000000,0.0000000000,0.7899578488,0.0000000000,scatter
45500,2,0.7899578488,0.0000000000,0.0767697746,-2.5293927049,scatter
45500,3,0.0767697746,-2.5293927049,0.0000000000,-2.4657581924,exit_left
45600,1,0.0000000000,0.0000000000,2.2826920044,0.0000000000,scatter
45600,2,2.2826920044,0.0000000000,2.3529114936,-0.3578655217,scatter
45600,3,2.3529114936,-0.3578655217,0.6124340148,-1.7079445780,absorb
45700,1,0.0000000000,0.0000000000,2.0509317419,0.0000000000,scatter
45700,2,2.0509317419,0.0000000000,1.9728258638,0.1992959157,scatter
45700,3,1.9728258638,0.1992959157,2.3326286203,0.2614493298,absorb
45800,1,0.0000000000,0.0000000000,4.2500000000,0.0000000000,exit_right
45900,1,0.0000000000,0.0000000000,2.1885644816,0.0000000000,scatter
45900,2,2.1885644816,0.0000000000,2.4285614517,0.2666172759,scatter
45900,3,2.4285614517,0.2666172759,2.9709827562,0.2910808255,absorb
46000,1,0.0000000000,0.0000000000,1.8089104565,0.0000000000,scatter
46000,2,1.8089104565,0.0000000000,0.0000000000,0.9001097996,exit_left
46100,1,0.0000000000,0.0000000000,4.2500000000,0.0000000000,exit_right
46200,1,0.0000000000,0.0000000000,0.7590557927,0.0000000000,scatter
46200,2,0.7590557927,0.0000000000,2.3867005667,-0.5252894452,scatter
46200,3,2.3867005667,-0.5252894452,0.2532207655,-0.3611924393,scatter
46200,4,0.2532207655,-0.3611924393,0.4571996016,-0.2152450735,absorb
46300,1,0.0000000000,0.0000000000,0.8814592002,0.0000000000,scatter
46300,2,0.8814592002,0.0000000000,1.8007263137,-2.8526585361,scatter
46300,3,1.8007263137,-2.8526585361,1.7590391229,-3.3298711904,scatter
46300,4,1.7590391229,-3.3298711904,4.2500000000,-5.5627860068,exit_right
46400,1,0.0000000000,0.0000000000,1.0363821042,0.0000000000,scatter
46400,2,1.0363821042,0.0000000000,1.1285630584,1.4614942246,scatter
46400,3,1.1285630584,1.4614942246,1.2582892235,1.5715411673,scatter
46400,4,1.2582892235,1.5715411673,0.5020034188,1.5926191604,absorb
46500,1,0.0000000000,0.0000000000,2.6439165883,0.0000000000,scatter
46500,2,2.6439165883,0.0000000000,4.2500000000,-0.8269137032,exit_right
46600,1,0.0000000000,0.0000000000,4.2500000000,0.0000000000,exit_right
46700,1,0.0000000000,0.0000000000,3.6135158865,0.0000000000,scatter
46700,2,3.6135158865,0.0000000000,4.2500000000,-0.1404199932,exit_right
46800,1,0.0000000000,0.0000000000,0.6950805583,0.0000000000,absorb
46900,1,0.0000000000,0.0000000000,0.2823177622,0.0000000000,scatter
46900,2,0.2823177622,0.0000000000,0.0000000000,0.5758622435,exit_left
47000,1,0.0000000000,0.0000000000,2.6286411144,0.0000000000,scatter
47000,2,2.6286411144,0.0000000000,1.3242552390,-0.2965013958,scatter
47000,3,1.3242552390,-0.2965013958,1.4540849351,-0.0576036897,scatter
47000,4,1.4540849351,-0.0576036897,1.4409720568,-0.4288096177,scatter
47000,5,1.4409720568,-0.4288096177,1.4124003772,-0.4373603744,scatter
47000,6,1.4124003772,-0.4373603744,1.1241705245,-1.0574701484,absorb
47100,1,0.0000000000,0.0000000000,0.2906299516,0.0000000000,scatter
47100,2,0.2906299516,0.0000000000,0.0000000000,0.1205315021,exit_left
47200,1,0.0000000000,0.0000000000,2.8306741666,0.0000000000,scatter
47200,2,2.8306741666,0.0000000000,2.2649936293,0.7122557968,scatter
47200,3,2.2649936293,0.7122557968,1.5565441846,-2.6852226033,absorb
47300,1,0.0000000000,0.0000000000,0.4481492202,0.0000000000,scatter
47300,2,0.4481492202,0.0000000000,0.5571646574,-1.9111473664,scatter
47300,3,0.5571646574,-1.9111473664,4.2500000000,-2.2807062301,exit_right
47400,1,0.0000000000,0.0000000000,2.0929818673,0.0000000000,scatter
47400,2,2.0929818673,0.0000000000,3.3715806396,1.2437583346,scatter
47400,3,3.3715806396,1.2437583346,4.2500000000,1.9828608657,exit_right
47500,1,0.0000000000,0.0000000000,0.3578113085,0.0000000000,absorb
47600,1,0.0000000000,0.0000000000,3.6104633355,0.0000000000,scatter
47600,2,3.6104633355,0.0000000000,3.7680676583,0.2893244902,absorb
47700,1,0.0000000000,0.0000000000,2.8530510085,0.0000000000,scatter
47700,2,2.8530510085,0.0000000000,4.2500000000,-0.1291031653,exit_right
47800,1,0.0000000000,0.0000000000,0.6920504173,0.0000000000,scatter
47800,2,0.6920504173,0.0000000000,1.9894317939,4.8445409585,scatter
47800,3,1.9894317939,4.8445409585,2.0769718912,4.8533156863,scatter
47800,4,2.0769718912,4.8533156863,1.0695146984,2.2497397757,scatter
47800,5,1.0695146984,2.2497397757,1.7039556766,3.3016827803,scatter
47800,6,1.7039556766,3.3016827803,4.2500000000,2.8475526429,exit_right
47900,1,0.0000000000,0.0000000000,2.0467275821,0.0000000000,scatter
47900,2,2.0467275821,0.0000000000,1.4428411944,-0.1585069767,scatter
47900,3,1.4428411944,-0.1585069767,1.4672472242,0.6189350092,absorb
48000,1,0.0000000000,0.0000000000,4.2500000000,0.0000000000,exit_right
48100,1,0.0000000000,0.0000000000,0.9039405287,0.0000000000,scatter
48100,2,0.9039405287,0.0000000000,4.2500000000,1.7827137536,exit_right
48200,1,0.0000000000,0.0000000000,3.1614924730,0.0000000000,scatter
48200,2,3.1614924730,0.0000000000,3.1615025732,-0.0291579857,scatter
48200,3,3.1615025732,-0.0291579857,3.1850781392,-5.2648925971,absorb
48300,1,0.0000000000,0.0000000000,0.3524879929,0.0000000000,scatter
48300,2,0.3524879929,0.0000000000,0.0000000000,-0.3426389010,exit_left
48400,1,0.0000000000,0.0000000000,0.6235600504,0.0000000000,scatter
48400,2,0.6235600504,0.0000000000,0.0000000000,-0.7994470508,exit_left
48500,1,0.0000000000,0.0000000000,4.2500000000,0.0000000000,exit_right
48600,1,0.0000000000,0.0000000000,4.2500000000,0.0000000000,exit_right
48700,1,0.0000000000,0.0000000000,3.8588922199,0.0000000000,scatter
48700,2,3.8588922199,0.0000000000,4.2500000000,0.0029971424,exit_right
48800,1,0.0000000000,0.0000000000,0.8077422070,0.0000000000,scatter
48800,2,0.8077422070,0.0000000000,0.0000000000,0.4172112776,exit_left
48900,1,0.0000000000,0.0000000000,1.2016387381,0.0000000000,scatter
48900,2,1.2016387381,0.0000000000,0.4326605879,2.2428560651,scatter
48900,3,0.4326605879,2.2428560651,0.0835453463,1.3517013154,scatter
48900,4,0.0835453463,1.3517013154,4.2500000000,-1.5827574382,exit_right
49000,1,0.0000000000,0.0000000000,0.6908508533,0.0000000000,scatter
49000,2,0.6908508533,0.0000000000,1.3042691366,-1.9113029886,scatter
49000,3,1.3042691366,-1.9113029886,1.5571807218,-1.9648370723,absorb
49100,1,0.0000000000,0.0000000000,0.1318344113,0.0000000000,scatter
49100,2,0.1318344113,0.0000000000,2.8218830112,1.2257984196,scatter
49100,3,2.8218830112,1.2257984196,4.2500000000,-0.3134187069,exit_right
49200,1,0.0000000000,0.0000000000,0.6964739493,0.0000000000,scatter
49200,2,0.6964739493,0.0000000000,0.5711002891,0.7798580385,scatter
49200,3,0.5711002891,0.7798580385,0.0000000000,1.0459436997,exit_left
49300,1,0.0000000000,0.0000000000,1.2195644519,0.0000000000,scatter
49300,2,1.2195644519,0.0000000000,1.3498881490,0.5547498498,scatter
49300,3,1.3498881490,0.5547498498,1.3525297198,0.9367779376,scatter
49300,4,1.3525297198,0.9367779376,0.0000000000,1.8170654351,exit_left
49400,1,0.0000000000,0.0000000000,0.0764082028,0.0000000000,scatter
49400,2,0.0764082028,0.0000000000,0.0000000000,0.7055465866,exit_left
49500,1,0.0000000000,0.0000000000,1.7868728627,0.0000000000,scatter
49500,2,1.7868728627,0.0000000000,1.4859114203,0.9321548620,scatter
49500,3,1.4859114203,0.9321548620,1.6927713474,0.9379182704,scatter
49500,4,1.6927713474,0.9379182704,1.6399971073,1.2686225494,scatter
49500,5,1.6399971073,1.2686225494,0.8677102364,1.1006982935,scatter
49500,6,0.8677102364,1.1006982935,0.8569430467,2.4353004809,absorb
49600,1,0.0000000000,0.0000000000,4.2500000000,0.0000000000,exit_right
49700,1,0.0000000000,0.0000000000,0.4112660248,0.0000000000,scatter
49700,2,0.4112660248,0.0000000000,0.4736318384,0.0045362264,scatter
49700,3,0.4736318384,0.0045362264,0.0000000000,-1.6355410275,exit_left
49800,1,0.0000000000,0.0000000000,2.0162886337,0.0000000000,scatter
49800,2,2.0162886337,0.0000000000,2.7388790914,1.6052441335,scatter
49800,3,2.7388790914,1.6052441335,3.0090579920,-2.8824054415,scatter
49800,4,3.0090579920,-2.8824054415,3.4963834071,-1.9299673964,absorb
49900,1,0.0000000000,0.0000000000,0.4801520391,0.0000000000,absorb
50000,1,0.0000000000,0.0000000000,1.2215003683,0.0000000000,absorb
50100,1,0.0000000000,0.0000000000,3.0088019076,0.0000000000,scatter
50100,2,3.0088019076,0.0000000000,4.2500000000,2.2586144737,exit_right
50200,1,0.0000000000,0.0000000000,0.6764542723,0.0000000000,scatter
50200,2,0.6764542723,0.0000000000,0.0000000000,-0.1623370527,exit_left
50300,1,0.0000000000,0.0000000000,0.0323803455,0.0000000000,absorb
50400,1,0.0000000000,0.0000000000,0.0426963048,0.0000000000,scatter
50400,2,0.0426963048,0.0000000000,0.1804270692,8.3802399312,scatter
50400,3,0.1804270692,8.3802399312,0.6518712452,8.8350907178,scatter
50400,4,0.6518712452,8.8350907178,1.6667120191,8.5726549143,scatter
50400,5,1.6667120191,8.5726549143,2.6190676162,8.7100591725,scatter
50400,6,2.6190676162,8.7100591725,1.0068495833,7.4687602651,scatter
50400,7,1.0068495833,7.4687602651,0.0000000000,5.1834133111,exit_left
50500,1,0.0000000000,0.0000000000,0.3012515833,0.0000000000,scatter
50500,2,0.3012515833,0.0000000000,0.0000000000,-0.6052920547,exit_left
50600,1,0.0000000000,0.0000000000,0.6183802169,0.0000000000,absorb
50700,1,0.0000000000,0.0000000000,2.2321594848,0.0000000000,scatter
50700,2,2.2321594848,0.0000000000,4.2500000000,1.7412875804,exit_right
50800,1,0.0000000000,0.0000000000,3.3030807244,0.0000000000,scatter
50800,2,3.3030807244,0.0000000000,2.9070084538,-0.3856906413,scatter
50800,3,2.9070084538,-0.3856906413,4.2500000000,-0.5630824147,exit_right
50900,1,0.0000000000,0.0000000000,0.0163406976,0.0000000000,scatter
50900,2,0.0163406976,0.0000000000,0.0000000000,0.0748705404,exit_left
51000,1,0.0000000000,0.0000000000,0.0561797344,0.0000000000,scatter
51000,2,0.0561797344,0.0000000000,0.3260328310,0.8677409492,scatter
51000,3,0.3260328310,0.8677409492,0.0000000000,1.1344484109,exit_left
51100,1,0.0000000000,0.0000000000,4.2500000000,0.0000000000,exit_right
51200,1,0.0000000000,0.0000000000,0.6961794703,0.0000000000,absorb
51300,1,0.0000000000,0.0000000000,3.7500936758,0.0000000000,absorb
51400,1,0.0000000000,0.0000000000,2.6382833337,0.0000000000,scatter
51400,2,2.6382833337,0.0000000000,2.6260980258,-0.5235030673,scatter
51400,3,2.6260980258,-0.5235030673,4.2073039667,-0.7118365027,scatter
51400,4,4.2073039667,-0.7118365027,4.2500000000,-0.7030413295,exit_right
51500,1,0.0000000000,0.0000000000,0.0183862356,0.0000000000,scatter
51500,2,0.0183862356,0.0000000000,0.3785193185,-0.4154031291,scatter
51500,3,0.3785193185,-0.4154031291,1.7674608775,-0.2078896239,scatter
51500,4,1.7674608775,-0.2078896239,0.0000000000,-0.0867602020,exit_left
51600,1,0.0000000000,0.0000000000,4.2500000000,0.0000000000,exit_right
51700,1,0.0000000000,0.0000000000,0.3051951677,0.0000000000,scatter
51700,2,0.3051951677,0.0000000000,0.3987605931,0.1981839011,scatter
51700,3,0.3987605931,0.1981839011,0.7256212600,1.6580651705,scatter
51700,4,0.7256212600,1.6580651705,0.3160455622,1.4684263754,scatter
51700,5,0.3160455622,1.4684263754,0.0000000000,1.2770146793,exit_left
51800,1,0.0000000000,0.0000000000,0.8104162723,0.0000000000,absorb
51900,1,0.0000000000,0.0000000000,0.0034329162,0.0000000000,scatter
51900,2,0.0034329162,0.0000000000,3.1285733007,-1.3832574826,scatter
51900,3,3.1285733007,-1.3832574826,4.2500000000,-1.7159478722,exit_right
52000,1,0.0000000000,0.0000000000,4.2500000000,0.0000000000,exit_right
52100,1,0.0000000000,0.0000000000,4.1428607808,0.0000000000,scatter
52100,2,4.1428607808,0.0000000000,4.2500000000,-0.0770053279,exit_right
52200,1,0.0000000000,0.0000000000,2.0588061112,0.0000000000,absorb
52300,1,0.0000000000,0.0000000000,0.3950933757,0.0000000000,scatter
52300,2,0.3950933757,0.0000000000,1.0791689877,-0.4326728667,scatter
52300,3,1.0791689877,-0.4326728667,0.7513140380,1.7807064599,absorb
52400,1,0.0000000000,0.0000000000,1.1946451351,0.0000000000,scatter
52400,2,1.1946451351,0.0000000000,1.5071775564,-1.8373535993,scatter
52400,3,1.5071775564,-1.8373535993,2.0076134214,-2.1360538213,scatter
52400,4,2.0076134214,-2.1360538213,1.9973454849,-2.1387205620,scatter
52400,5,1.9973454849,-2.1387205620,1.7719938689,-2.1517717758,scatter
52400,6,1.7719938689,-2.1517717758,1.8338833999,-2.0729264746,scatter
52400,7,1.8338833999,-2.0729264746,1.7478950944,-1.4455513132,scatter
52400,8,1.7478950944,-1.4455513132,1.6892108656,-1.0014227770,scatter
52400,9,1.6892108656,-1.0014227770,1.3056640216,-3.0463217999,scatter
52400,10,1.3056640216,-3.0463217999,3.3073323697,-3.9423845845,scatter
52400,11,3.3073323697,-3.9423845845,2.3339505676,-4.8654035955,absorb
52500,1,0.0000000000,0.0000000000,3.9419685458,0.0000000000,scatter
52500,2,3.9419685458,0.0000000000,4.2500000000,1.0080401872,exit_right
52600,1,0.0000000000,0.0000000000,3.4665822457,0.0000000000,scatter
52600,2,3.4665822457,0.0000000000,4.2500000000,0.3793936808,exit_right
52700,1,0.0000000000,0.0000000000,1.0175303683,0.0000000000,absorb
52800,1,0.0000000000,0.0000000000,0.3821696883,0.0000000000,scatter
52800,2,0.3821696883,0.0000000000,0.0000000000,0.2601751236,exit_left
52900,1,0.0000000000,0.0000000000,2.0740175101,0.0000000000,scatter
52900,2,2.0740175101,0.0000000000,1.1722060435,-0.8734638208,scatter
52900,3,1.1722060435,-0.8734638208,2.2467511743,-0.4301859990,scatter
52900,4,2.2467511743,-0.4301859990,4.2500000000,-2.5845286926,exit_right
53000,1,0.0000000000,0.0000000000,1.5949951629,0.0000000000,scatter
53000,2,1.5949951629,0.0000000000,1.9714232437,-1.0604081572,scatter
53000,3,1.9714232437,-1.0604081572,1.8434954136,-1.4843958833,scatter
53000,4,1.8434954136,-1.4843958833,0.0336750962,-2.0177820933,scatter
53000,5,0.0336750962,-2.0177820933,0.0000000000,-2.0282737347,exit_left
53100,1,0.0000000000,0.0000000000,0.0042796862,0.0000000000,scatter
53100,2,0.0042796862,0.0000000000,2.5028253405,1.4625128990,scatter
53100,3,2.5028253405,1.4625128990,2.0418775738,2.0452784620,scatter
53100,4,2.0418775738,2.0452784620,2.4915553970,2.2232833532,scatter
53100,5,2.4915553970,2.2232833532,2.1441597763,1.9423754456,scatter
53100,6,2.1441597763,1.9423754456,3.9376217106,-5.7168243959,scatter
53100,7,3.9376217106,-5.7168243959,4.2500000000,-5.5022111338,exit_right
53200,1,0.0000000000,0.0000000000,2.3914767006,0.0000000000,scatter
53200,2,2.3914767006,0.0000000000,2.9365464206,2.2611188375,absorb
53300,1,0.0000000000,0.0000000000,4.2500000000,0.0000000000,exit_right
53400,1,0.0000000000,0.0000000000,2.9382436537,0.0000000000,scatter
53400,2,2.9382436537,0.0000000000,2.2962639879,-0.3871160875,scatter
53400,3,2.2962639879,-0.3871160875,0.7639067606,0.8707659286,scatter
53400,4,0.7639067606,0.8707659286,0.0000000000,1.3326821698,exit_left
53500,1,0.0000000000,0.0000000000,1.8971649899,0.0000000000,scatter
53500,2,1.8971649899,0.0000000000,2.2839477431,0.3172131862,scatter
53500,3,2.2839477431,0.3172131862,3.8428501688,0.8332729884,scatter
53500,4,3.8428501688,0.8332729884,3.9152304663,0.9830918028,absorb
53600,1,0.0000000000,0.0000000000,2.1749444603,0.0000000000,scatter
53600,2,2.1749444603,0.0000000000,4.0960698909,1.8035720673,absorb
53700,1,0.0000000000,0.0000000000,3.6201771550,0.0000000000,scatter
53700,2,3.6201771550,0.0000000000,3.0352725216,-3.7992556883,absorb
53800,1,0.0000000000,0.0000000000,0.7152641442,0.0000000000,scatter
53800,2,0.7152641442,0.0000000000,2.1525308580,-0.9838624670,scatter
53800,3,2.1525308580,-0.9838624670,1.0030644757,-2.9192356781,absorb
53900,1,0.0000000000,0.0000000000,3.5873090429,0.0000000000,scatter
53900,2,3.5873090429,0.0000000000,4.2500000000,0.1443400586,exit_right
54000,1,0.0000000000,0.0000000000,4.2500000000,0.0000000000,exit_right
54100,1,0.0000000000,0.0000000000,4.2500000000,0.0000000000,exit_right
54200,1,0.0000000000,0.0000000000,1.5901138140,0.0000000000,scatter
54200,2,1.5901138140,0.0000000000,1.7667844535,-0.8901562291,scatter
54200,3,1.7667844535,-0.8901562291,0.8872445494,-2.4653581440,scatter
54200,4,0.8872445494,-2.4653581440,1.1972991001,-2.1910644313,scatter
54200,5,1.1972991001,-2.1910644313,0.6163282391,-2.8546015462,scatter
54200,6,0.6163282391,-2.8546015462,0.0114292663,-0.7617425048,scatter
54200,7,0.0114292663,-0.7617425048,2.1337580753,-4.0394494469,scatter
54200,8,2.1337580753,-4.0394494469,2.3298574630,-4.2763529124,scatter
54200,9,2.3298574630,-4.2763529124,4.2500000000,-5.0806575552,exit_right
54300,1,0.0000000000,0.0000000000,1.4687649883,0.0000000000,scatter
54300,2,1.4687649883,0.0000000000,0.0000000000,-0.2377780430,exit_left
54400,1,0.0000000000,0.0000000000,0.3734534729,0.0000000000,scatter
54400,2,0.3734534729,0.0000000000,0.2853019230,-0.0485638938,absorb
54500,1,0.0000000000,0.0000000000,0.1024794019,0.0000000000,scatter
54500,2,0.1024794019,0.0000000000,0.6492292356,2.1180215696,scatter
54500,3,0.6492292356,2.1180215696,0.4756362509,2.3972961473,scatter
54500,4,0.4756362509,2.3972961473,1.2856995538,1.7893053811,scatter
54500,5,1.2856995538,1.7893053811,1.7676818805,1.7339089564,absorb
54600,1,0.0000000000,0.0000000000,0.2649573614,0.0000000000,scatter
54600,2,0.2649573614,0.0000000000,0.2183647289,-0.1678286330,scatter
54600,3,0.2183647289,-0.1678286330,0.7649982399,-0.2520413171,absorb
54700,1,0.0000000000,0.0000000000,0.0127275933,0.0000000000,scatter
54700,2,0.0127275933,0.0000000000,0.0000000000,0.0314310259,exit_left
54800,1,0.0000000000,0.0000000000,2.8347086070,0.0000000000,scatter
54800,2,2.8347086070,0.0000000000,4.2500000000,-0.1181302063,exit_right
54900,1,0.0000000000,0.0000000000,0.4852237244,0.0000000000,absorb
55000,1,0.0000000000,0.0000000000,0.9437731930,0.0000000000,scatter
55000,2,0.9437731930,0.0000000000,0.0000000000,0.6976856011,exit_left
55100,1,0.0000000000,0.0000000000,0.8221956958,0.0000000000,scatter
55100,2,0.8221956958,0.0000000000,0.0000000000,-4.9366485247,exit_left
55200,1,0.0000000000,0.0000000000,3.9046619236,0.0000000000,scatter
55200,2,3.9046619236,0.0000000000,4.2500000000,0.8375815553,exit_right
55300,1,0.0000000000,0.0000000000,1.6498007379,0.0000000000,scatter
55300,2,1.6498007379,0.0000000000,1.6203248215,1.6829166498,scatter
55300,3,1.6203248215,1.6829166498,2.8347733637,1.5174378879,scatter
55300,4,2.8347733637,1.5174378879,3.4655348889,-1.0678243130,scatter
55300,5,3.4655348889,-1.0678243130,3.3793310794,-0.6831385879,scatter
55300,6,3.3793310794,-0.6831385879,3.5709370481,-0.0727668167,scatter
55300,7,3.5709370481,-0.0727668167,3.9546919299,-0.8190858975,scatter
55300,8,3.9546919299,-0.8190858975,4.2500000000,-0.6139725521,exit_right
55400,1,0.0000000000,0.0000000000,0.0219415661,0.0000000000,scatter
55400,2,0.0219415661,0.0000000000,0.6769296621,0.2005297793,scatter
55400,3,0.6769296621,0.2005297793,1.2746857582,-0.3985050999,scatter
55400,4,1.2746857582,-0.3985050999,2.0505506425,-0.0473450410,absorb
55500,1,0.0000000000,0.0000000000,1.6699717308,0.0000000000,scatter
55500,2,1.6699717308,0.0000000000,2.2974812792,-0.6956884221,scatter
55500,3,2.2974812792,-0.6956884221,2.1760247730,0.0387120892,absorb
55600,1,0.0000000000,0.0000000000,0.9379054503,0.0000000000,scatter
55600,2,0.9379054503,0.0000000000,2.7894022546,-2.5834493397,scatter
55600,3,2.7894022546,-2.5834493397,2.2905613967,-2.6223206151,scatter
55600,4,2.2905613967,-2.6223206151,2.2738439769,-2.1773240966,absorb
55700,1,0.0000000000,0.0000000000,2.3692033293,0.0000000000,scatter
55700,2,2.3692033293,0.0000000000,1.3351496603,-0.9865337752,scatter
55700,3,1.3351496603,-0.9865337752,1.4905935116,-0.1293498121,scatter
55700,4,1.4905935116,-0.1293498121,2.0944654640,-1.2242819133,scatter
55700,5,2.0944654640,-1.2242819133,1.9043209139,-0.4879464820,scatter
55700,6,1.9043209139,-0.4879464820,1.8577006852,-0.4542088791,absorb
55800,1,0.0000000000,0.0000000000,2.1642364112,0.0000000000,scatter
55800,2,2.1642364112,0.0000000000,2.2002869335,-0.0041062291,scatter
55800,3,2.2002869335,-0.0041062291,1.7753467295,-1.7174965812,scatter
55800,4,1.7753467295,-1.7174965812,0.0000000000,-4.7838452932,exit_left
55900,1,0.0000000000,0.0000000000,2.3434399247,0.0000000000,scatter
55900,2,2.3434399247,0.0000000000,1.6322486479,0.3198458333,scatter
55900,3,1.6322486479,0.3198458333,0.0000000000,1.2792421926,exit_left
56000,1,0.0000000000,0.0000000000,0.4476663376,0.0000000000,scatter
56000,2,0.4476663376,0.0000000000,0.0000000000,-0.0369474581,exit_left
56100,1,0.0000000000,0.0000000000,1.9862337359,0.0000000000,absorb
56200,1,0.0000000000,0.0000000000,2.4580783801,0.0000000000,scatter
56200,2,2.4580783801,0.0000000000,2.1109999140,-0.0800193709,scatter
56200,3,2.1109999140,-0.0800193709,2.8745363520,-0.2490095663,scatter
56200,4,2.8745363520,-0.2490095663,2.6219647267,-0.5449386303,scatter
56200,5,2.6219647267,-0.5449386303,1.7942165486,0.0447859809,absorb
56300,1,0.0000000000,0.0000000000,1.7867851820,0.0000000000,scatter
56300,2,1.7867851820,0.0000000000,2.1434424497,-0.1454837912,absorb
56400,1,0.0000000000,0.0000000000,0.2077608786,0.0000000000,absorb
56500,1,0.0000000000,0.0000000000,1.9088423030,0.0000000000,scatter
56500,2,1.9088423030,0.0000000000,2.1729509631,0.2575797939,scatter
56500,3,2.1729509631,0.2575797939,0.9258611324,-0.8046590697,scatter
56500,4,0.9258611324,-0.8046590697,0.0000000000,-0.7732156905,exit_left
56600,1,0.0000000000,0.0000000000,1.8997978306,0.0000000000,scatter
56600,2,1.8997978306,0.0000000000,2.0277254348,0.1672757251,scatter
56600,3,2.0277254348,0.1672757251,0.6147591217,0.7283109777,scatter
56600,4,0.6147591217,0.7283109777,0.0000000000,2.0277692857,exit_left
56700,1,0.0000000000,0.0000000000,1.2746181758,0.0000000000,absorb
56800,1,0.0000000000,0.0000000000,0.5537797466,0.0000000000,absorb
56900,1,0.0000000000,0.0000000000,2.9526366618,0.0000000000,scatter
56900,2,2.9526366618,0.0000000000,3.6508474878,-2.3815705195,scatter
56900,3,3.6508474878,-2.3815705195,4.2500000000,-1.8733142013,exit_right
57000,1,0.0000000000,0.0000000000,0.1685215544,0.0000000000,absorb
57100,1,0.0000000000,0.0000000000,0.1811440843,0.0000000000,scatter
57100,2,0.1811440843,0.0000000000,0.0752660848,0.0745061877,scatter
57100,3,0.0752660848,0.0745061877,1.0466366441,-0.5823524098,scatter
57100,4,1.0466366441,-0.5823524098,0.0000000000,-3.2847955081,exit_left
57200,1,0.0000000000,0.0000000000,2.5228058983,0.0000000000,scatter
57200,2,2.5228058983,0.0000000000,4.2500000000,-0.4350007453,exit_right
57300,1,0.0000000000,0.0000000000,1.5785447923,0.0000000000,scatter
57300,2,1.5785447923,0.0000000000,1.5362342028,0.4459966442,scatter
57300,3,1.5362342028,0.4459966442,2.8635205730,-0.3705266033,scatter
57300,4,2.8635205730,-0.3705266033,2.3863923408,-0.6259085855,scatter
57300,5,2.3863923408,-0.6259085855,4.0161830178,-4.7689250693,scatter
57300,6,4.0161830178,-4.7689250693,4.2500000000,-4.8087691083,exit_right
57400,1,0.0000000000,0.0000000000,0.2257517746,0.0000000000,absorb
57500,1,0.0000000000,0.0000000000,3.4364364187,0.0000000000,absorb
57600,1,0.0000000000,0.0000000000,4.2500000000,0.0000000000,exit_right
57700,1,0.0000000000,0.0000000000,0.6605617994,0.0000000000,scatter
57700,2,0.6605617994,0.0000000000,0.7969949494,0.2465134209,scatter
57700,3,0.7969949494,0.2465134209,0.0000000000,-1.8220726533,exit_left
57800,1,0.0000000000,0.0000000000,1.4552783489,0.0000000000,scatter
57800,2,1.4552783489,0.0000000000,0.0000000000,0.7727650930,exit_left
57900,1,0.0000000000,0.0000000000,0.6531504337,0.0000000000,scatter
57900,2,0.6531504337,0.0000000000,0.1465283266,-0.2902286675,scatter
57900,3,0.1465283266,-0.2902286675,1.6223864250,2.5952693101,scatter
57900,4,1.6223864250,2.5952693101,0.0000000000,2.8163319198,exit_left
58000,1,0.0000000000,0.0000000000,0.0243711946,0.0000000000,scatter
58000,2,0.0243711946,0.0000000000,0.0000000000,0.0216073611,exit_left
58100,1,0.0000000000,0.0000000000,0.8753670647,0.0000000000,scatter
58100,2,0.8753670647,0.0000000000,4.2500000000,2.0410155302,exit_right
58200,1,0.0000000000,0.0000000000,1.0709011744,0.0000000000,scatter
58200,2,1.0709011744,0.0000000000,1.4987529756,0.7822100330,scatter
58200,3,1.4987529756,0.7822100330,0.0337618477,0.1719888072,scatter
58200,4,0.0337618477,0.1719888072,0.0000000000,0.2059750625,exit_left
58300,1,0.0000000000,0.0000000000,2.3169674906,0.0000000000,scatter
58300,2,2.3169674906,0.0000000000,1.4215573387,-0.3033256436,scatter
58300,3,1.4215573387,-0.3033256436,4.2500000000,1.8631669039,exit_right
58400,1,0.0000000000,0.0000000000,0.2641811331,0.0000000000,scatter
58400,2,0.2641811331,0.0000000000,0.0000000000,0.4223062816,exit_left
58500,1,0.0000000000,0.0000000000,1.2422664357,0.0000000000,absorb
58600,1,0.0000000000,0.0000000000,4.2500000000,0.0000000000,exit_right
58700,1,0.0000000000,0.0000000000,0.2512789992,0.0000000000,scatter
58700,2,0.2512789992,0.0000000000,0.0000000000,-0.0171871733,exit_left
58800,1,0.0000000000,0.0000000000,0.9638028287,0.0000000000,scatter
58800,2,0.9638028287,0.0000000000,0.8814335666,-0.2110999705,scatter
58800,3,0.8814335666,-0.2110999705,0.6255002119,-0.4849652386,scatter
58800,4,0.6255002119,-0.4849652386,0.0000000000,1.1815429905,exit_left
58900,1,0.0000000000,0.0000000000,0.5790713293,0.0000000000,scatter
58900,2,0.5790713293,0.0000000000,0.0102671610,-3.2738094151,scatter
58900,3,0.0102671610,-3.2738094151,2.8481085164,-1.0368457459,scatter
58900,4,2.8481085164,-1.0368457459,2.6819012390,-0.7813550665,scatter
58900,5,2.6819012390,-0.7813550665,2.9652010489,-3.9309849479,scatter
58900,6,2.9652010489,-3.9309849479,3.3330734284,-4.1677166941,scatter
58900,7,3.3330734284,-4.1677166941,2.1035909745,-5.0816209419,absorb
59000,1,0.0000000000,0.0000000000,1.4961082089,0.0000000000,scatter
59000,2,1.4961082089,0.0000000000,0.4927952598,3.5807539551,scatter
59000,3,0.4927952598,3.5807539551,0.0000000000,3.1908675321,exit_left
59100,1,0.0000000000,0.0000000000,1.4818399600,0.0000000000,absorb
59200,1,0.0000000000,0.0000000000,4.2500000000,0.0000000000,exit_right
59300,1,0.0000000000,0.0000000000,2.0670018986,0.0000000000,absorb
59400,1,0.0000000000,0.0000000000,1.8772004048,0.0000000000,scatter
59400,2,1.8772004048,0.0000000000,1.8649887884,-0.0682622139,scatter
59400,3,1.8649887884,-0.0682622139,4.2500000000,-1.4634425836,exit_right
59500,1,0.0000000000,0.0000000000,0.6166402522,0.0000000000,scatter
59500,2,0.6166402522,0.0000000000,1.2944049834,2.9568433045,scatter
59500,3,1.2944049834,2.9568433045,0.9928803970,3.1646467003,scatter
59500,4,0.9928803970,3.1646467003,0.8739751079,3.0884260539,scatter
59500,5,0.8739751079,3.0884260539,0.7559931711,1.9860581479,scatter
59500,6,0.7559931711,1.9860581479,4.2500000000,-1.3968893461,exit_right
59600,1,0.0000000000,0.0000000000,4.2500000000,0.0000000000,exit_right
59700,1,0.0000000000,0.0000000000,1.3105473296,0.0000000000,absorb
59800,1,0.0000000000,0.0000000000,2.0736948563,0.0000000000,scatter
59800,2,2.0736948563,0.0000000000,2.8649689563,-1.1157836799,scatter
59800,3,2.8649689563,-1.1157836799,0.7078745806,-2.3739025173,scatter
59800,4,0.7078745806,-2.3739025173,3.3823198064,-10.2046514924,scatter
59800,5,3.3823198064,-10.2046514924,0.0000000000,-4.7489339275,exit_left
59900,1,0.0000000000,0.0000000000,1.3103841656,0.0000000000,scatter
59900,2,1.3103841656,0.0000000000,2.4370111228,3.3473778460,scatter
59900,3,2.4370111228,3.3473778460,1.0942353281,2.3203185089,scatter
59900,4,1.0942353281,2.3203185089,0.4767244386,1.4231376248,scatter
59900,5,0.4767244386,1.4231376248,1.0830364162,-0.2591822893,absorb
60000,1,0.0000000000,0.0000000000,0.4521929792,0.0000000000,scatter
60000,2,0.4521929792,0.0000000000,0.0000000000,-1.9091014087,exit_left
60100,1,0.0000000000,0.0000000000,2.2919351342,0.0000000000,scatter
60100,2,2.2919351342,0.0000000000,1.6112999406,-0.3444351661,scatter
60100,3,1.6112999406,-0.3444351661,2.3927763822,-3.8273930846,absorb
60200,1,0.0000000000,0.0000000000,2.0992316699,0.0000000000,scatter
60200,2,2.0992316699,0.0000000000,4.0596402462,-0.0271334389,scatter
60200,3,4.0596402462,-0.0271334389,2.6473359196,2.0614755918,scatter
60200,4,2.6473359196,2.0614755918,1.8769969257,3.3939864066,scatter
60200,5,1.8769969257,3.3939864066,1.9245965355,3.8589120170,absorb
60300,1,0.0000000000,0.0000000000,1.3329444140,0.0000000000,scatter
60300,2,1.3329444140,0.0000000000,1.4154482954,-2.8605464131,scatter
60300,3,1.4154482954,-2.8605464131,1.3409300846,-2.9726343999,scatter
60300,4,1.3409300846,-2.9726343999,1.5540103696,-2.3030768722,absorb
60400,1,0.0000000000,0.0000000000,1.0760769076,0.0000000000,scatter
60400,2,1.0760769076,0.0000000000,2.2738796523,-0.2718510065,scatter
60400,3,2.2738796523,-0.2718510065,2.2799085329,-0.2860071281,scatter
60400,4,2.2799085329,-0.2860071281,0.0000000000,0.2105071932,exit_left
60500,1,0.0000000000,0.0000000000,0.4858468841,0.0000000000,scatter
60500,2,0.4858468841,0.0000000000,0.2440262544,-0.8796769928,absorb
60600,1,0.0000000000,0.0000000000,0.2058694970,0.0000000000,scatter
60600,2,0.2058694970,0.0000000000,0.0000000000,0.0488331680,exit_left
60700,1,0.0000000000,0.0000000000,0.0864006522,0.0000000000,scatter
60700,2,0.0864006522,0.0000000000,0.0000000000,0.0493159184,exit_left
60800,1,0.0000000000,0.0000000000,1.0252206664,0.0000000000,absorb
60900,1,0.0000000000,0.0000000000,1.1037004341,0.0000000000,scatter
60900,2,1.1037004341,0.0000000000,1.2280771838,-0.2217350556,scatter
60900,3,1.2280771838,-0.2217350556,1.4617022711,-0.8488969395,absorb
61000,1,0.0000000000,0.0000000000,2.4242166864,0.0000000000,scatter
61000,2,2.4242166864,0.0000000000,1.0408118929,0.1798468302,scatter
61000,3,1.0408118929,0.1798468302,0.4160164089,0.8821316619,scatter
61000,4,0.4160164089,0.8821316619,0.6498878327,0.4143421749,scatter
61000,5,0.6498878327,0.4143421749,1.1262595210,0.8618537396,scatter
61000,6,1.1262595210,0.8618537396,1.3309988109,1.9210261334,scatter
61000,7,1.3309988109,1.9210261334,2.3349083744,3.1481165864,absorb
61100,1,0.0000000000,0.0000000000,1.6366624842,0.0000000000,scatter
61100,2,1.6366624842,0.0000000000,0.0000000000,-1.0984851678,exit_left
61200,1,0.0000000000,0.0000000000,1.6430041062,0.0000000000,scatter
61200,2,1.6430041062,0.0000000000,1.8101870656,0.1820444934,scatter
61200,3,1.8101870656,0.1820444934,4.2500000000,-2.3851200414,exit_right
61300,1,0.0000000000,0.0000000000,0.2118610292,0.0000000000,scatter
61300,2,0.2118610292,0.0000000000,0.0000000000,0.1750822089,exit_left
61400,1,0.0000000000,0.0000000000,3.2056565858,0.0000000000,scatter
61400,2,3.2056565858,0.0000000000,2.2906877462,1.4370320574,absorb
61500,1,0.0000000000,0.0000000000,0.5523426143,0.0000000000,scatter
61500,2,0.5523426143,0.0000000000,4.2500000000,0.0066803735,exit_right
61600,1,0.0000000000,0.0000000000,0.1997289757,0.0000000000,scatter
61600,2,0.1997289757,0.0000000000,0.0000000000,-0.1779548542,exit_left
61700,1,0.0000000000,0.0000000000,0.3400656347,0.0000000000,absorb
61800,1,0.0000000000,0.0000000000,2.7591942697,0.0000000000,scatter
61800,2,2.7591942697,0.0000000000,3.2782723631,0.1330302643,scatter
61800,3,3.2782723631,0.1330302643,3.2087428282,0.2363165219,scatter
61800,4,3.2087428282,0.2363165219,3.0712739373,4.4828126768,scatter
61800,5,3.0712739373,4.4828126768,3.7523120511,1.8849080150,scatter
61800,6,3.7523120511,1.8849080150,3.8055591925,2.2245896280,scatter
61800,7,3.8055591925,2.2245896280,1.6612261690,1.1332187092,scatter
61800,8,1.6612261690,1.1332187092,0.3839346209,-0.5607844076,scatter
61800,9,0.3839346209,-0.5607844076,0.0000000000,-0.4230392320,exit_left
61900,1,0.0000000000,0.0000000000,0.9534077374,0.0000000000,absorb
62000,1,0.0000000000,0.0000000000,0.5726437797,0.0000000000,scatter
62000,2,0.5726437797,0.0000000000,0.0000000000,-0.1579761362,exit_left
62100,1,0.0000000000,0.0000000000,0.8935882953,0.0000000000,scatter
62100,2,0.8935882953,0.0000000000,2.4245144592,0.7763066381,scatter
62100,3,2.4245144592,0.7763066381,4.0783156896,0.6167150482,scatter
62100,4,4.0783156896,0.6167150482,4.2500000000,-0.1090748104,exit_right
62200,1,0.0000000000,0.0000000000,1.7967667103,0.0000000000,scatter
62200,2,1.7967667103,0.0000000000,2.0438349514,-3.0555794268,scatter
62200,3,2.0438349514,-3.0555794268,1.1578912405,-1.8726569600,scatter
62200,4,1.1578912405,-1.8726569600,1.5002510861,-0.9012347435,scatter
62200,5,1.5002510861,-0.9012347435,1.0877426529,-1.9626102397,scatter
62200,6,1.0877426529,-1.9626102397,0.9691186023,0.6151653066,scatter
62200,7,0.9691186023,0.6151653066,4.2500000000,-3.1539237769,exit_right
62300,1,0.0000000000,0.0000000000,4.2500000000,0.0000000000,exit_right
62400,1,0.0000000000,0.0000000000,2.6814687795,0.0000000000,scatter
62400,2,2.6814687795,0.0000000000,3.1378171701,-1.9903510775,absorb
62500,1,0.0000000000,0.0000000000,4.2500000000,0.0000000000,exit_right
62600,1,0.0000000000,0.0000000000,1.4582912412,0.0000000000,scatter
62600,2,1.4582912412,0.0000000000,3.3405072595,-6.1282666593,scatter
62600,3,3.3405072595,-6.1282666593,4.2500000000,-6.0354050719,exit_right
62700,1,0.0000000000,0.0000000000,0.8684836341,0.0000000000,scatter
62700,2,0.8684836341,0.0000000000,0.0624966560,-2.5043822840,absorb
62800,1,0.0000000000,0.0000000000,0.0616480257,0.0000000000,scatter
62800,2,0.0616480257,0.0000000000,1.5383647756,3.3811286887,scatter
62800,3,1.5383647756,3.3811286887,0.0000000000,2.8616416162,exit_left
62900,1,0.0000000000,0.0000000000,1.1620077760,0.0000000000,scatter
62900,2,1.1620077760,0.0000000000,1.1559207863,0.4844911826,scatter
62900,3,1.1559207863,0.4844911826,1.6995224441,1.5379284025,scatter
62900,4,1.6995224441,1.5379284025,2.9267292139,1.2223672157,scatter
62900,5,2.9267292139,1.2223672157,1.2327860474,1.1410077782,scatter
62900,6,1.2327860474,1.1410077782,0.0000000000,-1.1829090766,exit_left
63000,1,0.0000000000,0.0000000000,2.2698823956,0.0000000000,scatter
63000,2,2.2698823956,0.0000000000,4.2500000000,-1.3423187757,exit_right
63100,1,0.0000000000,0.0000000000,0.1036296612,0.0000000000,scatter
63100,2,0.1036296612,0.0000000000,0.0000000000,-0.0702719866,exit_left
63200,1,0.0000000000,0.0000000000,0.4609365629,0.0000000000,absorb
63300,1,0.0000000000,0.0000000000,0.8889184137,0.0000000000,scatter
63300,2,0.8889184137,0.0000000000,0.9390089963,0.0423237889,scatter
63300,3,0.9390089963,0.0423237889,2.0613708474,-0.3981981862,scatter
63300,4,2.0613708474,-0.3981981862,2.5994251855,-2.1245052359,scatter
63300,5,2.5994251855,-2.1245052359,2.7711387052,-2.4647705259,scatter
63300,6,2.7711387052,-2.4647705259,2.9893047318,-5.9483489246,absorb
63400,1,0.0000000000,0.0000000000,1.9506174977,0.0000000000,scatter
63400,2,1.9506174977,0.0000000000,4.2500000000,-0.6934512439,exit_right
63500,1,0.0000000000,0.0000000000,0.0063484276,0.0000000000,scatter
63500,2,0.0063484276,0.0000000000,0.0000000000,-0.0018274502,exit_left
63600,1,0.0000000000,0.0000000000,1.1952021330,0.0000000000,absorb
63700,1,0.0000000000,0.0000000000,1.7618229576,0.0000000000,scatter
63700,2,1.7618229576,0.0000000000,1.3406290508,-9.1979635318,scatter
63700,3,1.3406290508,-9.1979635318,0.0000000000,-9.5098879761,exit_left
63800,1,0.0000000000,0.0000000000,1.7802981116,0.0000000000,scatter
63800,2,1.7802981116,0.0000000000,0.0000000000,4.7545073831,exit_left
63900,1,0.0000000000,0.0000000000,0.0172723714,0.0000000000,scatter
63900,2,0.0172723714,0.0000000000,0.0000000000,0.0046074349,exit_left
64000,1,0.0000000000,0.0000000000,4.1740940919,0.0000000000,scatter
64000,2,4.1740940919,0.0000000000,4.0665449045,-1.4803374337,scatter
64000,3,4.0665449045,-1.4803374337,4.0560825630,-1.4736574207,scatter
64000,4,4.0560825630,-1.4736574207,4.1527969436,-1.5895153393,absorb
64100,1,0.0000000000,0.0000000000,0.5964507107,0.0000000000,scatter
64100,2,0.5964507107,0.0000000000,4.2373446369,-6.1094740556,scatter
64100,3,4.2373446369,-6.1094740556,4.1869450289,-6.1461387748,scatter
64100,4,4.1869450289,-6.1461387748,3.1403536299,-4.7120859471,scatter
64100,5,3.1403536299,-4.7120859471,1.1982181182,-4.9761340160,absorb
64200,1,0.0000000000,0.0000000000,0.5140444165,0.0000000000,scatter
64200,2,0.5140444165,0.0000000000,0.8611611382,0.5387125568,scatter
64200,3,0.8611611382,0.5387125568,1.8003220807,1.0257601906,scatter
64200,4,1.8003220807,1.0257601906,0.8178620469,0.3799347997,scatter
64200,5,0.8178620469,0.3799347997,1.7026363010,-2.7513008457,scatter
64200,6,1.7026363010,-2.7513008457,0.5090526032,-5.1151443672,scatter
64200,7,0.5090526032,-5.1151443672,2.8215225168,-8.5402535410,scatter
64200,8,2.8215225168,-8.5402535410,0.0000000000,-5.5287091815,exit_left
64300,1,0.0000000000,0.0000000000,2.8356896104,0.0000000000,absorb
64400,1,0.0000000000,0.0000000000,0.2790110666,0.0000000000,scatter
64400,2,0.2790110666,0.0000000000,1.0874013422,0.4061359193,scatter
64400,3,1.0874013422,0.4061359193,0.0000000000,-2.0997101109,exit_left
64500,1,0.0000000000,0.0000000000,0.5998737343,0.0000000000,scatter
64500,2,0.5998737343,0.0000000000,0.4724119353,1.8346227519,scatter
64500,3,0.4724119353,1.8346227519,0.5525932201,1.8965668106,scatter
64500,4,0.5525932201,1.8965668106,1.0362056993,2.0076349148,scatter
64500,5,1.0362056993,2.0076349148,0.4363556169,2.5873624703,scatter
64500,6,0.4363556169,2.5873624703,0.6061068307,2.8385611668,absorb
64600,1,0.0000000000,0.0000000000,3.1614166144,0.0000000000,scatter
64600,2,3.1614166144,0.0000000000,4.2500000000,-0.0600712565,exit_right
64700,1,0.0000000000,0.0000000000,0.1166915787,0.0000000000,scatter
64700,2,0.1166915787,0.0000000000,0.4019200607,0.4816211549,scatter
64700,3,0.4019200607,0.4816211549,1.7304456838,-0.1212166331,scatter
64700,4,1.7304456838,-0.1212166331,1.6529695975,-0.1604699160,absorb
64800,1,0.0000000000,0.0000000000,0.2494496571,0.0000000000,scatter
64800,2,0.2494496571,0.0000000000,0.6193617976,5.8334943052,absorb
64900,1,0.0000000000,0.0000000000,3.3329435045,0.0000000000,absorb
65000,1,0.0000000000,0.0000000000,0.2429023554,0.0000000000,scatter
65000,2,0.2429023554,0.0000000000,0.8071038781,-0.2098452226,scatter
65000,3,0.8071038781,-0.2098452226,0.8906171370,0.4665853198,scatter
65000,4,0.8906171370,0.4665853198,1.5699844148,-0.8025000140,scatter
65000,5,1.5699844148,-0.8025000140,2.1153826360,-0.9629893201,scatter
65000,6,2.1153826360,-0.9629893201,2.1889294794,-0.9175598375,scatter
65000,7,2.1889294794,-0.9175598375,1.7345668544,-0.7044262400,scatter
65000,8,1.7345668544,-0.7044262400,1.7733232220,-0.6860868468,absorb
65100,1,0.0000000000,0.0000000000,4.2500000000,0.0000000000,exit_right
65200,1,0.0000000000,0.0000000000,3.3957434556,0.0000000000,scatter
65200,2,3.3957434556,0.0000000000,4.0474021194,-0.5429033927,absorb
65300,1,0.0000000000,0.0000000000,0.1704607390,0.0000000000,scatter
65300,2,0.1704607390,0.0000000000,0.1418780773,0.0322408563,scatter
65300,3,0.1418780773,0.0322408563,0.0000000000,-0.3747310620,exit_left
65400,1,0.0000000000,0.0000000000,1.4909596826,0.0000000000,scatter
65400,2,1.4909596826,0.0000000000,1.9789152430,1.4952811186,scatter
65400,3,1.9789152430,1.4952811186,3.7232925094,2.2268682458,scatter
65400,4,3.7232925094,2.2268682458,2.9012001720,2.6064585158,scatter
65400,5,2.9012001720,2.6064585158,2.1446985869,2.3819335461,absorb
65500,1,0.0000000000,0.0000000000,2.2569769579,0.0000000000,scatter
65500,2,2.2569769579,0.0000000000,2.1910097544,-0.0196523968,scatter
65500,3,2.1910097544,-0.0196523968,2.7543643046,0.5971974400,scatter
65500,4,2.7543643046,0.5971974400,4.2500000000,1.1923212990,exit_right
65600,1,0.0000000000,0.0000000000,2.5863962137,0.0000000000,absorb
65700,1,0.0000000000,0.0000000000,0.1967819658,0.0000000000,scatter
65700,2,0.1967819658,0.0000000000,0.2141261966,0.1397697939,scatter
65700,3,0.2141261966,0.1397697939,0.0000000000,1.1340921237,exit_left
65800,1,0.0000000000,0.0000000000,2.0584454930,0.0000000000,scatter
65800,2,2.0584454930,0.0000000000,1.1461013508,3.0169630385,absorb
65900,1,0.0000000000,0.0000000000,3.0474517294,0.0000000000,scatter
65900,2,3.0474517294,0.0000000000,4.1703737745,0.4909281375,scatter
65900,3,4.1703737745,0.4909281375,4.1273683697,0.4033227381,scatter
65900,4,4.1273683697,0.4033227381,3.8943238994,-0.3946247973,scatter
65900,5,3.8943238994,-0.3946247973,4.2500000000,-0.5606095255,exit_right
66000,1,0.0000000000,0.0000000000,3.1861749240,0.0000000000,scatter
66000,2,3.1861749240,0.0000000000,4.2500000000,0.2539836269,exit_right
66100,1,0.0000000000,0.0000000000,0.9281540262,0.0000000000,scatter
66100,2,0.9281540262,0.0000000000,0.0000000000,0.5865360055,exit_left
66200,1,0.0000000000,0.0000000000,0.6612895633,0.0000000000,absorb
66300,1,0.0000000000,0.0000000000,0.3051818685,0.0000000000,absorb
66400,1,0.0000000000,0.0000000000,0.5451882325,0.0000000000,absorb
66500,1,0.0000000000,0.0000000000,3.0414350988,0.0000000000,scatter
66500,2,3.0414350988,0.0000000000,4.2500000000,-0.3253152253,exit_right
66600,1,0.0000000000,0.0000000000,0.7146181374,0.0000000000,scatter
66600,2,0.7146181374,0.0000000000,1.8243815850,-0.4057982961,scatter
66600,3,1.8243815850,-0.4057982961,0.0000000000,0.3234016434,exit_left
66700,1,0.0000000000,0.0000000000,0.6500727257,0.0000000000,scatter
66700,2,0.6500727257,0.0000000000,0.0000000000,-0.1257174399,exit_left
66800,1,0.0000000000,0.0000000000,0.2353086637,0.0000000000,scatter
66800,2,0.2353086637,0.0000000000,0.0000000000,0.0898723337,exit_left
66900,1,0.0000000000,0.0000000000,2.5591506074,0.0000000000,scatter
66900,2,2.5591506074,0.0000000000,3.3665665667,-1.6175584704,scatter
66900,3,3.3665665667,-1.6175584704,2.0240823189,-3.5815802322,scatter
66900,4,2.0240823189,-3.5815802322,0.0574693562,5.1523115700,scatter
66900,5,0.0574693562,5.1523115700,0.0083039627,5.2074554209,scatter
66900,6,0.0083039627,5.2074554209,0.0000000000,5.2442195918,exit_left
67000,1,0.0000000000,0.0000000000,4.2500000000,0.0000000000,exit_right
67100,1,0.0000000000,0.0000000000,1.4680032431,0.0000000000,scatter
67100,2,1.4680032431,0.0000000000,1.6201853033,-1.0532027483,scatter
67100,3,1.6201853033,-1.0532027483,2.5139907809,1.5414427807,scatter
67100,4,2.5139907809,1.5414427807,3.1305145327,1.2123622063,scatter
67100,5,3.1305145327,1.2123622063,0.7272016311,-1.5635041225,scatter
67100,6,0.7272016311,-1.5635041225,0.0000000000,-2.3312079164,exit_left
67200,1,0.0000000000,0.0000000000,0.6396550162,0.0000000000,scatter
67200,2,0.6396550162,0.0000000000,0.7268793805,-0.0658830025,absorb
67300,1,0.0000000000,0.0000000000,3.8337795195,0.0000000000,scatter
67300,2,3.8337795195,0.0000000000,4.1759159279,0.2865685371,scatter
67300,3,4.1759159279,0.2865685371,3.7914129436,0.0322752877,absorb
67400,1,0.0000000000,0.0000000000,0.9385567840,0.0000000000,scatter
67400,2,0.9385567840,0.0000000000,1.5632073755,-0.2614959619,scatter
67400,3,1.5632073755,-0.2614959619,1.8878597254,0.0045973229,scatter
67400,4,1.8878597254,0.0045973229,1.7436114276,0.6217224520,scatter
67400,5,1.7436114276,0.6217224520,1.0216870579,6.1421073620,scatter
67400,6,1.0216870579,6.1421073620,1.8418633564,6.4883241576,absorb
67500,1,0.0000000000,0.0000000000,0.5037071660,0.0000000000,scatter
67500,2,0.5037071660,0.0000000000,0.7264838542,0.5077921453,scatter
67500,3,0.7264838542,0.5077921453,1.0743572110,-0.4451661444,scatter
67500,4,1.0743572110,-0.4451661444,3.1016775913,2.9955293825,scatter
67500,5,3.1016775913,2.9955293825,2.7905240352,1.9842947016,scatter
67500,6,2.7905240352,1.9842947016,2.7973302609,1.6420113732,scatter
67500,7,2.7973302609,1.6420113732,2.8309982098,1.5980582971,absorb
67600,1,0.0000000000,0.0000000000,3.2531287166,0.0000000000,scatter
67600,2,3.2531287166,0.0000000000,3.7489471721,2.3638744586,scatter
67600,3,3.7489471721,2.3638744586,0.6736756483,2.4678301761,scatter
67600,4,0.6736756483,2.4678301761,0.2067866369,2.4275324411,absorb
67700,1,0.0000000000,0.0000000000,4.2500000000,0.0000000000,exit_right
67800,1,0.0000000000,0.0000000000,1.6555344839,0.0000000000,scatter
67800,2,1.6555344839,0.0000000000,1.3194482498,0.1384225926,scatter
67800,3,1.3194482498,0.1384225926,1.0907000530,3.6136910693,absorb
67900,1,0.0000000000,0.0000000000,1.6168032649,0.0000000000,scatter
67900,2,1.6168032649,0.0000000000,0.7347442256,1.7015835947,absorb
68000,1,0.0000000000,0.0000000000,1.2551496492,0.0000000000,scatter
68000,2,1.2551496492,0.0000000000,1.5614434640,0.6751206919,scatter
68000,3,1.5614434640,0.6751206919,1.5309792085,0.4946952346,scatter
68000,4,1.5309792085,0.4946952346,0.0000000000,1.3904301315,exit_left
68100,1,0.0000000000,0.0000000000,4.2500000000,0.0000000000,exit_right
68200,1,0.0000000000,0.0000000000,0.2755612720,0.0000000000,scatter
68200,2,0.2755612720,0.0000000000,1.3234856172,-5.6201889819,scatter
68200,3,1.3234856172,-5.6201889819,0.3177601159,-7.2249501167,scatter
68200,4,0.3177601159,-7.2249501167,0.0000000000,-6.5145297452,exit_left
68300,1,0.0000000000,0.0000000000,2.6388858336,0.0000000000,scatter
68300,2,2.6388858336,0.0000000000,2.2319985444,-0.9608905295,absorb
68400,1,0.0000000000,0.0000000000,0.7976522162,0.0000000000,scatter
68400,2,0.7976522162,0.0000000000,2.9612946386,0.3418656376,absorb
68500,1,0.0000000000,0.0000000000,1.0027693797,0.0000000000,absorb
68600,1,0.0000000000,0.0000000000,2.5083023113,0.0000000000,scatter
68600,2,2.5083023113,0.0000000000,4.2500000000,1.0640228019,exit_right
68700,1,0.0000000000,0.0000000000,0.1031910218,0.0000000000,absorb
68800,1,0.0000000000,0.0000000000,1.5642168062,0.0000000000,absorb
68900,1,0.0000000000,0.0000000000,4.1387898191,0.0000000000,scatter
68900,2,4.1387898191,0.0000000000,4.2500000000,-0.0535511535,exit_right
69000,1,0.0000000000,0.0000000000,3.4784966313,0.0000000000,absorb
69100,1,0.0000000000,0.0000000000,1.1156463458,0.0000000000,scatter
69100,2,1.1156463458,0.0000000000,1.4205426331,-0.0470649573,scatter
69100,3,1.4205426331,-0.0470649573,1.0857444923,0.3591531842,scatter
69100,4,1.0857444923,0.3591531842,1.9445273395,0.0548726943,scatter
69100,5,1.9445273395,0.0548726943,0.3151914420,-1.3514272332,absorb
69200,1,0.0000000000,0.0000000000,4.2500000000,0.0000000000,exit_right
69300,1,0.0000000000,0.0000000000,1.5884842617,0.0000000000,scatter
69300,2,1.5884842617,0.0000000000,2.0708518829,0.3159693111,absorb
69400,1,0.0000000000,0.0000000000,3.3460798837,0.0000000000,scatter
69400,2,3.3460798837,0.0000000000,4.2500000000,-1.9657533667,exit_right
69500,1,0.0000000000,0.0000000000,2.3791526647,0.0000000000,scatter
69500,2,2.3791526647,0.0000000000,4.2500000000,-0.6091269268,exit_right
69600,1,0.0000000000,0.0000000000,0.6248421326,0.0000000000,absorb
69700,1,0.0000000000,0.0000000000,2.7853589495,0.0000000000,absorb
69800,1,0.0000000000,0.0000000000,1.2993992705,0.0000000000,scatter
69800,2,1.2993992705,0.0000000000,0.5449710101,-1.4864640384,absorb
69900,1,0.0000000000,0.0000000000,1.1211549418,0.0000000000,scatter
69900,2,1.1211549418,0.0000000000,0.0000000000,1.2382236371,exit_left
70000,1,0.0000000000,0.0000000000,0.5247422458,0.0000000000,scatter
70000,2,0.5247422458,0.0000000000,0.0000000000,-0.0337928002,exit_left
70100,1,0.0000000000,0.0000000000,4.1486523934,0.0000000000,scatter
70100,2,4.1486523934,0.0000000000,4.1767812918,0.4661997062,scatter
70100,3,4.1767812918,0.4661997062,4.0553305690,0.4178427442,scatter
70100,4,4.0553305690,0.4178427442,3.9677300071,0.7913977595,scatter
70100,5,3.9677300071,0.7913977595,4.1069488174,-0.0371247053,scatter
70100,6,4.1069488174,-0.0371247053,3.1016403014,-0.9559198511,scatter
70100,7,3.1016403014,-0.9559198511,3.0368199239,1.7501984469,scatter
70100,8,3.0368199239,1.7501984469,2.6544898373,2.7614103195,absorb
70200,1,0.0000000000,0.0000000000,0.2688108645,0.0000000000,scatter
70200,2,0.2688108645,0.0000000000,0.4337786977,-0.1231629841,scatter
70200,3,0.4337786977,-0.1231629841,3.4007358979,-3.0247093208,scatter
70200,4,3.4007358979,-3.0247093208,4.2500000000,-0.4666543046,exit_right
70300,1,0.0000000000,0.0000000000,0.8428373247,0.0000000000,scatter
70300,2,0.8428373247,0.0000000000,0.0000000000,1.0220450239,exit_left
70400,1,0.0000000000,0.0000000000,0.5964826400,0.0000000000,scatter
70400,2,0.5964826400,0.0000000000,0.8065139854,0.3424545569,scatter
70400,3,0.8065139854,0.3424545569,0.9599560218,0.0071497242,scatter
70400,4,0.9599560218,0.0071497242,0.9352911166,0.0643049568,scatter
70400,5,0.9352911166,0.0643049568,0.4902725828,0.0990948268,scatter
70400,6,0.4902725828,0.0990948268,0.0000000000,0.1188587373,exit_left
70500,1,0.0000000000,0.0000000000,0.9989606837,0.0000000000,scatter
70500,2,0.9989606837,0.0000000000,0.0000000000,-0.1223953737,exit_left
70600,1,0.0000000000,0.0000000000,0.9414557272,0.0000000000,scatter
70600,2,0.9414557272,0.0000000000,2.2390745709,-0.6943324141,scatter
70600,3,2.2390745709,-0.6943324141,1.0177900934,-1.4029579785,scatter
70600,4,1.0177900934,-1.4029579785,1.1637550717,-0.1796246782,scatter
70600,5,1.1637550717,-0.1796246782,0.0000000000,-0.1803983185,exit_left
70700,1,0.0000000000,0.0000000000,2.7540295231,0.0000000000,absorb
70800,1,0.0000000000,0.0000000000,0.5538167941,0.0000000000,scatter
70800,2,0.5538167941,0.0000000000,0.0000000000,-0.1581243770,exit_left
70900,1,0.0000000000,0.0000000000,2.6126750467,0.0000000000,scatter
70900,2,2.6126750467,0.0000000000,1.4551944122,-0.1589599476,absorb
71000,1,0.0000000000,0.0000000000,1.9504377449,0.0000000000,scatter
71000,2,1.9504377449,0.0000000000,1.3784007194,0.0623674000,absorb
71100,1,0.0000000000,0.0000000000,4.2500000000,0.0000000000,exit_right
71200,1,0.0000000000,0.0000000000,0.6471103675,0.0000000000,scatter
71200,2,0.6471103675,0.0000000000,0.0000000000,0.1259640356,exit_left
71300,1,0.0000000000,0.0000000000,0.2903598782,0.0000000000,scatter
71300,2,0.2903598782,0.0000000000,1.6143434272,-1.3904533946,scatter
71300,3,1.6143434272,-1.3904533946,1.2315587848,-0.8640187303,scatter
71300,4,1.2315587848,-0.8640187303,0.3305868783,-0.1438733905,scatter
71300,5,0.3305868783,-0.1438733905,0.3233299184,-0.1070975916,absorb
71400,1,0.0000000000,0.0000000000,0.5987478318,0.0000000000,scatter
71400,2,0.5987478318,0.0000000000,0.0000000000,-0.0867037995,exit_left
71500,1,0.0000000000,0.0000000000,3.5176620551,0.0000000000,scatter
71500,2,3.5176620551,0.0000000000,2.5299807878,-0.3361697815,scatter
71500,3,2.5299807878,-0.3361697815,0.0000000000,1.0426153583,exit_left
71600,1,0.0000000000,0.0000000000,0.4285739449,0.0000000000,scatter
71600,2,0.4285739449,0.0000000000,0.8757388043,0.1548127910,scatter
71600,3,0.8757388043,0.1548127910,1.3711025458,-0.2493606540,scatter
71600,4,1.3711025458,-0.2493606540,1.8731057513,0.4535016093,scatter
71600,5,1.8731057513,0.4535016093,2.4657190312,0.7928861658,absorb
71700,1,0.0000000000,0.0000000000,2.8036493442,0.0000000000,scatter
71700,2,2.8036493442,0.0000000000,1.4062398275,-0.5001293245,absorb
71800,1,0.0000000000,0.0000000000,1.9114844677,0.0000000000,scatter
71800,2,1.9114844677,0.0000000000,1.7073789610,1.1940337235,scatter
71800,3,1.7073789610,1.1940337235,1.5220094797,1.5596721329,scatter
71800,4,1.5220094797,1.5596721329,2.7268051468,1.7424176208,scatter
71800,5,2.7268051468,1.7424176208,2.7975126535,2.1435936516,scatter
71800,6,2.7975126535,2.1435936516,4.2500000000,2.3946259193,exit_right
71900,1,0.0000000000,0.0000000000,1.2305111207,0.0000000000,absorb
72000,1,0.0000000000,0.0000000000,4.2500000000,0.0000000000,exit_right
72100,1,0.0000000000,0.0000000000,0.3070379666,0.0000000000,scatter
72100,2,0.3070379666,0.0000000000,0.0000000000,0.1402591671,exit_left
72200,1,0.0000000000,0.0000000000,2.0762102152,0.0000000000,scatter
72200,2,2.0762102152,0.0000000000,1.9653635979,-3.2927300977,scatter
72200,3,1.9653635979,-3.2927300977,4.1488881684,-3.2878493831,scatter
72200,4,4.1488881684,-3.2878493831,4.2500000000,-3.3082606340,exit_right
72300,1,0.0000000000,0.0000000000,0.4634838528,0.0000000000,scatter
72300,2,0.4634838528,0.0000000000,1.6449727190,-0.1362010107,scatter
72300,3,1.6449727190,-0.1362010107,3.5546488365,0.8024375233,scatter
72300,4,3.5546488365,0.8024375233,4.2500000000,0.9684108347,exit_right
72400,1,0.0000000000,0.0000000000,1.0095059487,0.0000000000,scatter
72400,2,1.0095059487,0.0000000000,0.0000000000,1.3603218135,exit_left
72500,1,0.0000000000,0.0000000000,0.3437204824,0.0000000000,scatter
72500,2,0.3437204824,0.0000000000,0.0000000000,0.1026705715,exit_left
72600,1,0.0000000000,0.0000000000,1.1016383019,0.0000000000,scatter
72600,2,1.1016383019,0.0000000000,0.0000000000,-0.7493909871,exit_left
72700,1,0.0000000000,0.0000000000,2.6376244533,0.0000000000,scatter
72700,2,2.6376244533,0.0000000000,4.0039513917,0.2159554022,scatter
72700,3,4.0039513917,0.2159554022,1.2098189516,-0.2032655592,scatter
72700,4,1.2098189516,-0.2032655592,1.5210667323,-0.0220713774,scatter
72700,5,1.5210667323,-0.0220713774,2.5107805677,1.3604307531,scatter
72700,6,2.5107805677,1.3604307531,3.7934024254,-1.7339504483,scatter
72700,7,3.7934024254,-1.7339504483,4.2500000000,-1.9856640678,exit_right
72800,1,0.0000000000,0.0000000000,0.0593313449,0.0000000000,scatter
72800,2,0.0593313449,0.0000000000,0.0596166041,0.0000640763,scatter
72800,3,0.0596166041,0.0000640763,0.5682369361,-0.2371933317,absorb
72900,1,0.0000000000,0.0000000000,2.9649909739,0.0000000000,absorb
73000,1,0.0000000000,0.0000000000,0.1323266876,0.0000000000,scatter
73000,2,0.1323266876,0.0000000000,1.7303786380,-1.3371968871,scatter
73000,3,1.7303786380,-1.3371968871,1.8724025526,-0.5651139867,scatter
73000,4,1.8724025526,-0.5651139867,0.8536276521,0.1497882751,scatter
73000,5,0.8536276521,0.1497882751,1.9728484168,-1.8857157771,scatter
73000,6,1.9728484168,-1.8857157771,0.6212834259,-1.3684730250,scatter
73000,7,0.6212834259,-1.3684730250,0.9118526950,0.2061356336,scatter
73000,8,0.9118526950,0.2061356336,1.1908730856,-5.1279372820,scatter
73000,9,1.1908730856,-5.1279372820,0.0000000000,-5.7378173684,exit_left
73100,1,0.0000000000,0.0000000000,4.2500000000,0.0000000000,exit_right
73200,1,0.0000000000,0.0000000000,1.7486550718,0.0000000000,scatter
73200,2,1.7486550718,0.0000000000,3.2614231397,-5.4206612961,scatter
73200,3,3.2614231397,-5.4206612961,3.3138843344,-5.1411156199,scatter
73200,4,3.3138843344,-5.1411156199,4.2500000000,-5.8772401059,exit_right
73300,1,0.0000000000,0.0000000000,1.2477966222,0.0000000000,scatter
73300,2,1.2477966222,0.0000000000,1.4592030631,-2.1638415288,scatter
73300,3,1.4592030631,-2.1638415288,4.2500000000,3.3030003892,exit_right
73400,1,0.0000000000,0.0000000000,3.1789744827,0.0000000000,scatter
73400,2,3.1789744827,0.0000000000,0.0000000000,-3.4815910128,exit_left
73500,1,0.0000000000,0.0000000000,2.8384628833,0.0000000000,scatter
73500,2,2.8384628833,0.0000000000,4.2500000000,0.4851092053,exit_right
73600,1,0.0000000000,0.0000000000,1.5839603860,0.0000000000,scatter
73600,2,1.5839603860,0.0000000000,1.7638176756,-0.5774039881,scatter
73600,3,1.7638176756,-0.5774039881,2.1588129876,-2.3699044177,absorb
73700,1,0.0000000000,0.0000000000,0.7590161613,0.0000000000,absorb
73800,1,0.0000000000,0.0000000000,4.2500000000,0.0000000000,exit_right
73900,1,0.0000000000,0.0000000000,3.8945345761,0.0000000000,scatter
73900,2,3.8945345761,0.0000000000,2.7569309255,-2.7206569420,scatter
73900,3,2.7569309255,-2.7206569420,2.6122494287,-2.9777982969,absorb
74000,1,0.0000000000,0.0000000000,4.2500000000,0.0000000000,exit_right
74100,1,0.0000000000,0.0000000000,1.1843662839,0.0000000000,scatter
74100,2,1.1843662839,0.0000000000,0.7678865969,1.2930323203,scatter
74100,3,0.7678865969,1.2930323203,1.3284291650,3.5837660891,scatter
74100,4,1.3284291650,3.5837660891,2.6367554988,1.8779678645,scatter
74100,5,2.6367554988,1.8779678645,3.2540086650,1.9970967758,scatter
74100,6,3.2540086650,1.9970967758,3.0414153500,1.9686255821,scatter
74100,7,3.0414153500,1.9686255821,4.2500000000,4.5653975930,exit_right
74200,1,0.0000000000,0.0000000000,0.1491636746,0.0000000000,scatter
74200,2,0.1491636746,0.0000000000,0.3867507784,0.3460404091,scatter
74200,3,0.3867507784,0.3460404091,2.8065986762,-3.2279039116,absorb
74300,1,0.0000000000,0.0000000000,1.9357746444,0.0000000000,scatter
74300,2,1.9357746444,0.0000000000,1.0905646921,-0.0668352218,absorb
74400,1,0.0000000000,0.0000000000,2.9202520010,0.0000000000,scatter
74400,2,2.9202520010,0.0000000000,3.0696108543,-2.8688290675,scatter
74400,3,3.0696108543,-2.8688290675,0.0000000000,-6.1970279715,exit_left
74500,1,0.0000000000,0.0000000000,1.5812506011,0.0000000000,scatter
74500,2,1.5812506011,0.0000000000,0.0000000000,-2.8174465102,exit_left
74600,1,0.0000000000,0.0000000000,1.7210239641,0.0000000000,scatter
74600,2,1.7210239641,0.0000000000,2.7579887655,0.3253902373,scatter
74600,3,2.7579887655,0.3253902373,0.0000000000,1.2422105862,exit_left
74700,1,0.0000000000,0.0000000000,1.5699297724,0.0000000000,scatter
74700,2,1.5699297724,0.0000000000,1.8330710969,1.7087479228,scatter
74700,3,1.8330710969,1.7087479228,0.0000000000,2.9279972551,exit_left
74800,1,0.0000000000,0.0000000000,2.2075229304,0.0000000000,scatter
74800,2,2.2075229304,0.0000000000,2.1905981549,-0.3417902267,absorb
74900,1,0.0000000000,0.0000000000,2.5033314213,0.0000000000,scatter
74900,2,2.5033314213,0.0000000000,2.7093446229,0.3673447183,scatter
74900,3,2.7093446229,0.3673447183,3.7612112703,1.3300065933,absorb
75000,1,0.0000000000,0.0000000000,1.8917850349,0.0000000000,scatter
75000,2,1.8917850349,0.0000000000,3.1573334572,3.9485408077,scatter
75000,3,3.1573334572,3.9485408077,2.2032195117,5.8650578101,scatter
75000,4,2.2032195117,5.8650578101,1.7282614591,7.2518331764,scatter
75000,5,1.7282614591,7.2518331764,1.3934293859,4.6298288446,scatter
75000,6,1.3934293859,4.6298288446,0.0000000000,5.4126080758,exit_left
75100,1,0.0000000000,0.0000000000,0.6532361251,0.0000000000,scatter
75100,2,0.6532361251,0.0000000000,0.0000000000,0.3054542954,exit_left
75200,1,0.0000000000,0.0000000000,0.3011482945,0.0000000000,scatter
75200,2,0.3011482945,0.0000000000,0.0894836974,1.2739264626,scatter
75200,3,0.0894836974,1.2739264626,1.7464940299,1.2741353690,scatter
75200,4,1.7464940299,1.2741353690,1.8313335161,0.9490260762,scatter
75200,5,1.8313335161,0.9490260762,0.0000000000,1.2480532384,exit_left
75300,1,0.0000000000,0.0000000000,1.5560706759,0.0000000000,scatter
75300,2,1.5560706759,0.0000000000,2.3278617570,-3.8582380282,scatter
75300,3,2.3278617570,-3.8582380282,4.2500000000,-2.8550354827,exit_right
75400,1,0.0000000000,0.0000000000,0.8301361459,0.0000000000,scatter
75400,2,0.8301361459,0.0000000000,0.0000000000,-0.5717789928,exit_left
75500,1,0.0000000000,0.0000000000,1.8299063141,0.0000000000,scatter
75500,2,1.8299063141,0.0000000000,2.9395382991,1.0554600751,absorb
75600,1,0.0000000000,0.0000000000,0.3184261111,0.0000000000,scatter
75600,2,0.3184261111,0.0000000000,3.6185795994,-1.5164811955,scatter
75600,3,3.6185795994,-1.5164811955,4.2500000000,-4.5422236213,exit_right
75700,1,0.0000000000,0.0000000000,1.9651620668,0.0000000000,scatter
75700,2,1.9651620668,0.0000000000,2.5880071723,0.0591873113,scatter
75700,3,2.5880071723,0.0591873113,0.0000000000,-0.7834552781,exit_left
75800,1,0.0000000000,0.0000000000,0.2798497215,0.0000000000,scatter
75800,2,0.2798497215,0.0000000000,0.0000000000,-0.5721916201,exit_left
75900,1,0.0000000000,0.0000000000,0.3709682360,0.0000000000,scatter
75900,2,0.3709682360,0.0000000000,0.8312855288,-0.0999981158,absorb
76000,1,0.0000000000,0.0000000000,0.0036924777,0.0000000000,absorb
76100,1,0.0000000000,0.0000000000,2.4192130909,0.0000000000,scatter
76100,2,2.4192130909,0.0000000000,0.7635806934,-4.5742552573,scatter
76100,3,0.7635806934,-4.5742552573,0.0000000000,-3.8279598695,exit_left
76200,1,0.0000000000,0.0000000000,0.7061234435,0.0000000000,absorb
76300,1,0.0000000000,0.0000000000,1.4733691731,0.0000000000,absorb
76400,1,0.0000000000,0.0000000000,0.4047820089,0.0000000000,scatter
76400,2,0.4047820089,0.0000000000,0.7708982256,0.2472435516,scatter
76400,3,0.7708982256,0.2472435516,0.7943218037,-0.4858149883,scatter
76400,4,0.7943218037,-0.4858149883,0.4357440657,0.2991355463,scatter
76400,5,0.4357440657,0.2991355463,0.2898191764,0.0459004887,scatter
76400,6,0.2898191764,0.0459004887,0.2776904247,0.4549576870,scatter
76400,7,0.2776904247,0.4549576870,2.5705544954,1.4727449478,scatter
76400,8,2.5705544954,1.4727449478,3.9307610340,1.5105693605,absorb
76500,1,0.0000000000,0.0000000000,2.2906610992,0.0000000000,scatter
76500,2,2.2906610992,0.0000000000,4.2500000000,0.7792850265,exit_right
76600,1,0.0000000000,0.0000000000,1.4125674191,0.0000000000,scatter
76600,2,1.4125674191,0.0000000000,1.3784491351,0.0586015393,scatter
76600,3,1.3784491351,0.0586015393,0.8997277407,0.2821816011,scatter
76600,4,0.8997277407,0.2821816011,4.2500000000,1.9431791541,exit_right
76700,1,0.0000000000,0.0000000000,1.8369236650,0.0000000000,scatter
76700,2,1.8369236650,0.0000000000,1.9441743481,-2.3766394176,scatter
76700,3,1.9441743481,-2.3766394176,0.9235391046,-1.1099373328,absorb
76800,1,0.0000000000,0.0000000000,0.8309054592,0.0000000000,absorb
76900,1,0.0000000000,0.0000000000,0.1231822179,0.0000000000,scatter
76900,2,0.1231822179,0.0000000000,0.0000000000,0.1469368477,exit_left
77000,1,0.0000000000,0.0000000000,3.0026684800,0.0000000000,scatter
77000,2,3.0026684800,0.0000000000,1.9822733464,-2.3549814883,scatter
77000,3,1.9822733464,-2.3549814883,3.3623004401,-1.8053263598,scatter
77000,4,3.3623004401,-1.8053263598,3.8671579942,-0.2793706642,scatter
77000,5,3.8671579942,-0.2793706642,4.0286586406,2.9992275538,scatter
77000,6,4.0286586406,2.9992275538,1.8974075387,7.0641949345,scatter
77000,7,1.8974075387,7.0641949345,4.2500000000,11.2980535329,exit_right
77100,1,0.0000000000,0.0000000000,1.0362497103,0.0000000000,scatter
77100,2,1.0362497103,0.0000000000,1.9144124438,0.7500669711,scatter
77100,3,1.9144124438,0.7500669711,2.7852703703,0.4339274382,absorb
77200,1,0.0000000000,0.0000000000,0.7279602272,0.0000000000,scatter
77200,2,0.7279602272,0.0000000000,2.6284057402,-3.8624251529,absorb
77300,1,0.0000000000,0.0000000000,1.3022308719,0.0000000000,scatter
77300,2,1.3022308719,0.0000000000,1.8468950412,-2.9601799388,scatter
77300,3,1.8468950412,-2.9601799388,4.2500000000,-0.0809219426,exit_right
77400,1,0.0000000000,0.0000000000,0.3847642041,0.0000000000,scatter
77400,2,0.3847642041,0.0000000000,0.8766262932,-0.5585084339,scatter
77400,3,0.8766262932,-0.5585084339,0.2788961729,-0.0694361821,scatter
77400,4,0.2788961729,-0.0694361821,0.0000000000,0.1170800872,exit_left
77500,1,0.0000000000,0.0000000000,4.2500000000,0.0000000000,exit_right
77600,1,0.0000000000,0.0000000000,0.3405643796,0.0000000000,absorb
77700,1,0.0000000000,0.0000000000,2.6776455924,0.0000000000,absorb
77800,1,0.0000000000,0.0000000000,0.5217079130,0.0000000000,scatter
77800,2,0.5217079130,0.0000000000,1.2524278561,-1.6481017469,scatter
77800,3,1.2524278561,-1.6481017469,0.8540501266,-2.5192547204,absorb
77900,1,0.0000000000,0.0000000000,0.2597626685,0.0000000000,scatter
77900,2,0.2597626685,0.0000000000,0.0000000000,-0.0706602704,exit_left
78000,1,0.0000000000,0.0000000000,1.0441257320,0.0000000000,scatter
78000,2,1.0441257320,0.0000000000,4.2500000000,2.1419520061,exit_right
78100,1,0.0000000000,0.0000000000,1.9349304868,0.0000000000,scatter
78100,2,1.9349304868,0.0000000000,1.8597005097,-0.0339132405,scatter
78100,3,1.8597005097,-0.0339132405,0.0000000000,2.3649045348,exit_left
78200,1,0.0000000000,0.0000000000,0.4318684567,0.0000000000,scatter
78200,2,0.4318684567,0.0000000000,0.0000000000,-0.0202635379,exit_left
78300,1,0.0000000000,0.0000000000,4.1620943047,0.0000000000,scatter
78300,2,4.1620943047,0.0000000000,4.2500000000,-0.0238219893,exit_right
78400,1,0.0000000000,0.0000000000,3.2195267884,0.0000000000,scatter
78400,2,3.2195267884,0.0000000000,3.3550093759,-0.5339078319,scatter
78400,3,3.3550093759,-0.5339078319,2.7545336695,-0.4626117926,absorb
78500,1,0.0000000000,0.0000000000,0.0756903876,0.0000000000,absorb
78600,1,0.0000000000,0.0000000000,0.6993163433,0.0000000000,scatter
78600,2,0.6993163433,0.0000000000,0.4837908261,-5.5108330104,scatter
78600,3,0.4837908261,-5.5108330104,0.6482647773,-5.2194752028,scatter
78600,4,0.6482647773,-5.2194752028,0.7258899880,-5.2261272096,scatter
78600,5,0.7258899880,-5.2261272096,0.6499021384,-5.1162596896,scatter
78600,6,0.6499021384,-5.1162596896,0.5604694774,-3.5756551205,scatter
78600,7,0.5604694774,-3.5756551205,0.5437309926,-3.3475975139,absorb
78700,1,0.0000000000,0.0000000000,3.4035946836,0.0000000000,scatter
78700,2,3.4035946836,0.0000000000,1.7579918345,-2.6474561518,scatter
78700,3,1.7579918345,-2.6474561518,0.0000000000,-5.6356411639,exit_left
78800,1,0.0000000000,0.0000000000,4.2500000000,0.0000000000,exit_right
78900,1,0.0000000000,0.0000000000,1.5593611517,0.0000000000,scatter
78900,2,1.5593611517,0.0000000000,2.9982544265,0.0739270760,scatter
78900,3,2.9982544265,0.0739270760,3.3572804484,-0.2718412452,scatter
78900,4,3.3572804484,-0.2718412452,3.3862458708,-0.2989509539,scatter
78900,5,3.3862458708,-0.2989509539,4.2500000000,-1.1609456129,exit_right
79000,1,0.0000000000,0.0000000000,0.6202868444,0.0000000000,scatter
79000,2,0.6202868444,0.0000000000,0.1419266894,0.8896757236,scatter
79000,3,0.1419266894,0.8896757236,0.0000000000,1.2959858917,exit_left
79100,1,0.0000000000,0.0000000000,2.0020505493,0.0000000000,scatter
79100,2,2.0020505493,0.0000000000,0.8722413773,0.2892079752,absorb
79200,1,0.0000000000,0.0000000000,0.9126040183,0.0000000000,scatter
79200,2,0.9126040183,0.0000000000,0.8874768289,-0.3287546342,scatter
79200,3,0.8874768289,-0.3287546342,1.3182532682,-0.0933743303,scatter
79200,4,1.3182532682,-0.0933743303,1.6632642231,2.1118944311,scatter
79200,5,1.6632642231,2.1118944311,0.4212571626,0.9180550304,scatter
79200,6,0.4212571626,0.9180550304,0.0000000000,1.2544848278,exit_left
79300,1,0.0000000000,0.0000000000,0.3164074257,0.0000000000,scatter
79300,2,0.3164074257,0.0000000000,0.0000000000,0.1542676837,exit_left
79400,1,0.0000000000,0.0000000000,2.7792361083,0.0000000000,absorb
79500,1,0.0000000000,0.0000000000,1.1100643445,0.0000000000,scatter
79500,2,1.1100643445,0.0000000000,0.7861924357,-0.3350080018,absorb
79600,1,0.0000000000,0.0000000000,2.0242445028,0.0000000000,scatter
79600,2,2.0242445028,0.0000000000,3.5208161095,1.6148378945,scatter
79600,3,3.5208161095,1.6148378945,4.2500000000,1.5350964261,exit_right
79700,1,0.0000000000,0.0000000000,1.0692591630,0.0000000000,scatter
79700,2,1.0692591630,0.0000000000,1.0665430830,0.0531168766,absorb
79800,1,0.0000000000,0.0000000000,1.6776055506,0.0000000000,scatter
79800,2,1.6776055506,0.0000000000,2.9412513333,2.8119087879,scatter
79800,3,2.9412513333,2.8119087879,4.2500000000,2.4367826340,exit_right
79900,1,0.0000000000,0.0000000000,0.3946918261,0.0000000000,scatter
79900,2,0.3946918261,0.0000000000,1.9121959567,2.1820286376,scatter
79900,3,1.9121959567,2.1820286376,0.0000000000,1.6986891735,exit_left
80000,1,0.0000000000,0.0000000000,1.0021744358,0.0000000000,absorb
80100,1,0.0000000000,0.0000000000,0.3563797088,0.0000000000,scatter
80100,2,0.3563797088,0.0000000000,0.8703318757,0.4431251488,scatter
80100,3,0.8703318757,0.4431251488,1.2926203403,0.4907453833,scatter
80100,4,1.2926203403,0.4907453833,0.0000000000,2.3668542810,exit_left
80200,1,0.0000000000,0.0000000000,2.7367841125,0.0000000000,absorb
80300,1,0.0000000000,0.0000000000,4.1153455416,0.0000000000,scatter
80300,2,4.1153455416,0.0000000000,3.9084052406,0.0272303799,scatter
80300,3,3.9084052406,0.0272303799,4.2500000000,-0.1806735341,exit_right
80400,1,0.0000000000,0.0000000000,4.2500000000,0.0000000000,exit_right
80500,1,0.0000000000,0.0000000000,0.2580560026,0.0000000000,scatter
80500,2,0.2580560026,0.0000000000,2.0982855964,5.4644591914,scatter
80500,3,2.0982855964,5.4644591914,1.4415827653,5.6736784297,absorb
80600,1,0.0000000000,0.0000000000,0.1831679341,0.0000000000,absorb
80700,1,0.0000000000,0.0000000000,2.7473875556,0.0000000000,scatter
80700,2,2.7473875556,0.0000000000,4.2500000000,0.2406195948,exit_right
80800,1,0.0000000000,0.0000000000,0.5205070519,0.0000000000,scatter
80800,2,0.5205070519,0.0000000000,2.0591720124,-4.5751703814,scatter
80800,3,2.0591720124,-4.5751703814,2.2073055411,-4.6363094491,scatter
80800,4,2.2073055411,-4.6363094491,0.0000000000,-2.0827708320,exit_left
80900,1,0.0000000000,0.0000000000,0.8563762812,0.0000000000,scatter
80900,2,0.8563762812,0.0000000000,1.7777173265,0.4395709203,absorb
81000,1,0.0000000000,0.0000000000,0.0181331029,0.0000000000,scatter
81000,2,0.0181331029,0.0000000000,0.0000000000,0.0342938750,exit_left
81100,1,0.0000000000,0.0000000000,0.8422226457,0.0000000000,scatter
81100,2,0.8422226457,0.0000000000,1.1067783860,0.2684553050,scatter
81100,3,1.1067783860,0.2684553050,0.9740405292,0.3748335310,scatter
81100,4,0.9740405292,0.3748335310,2.2205314230,-1.5133788151,absorb
81200,1,0.0000000000,0.0000000000,1.0373848912,0.0000000000,scatter
81200,2,1.0373848912,0.0000000000,0.4772305492,-0.1768188064,scatter
81200,3,0.4772305492,-0.1768188064,0.6567925186,-1.0294308791,scatter
81200,4,0.6567925186,-1.0294308791,1.5511091100,-1.8640845990,scatter
81200,5,1.5511091100,-1.8640845990,4.2500000000,-2.8764429624,exit_right
81300,1,0.0000000000,0.0000000000,0.0028760371,0.0000000000,scatter
81300,2,0.0028760371,0.0000000000,0.0000000000,0.0094412672,exit_left
81400,1,0.0000000000,0.0000000000,3.9608008945,0.0000000000,scatter
81400,2,3.9608008945,0.0000000000,4.2500000000,0.1414309813,exit_right
81500,1,0.0000000000,0.0000000000,0.7119341675,0.0000000000,scatter
81500,2,0.7119341675,0.0000000000,0.0000000000,0.0216933015,exit_left
81600,1,0.0000000000,0.0000000000,1.7311509094,0.0000000000,scatter
81600,2,1.7311509094,0.0000000000,2.0674610306,0.7815756290,scatter
81600,3,2.0674610306,0.7815756290,3.9425384366,4.6102633939,absorb
81700,1,0.0000000000,0.0000000000,0.9855040911,0.0000000000,scatter
81700,2,0.9855040911,0.0000000000,1.8880926865,1.4825584597,scatter
81700,3,1.8880926865,1.4825584597,1.2664836467,0.5985779581,absorb
81800,1,0.0000000000,0.0000000000,0.1775093563,0.0000000000,scatter
81800,2,0.1775093563,0.0000000000,0.0613980099,-0.0636760809,scatter
81800,3,0.0613980099,-0.0636760809,0.7230648783,3.6950118607,scatter
81800,4,0.7230648783,3.6950118607,0.0000000000,3.0507882547,exit_left
81900,1,0.0000000000,0.0000000000,0.3584978130,0.0000000000,scatter
81900,2,0.3584978130,0.0000000000,1.9331915732,0.8254209734,scatter
81900,3,1.9331915732,0.8254209734,1.0716548855,1.2629852997,scatter
81900,4,1.0716548855,1.2629852997,1.0650443198,0.7803027303,absorb
82000,1,0.0000000000,0.0000000000,1.9147286773,0.0000000000,scatter
82000,2,1.9147286773,0.0000000000,2.0381104341,0.3247100174,scatter
82000,3,2.0381104341,0.3247100174,1.7844736964,1.6308783554,absorb
82100,1,0.0000000000,0.0000000000,1.4612238455,0.0000000000,scatter
82100,2,1.4612238455,0.0000000000,0.9784482871,0.5263229853,scatter
82100,3,0.9784482871,0.5263229853,1.7650706332,5.3605559346,scatter
82100,4,1.7650706332,5.3605559346,1.7857522190,6.5424204691,scatter
82100,5,1.7857522190,6.5424204691,1.7352216761,6.4271468417,scatter
82100,6,1.7352216761,6.4271468417,1.4700035539,6.1790842289,scatter
82100,7,1.4700035539,6.1790842289,2.3029025663,4.2064449025,scatter
82100,8,2.3029025663,4.2064449025,2.5622462704,3.6462561120,scatter
82100,9,2.5622462704,3.6462561120,3.0360040250,4.1008288174,scatter
82100,10,3.0360040250,4.1008288174,4.2500000000,5.5900059323,exit_right
82200,1,0.0000000000,0.0000000000,0.1710187439,0.0000000000,scatter
82200,2,0.1710187439,0.0000000000,0.0000000000,0.8142073865,exit_left
82300,1,0.0000000000,0.0000000000,2.4720573678,0.0000000000,absorb
82400,1,0.0000000000,0.0000000000,4.2500000000,0.0000000000,exit_right
82500,1,0.0000000000,0.0000000000,4.2500000000,0.0000000000,exit_right
82600,1,0.0000000000,0.0000000000,0.8704208393,0.0000000000,scatter
82600,2,0.8704208393,0.0000000000,0.8632308453,-1.2332709106,scatter
82600,3,0.8632308453,-1.2332709106,0.9208218492,-0.6184350043,absorb
82700,1,0.0000000000,0.0000000000,0.6974516479,0.0000000000,scatter
82700,2,0.6974516479,0.0000000000,1.6096228775,-1.9354727114,scatter
82700,3,1.6096228775,-1.9354727114,1.3698559938,-1.9041194729,scatter
82700,4,1.3698559938,-1.9041194729,1.3838517058,-1.8019366677,scatter
82700,5,1.3838517058,-1.8019366677,1.3304305253,-1.2587218208,scatter
82700,6,1.3304305253,-1.2587218208,0.0000000000,-2.8644091691,exit_left
82800,1,0.0000000000,0.0000000000,0.7646276529,0.0000000000,scatter
82800,2,0.7646276529,0.0000000000,0.0000000000,-2.3548676785,exit_left
82900,1,0.0000000000,0.0000000000,0.4872834777,0.0000000000,scatter
82900,2,0.4872834777,0.0000000000,0.4201667003,0.7445350534,absorb
83000,1,0.0000000000,0.0000000000,0.6822805015,0.0000000000,absorb
83100,1,0.0000000000,0.0000000000,3.1660124685,0.0000000000,scatter
83100,2,3.1660124685,0.0000000000,4.2500000000,3.2648047380,exit_right
83200,1,0.0000000000,0.0000000000,1.4055548229,0.0000000000,absorb
83300,1,0.0000000000,0.0000000000,1.1825146844,0.0000000000,absorb
83400,1,0.0000000000,0.0000000000,3.4224751782,0.0000000000,scatter
83400,2,3.4224751782,0.0000000000,4.2500000000,0.9982184328,exit_right
83500,1,0.0000000000,0.0000000000,1.0897488308,0.0000000000,scatter
83500,2,1.0897488308,0.0000000000,1.6668035426,0.3317412180,scatter
83500,3,1.6668035426,0.3317412180,1.6712465396,0.3545983309,absorb
83600,1,0.0000000000,0.0000000000,4.2500000000,0.0000000000,exit_right
83700,1,0.0000000000,0.0000000000,0.4470585709,0.0000000000,scatter
83700,2,0.4470585709,0.0000000000,0.0000000000,-0.3180256620,exit_left
83800,1,0.0000000000,0.0000000000,1.2206880215,0.0000000000,scatter
83800,2,1.2206880215,0.0000000000,0.0000000000,1.0674592129,exit_left
83900,1,0.0000000000,0.0000000000,2.7890145217,0.0000000000,scatter
83900,2,2.7890145217,0.0000000000,2.6134146702,-1.5265717694,scatter
83900,3,2.6134146702,-1.5265717694,2.8684436674,-2.4815541934,scatter
83900,4,2.8684436674,-2.4815541934,1.5063566330,-2.9714428887,scatter
83900,5,1.5063566330,-2.9714428887,4.2500000000,-1.9132559086,exit_right
84000,1,0.0000000000,0.0000000000,0.5716479258,0.0000000000,scatter
84000,2,0.5716479258,0.0000000000,0.0000000000,0.4314314779,exit_left
84100,1,0.0000000000,0.0000000000,1.7393630172,0.0000000000,scatter
84100,2,1.7393630172,0.0000000000,1.1929702080,1.5850129840,scatter
84100,3,1.1929702080,1.5850129840,0.0000000000,-1.1239377221,exit_left
84200,1,0.0000000000,0.0000000000,0.7595320844,0.0000000000,scatter
84200,2,0.7595320844,0.0000000000,1.0255389085,-0.1836315654,scatter
84200,3,1.0255389085,-0.1836315654,1.3681383734,-0.1510163081,scatter
84200,4,1.3681383734,-0.1510163081,1.3156353224,-0.1818956086,absorb
84300,1,0.0000000000,0.0000000000,1.1681766911,0.0000000000,scatter
84300,2,1.1681766911,0.0000000000,2.1786075624,-1.5003052879,absorb
84400,1,0.0000000000,0.0000000000,1.8814135386,0.0000000000,scatter
84400,2,1.8814135386,0.0000000000,1.3471598764,-0.0744597780,scatter
84400,3,1.3471598764,-0.0744597780,0.6388150525,1.3577879884,scatter
84400,4,0.6388150525,1.3577879884,0.0000000000,1.1256262866,exit_left
84500,1,0.0000000000,0.0000000000,4.2500000000,0.0000000000,exit_right
84600,1,0.0000000000,0.0000000000,0.9382437998,0.0000000000,scatter
84600,2,0.9382437998,0.0000000000,4.2476460262,1.5817797538,scatter
84600,3,4.2476460262,1.5817797538,4.2500000000,1.5749044279,exit_right
84700,1,0.0000000000,0.0000000000,4.0467227885,0.0000000000,scatter
84700,2,4.0467227885,0.0000000000,3.5313828898,1.6917837389,scatter
84700,3,3.5313828898,1.6917837389,0.4971180983,7.1003041867,scatter
84700,4,0.4971180983,7.1003041867,0.0000000000,7.7184692297,exit_left
84800,1,0.0000000000,0.0000000000,3.9111038885,0.0000000000,scatter
84800,2,3.9111038885,0.0000000000,3.0266293561,0.0975368937,scatter
84800,3,3.0266293561,0.0975368937,1.3672914687,0.0721196271,absorb
84900,1,0.0000000000,0.0000000000,1.4913053628,0.0000000000,absorb
85000,1,0.0000000000,0.0000000000,1.9038969064,0.0000000000,scatter
85000,2,1.9038969064,0.0000000000,1.9049612022,0.2252399844,scatter
85000,3,1.9049612022,0.2252399844,2.1099030974,2.2217406940,scatter
85000,4,2.1099030974,2.2217406940,2.1946473962,2.4031474629,scatter
85000,5,2.1946473962,2.4031474629,3.3219165402,1.6799300229,scatter
85000,6,3.3219165402,1.6799300229,3.6535233935,3.1520614631,scatter
85000,7,3.6535233935,3.1520614631,4.2500000000,2.3776506226,exit_right
85100,1,0.0000000000,0.0000000000,2.9783284722,0.0000000000,scatter
85100,2,2.9783284722,0.0000000000,4.2500000000,-3.3107670862,exit_right
85200,1,0.0000000000,0.0000000000,0.9846003582,0.0000000000,scatter
85200,2,0.9846003582,0.0000000000,1.4726698074,1.1041479078,scatter
85200,3,1.4726698074,1.1041479078,1.8775349285,1.0503289302,scatter
85200,4,1.8775349285,1.0503289302,2.9779272924,-0.0513836752,scatter
85200,5,2.9779272924,-0.0513836752,3.0706461391,-0.0208278507,scatter
85200,6,3.0706461391,-0.0208278507,2.7380770724,0.0933400006,scatter
85200,7,2.7380770724,0.0933400006,0.0000000000,-0.1314427855,exit_left
85300,1,0.0000000000,0.0000000000,0.2585096279,0.0000000000,absorb
85400,1,0.0000000000,0.0000000000,3.2660999056,0.0000000000,scatter
85400,2,3.2660999056,0.0000000000,0.0000000000,0.5312320882,exit_left
85500,1,0.0000000000,0.0000000000,0.6902914046,0.0000000000,scatter
85500,2,0.6902914046,0.0000000000,0.7262990295,-1.3522926349,scatter
85500,3,0.7262990295,-1.3522926349,0.5161482103,-1.5463003586,absorb
85600,1,0.0000000000,0.0000000000,2.2343796807,0.0000000000,scatter
85600,2,2.2343796807,0.0000000000,2.1471177727,0.5657691436,scatter
85600,3,2.1471177727,0.5657691436,0.5728685023,1.5066972386,scatter
85600,4,0.5728685023,1.5066972386,0.0000000000,0.6885632827,exit_left
85700,1,0.0000000000,0.0000000000,3.3854639376,0.0000000000,scatter
85700,2,3.3854639376,0.0000000000,0.7712653112,-2.5880123898,scatter
85700,3,0.7712653112,-2.5880123898,0.0000000000,-2.7907568321,exit_left
85800,1,0.0000000000,0.0000000000,2.5059885826,0.0000000000,scatter
85800,2,2.5059885826,0.0000000000,1.1186245181,6.8489826544,scatter
85800,3,1.1186245181,6.8489826544,1.4071631215,5.8823557875,scatter
85800,4,1.4071631215,5.8823557875,0.0000000000,5.1619371650,exit_left
85900,1,0.0000000000,0.0000000000,2.4392924235,0.0000000000,scatter
85900,2,2.4392924235,0.0000000000,4.1375522228,1.6773749467,scatter
85900,3,4.1375522228,1.6773749467,2.6233113538,3.5204168495,scatter
85900,4,2.6233113538,3.5204168495,4.0818723064,4.6267682891,absorb
86000,1,0.0000000000,0.0000000000,0.4383676300,0.0000000000,scatter
86000,2,0.4383676300,0.0000000000,1.2206047541,2.2448912495,scatter
86000,3,1.2206047541,2.2448912495,0.0000000000,1.7948292966,exit_left
86100,1,0.0000000000,0.0000000000,1.6828694962,0.0000000000,scatter
86100,2,1.6828694962,0.0000000000,1.3087153320,0.3676202476,scatter
86100,3,1.3087153320,0.3676202476,1.2688411133,0.4039019176,absorb
86200,1,0.0000000000,0.0000000000,4.2500000000,0.0000000000,exit_right
86300,1,0.0000000000,0.0000000000,1.3483168157,0.0000000000,scatter
86300,2,1.3483168157,0.0000000000,1.3694369364,0.7954100168,scatter
86300,3,1.3694369364,0.7954100168,1.1616116501,0.3271243625,scatter
86300,4,1.1616116501,0.3271243625,0.0000000000,0.2247456478,exit_left
86400,1,0.0000000000,0.0000000000,0.8472633337,0.0000000000,absorb
86500,1,0.0000000000,0.0000000000,2.6468656494,0.0000000000,absorb
86600,1,0.0000000000,0.0000000000,1.1254514815,0.0000000000,scatter
86600,2,1.1254514815,0.0000000000,0.0000000000,-0.4385384268,exit_left
86700,1,0.0000000000,0.0000000000,0.7083504526,0.0000000000,scatter
86700,2,0.7083504526,0.0000000000,0.0000000000,-0.3357438905,exit_left
86800,1,0.0000000000,0.0000000000,1.2227022230,0.0000000000,scatter
86800,2,1.2227022230,0.0000000000,1.4600820216,-0.0249791896,scatter
86800,3,1.4600820216,-0.0249791896,1.0008830552,1.2904854551,scatter
86800,4,1.0008830552,1.2904854551,0.6872180181,0.6333126468,scatter
86800,5,0.6872180181,0.6333126468,0.6585357970,0.8205866358,absorb
86900,1,0.0000000000,0.0000000000,2.5614766381,0.0000000000,scatter
86900,2,2.5614766381,0.0000000000,3.5741258017,1.0002697460,scatter
86900,3,3.5741258017,1.0002697460,3.8374451715,1.3069611024,scatter
86900,4,3.8374451715,1.3069611024,4.0394285720,0.6895511626,absorb
87000,1,0.0000000000,0.0000000000,1.2165845975,0.0000000000,absorb
87100,1,0.0000000000,0.0000000000,1.1689252895,0.0000000000,absorb
87200,1,0.0000000000,0.0000000000,4.2500000000,0.0000000000,exit_right
87300,1,0.0000000000,0.0000000000,0.1096238404,0.0000000000,scatter
87300,2,0.1096238404,0.0000000000,2.7488768336,0.3956780264,scatter
87300,3,2.7488768336,0.3956780264,3.0120095791,0.8771402236,scatter
87300,4,3.0120095791,0.8771402236,3.8847925222,1.6513927787,scatter
87300,5,3.8847925222,1.6513927787,4.2500000000,1.7123605103,exit_right
87400,1,0.0000000000,0.0000000000,2.5629136321,0.0000000000,scatter
87400,2,2.5629136321,0.0000000000,2.5006234271,-0.1096204831,scatter
87400,3,2.5006234271,-0.1096204831,1.4252056222,1.9068852091,scatter
87400,4,1.4252056222,1.9068852091,1.0008653956,2.3775085109,scatter
87400,5,1.0008653956,2.3775085109,0.0000000000,2.2410263876,exit_left
87500,1,0.0000000000,0.0000000000,0.3787517709,0.0000000000,scatter
87500,2,0.3787517709,0.0000000000,2.8561702850,3.4245712969,scatter
87500,3,2.8561702850,3.4245712969,3.4891854053,2.4053891704,scatter
87500,4,3.4891854053,2.4053891704,4.2500000000,2.4667252132,exit_right
87600,1,0.0000000000,0.0000000000,0.7865969909,0.0000000000,scatter
87600,2,0.7865969909,0.0000000000,0.7767485267,0.0085951980,scatter
87600,3,0.7767485267,0.0085951980,2.0555905672,-1.9996079315,scatter
87600,4,2.0555905672,-1.9996079315,2.7467960242,-1.3532207374,absorb
87700,1,0.0000000000,0.0000000000,0.5295076145,0.0000000000,scatter
87700,2,0.5295076145,0.0000000000,1.1383514621,1.0653097795,scatter
87700,3,1.1383514621,1.0653097795,1.0695193428,0.9938430677,absorb
87800,1,0.0000000000,0.0000000000,0.5657749251,0.0000000000,absorb
87900,1,0.0000000000,0.0000000000,0.4254138863,0.0000000000,absorb
88000,1,0.0000000000,0.0000000000,0.0829684656,0.0000000000,scatter
88000,2,0.0829684656,0.0000000000,0.1224617863,-0.1568619773,scatter
88000,3,0.1224617863,-0.1568619773,0.2153773931,-0.1261824731,scatter
88000,4,0.2153773931,-0.1261824731,0.0000000000,-0.2845192206,exit_left
88100,1,0.0000000000,0.0000000000,0.0617355309,0.0000000000,scatter
88100,2,0.0617355309,0.0000000000,0.0000000000,0.0125642168,exit_left
88200,1,0.0000000000,0.0000000000,0.9525458757,0.0000000000,absorb
88300,1,0.0000000000,0.0000000000,0.0985830279,0.0000000000,scatter
88300,2,0.0985830279,0.0000000000,0.7536232669,0.0672901758,scatter
88300,3,0.7536232669,0.0672901758,0.7814438712,-0.0697107660,scatter
88300,4,0.7814438712,-0.0697107660,1.2653783480,-2.5844249990,scatter
88300,5,1.2653783480,-2.5844249990,1.1662965733,0.4119386406,absorb
88400,1,0.0000000000,0.0000000000,0.2689899365,0.0000000000,absorb
88500,1,0.0000000000,0.0000000000,0.6776310276,0.0000000000,scatter
88500,2,0.6776310276,0.0000000000,0.0000000000,-0.0697666272,exit_left
88600,1,0.0000000000,0.0000000000,0.8296746701,0.0000000000,scatter
88600,2,0.8296746701,0.0000000000,0.1908827241,-3.7350396573,absorb
88700,1,0.0000000000,0.0000000000,0.3514781723,0.0000000000,scatter
88700,2,0.3514781723,0.0000000000,0.0000000000,0.7389536309,exit_left
88800,1,0.0000000000,0.0000000000,3.4276406111,0.0000000000,scatter
88800,2,3.4276406111,0.0000000000,2.7403186551,-2.0622713421,scatter
88800,3,2.7403186551,-2.0622713421,3.8785937641,-3.3685574993,scatter
88800,4,3.8785937641,-3.3685574993,4.1367813573,-3.2711203945,scatter
88800,5,4.1367813573,-3.2711203945,4.2500000000,-3.1831359436,exit_right
88900,1,0.0000000000,0.0000000000,0.6407167958,0.0000000000,scatter
88900,2,0.6407167958,0.0000000000,0.7189504119,-0.2268083140,scatter
88900,3,0.7189504119,-0.2268083140,2.6389102608,-1.2909577584,scatter
88900,4,2.6389102608,-1.2909577584,0.0000000000,-2.4980791408,exit_left
89000,1,0.0000000000,0.0000000000,0.3497386668,0.0000000000,scatter
89000,2,0.3497386668,0.0000000000,0.3468421206,0.0186323051,scatter
89000,3,0.3468421206,0.0186323051,0.0000000000,0.3253420530,exit_left
89100,1,0.0000000000,0.0000000000,1.0778999863,0.0000000000,scatter
89100,2,1.0778999863,0.0000000000,1.8421222692,-0.2828368638,scatter
89100,3,1.8421222692,-0.2828368638,2.1818849318,-0.8678477672,scatter
89100,4,2.1818849318,-0.8678477672,2.6337109892,-0.6992560740,absorb
89200,1,0.0000000000,0.0000000000,0.7314920471,0.0000000000,scatter
89200,2,0.7314920471,0.0000000000,4.2500000000,3.9470695310,exit_right
89300,1,0.0000000000,0.0000000000,3.4207691113,0.0000000000,scatter
89300,2,3.4207691113,0.0000000000,1.9223884024,-1.6697142079,scatter
89300,3,1.9223884024,-1.6697142079,2.3615667204,-1.8139695051,scatter
89300,4,2.3615667204,-1.8139695051,2.3778539588,-7.3880122552,scatter
89300,5,2.3778539588,-7.3880122552,3.3963040176,-5.8917069469,scatter
89300,6,3.3963040176,-5.8917069469,3.2607495633,-6.3915640759,scatter
89300,7,3.2607495633,-6.3915640759,3.9148468492,-5.2571288444,scatter
89300,8,3.9148468492,-5.2571288444,4.2500000000,-5.3319052007,exit_right
89400,1,0.0000000000,0.0000000000,1.6369476219,0.0000000000,scatter
89400,2,1.6369476219,0.0000000000,3.0847935640,3.1499874754,scatter
89400,3,3.0847935640,3.1499874754,2.8412609115,2.2637713290,scatter
89400,4,2.8412609115,2.2637713290,2.8043579971,2.2185851769,scatter
89400,5,2.8043579971,2.2185851769,2.7629169558,2.0366488597,absorb
89500,1,0.0000000000,0.0000000000,1.0096723165,0.0000000000,scatter
89500,2,1.0096723165,0.0000000000,0.4610110917,1.5390764941,scatter
89500,3,0.4610110917,1.5390764941,1.4505640714,1.6367840587,absorb
89600,1,0.0000000000,0.0000000000,0.7087191393,0.0000000000,absorb
89700,1,0.0000000000,0.0000000000,1.4743139477,0.0000000000,scatter
89700,2,1.4743139477,0.0000000000,2.0842031080,1.9954475454,scatter
89700,3,2.0842031080,1.9954475454,4.1141897629,-3.1681533664,absorb
89800,1,0.0000000000,0.0000000000,0.3086585553,0.0000000000,absorb
89900,1,0.0000000000,0.0000000000,0.3007715705,0.0000000000,scatter
89900,2,0.3007715705,0.0000000000,0.0000000000,-0.2895019229,exit_left
90000,1,0.0000000000,0.0000000000,0.7272919264,0.0000000000,scatter
90000,2,0.7272919264,0.0000000000,0.9250125885,-0.3595009459,scatter
90000,3,0.9250125885,-0.3595009459,0.6977474505,-0.4136471402,scatter
90000,4,0.6977474505,-0.4136471402,0.8525936719,-1.0324703393,scatter
90000,5,0.8525936719,-1.0324703393,0.0000000000,-2.4242429471,exit_left
90100,1,0.0000000000,0.0000000000,0.2240156178,0.0000000000,scatter
90100,2,0.2240156178,0.0000000000,0.0000000000,0.3592079127,exit_left
90200,1,0.0000000000,0.0000000000,4.2500000000,0.0000000000,exit_right
90300,1,0.0000000000,0.0000000000,0.6592713580,0.0000000000,scatter
90300,2,0.6592713580,0.0000000000,0.3969398180,2.3550152004,scatter
90300,3,0.3969398180,2.3550152004,1.3029394239,3.9299104748,absorb
90400,1,0.0000000000,0.0000000000,1.6751066435,0.0000000000,scatter
90400,2,1.6751066435,0.0000000000,1.7970050894,0.7092555862,absorb
90500,1,0.0000000000,0.0000000000,0.1734994588,0.0000000000,absorb
90600,1,0.0000000000,0.0000000000,1.6482296617,0.0000000000,absorb
90700,1,0.0000000000,0.0000000000,4.2500000000,0.0000000000,exit_right
90800,1,0.0000000000,0.0000000000,3.4688069477,0.0000000000,scatter
90800,2,3.4688069477,0.0000000000,3.4400649086,-0.0265190082,scatter
90800,3,3.4400649086,-0.0265190082,3.4298685965,-2.0344475309,scatter
90800,4,3.4298685965,-2.0344475309,2.4831157224,-0.5410868340,scatter
90800,5,2.4831157224,-0.5410868340,2.5369506800,-0.4619759336,scatter
90800,6,2.5369506800,-0.4619759336,3.1045229516,-1.6722523783,scatter
90800,7,3.1045229516,-1.6722523783,3.2542560763,-0.3025176498,scatter
90800,8,3.2542560763,-0.3025176498,1.9670121689,1.6352409616,scatter
90800,9,1.9670121689,1.6352409616,4.2500000000,1.6889055319,exit_right
90900,1,0.0000000000,0.0000000000,1.9112755474,0.0000000000,scatter
90900,2,1.9112755474,0.0000000000,2.8845002920,0.5828000427,absorb
91000,1,0.0000000000,0.0000000000,0.4596534182,0.0000000000,scatter
91000,2,0.4596534182,0.0000000000,0.9520957138,-0.6449846716,scatter
91000,3,0.9520957138,-0.6449846716,2.2880531620,-0.8005507864,scatter
91000,4,2.2880531620,-0.8005507864,2.3286531119,-0.7174479343,scatter
91000,5,2.3286531119,-0.7174479343,2.3051818193,-0.7070881478,scatter
91000,6,2.3051818193,-0.7070881478,2.2788607582,-0.7259572991,scatter
91000,7,2.2788607582,-0.7259572991,0.0000000000,-0.2439285730,exit_left
91100,1,0.0000000000,0.0000000000,0.3200202448,0.0000000000,scatter
91100,2,0.3200202448,0.0000000000,0.3579994005,-0.1092020400,scatter
91100,3,0.3579994005,-0.1092020400,1.6088841937,0.9137422196,scatter
91100,4,1.6088841937,0.9137422196,1.9791651880,-1.4069941254,scatter
91100,5,1.9791651880,-1.4069941254,4.2500000000,1.4217643700,exit_right
91200,1,0.0000000000,0.0000000000,0.1024777864,0.0000000000,scatter
91200,2,0.1024777864,0.0000000000,0.0000000000,-0.0264702367,exit_left
91300,1,0.0000000000,0.0000000000,1.4730069811,0.0000000000,scatter
91300,2,1.4730069811,0.0000000000,0.8993028429,2.3663710493,scatter
91300,3,0.8993028429,2.3663710493,0.3972810231,2.3223469637,absorb
91400,1,0.0000000000,0.0000000000,4.2500000000,0.0000000000,exit_right
91500,1,0.0000000000,0.0000000000,0.2096899259,0.0000000000,absorb
91600,1,0.0000000000,0.0000000000,0.7598500388,0.0000000000,scatter
91600,2,0.7598500388,0.0000000000,0.0000000000,0.5821115056,exit_left
91700,1,0.0000000000,0.0000000000,1.1884149356,0.0000000000,scatter
91700,2,1.1884149356,0.0000000000,0.7536999219,3.1726031416,scatter
91700,3,0.7536999219,3.1726031416,1.2988659802,3.3775696760,scatter
91700,4,1.2988659802,3.3775696760,2.4779023057,2.0980470728,scatter
91700,5,2.4779023057,2.0980470728,1.2583665355,3.0472629770,absorb
91800,1,0.0000000000,0.0000000000,0.5462757707,0.0000000000,scatter
91800,2,0.5462757707,0.0000000000,0.0313605119,2.2980407073,scatter
91800,3,0.0313605119,2.2980407073,0.0000000000,2.3569652792,exit_left
91900,1,0.0000000000,0.0000000000,2.9276098424,0.0000000000,scatter
91900,2,2.9276098424,0.0000000000,0.0000000000,0.6780621894,exit_left
92000,1,0.0000000000,0.0000000000,0.5599104662,0.0000000000,scatter
92000,2,0.5599104662,0.0000000000,1.7095702334,-0.7418854737,absorb
92100,1,0.0000000000,0.0000000000,0.7356074263,0.0000000000,scatter
92100,2,0.7356074263,0.0000000000,0.0624401089,0.0403828402,scatter
92100,3,0.0624401089,0.0403828402,0.0000000000,-0.0327292546,exit_left
92200,1,0.0000000000,0.0000000000,3.5323365298,0.0000000000,scatter
92200,2,3.5323365298,0.0000000000,3.2815554660,-1.2304893089,absorb
92300,1,0.0000000000,0.0000000000,3.9525085759,0.0000000000,scatter
92300,2,3.9525085759,0.0000000000,4.2500000000,0.2906897406,exit_right
92400,1,0.0000000000,0.0000000000,0.6677689358,0.0000000000,scatter
92400,2,0.6677689358,0.0000000000,1.3938104537,0.0246912538,scatter
92400,3,1.3938104537,0.0246912538,1.3572967564,-0.1822766747,scatter
92400,4,1.3572967564,-0.1822766747,2.7936038106,-2.7344809641,scatter
92400,5,2.7936038106,-2.7344809641,1.6274457371,-2.9626981525,scatter
92400,6,1.6274457371,-2.9626981525,1.6706298951,-5.8944735751,scatter
92400,7,1.6706298951,-5.8944735751,2.3172249654,-5.7146812656,scatter
92400,8,2.3172249654,-5.7146812656,2.3041972819,-5.7013589296,scatter
92400,9,2.3041972819,-5.7013589296,2.8560981162,-5.2152822993,scatter
92400,10,2.8560981162,-5.2152822993,3.7261051129,-5.7544740419,scatter
92400,11,3.7261051129,-5.7544740419,3.0790634886,-5.4788396415,scatter
92400,12,3.0790634886,-5.4788396415,3.7069363618,-5.1976007746,scatter
92400,13,3.7069363618,-5.1976007746,3.4189134102,-3.5398030268,scatter
92400,14,3.4189134102,-3.5398030268,3.4133607950,-0.8665128576,absorb
92500,1,0.0000000000,0.0000000000,4.1173053411,0.0000000000,scatter
92500,2,4.1173053411,0.0000000000,3.3715847973,0.2196594413,scatter
92500,3,3.3715847973,0.2196594413,1.1001640760,2.6547556780,scatter
92500,4,1.1001640760,2.6547556780,1.2691579840,3.3346034633,scatter
92500,5,1.2691579840,3.3346034633,0.0000000000,2.6780258917,exit_left
92600,1,0.0000000000,0.0000000000,0.0300280045,0.0000000000,absorb
92700,1,0.0000000000,0.0000000000,1.4863122201,0.0000000000,scatter
92700,2,1.4863122201,0.0000000000,1.3678970884,3.0044142665,scatter
92700,3,1.3678970884,3.0044142665,2.0151512494,2.8722876673,scatter
92700,4,2.0151512494,2.8722876673,1.2707229115,3.1491899604,scatter
92700,5,1.2707229115,3.1491899604,0.0000000000,3.8488908001,exit_left
92800,1,0.0000000000,0.0000000000,4.2500000000,0.0000000000,exit_right
92900,1,0.0000000000,0.0000000000,2.6219244435,0.0000000000,scatter
92900,2,2.6219244435,0.0000000000,3.5533147145,1.8725408793,scatter
92900,3,3.5533147145,1.8725408793,3.6294325866,1.7778205058,scatter
92900,4,3.6294325866,1.7778205058,3.6752574637,1.9122530999,scatter
92900,5,3.6752574637,1.9122530999,3.2373946693,0.5357784205,scatter
92900,6,3.2373946693,0.5357784205,2.6603707716,1.1262264447,scatter
92900,7,2.6603707716,1.1262264447,3.4837676373,0.5491564819,absorb
93000,1,0.0000000000,0.0000000000,1.9156375520,0.0000000000,scatter
93000,2,1.9156375520,0.0000000000,1.2948398057,-0.1582104416,absorb
93100,1,0.0000000000,0.0000000000,0.0372736634,0.0000000000,absorb
93200,1,0.0000000000,0.0000000000,3.6480874731,0.0000000000,absorb
93300,1,0.0000000000,0.0000000000,0.0313646968,0.0000000000,absorb
93400,1,0.0000000000,0.0000000000,0.0159755231,0.0000000000,scatter
93400,2,0.0159755231,0.0000000000,4.2500000000,-6.6837782401,exit_right
93500,1,0.0000000000,0.0000000000,1.8837942480,0.0000000000,scatter
93500,2,1.8837942480,0.0000000000,1.8980344022,-0.0198169195,scatter
93500,3,1.8980344022,-0.0198169195,0.0000000000,-3.3387861678,exit_left
93600,1,0.0000000000,0.0000000000,2.0702018745,0.0000000000,scatter
93600,2,2.0702018745,0.0000000000,0.0000000000,-0.3607643229,exit_left
93700,1,0.0000000000,0.0000000000,3.7495638289,0.0000000000,scatter
93700,2,3.7495638289,0.0000000000,4.2500000000,-0.0066441542,exit_right
93800,1,0.0000000000,0.0000000000,1.0160345631,0.0000000000,scatter
93800,2,1.0160345631,0.0000000000,1.3435786494,0.7350838776,scatter
93800,3,1.3435786494,0.7350838776,1.5899836797,1.0733274986,scatter
93800,4,1.5899836797,1.0733274986,1.6512286878,1.0631289147,scatter
93800,5,1.6512286878,1.0631289147,0.6844329505,1.2275038615,scatter
93800,6,0.6844329505,1.2275038615,4.2500000000,4.7031733197,exit_right
93900,1,0.0000000000,0.0000000000,0.1504369723,0.0000000000,scatter
93900,2,0.1504369723,0.0000000000,2.8412360847,0.7383819122,scatter
93900,3,2.8412360847,0.7383819122,2.8076205780,0.5270419514,scatter
93900,4,2.8076205780,0.5270419514,3.8188084890,2.9103897101,absorb
94000,1,0.0000000000,0.0000000000,0.4488452690,0.0000000000,scatter
94000,2,0.4488452690,0.0000000000,4.2500000000,-5.0224288866,exit_right
94100,1,0.0000000000,0.0000000000,1.3760576336,0.0000000000,scatter
94100,2,1.3760576336,0.0000000000,0.0000000000,1.6491923315,exit_left
94200,1,0.0000000000,0.0000000000,2.6582142577,0.0000000000,scatter
94200,2,2.6582142577,0.0000000000,2.8260409171,0.1267369072,scatter
94200,3,2.8260409171,0.1267369072,3.0186584843,0.4650597953,scatter
94200,4,3.0186584843,0.4650597953,2.6878925324,0.9174382671,scatter
94200,5,2.6878925324,0.9174382671,0.6972469909,2.2634035766,scatter
94200,6,0.6972469909,2.2634035766,3.3735244085,5.1587313516,scatter
94200,7,3.3735244085,5.1587313516,2.9187803031,16.1712479693,scatter
94200,8,2.9187803031,16.1712479693,4.2500000000,15.0028044035,exit_right
94300,1,0.0000000000,0.0000000000,3.5519489521,0.0000000000,scatter
94300,2,3.5519489521,0.0000000000,1.7253323776,0.8800566915,scatter
94300,3,1.7253323776,0.8800566915,0.1851107560,0.5605288489,scatter
94300,4,0.1851107560,0.5605288489,4.2500000000,-4.8235376484,exit_right
94400,1,0.0000000000,0.0000000000,0.9406067013,0.0000000000,scatter
94400,2,0.9406067013,0.0000000000,0.5665253595,-0.0599263916,absorb
94500,1,0.0000000000,0.0000000000,1.4748254800,0.0000000000,scatter
94500,2,1.4748254800,0.0000000000,1.0744826704,0.2225483000,scatter
94500,3,1.0744826704,0.2225483000,4.2500000000,0.7007335167,exit_right
94600,1,0.0000000000,0.0000000000,1.0773913730,0.0000000000,scatter
94600,2,1.0773913730,0.0000000000,0.7441143048,0.2509698037,scatter
94600,3,0.7441143048,0.2509698037,0.7972305782,0.2120773650,absorb
94700,1,0.0000000000,0.0000000000,4.2500000000,0.0000000000,exit_right
94800,1,0.0000000000,0.0000000000,2.3226014712,0.0000000000,scatter
94800,2,2.3226014712,0.0000000000,2.5030184350,-1.0132852849,scatter
94800,3,2.5030184350,-1.0132852849,0.3612074803,2.8971542993,scatter
94800,4,0.3612074803,2.8971542993,0.2846966398,2.4015910875,scatter
94800,5,0.2846966398,2.4015910875,2.0790329483,3.5446788352,scatter
94800,6,2.0790329483,3.5446788352,2.3479476070,2.6789366233,scatter
94800,7,2.3479476070,2.6789366233,0.0000000000,1.9842832329,exit_left
94900,1,0.0000000000,0.0000000000,4.2500000000,0.0000000000,exit_right
95000,1,0.0000000000,0.0000000000,0.5232185880,0.0000000000,scatter
95000,2,0.5232185880,0.0000000000,0.6829980531,0.2983091607,scatter
95000,3,0.6829980531,0.2983091607,0.3814723991,1.2063733859,scatter
95000,4,0.3814723991,1.2063733859,0.6329231178,1.7801493932,scatter
95000,5,0.6329231178,1.7801493932,0.0000000000,2.0038243710,exit_left
95100,1,0.0000000000,0.0000000000,0.5195048981,0.0000000000,scatter
95100,2,0.5195048981,0.0000000000,0.0000000000,0.1841517308,exit_left
95200,1,0.0000000000,0.0000000000,0.4621096513,0.0000000000,scatter
95200,2,0.4621096513,0.0000000000,0.8667891475,0.2564207932,scatter
95200,3,0.8667891475,0.2564207932,0.2034332832,-0.3063118520,scatter
95200,4,0.2034332832,-0.3063118520,0.2995195789,1.2585312930,scatter
95200,5,0.2995195789,1.2585312930,0.0000000000,1.5117247965,exit_left
95300,1,0.0000000000,0.0000000000,0.8278587614,0.0000000000,scatter
95300,2,0.8278587614,0.0000000000,0.2732771884,0.1462641322,scatter
95300,3,0.2732771884,0.1462641322,0.8084314777,-0.7917915515,scatter
95300,4,0.8084314777,-0.7917915515,0.3780407382,-1.8654414548,scatter
95300,5,0.3780407382,-1.8654414548,0.0000000000,-1.4653940474,exit_left
95400,1,0.0000000000,0.0000000000,0.5292090873,0.0000000000,scatter
95400,2,0.5292090873,0.0000000000,0.9381057926,-0.5801672278,scatter
95400,3,0.9381057926,-0.5801672278,0.9427428921,-0.5754182495,scatter
95400,4,0.9427428921,-0.5754182495,2.6709541822,0.8027242368,scatter
95400,5,2.6709541822,0.8027242368,2.4319109782,0.9071215047,scatter
95400,6,2.4319109782,0.9071215047,2.7192667912,1.6061922714,scatter
95400,7,2.7192667912,1.6061922714,3.7573711905,2.9479522435,scatter
95400,8,3.7573711905,2.9479522435,1.4675458344,2.3338516170,absorb
95500,1,0.0000000000,0.0000000000,3.2156317206,0.0000000000,scatter
95500,2,3.2156317206,0.0000000000,3.0328840158,-1.6822660730,scatter
95500,3,3.0328840158,-1.6822660730,3.0257345751,-1.1655450039,absorb
95600,1,0.0000000000,0.0000000000,2.5036595087,0.0000000000,absorb
95700,1,0.0000000000,0.0000000000,4.2500000000,0.0000000000,exit_right
95800,1,0.0000000000,0.0000000000,0.7653083480,0.0000000000,scatter
95800,2,0.7653083480,0.0000000000,0.5856945552,-0.0215874354,absorb
95900,1,0.0000000000,0.0000000000,1.0495934179,0.0000000000,scatter
95900,2,1.0495934179,0.0000000000,1.0449633745,0.0408702209,scatter
95900,3,1.0449633745,0.0408702209,1.1244470697,0.1996410097,scatter
95900,4,1.1244470697,0.1996410097,1.2874009443,0.1467141914,scatter
95900,5,1.2874009443,0.1467141914,1.1192818524,0.3003708844,scatter
95900,6,1.1192818524,0.3003708844,1.9728868692,0.7663108104,absorb
96000,1,0.0000000000,0.0000000000,3.4935634868,0.0000000000,scatter
96000,2,3.4935634868,0.0000000000,3.2480873936,0.0400782905,scatter
96000,3,3.2480873936,0.0400782905,2.9258425325,-0.0512803340,scatter
96000,4,2.9258425325,-0.0512803340,0.0000000000,0.4283993489,exit_left
96100,1,0.0000000000,0.0000000000,0.2753734546,0.0000000000,scatter
96100,2,0.2753734546,0.0000000000,0.0000000000,-0.0797746549,exit_left
96200,1,0.0000000000,0.0000000000,0.5923487567,0.0000000000,scatter
96200,2,0.5923487567,0.0000000000,2.7326414303,0.6505152819,scatter
96200,3,2.7326414303,0.6505152819,1.5305207755,0.3315393464,scatter
96200,4,1.5305207755,0.3315393464,3.1861420896,1.5291148163,scatter
96200,5,3.1861420896,1.5291148163,0.0000000000,2.4172212865,exit_left
96300,1,0.0000000000,0.0000000000,2.1941276884,0.0000000000,scatter
96300,2,2.1941276884,0.0000000000,2.1254786721,0.8731177363,scatter
96300,3,2.1254786721,0.8731177363,2.7053389632,-4.2361702084,scatter
96300,4,2.7053389632,-4.2361702084,4.2500000000,-3.0636801708,exit_right
96400,1,0.0000000000,0.0000000000,1.2492684251,0.0000000000,scatter
96400,2,1.2492684251,0.0000000000,4.2500000000,2.2426590528,exit_right
96500,1,0.0000000000,0.0000000000,4.2500000000,0.0000000000,exit_right
96600,1,0.0000000000,0.0000000000,1.1542648676,0.0000000000,scatter
96600,2,1.1542648676,0.0000000000,0.0000000000,0.7661923879,exit_left
96700,1,0.0000000000,0.0000000000,2.3940091852,0.0000000000,scatter
96700,2,2.3940091852,0.0000000000,4.2500000000,4.5755984648,exit_right
96800,1,0.0000000000,0.0000000000,2.5165451000,0.0000000000,scatter
96800,2,2.5165451000,0.0000000000,1.5239545794,-1.3180810348,scatter
96800,3,1.5239545794,-1.3180810348,0.9065974224,-1.4930075684,absorb
96900,1,0.0000000000,0.0000000000,1.8696891601,0.0000000000,scatter
96900,2,1.8696891601,0.0000000000,1.8409258311,-0.0445038549,absorb
97000,1,0.0000000000,0.0000000000,4.2500000000,0.0000000000,exit_right
97100,1,0.0000000000,0.0000000000,0.2357851797,0.0000000000,scatter
97100,2,0.2357851797,0.0000000000,2.6873146958,2.3285956660,scatter
97100,3,2.6873146958,2.3285956660,1.5489027732,-0.0652999934,scatter
97100,4,1.5489027732,-0.0652999934,1.3166134637,-1.0674028963,scatter
97100,5,1.3166134637,-1.0674028963,1.3092941813,-0.9285877825,scatter
97100,6,1.3092941813,-0.9285877825,2.5102515007,-2.1434473195,scatter
97100,7,2.5102515007,-2.1434473195,0.6254375924,1.5338123685,scatter
97100,8,0.6254375924,1.5338123685,0.0000000000,5.3718177895,exit_left
97200,1,0.0000000000,0.0000000000,0.1044221791,0.0000000000,scatter
97200,2,0.1044221791,0.0000000000,1.5526761328,3.3615709743,scatter
97200,3,1.5526761328,3.3615709743,1.6834527550,3.2952189501,scatter
97200,4,1.6834527550,3.2952189501,2.0474830112,3.5630565760,scatter
97200,5,2.0474830112,3.5630565760,0.0000000000,3.5866698117,exit_left
97300,1,0.0000000000,0.0000000000,1.7777323085,0.0000000000,absorb
97400,1,0.0000000000,0.0000000000,1.8426142435,0.0000000000,scatter
97400,2,1.8426142435,0.0000000000,2.4276238203,-1.0274534682,scatter
97400,3,2.4276238203,-1.0274534682,3.0278266045,-0.1422050728,scatter
97400,4,3.0278266045,-0.1422050728,3.0462989087,1.0620763399,scatter
97400,5,3.0462989087,1.0620763399,3.3943878798,1.8537469234,scatter
97400,6,3.3943878798,1.8537469234,4.0162943520,1.9942335230,scatter
97400,7,4.0162943520,1.9942335230,4.0462574494,2.0877786665,scatter
97400,8,4.0462574494,2.0877786665,0.4283543142,5.3999444685,scatter
97400,9,0.4283543142,5.3999444685,0.1753371379,4.3796970660,scatter
97400,10,0.1753371379,4.3796970660,0.0000000000,4.6683459700,exit_left
97500,1,0.0000000000,0.0000000000,4.2500000000,0.0000000000,exit_right
97600,1,0.0000000000,0.0000000000,0.4473791569,0.0000000000,scatter
97600,2,0.4473791569,0.0000000000,0.5516101298,0.0081053863,scatter
97600,3,0.5516101298,0.0081053863,3.3515704309,1.4536829057,absorb
97700,1,0.0000000000,0.0000000000,0.3535171805,0.0000000000,scatter
97700,2,0.3535171805,0.0000000000,0.2162770593,0.1831207243,scatter
97700,3,0.2162770593,0.1831207243,0.0000000000,0.8280369466,exit_left
97800,1,0.0000000000,0.0000000000,0.7645627899,0.0000000000,absorb
97900,1,0.0000000000,0.0000000000,2.3223479129,0.0000000000,scatter
97900,2,2.3223479129,0.0000000000,4.2500000000,0.8550479831,exit_right
98000,1,0.0000000000,0.0000000000,0.6516890489,0.0000000000,scatter
98000,2,0.6516890489,0.0000000000,0.0000000000,0.8988141511,exit_left
98100,1,0.0000000000,0.0000000000,1.3500911513,0.0000000000,scatter
98100,2,1.3500911513,0.0000000000,0.0944578549,1.5857389743,scatter
98100,3,0.0944578549,1.5857389743,0.0861451019,2.2736928753,scatter
98100,4,0.0861451019,2.2736928753,0.0000000000,2.3929516939,exit_left
98200,1,0.0000000000,0.0000000000,1.8429727121,0.0000000000,scatter
98200,2,1.8429727121,0.0000000000,1.0438397794,0.8318053773,absorb
98300,1,0.0000000000,0.0000000000,1.6347646694,0.0000000000,scatter
98300,2,1.6347646694,0.0000000000,4.2500000000,-1.6163385569,exit_right
98400,1,0.0000000000,0.0000000000,0.2047963461,0.0000000000,scatter
98400,2,0.2047963461,0.0000000000,0.0000000000,0.0198486765,exit_left
98500,1,0.0000000000,0.0000000000,0.1926800862,0.0000000000,scatter
98500,2,0.1926800862,0.0000000000,0.0000000000,0.2353273588,exit_left
98600,1,0.0000000000,0.0000000000,0.9991923284,0.0000000000,scatter
98600,2,0.9991923284,0.0000000000,0.9633659963,0.0430728196,scatter
98600,3,0.9633659963,0.0430728196,0.8504335010,0.1346579142,scatter
98600,4,0.8504335010,0.1346579142,1.0603206065,0.2155188492,scatter
98600,5,1.0603206065,0.2155188492,0.0000000000,0.2823357089,exit_left
98700,1,0.0000000000,0.0000000000,1.3465554926,0.0000000000,scatter
98700,2,1.3465554926,0.0000000000,0.9310660013,-0.1526641742,scatter
98700,3,0.9310660013,-0.1526641742,0.0000000000,-0.7150566690,exit_left
98800,1,0.0000000000,0.0000000000,2.1487286987,0.0000000000,scatter
98800,2,2.1487286987,0.0000000000,4.2500000000,1.7037343276,exit_right
98900,1,0.0000000000,0.0000000000,0.8844571763,0.0000000000,absorb
99000,1,0.0000000000,0.0000000000,0.1828862632,0.0000000000,scatter
99000,2,0.1828862632,0.0000000000,0.8147630150,-0.1566550685,absorb
99100,1,0.0000000000,0.0000000000,0.0887088374,0.0000000000,scatter
99100,2,0.0887088374,0.0000000000,0.0000000000,0.0441290723,exit_left
99200,1,0.0000000000,0.0000000000,4.2500000000,0.0000000000,exit_right
99300,1,0.0000000000,0.0000000000,0.1672928291,0.0000000000,scatter
99300,2,0.1672928291,0.0000000000,0.2302317857,-2.1321692685,scatter
99300,3,0.2302317857,-2.1321692685,0.0000000000,-2.0804026997,exit_left
99400,1,0.0000000000,0.0000000000,4.2500000000,0.0000000000,exit_right
99500,1,0.0000000000,0.0000000000,1.7243239876,0.0000000000,absorb
99600,1,0.0000000000,0.0000000000,2.7662737964,0.0000000000,scatter
99600,2,2.7662737964,0.0000000000,0.2540632706,0.0323406500,absorb
99700,1,0.0000000000,0.0000000000,3.2429552955,0.0000000000,scatter
99700,2,3.2429552955,0.0000000000,3.2530610367,0.2899025231,scatter
99700,3,3.2530610367,0.2899025231,3.8891906301,0.9017040126,scatter
99700,4,3.8891906301,0.9017040126,3.7985278007,0.9916673506,scatter
99700,5,3.7985278007,0.9916673506,3.6607956098,1.9897865375,scatter
99700,6,3.6607956098,1.9897865375,4.2500000000,2.1720905638,exit_right
99800,1,0.0000000000,0.0000000000,4.2500000000,0.0000000000,exit_right
99900,1,0.0000000000,0.0000000000,0.5102956602,0.0000000000,absorb
100000,1,0.0000000000,0.0000000000,1.5381387927,0.0000000000,scatter
100000,2,1.5381387927,0.0000000000,1.7504113667,0.1583910809,scatter
100000,3,1.7504113667,0.1583910809,0.5883278076,2.6777831117,scatter
100000,4,0.5883278076,2.6777831117,0.0000000000,3.4259662801,exit_left
