neutron_id,step,x_start,y_start,x_end,y_end,event
100,1,0.0000000000,0.0000000000,1.5523902906,0.0000000000,scatter
100,2,1.5523902906,0.0000000000,1.9656671303,0.0272063738,scatter
100,3,1.9656671303,0.0272063738,1.5312069332,-0.2397514907,scatter
100,4,1.5312069332,-0.2397514907,1.0169210739,-0.6241341691,scatter
100,5,1.0169210739,-0.6241341691,0.1718452256,-0.9012390696,scatter
100,6,0.1718452256,-0.9012390696,0.5055509031,-1.1745671384,scatter
100,7,0.5055509031,-1.1745671384,0.0000000000,-1.0999778028,exit_left
200,1,0.0000000000,0.0000000000,0.9547246552,0.0000000000,scatter
200,2,0.9547246552,0.0000000000,0.0000000000,-0.4317246150,exit_left
300,1,0.0000000000,0.0000000000,1.5677226795,0.0000000000,absorb
400,1,0.0000000000,0.0000000000,1.4532865629,0.0000000000,scatter
400,2,1.4532865629,0.0000000000,1.4528505560,-0.0519831901,scatter
400,3,1.4528505560,-0.0519831901,2.5000000000,0.8713402449,exit_right
500,1,0.0000000000,0.0000000000,0.2584172227,0.0000000000,scatter
500,2,0.2584172227,0.0000000000,0.5436678656,2.5430595923,scatter
500,3,0.5436678656,2.5430595923,2.5000000000,3.5193467301,exit_right
600,1,0.0000000000,0.0000000000,2.5000000000,0.0000000000,exit_right
700,1,0.0000000000,0.0000000000,2.5000000000,0.0000000000,exit_right
800,1,0.0000000000,0.0000000000,0.4678348430,0.0000000000,absorb
900,1,0.0000000000,0.0000000000,2.5000000000,0.0000000000,exit_right
1000,1,0.0000000000,0.0000000000,2.5000000000,0.0000000000,exit_right
1100,1,0.0000000000,0.0000000000,1.7675610943,0.0000000000,absorb
1200,1,0.0000000000,0.0000000000,0.4252027755,0.0000000000,scatter
1200,2,0.4252027755,0.0000000000,0.8918976667,-2.4497616398,scatter
1200,3,0.8918976667,-2.4497616398,0.0000000000,-1.4680382595,exit_left
1300,1,0.0000000000,0.0000000000,1.4643394712,0.0000000000,absorb
1400,1,0.0000000000,0.0000000000,1.8765775210,0.0000000000,scatter
1400,2,1.8765775210,0.0000000000,2.4412203674,0.1936780605,absorb
1500,1,0.0000000000,0.0000000000,1.6857611076,0.0000000000,scatter
1500,2,1.6857611076,0.0000000000,1.8391797585,1.3085649814,scatter
1500,3,1.8391797585,1.3085649814,2.5000000000,1.5656269450,exit_right
1600,1,0.0000000000,0.0000000000,1.6481753551,0.0000000000,scatter
1600,2,1.6481753551,0.0000000000,2.5000000000,1.9081998625,exit_right
1700,1,0.0000000000,0.0000000000,2.5000000000,0.0000000000,exit_right
1800,1,0.0000000000,0.0000000000,0.3504640208,0.0000000000,absorb
1900,1,0.0000000000,0.0000000000,1.2701516833,0.0000000000,absorb
2000,1,0.0000000000,0.0000000000,2.5000000000,0.0000000000,exit_right
2100,1,0.0000000000,0.0000000000,1.2002440871,0.0000000000,scatter
2100,2,1.2002440871,0.0000000000,0.8197669413,0.8009233000,absorb
2200,1,0.0000000000,0.0000000000,0.0161966771,0.0000000000,scatter
2200,2,0.0161966771,0.0000000000,0.7935726975,-0.1236152407,scatter
2200,3,0.7935726975,-0.1236152407,0.7562152492,-0.1519067468,scatter
2200,4,0.7562152492,-0.1519067468,2.5000000000,0.6276693823,exit_right
2300,1,0.0000000000,0.0000000000,2.5000000000,0.0000000000,exit_right
2400,1,0.0000000000,0.0000000000,0.6822134606,0.0000000000,absorb
2500,1,0.0000000000,0.0000000000,2.5000000000,0.0000000000,exit_right
2600,1,0.0000000000,0.0000000000,0.5918985674,0.0000000000,absorb
2700,1,0.0000000000,0.0000000000,2.1577939679,0.0000000000,scatter
2700,2,2.1577939679,0.0000000000,1.8270764824,0.1740341769,absorb
2800,1,0.0000000000,0.0000000000,2.5000000000,0.0000000000,exit_right
2900,1,0.0000000000,0.0000000000,2.5000000000,0.0000000000,exit_right
3000,1,0.0000000000,0.0000000000,2.5000000000,0.0000000000,exit_right
3100,1,0.0000000000,0.0000000000,1.7459797482,0.0000000000,scatter
3100,2,1.7459797482,0.0000000000,2.5000000000,1.0399269383,exit_right
3200,1,0.0000000000,0.0000000000,1.7358922707,0.0000000000,scatter
3200,2,1.7358922707,0.0000000000,1.6019387120,-0.0178221150,absorb
3300,1,0.0000000000,0.0000000000,0.6703256820,0.0000000000,absorb
3400,1,0.0000000000,0.0000000000,0.0897919033,0.0000000000,scatter
3400,2,0.0897919033,0.0000000000,0.0000000000,0.0291755180,exit_left
3500,1,0.0000000000,0.0000000000,0.7598394035,0.0000000000,scatter
3500,2,0.7598394035,0.0000000000,1.7443865841,0.1424083403,scatter
3500,3,1.7443865841,0.1424083403,2.3425773113,0.5720793981,scatter
3500,4,2.3425773113,0.5720793981,2.3967974732,1.6804641757,scatter
3500,5,2.3967974732,1.6804641757,0.0000000000,3.5079932551,exit_left
3600,1,0.0000000000,0.0000000000,0.0045455818,0.0000000000,scatter
3600,2,0.0045455818,0.0000000000,0.0000000000,-0.0066660721,exit_left
3700,1,0.0000000000,0.0000000000,2.1650422677,0.0000000000,scatter
3700,2,2.1650422677,0.0000000000,2.0762407829,0.0492347821,scatter
3700,3,2.0762407829,0.0492347821,2.5000000000,-0.0303955647,exit_right
3800,1,0.0000000000,0.0000000000,1.7669403709,0.0000000000,scatter
3800,2,1.7669403709,0.0000000000,1.8098788017,-0.0076938252,scatter
3800,3,1.8098788017,-0.0076938252,1.2622752254,-3.7934135698,scatter
3800,4,1.2622752254,-3.7934135698,1.4894551603,-3.7722010078,scatter
3800,5,1.4894551603,-3.7722010078,0.0000000000,-3.5266611567,exit_left
3900,1,0.0000000000,0.0000000000,0.9765348518,0.0000000000,absorb
4000,1,0.0000000000,0.0000000000,2.5000000000,0.0000000000,exit_right
4100,1,0.0000000000,0.0000000000,0.0626276550,0.0000000000,scatter
4100,2,0.0626276550,0.0000000000,0.5517895825,2.5734321704,scatter
4100,3,0.5517895825,2.5734321704,0.6178072440,2.7497745685,scatter
4100,4,0.6178072440,2.7497745685,0.0000000000,2.8626342042,exit_left
4200,1,0.0000000000,0.0000000000,0.8350999309,0.0000000000,scatter
4200,2,0.8350999309,0.0000000000,1.7053861695,0.0457994538,scatter
4200,3,1.7053861695,0.0457994538,0.0000000000,-1.2270194112,exit_left
4300,1,0.0000000000,0.0000000000,2.5000000000,0.0000000000,exit_right
4400,1,0.0000000000,0.0000000000,0.0957258498,0.0000000000,absorb
4500,1,0.0000000000,0.0000000000,1.4279053589,0.0000000000,scatter
4500,2,1.4279053589,0.0000000000,1.2329696285,0.3612397673,scatter
4500,3,1.2329696285,0.3612397673,0.5892472905,0.2183277349,scatter
4500,4,0.5892472905,0.2183277349,0.5876425094,0.2167977537,scatter
4500,5,0.5876425094,0.2167977537,1.7280440657,-1.0122852234,scatter
4500,6,1.7280440657,-1.0122852234,1.2412351425,-0.3689972304,scatter
4500,7,1.2412351425,-0.3689972304,1.3096946384,-0.2852619407,scatter
4500,8,1.3096946384,-0.2852619407,1.1262714290,-1.7848170317,scatter
4500,9,1.1262714290,-1.7848170317,2.5000000000,-6.7786460393,exit_right
4600,1,0.0000000000,0.0000000000,2.5000000000,0.0000000000,exit_right
4700,1,0.0000000000,0.0000000000,1.6541619859,0.0000000000,scatter
4700,2,1.6541619859,0.0000000000,2.5000000000,-0.6772530995,exit_right
4800,1,0.0000000000,0.0000000000,2.4527211138,0.0000000000,absorb
4900,1,0.0000000000,0.0000000000,2.5000000000,0.0000000000,exit_right
5000,1,0.0000000000,0.0000000000,0.3293841002,0.0000000000,scatter
5000,2,0.3293841002,0.0000000000,0.9286127325,0.8434762114,scatter
5000,3,0.9286127325,0.8434762114,0.0000000000,-0.2122067913,exit_left
5100,1,0.0000000000,0.0000000000,1.6104542591,0.0000000000,scatter
5100,2,1.6104542591,0.0000000000,1.7167593405,-0.0806582094,absorb
5200,1,0.0000000000,0.0000000000,0.2350921893,0.0000000000,absorb
5300,1,0.0000000000,0.0000000000,2.0859931065,0.0000000000,scatter
5300,2,2.0859931065,0.0000000000,2.2293130231,-0.7853870031,scatter
5300,3,2.2293130231,-0.7853870031,2.3297297758,-0.9835809329,scatter
5300,4,2.3297297758,-0.9835809329,1.1310973146,0.1730150587,scatter
5300,5,1.1310973146,0.1730150587,1.0931288773,-0.5536289982,scatter
5300,6,1.0931288773,-0.5536289982,1.2833497856,-0.9005272916,scatter
5300,7,1.2833497856,-0.9005272916,2.5000000000,-0.4274999726,exit_right
5400,1,0.0000000000,0.0000000000,0.7209476131,0.0000000000,scatter
5400,2,0.7209476131,0.0000000000,0.0000000000,0.3511966475,exit_left
5500,1,0.0000000000,0.0000000000,0.6062477112,0.0000000000,scatter
5500,2,0.6062477112,0.0000000000,0.0000000000,0.4657641607,exit_left
5600,1,0.0000000000,0.0000000000,0.0529783830,0.0000000000,scatter
5600,2,0.0529783830,0.0000000000,0.0000000000,-0.5868428605,exit_left
5700,1,0.0000000000,0.0000000000,1.7617752600,0.0000000000,scatter
5700,2,1.7617752600,0.0000000000,2.5000000000,-0.9259686484,exit_right
5800,1,0.0000000000,0.0000000000,1.8688959804,0.0000000000,scatter
5800,2,1.8688959804,0.0000000000,2.5000000000,0.6906437695,exit_right
5900,1,0.0000000000,0.0000000000,2.5000000000,0.0000000000,exit_right
6000,1,0.0000000000,0.0000000000,2.5000000000,0.0000000000,exit_right
6100,1,0.0000000000,0.0000000000,1.4093442717,0.0000000000,absorb
6200,1,0.0000000000,0.0000000000,0.6237359878,0.0000000000,absorb
6300,1,0.0000000000,0.0000000000,1.8483655839,0.0000000000,scatter
6300,2,1.8483655839,0.0000000000,2.5000000000,-0.0602968589,exit_right
6400,1,0.0000000000,0.0000000000,0.7772427548,0.0000000000,scatter
6400,2,0.7772427548,0.0000000000,1.5515019288,4.2610807509,scatter
6400,3,1.5515019288,4.2610807509,1.0714946974,5.6905459924,scatter
6400,4,1.0714946974,5.6905459924,0.6972720608,6.0624701611,absorb
6500,1,0.0000000000,0.0000000000,0.8923573625,0.0000000000,scatter
6500,2,0.8923573625,0.0000000000,0.6223717195,-0.2736992669,absorb
6600,1,0.0000000000,0.0000000000,0.0689406764,0.0000000000,scatter
6600,2,0.0689406764,0.0000000000,0.9806283606,0.7202096693,scatter
6600,3,0.9806283606,0.7202096693,2.5000000000,3.5232247093,exit_right
6700,1,0.0000000000,0.0000000000,2.0141746582,0.0000000000,scatter
6700,2,2.0141746582,0.0000000000,0.0000000000,-1.0720743609,exit_left
6800,1,0.0000000000,0.0000000000,0.2806162958,0.0000000000,scatter
6800,2,0.2806162958,0.0000000000,1.1591591322,2.5272267424,scatter
6800,3,1.1591591322,2.5272267424,1.0728784113,-0.2949498375,scatter
6800,4,1.0728784113,-0.2949498375,1.1295612813,-0.0141360382,scatter
6800,5,1.1295612813,-0.0141360382,0.4590764635,1.7220460711,scatter
6800,6,0.4590764635,1.7220460711,2.5000000000,-0.7070454339,exit_right
6900,1,0.0000000000,0.0000000000,2.0120731839,0.0000000000,scatter
6900,2,2.0120731839,0.0000000000,1.7201435815,-0.3804999457,scatter
6900,3,1.7201435815,-0.3804999457,1.7270267574,-0.3886477698,scatter
6900,4,1.7270267574,-0.3886477698,1.2711000677,-0.3747125307,scatter
6900,5,1.2711000677,-0.3747125307,0.0000000000,-2.6395063345,exit_left
7000,1,0.0000000000,0.0000000000,2.5000000000,0.0000000000,exit_right
7100,1,0.0000000000,0.0000000000,0.4392719642,0.0000000000,scatter
7100,2,0.4392719642,0.0000000000,0.0000000000,1.1483312033,exit_left
7200,1,0.0000000000,0.0000000000,0.9467680254,0.0000000000,scatter
7200,2,0.9467680254,0.0000000000,1.2606708388,-4.4764876985,scatter
7200,3,1.2606708388,-4.4764876985,2.0101811717,-4.8181304307,scatter
7200,4,2.0101811717,-4.8181304307,2.5000000000,-4.2558968659,exit_right
7300,1,0.0000000000,0.0000000000,0.6013363510,0.0000000000,scatter
7300,2,0.6013363510,0.0000000000,0.6375112227,-6.2147716299,scatter
7300,3,0.6375112227,-6.2147716299,0.0000000000,-5.8763505466,exit_left
7400,1,0.0000000000,0.0000000000,2.5000000000,0.0000000000,exit_right
7500,1,0.0000000000,0.0000000000,0.6379746250,0.0000000000,scatter
7500,2,0.6379746250,0.0000000000,0.6470321118,-0.0177718170,scatter
7500,3,0.6470321118,-0.0177718170,0.5786935525,-0.0768466938,scatter
7500,4,0.5786935525,-0.0768466938,0.5445355648,0.0178690245,scatter
7500,5,0.5445355648,0.0178690245,0.0000000000,-0.3122466011,exit_left
7600,1,0.0000000000,0.0000000000,1.4431491365,0.0000000000,scatter
7600,2,1.4431491365,0.0000000000,1.7663598449,0.4325885064,scatter
7600,3,1.7663598449,0.4325885064,1.7009271454,0.3200276955,absorb
7700,1,0.0000000000,0.0000000000,1.4869796987,0.0000000000,scatter
7700,2,1.4869796987,0.0000000000,0.0000000000,1.9749747617,exit_left
7800,1,0.0000000000,0.0000000000,0.0454391763,0.0000000000,scatter
7800,2,0.0454391763,0.0000000000,0.0330897677,-0.1027273718,scatter
7800,3,0.0330897677,-0.1027273718,0.0000000000,-0.1092059114,exit_left
7900,1,0.0000000000,0.0000000000,2.5000000000,0.0000000000,exit_right
8000,1,0.0000000000,0.0000000000,1.6069904347,0.0000000000,scatter
8000,2,1.6069904347,0.0000000000,0.4326891498,1.9367734852,absorb
8100,1,0.0000000000,0.0000000000,0.2647796621,0.0000000000,scatter
8100,2,0.2647796621,0.0000000000,0.0000000000,-0.3275267447,exit_left
8200,1,0.0000000000,0.0000000000,2.5000000000,0.0000000000,exit_right
8300,1,0.0000000000,0.0000000000,2.5000000000,0.0000000000,exit_right
8400,1,0.0000000000,0.0000000000,2.5000000000,0.0000000000,exit_right
8500,1,0.0000000000,0.0000000000,1.6141529713,0.0000000000,scatter
8500,2,1.6141529713,0.0000000000,0.5972517619,0.4987892976,absorb
8600,1,0.0000000000,0.0000000000,0.8664704994,0.0000000000,scatter
8600,2,0.8664704994,0.0000000000,0.8551762916,-0.3837494933,scatter
8600,3,0.8551762916,-0.3837494933,0.4655254022,2.9097944547,scatter
8600,4,0.4655254022,2.9097944547,2.5000000000,4.2218254001,exit_right
8700,1,0.0000000000,0.0000000000,2.1668069121,0.0000000000,scatter
8700,2,2.1668069121,0.0000000000,2.3963274526,0.1454638809,scatter
8700,3,2.3963274526,0.1454638809,2.5000000000,0.2050799509,exit_right
8800,1,0.0000000000,0.0000000000,0.4201499514,0.0000000000,scatter
8800,2,0.4201499514,0.0000000000,1.8211752970,4.6781231027,scatter
8800,3,1.8211752970,4.6781231027,1.7688988803,4.5906518580,scatter
8800,4,1.7688988803,4.5906518580,0.0704546284,4.3923918157,scatter
8800,5,0.0704546284,4.3923918157,2.5000000000,4.9622668579,exit_right
8900,1,0.0000000000,0.0000000000,1.3247196053,0.0000000000,scatter
8900,2,1.3247196053,0.0000000000,1.0357934253,0.3519820305,scatter
8900,3,1.0357934253,0.3519820305,2.2896313986,-2.2163473014,scatter
8900,4,2.2896313986,-2.2163473014,2.2991071128,-1.0029812132,scatter
8900,5,2.2991071128,-1.0029812132,2.3174080747,-0.8245506939,scatter
8900,6,2.3174080747,-0.8245506939,2.5000000000,-1.1200448839,exit_right
9000,1,0.0000000000,0.0000000000,2.5000000000,0.0000000000,exit_right
9100,1,0.0000000000,0.0000000000,0.3865274192,0.0000000000,scatter
9100,2,0.3865274192,0.0000000000,1.7635384745,2.4072807555,scatter
9100,3,1.7635384745,2.4072807555,1.7509558155,2.4446232180,scatter
9100,4,1.7509558155,2.4446232180,0.0000000000,5.7661818545,exit_left
9200,1,0.0000000000,0.0000000000,1.8668848270,0.0000000000,scatter
9200,2,1.8668848270,0.0000000000,0.1059854385,5.9856353338,scatter
9200,3,0.1059854385,5.9856353338,0.0000000000,5.9801740787,exit_left
9300,1,0.0000000000,0.0000000000,2.1699241699,0.0000000000,scatter
9300,2,2.1699241699,0.0000000000,2.5000000000,-1.2560040863,exit_right
9400,1,0.0000000000,0.0000000000,0.5844990640,0.0000000000,scatter
9400,2,0.5844990640,0.0000000000,0.1396927123,-0.0915346992,absorb
9500,1,0.0000000000,0.0000000000,0.4823737502,0.0000000000,scatter
9500,2,0.4823737502,0.0000000000,0.0000000000,0.1159849145,exit_left
9600,1,0.0000000000,0.0000000000,0.4807892558,0.0000000000,scatter
9600,2,0.4807892558,0.0000000000,0.0000000000,0.4518117302,exit_left
9700,1,0.0000000000,0.0000000000,0.6152556930,0.0000000000,scatter
9700,2,0.6152556930,0.0000000000,0.0488384817,-1.3054545333,absorb
9800,1,0.0000000000,0.0000000000,1.1747172515,0.0000000000,scatter
9800,2,1.1747172515,0.0000000000,1.4195672990,3.8040269828,scatter
9800,3,1.4195672990,3.8040269828,0.6364281985,5.4420869164,scatter
9800,4,0.6364281985,5.4420869164,0.3516490261,5.4025337625,absorb
9900,1,0.0000000000,0.0000000000,2.5000000000,0.0000000000,exit_right
10000,1,0.0000000000,0.0000000000,1.1972798743,0.0000000000,absorb
10100,1,0.0000000000,0.0000000000,1.5934649780,0.0000000000,absorb
10200,1,0.0000000000,0.0000000000,0.7020401499,0.0000000000,scatter
10200,2,0.7020401499,0.0000000000,0.7053819600,-0.8283165311,scatter
10200,3,0.7053819600,-0.8283165311,2.1798910574,-0.8362481611,scatter
10200,4,2.1798910574,-0.8362481611,0.6780754639,1.8457214170,scatter
10200,5,0.6780754639,1.8457214170,0.8826791443,1.7310090877,scatter
10200,6,0.8826791443,1.7310090877,0.4873103714,1.9874644769,absorb
10300,1,0.0000000000,0.0000000000,2.5000000000,0.0000000000,exit_right
10400,1,0.0000000000,0.0000000000,2.0772644883,0.0000000000,scatter
10400,2,2.0772644883,0.0000000000,2.5000000000,-0.5554078596,exit_right
10500,1,0.0000000000,0.0000000000,0.1238497650,0.0000000000,scatter
10500,2,0.1238497650,0.0000000000,0.0000000000,-0.0021867533,exit_left
10600,1,0.0000000000,0.0000000000,0.5842385589,0.0000000000,scatter
10600,2,0.5842385589,0.0000000000,0.0000000000,0.3073143625,exit_left
10700,1,0.0000000000,0.0000000000,2.5000000000,0.0000000000,exit_right
10800,1,0.0000000000,0.0000000000,2.4138277458,0.0000000000,absorb
10900,1,0.0000000000,0.0000000000,0.3872338700,0.0000000000,scatter
10900,2,0.3872338700,0.0000000000,0.0000000000,0.5575149337,exit_left
11000,1,0.0000000000,0.0000000000,1.3343751650,0.0000000000,scatter
11000,2,1.3343751650,0.0000000000,2.5000000000,0.0102964740,exit_right
11100,1,0.0000000000,0.0000000000,2.4379636391,0.0000000000,scatter
11100,2,2.4379636391,0.0000000000,2.5000000000,0.1008199833,exit_right
11200,1,0.0000000000,0.0000000000,0.4082265233,0.0000000000,scatter
11200,2,0.4082265233,0.0000000000,0.2396999382,0.0467441696,absorb
11300,1,0.0000000000,0.0000000000,2.5000000000,0.0000000000,exit_right
11400,1,0.0000000000,0.0000000000,2.1312892383,0.0000000000,absorb
11500,1,0.0000000000,0.0000000000,0.4677083626,0.0000000000,scatter
11500,2,0.4677083626,0.0000000000,0.0000000000,-0.4089490999,exit_left
11600,1,0.0000000000,0.0000000000,2.5000000000,0.0000000000,exit_right
11700,1,0.0000000000,0.0000000000,0.0352582101,0.0000000000,absorb
11800,1,0.0000000000,0.0000000000,1.5695806119,0.0000000000,scatter
11800,2,1.5695806119,0.0000000000,2.5000000000,-0.4907641279,exit_right
11900,1,0.0000000000,0.0000000000,0.6771325060,0.0000000000,scatter
11900,2,0.6771325060,0.0000000000,0.0000000000,-0.7464972645,exit_left
12000,1,0.0000000000,0.0000000000,2.5000000000,0.0000000000,exit_right
12100,1,0.0000000000,0.0000000000,2.5000000000,0.0000000000,exit_right
12200,1,0.0000000000,0.0000000000,2.0929767647,0.0000000000,scatter
12200,2,2.0929767647,0.0000000000,2.5000000000,-0.5499111680,exit_right
12300,1,0.0000000000,0.0000000000,0.4511697905,0.0000000000,absorb
12400,1,0.0000000000,0.0000000000,2.5000000000,0.0000000000,exit_right
12500,1,0.0000000000,0.0000000000,1.2678461209,0.0000000000,scatter
12500,2,1.2678461209,0.0000000000,0.0000000000,-0.2156591908,exit_left
12600,1,0.0000000000,0.0000000000,2.5000000000,0.0000000000,exit_right
12700,1,0.0000000000,0.0000000000,2.4328726827,0.0000000000,scatter
12700,2,2.4328726827,0.0000000000,2.5000000000,0.1380203923,exit_right
12800,1,0.0000000000,0.0000000000,0.5094917948,0.0000000000,scatter
12800,2,0.5094917948,0.0000000000,0.0000000000,-0.3838898911,exit_left
12900,1,0.0000000000,0.0000000000,2.1159232603,0.0000000000,scatter
12900,2,2.1159232603,0.0000000000,1.4184337991,0.1257861709,scatter
12900,3,1.4184337991,0.1257861709,0.0000000000,-0.8124107473,exit_left
13000,1,0.0000000000,0.0000000000,1.3486168037,0.0000000000,scatter
13000,2,1.3486168037,0.0000000000,1.5186476311,0.1637743290,absorb
13100,1,0.0000000000,0.0000000000,1.3016208786,0.0000000000,scatter
13100,2,1.3016208786,0.0000000000,0.3818102621,2.3494267602,scatter
13100,3,0.3818102621,2.3494267602,0.8821688724,5.2531128425,scatter
13100,4,0.8821688724,5.2531128425,0.9592715544,4.9976539510,scatter
13100,5,0.9592715544,4.9976539510,2.1473820363,5.8359982886,scatter
13100,6,2.1473820363,5.8359982886,2.5000000000,5.4214566416,exit_right
13200,1,0.0000000000,0.0000000000,0.1045848919,0.0000000000,scatter
13200,2,0.1045848919,0.0000000000,0.0000000000,-0.0288533849,exit_left
13300,1,0.0000000000,0.0000000000,2.2190598071,0.0000000000,absorb
13400,1,0.0000000000,0.0000000000,0.3411496383,0.0000000000,scatter
13400,2,0.3411496383,0.0000000000,1.8862160844,-3.0621573089,scatter
13400,3,1.8862160844,-3.0621573089,1.6280892865,-1.8411062278,absorb
13500,1,0.0000000000,0.0000000000,1.3888431574,0.0000000000,scatter
13500,2,1.3888431574,0.0000000000,2.5000000000,-0.2862126011,exit_right
13600,1,0.0000000000,0.0000000000,1.3986936497,0.0000000000,absorb
13700,1,0.0000000000,0.0000000000,1.7643397035,0.0000000000,scatter
13700,2,1.7643397035,0.0000000000,1.1179966418,-0.2740040910,scatter
13700,3,1.1179966418,-0.2740040910,0.0000000000,0.0177539637,exit_left
13800,1,0.0000000000,0.0000000000,2.5000000000,0.0000000000,exit_right
13900,1,0.0000000000,0.0000000000,2.5000000000,0.0000000000,exit_right
14000,1,0.0000000000,0.0000000000,1.1945158790,0.0000000000,scatter
14000,2,1.1945158790,0.0000000000,0.8247891085,-1.1141517433,scatter
14000,3,0.8247891085,-1.1141517433,0.4053586167,1.6228021933,scatter
14000,4,0.4053586167,1.6228021933,0.0934602738,1.8468327237,scatter
14000,5,0.0934602738,1.8468327237,0.0513893987,1.8807088326,absorb
14100,1,0.0000000000,0.0000000000,0.3126927150,0.0000000000,scatter
14100,2,0.3126927150,0.0000000000,0.1798247196,-1.1167720721,scatter
14100,3,0.1798247196,-1.1167720721,0.0000000000,-1.1448020518,exit_left
14200,1,0.0000000000,0.0000000000,1.3533730054,0.0000000000,scatter
14200,2,1.3533730054,0.0000000000,1.6692380207,0.9756035338,scatter
14200,3,1.6692380207,0.9756035338,1.6318366769,0.6269328113,absorb
14300,1,0.0000000000,0.0000000000,2.5000000000,0.0000000000,exit_right
14400,1,0.0000000000,0.0000000000,1.8490570009,0.0000000000,scatter
14400,2,1.8490570009,0.0000000000,1.9152180092,0.4460527683,scatter
14400,3,1.9152180092,0.4460527683,1.8875675487,0.2646795985,scatter
14400,4,1.8875675487,0.2646795985,1.8462979505,1.3708741853,absorb
14500,1,0.0000000000,0.0000000000,2.5000000000,0.0000000000,exit_right
14600,1,0.0000000000,0.0000000000,0.2228572915,0.0000000000,scatter
14600,2,0.2228572915,0.0000000000,0.0000000000,-0.0418769233,exit_left
14700,1,0.0000000000,0.0000000000,2.5000000000,0.0000000000,exit_right
14800,1,0.0000000000,0.0000000000,2.5000000000,0.0000000000,exit_right
14900,1,0.0000000000,0.0000000000,0.7357366675,0.0000000000,scatter
14900,2,0.7357366675,0.0000000000,2.5000000000,-4.4097809713,exit_right
15000,1,0.0000000000,0.0000000000,2.5000000000,0.0000000000,exit_right
15100,1,0.0000000000,0.0000000000,2.5000000000,0.0000000000,exit_right
15200,1,0.0000000000,0.0000000000,1.0509147986,0.0000000000,scatter
15200,2,1.0509147986,0.0000000000,1.0364126233,0.7098176728,absorb
15300,1,0.0000000000,0.0000000000,2.5000000000,0.0000000000,exit_right
15400,1,0.0000000000,0.0000000000,2.4426261692,0.0000000000,scatter
15400,2,2.4426261692,0.0000000000,2.5000000000,0.1056846899,exit_right
15500,1,0.0000000000,0.0000000000,2.5000000000,0.0000000000,exit_right
15600,1,0.0000000000,0.0000000000,0.0235920100,0.0000000000,absorb
15700,1,0.0000000000,0.0000000000,0.1256854540,0.0000000000,scatter
15700,2,0.1256854540,0.0000000000,0.0645558336,-0.0548902465,scatter
15700,3,0.0645558336,-0.0548902465,0.0519285775,0.2295620858,absorb
15800,1,0.0000000000,0.0000000000,0.9480363786,0.0000000000,scatter
15800,2,0.9480363786,0.0000000000,2.5000000000,0.4621396408,exit_right
15900,1,0.0000000000,0.0000000000,0.6982825666,0.0000000000,scatter
15900,2,0.6982825666,0.0000000000,0.1059284464,-5.5875568397,scatter
15900,3,0.1059284464,-5.5875568397,0.0000000000,-5.5528891183,exit_left
16000,1,0.0000000000,0.0000000000,0.7074393641,0.0000000000,scatter
16000,2,0.7074393641,0.0000000000,0.3920890309,1.7391839835,scatter
16000,3,0.3920890309,1.7391839835,0.4785398719,4.3902157716,scatter
16000,4,0.4785398719,4.3902157716,0.0000000000,4.1005922996,exit_left
16100,1,0.0000000000,0.0000000000,1.0953797798,0.0000000000,absorb
16200,1,0.0000000000,0.0000000000,2.5000000000,0.0000000000,exit_right
16300,1,0.0000000000,0.0000000000,2.5000000000,0.0000000000,exit_right
16400,1,0.0000000000,0.0000000000,2.2926374255,0.0000000000,absorb
16500,1,0.0000000000,0.0000000000,0.1414272388,0.0000000000,absorb
16600,1,0.0000000000,0.0000000000,1.0296479503,0.0000000000,scatter
16600,2,1.0296479503,0.0000000000,0.2856876004,2.0417051760,absorb
16700,1,0.0000000000,0.0000000000,2.5000000000,0.0000000000,exit_right
16800,1,0.0000000000,0.0000000000,1.2622114261,0.0000000000,scatter
16800,2,1.2622114261,0.0000000000,2.5000000000,-0.0857152152,exit_right
16900,1,0.0000000000,0.0000000000,1.2261455492,0.0000000000,scatter
16900,2,1.2261455492,0.0000000000,1.3366528596,-0.2255442051,scatter
16900,3,1.3366528596,-0.2255442051,1.5432949768,0.1155199553,scatter
16900,4,1.5432949768,0.1155199553,2.5000000000,-1.1617341767,exit_right
17000,1,0.0000000000,0.0000000000,0.8278014034,0.0000000000,scatter
17000,2,0.8278014034,0.0000000000,0.1500916720,-0.3279048153,scatter
17000,3,0.1500916720,-0.3279048153,0.0000000000,-0.3935399219,exit_left
17100,1,0.0000000000,0.0000000000,2.5000000000,0.0000000000,exit_right
17200,1,0.0000000000,0.0000000000,0.6020177767,0.0000000000,absorb
17300,1,0.0000000000,0.0000000000,0.0056405510,0.0000000000,absorb
17400,1,0.0000000000,0.0000000000,2.5000000000,0.0000000000,exit_right
17500,1,0.0000000000,0.0000000000,1.4981272283,0.0000000000,scatter
17500,2,1.4981272283,0.0000000000,2.5000000000,-0.3353481863,exit_right
17600,1,0.0000000000,0.0000000000,2.4773483744,0.0000000000,scatter
17600,2,2.4773483744,0.0000000000,1.1611524176,-1.4182945135,scatter
17600,3,1.1611524176,-1.4182945135,2.4830470368,-1.3087436910,scatter
17600,4,2.4830470368,-1.3087436910,2.5000000000,-1.3175595802,exit_right
17700,1,0.0000000000,0.0000000000,2.1312891329,0.0000000000,scatter
17700,2,2.1312891329,0.0000000000,1.7298751033,0.4602178556,scatter
17700,3,1.7298751033,0.4602178556,1.7065571025,-1.7408879455,scatter
17700,4,1.7065571025,-1.7408879455,0.0000000000,-0.9003459662,exit_left
17800,1,0.0000000000,0.0000000000,2.3840573112,0.0000000000,scatter
17800,2,2.3840573112,0.0000000000,2.5000000000,0.1473147599,exit_right
17900,1,0.0000000000,0.0000000000,0.0652454561,0.0000000000,scatter
17900,2,0.0652454561,0.0000000000,0.2185873826,-1.0141182946,scatter
17900,3,0.2185873826,-1.0141182946,0.0000000000,-0.6954358327,exit_left
18000,1,0.0000000000,0.0000000000,2.5000000000,0.0000000000,exit_right
18100,1,0.0000000000,0.0000000000,2.3497624663,0.0000000000,scatter
18100,2,2.3497624663,0.0000000000,2.5000000000,0.0336689758,exit_right
18200,1,0.0000000000,0.0000000000,2.4158845321,0.0000000000,scatter
18200,2,2.4158845321,0.0000000000,2.5000000000,0.0589555935,exit_right
18300,1,0.0000000000,0.0000000000,2.5000000000,0.0000000000,exit_right
18400,1,0.0000000000,0.0000000000,2.5000000000,0.0000000000,exit_right
18500,1,0.0000000000,0.0000000000,1.6916843949,0.0000000000,scatter
18500,2,1.6916843949,0.0000000000,0.0000000000,0.8110392044,exit_left
18600,1,0.0000000000,0.0000000000,1.3324370649,0.0000000000,scatter
18600,2,1.3324370649,0.0000000000,0.0000000000,-0.3016718982,exit_left
18700,1,0.0000000000,0.0000000000,1.1929737424,0.0000000000,scatter
18700,2,1.1929737424,0.0000000000,0.8141517351,-2.3925949002,scatter
18700,3,0.8141517351,-2.3925949002,1.2630478834,-2.8661379942,scatter
18700,4,1.2630478834,-2.8661379942,0.0000000000,-3.6542548654,exit_left
18800,1,0.0000000000,0.0000000000,1.0586464182,0.0000000000,scatter
18800,2,1.0586464182,0.0000000000,0.8373021972,-0.1242255900,scatter
18800,3,0.8373021972,-0.1242255900,0.0000000000,-0.8736074306,exit_left
18900,1,0.0000000000,0.0000000000,0.7492379578,0.0000000000,scatter
18900,2,0.7492379578,0.0000000000,0.0000000000,-1.3845272494,exit_left
19000,1,0.0000000000,0.0000000000,1.7272578949,0.0000000000,scatter
19000,2,1.7272578949,0.0000000000,0.0000000000,5.2918470366,exit_left
19100,1,0.0000000000,0.0000000000,0.0494989678,0.0000000000,scatter
19100,2,0.0494989678,0.0000000000,0.0514638507,0.0138474903,scatter
19100,3,0.0514638507,0.0138474903,0.0000000000,0.0102952051,exit_left
19200,1,0.0000000000,0.0000000000,0.8939751848,0.0000000000,scatter
19200,2,0.8939751848,0.0000000000,2.5000000000,-0.8036899553,exit_right
19300,1,0.0000000000,0.0000000000,2.2989518690,0.0000000000,scatter
19300,2,2.2989518690,0.0000000000,2.3302116682,-0.0790353886,scatter
19300,3,2.3302116682,-0.0790353886,1.6187881763,0.8049512054,scatter
19300,4,1.6187881763,0.8049512054,0.8185210656,1.1387536826,scatter
19300,5,0.8185210656,1.1387536826,2.5000000000,3.7491819028,exit_right
19400,1,0.0000000000,0.0000000000,2.5000000000,0.0000000000,exit_right
19500,1,0.0000000000,0.0000000000,2.2810148864,0.0000000000,scatter
19500,2,2.2810148864,0.0000000000,2.3186352916,-0.4795435842,absorb
19600,1,0.0000000000,0.0000000000,1.2703808102,0.0000000000,scatter
19600,2,1.2703808102,0.0000000000,0.0000000000,-1.1522861484,exit_left
19700,1,0.0000000000,0.0000000000,2.5000000000,0.0000000000,exit_right
19800,1,0.0000000000,0.0000000000,0.0800363151,0.0000000000,scatter
19800,2,0.0800363151,0.0000000000,0.1870504025,5.8049735394,absorb
19900,1,0.0000000000,0.0000000000,0.6449265346,0.0000000000,scatter
19900,2,0.6449265346,0.0000000000,2.5000000000,-0.2871013610,exit_right
20000,1,0.0000000000,0.0000000000,2.5000000000,0.0000000000,exit_right
20100,1,0.0000000000,0.0000000000,1.2248125068,0.0000000000,scatter
20100,2,1.2248125068,0.0000000000,2.5000000000,0.9287496275,exit_right
20200,1,0.0000000000,0.0000000000,0.1170711144,0.0000000000,absorb
20300,1,0.0000000000,0.0000000000,1.2389462946,0.0000000000,scatter
20300,2,1.2389462946,0.0000000000,0.8482052508,-1.2079304085,scatter
20300,3,0.8482052508,-1.2079304085,2.5000000000,-0.2056228028,exit_right
20400,1,0.0000000000,0.0000000000,0.2820638436,0.0000000000,scatter
20400,2,0.2820638436,0.0000000000,0.2924223220,-0.1670070958,scatter
20400,3,0.2924223220,-0.1670070958,2.5000000000,-3.3211642179,exit_right
20500,1,0.0000000000,0.0000000000,0.2623510939,0.0000000000,scatter
20500,2,0.2623510939,0.0000000000,2.5000000000,0.6894051006,exit_right
20600,1,0.0000000000,0.0000000000,2.5000000000,0.0000000000,exit_right
20700,1,0.0000000000,0.0000000000,2.5000000000,0.0000000000,exit_right
20800,1,0.0000000000,0.0000000000,2.5000000000,0.0000000000,exit_right
20900,1,0.0000000000,0.0000000000,0.5047617708,0.0000000000,absorb
21000,1,0.0000000000,0.0000000000,0.1758471296,0.0000000000,absorb
21100,1,0.0000000000,0.0000000000,1.3523540473,0.0000000000,scatter
21100,2,1.3523540473,0.0000000000,0.7289583010,-0.1810069007,scatter
21100,3,0.7289583010,-0.1810069007,1.2886875782,-0.7657145283,scatter
21100,4,1.2886875782,-0.7657145283,1.9035282656,0.2142089592,scatter
21100,5,1.9035282656,0.2142089592,2.2812702436,0.2652342023,scatter
21100,6,2.2812702436,0.2652342023,0.5553744105,-0.0624992627,absorb
21200,1,0.0000000000,0.0000000000,1.0588721148,0.0000000000,absorb
21300,1,0.0000000000,0.0000000000,0.6276979488,0.0000000000,scatter
21300,2,0.6276979488,0.0000000000,0.0000000000,-0.3549201217,exit_left
21400,1,0.0000000000,0.0000000000,0.0445465616,0.0000000000,scatter
21400,2,0.0445465616,0.0000000000,0.0000000000,0.0865604468,exit_left
21500,1,0.0000000000,0.0000000000,0.0446829174,0.0000000000,absorb
21600,1,0.0000000000,0.0000000000,0.2421275754,0.0000000000,absorb
21700,1,0.0000000000,0.0000000000,0.8231654617,0.0000000000,absorb
21800,1,0.0000000000,0.0000000000,0.9399784741,0.0000000000,scatter
21800,2,0.9399784741,0.0000000000,0.0000000000,0.0934336639,exit_left
21900,1,0.0000000000,0.0000000000,2.5000000000,0.0000000000,exit_right
22000,1,0.0000000000,0.0000000000,1.1368655421,0.0000000000,scatter
22000,2,1.1368655421,0.0000000000,0.6550502619,0.2295051669,scatter
22000,3,0.6550502619,0.2295051669,0.6322057746,0.2519411286,scatter
22000,4,0.6322057746,0.2519411286,0.6945448748,0.6493196039,absorb
22100,1,0.0000000000,0.0000000000,0.2943078110,0.0000000000,scatter
22100,2,0.2943078110,0.0000000000,2.5000000000,5.3047938470,exit_right
22200,1,0.0000000000,0.0000000000,0.5612624393,0.0000000000,absorb
22300,1,0.0000000000,0.0000000000,2.5000000000,0.0000000000,exit_right
22400,1,0.0000000000,0.0000000000,2.5000000000,0.0000000000,exit_right
22500,1,0.0000000000,0.0000000000,2.5000000000,0.0000000000,exit_right
22600,1,0.0000000000,0.0000000000,0.5251986707,0.0000000000,scatter
22600,2,0.5251986707,0.0000000000,0.7477657330,0.1333739069,scatter
22600,3,0.7477657330,0.1333739069,0.4276764594,0.5020187426,scatter
22600,4,0.4276764594,0.5020187426,2.5000000000,-0.9618827767,exit_right
22700,1,0.0000000000,0.0000000000,2.5000000000,0.0000000000,exit_right
22800,1,0.0000000000,0.0000000000,1.4449971609,0.0000000000,scatter
22800,2,1.4449971609,0.0000000000,2.5000000000,-1.7075487799,exit_right
22900,1,0.0000000000,0.0000000000,2.5000000000,0.0000000000,exit_right
23000,1,0.0000000000,0.0000000000,1.7030281238,0.0000000000,absorb
23100,1,0.0000000000,0.0000000000,0.0728582168,0.0000000000,absorb
23200,1,0.0000000000,0.0000000000,1.5103875849,0.0000000000,scatter
23200,2,1.5103875849,0.0000000000,2.2204796628,-1.8578689835,absorb
23300,1,0.0000000000,0.0000000000,1.2494688568,0.0000000000,absorb
23400,1,0.0000000000,0.0000000000,1.3067224210,0.0000000000,scatter
23400,2,1.3067224210,0.0000000000,1.0864205049,-0.5024822144,scatter
23400,3,1.0864205049,-0.5024822144,0.7217101173,-0.8799535935,scatter
23400,4,0.7217101173,-0.8799535935,0.9691612775,-1.0235289443,scatter
23400,5,0.9691612775,-1.0235289443,0.0000000000,-1.8704532757,exit_left
23500,1,0.0000000000,0.0000000000,0.9182074941,0.0000000000,scatter
23500,2,0.9182074941,0.0000000000,0.8502051259,0.0052306807,scatter
23500,3,0.8502051259,0.0052306807,1.5634469736,-0.1120353227,scatter
23500,4,1.5634469736,-0.1120353227,2.5000000000,0.6169434960,exit_right
23600,1,0.0000000000,0.0000000000,2.5000000000,0.0000000000,exit_right
23700,1,0.0000000000,0.0000000000,1.7404683071,0.0000000000,scatter
23700,2,1.7404683071,0.0000000000,2.5000000000,-1.9465498731,exit_right
23800,1,0.0000000000,0.0000000000,0.9981233874,0.0000000000,scatter
23800,2,0.9981233874,0.0000000000,0.9757374566,-0.1452504492,scatter
23800,3,0.9757374566,-0.1452504492,0.0000000000,-1.2240996591,exit_left
23900,1,0.0000000000,0.0000000000,0.1161860645,0.0000000000,absorb
24000,1,0.0000000000,0.0000000000,2.5000000000,0.0000000000,exit_right
24100,1,0.0000000000,0.0000000000,1.6022704785,0.0000000000,absorb
24200,1,0.0000000000,0.0000000000,0.0617681129,0.0000000000,scatter
24200,2,0.0617681129,0.0000000000,2.5000000000,1.2534051530,exit_right
24300,1,0.0000000000,0.0000000000,0.6649793730,0.0000000000,scatter
24300,2,0.6649793730,0.0000000000,2.5000000000,-1.9666646147,exit_right
24400,1,0.0000000000,0.0000000000,2.0031057062,0.0000000000,scatter
24400,2,2.0031057062,0.0000000000,2.5000000000,2.0837793869,exit_right
24500,1,0.0000000000,0.0000000000,0.6433450268,0.0000000000,absorb
24600,1,0.0000000000,0.0000000000,2.5000000000,0.0000000000,exit_right
24700,1,0.0000000000,0.0000000000,2.5000000000,0.0000000000,exit_right
24800,1,0.0000000000,0.0000000000,1.1583891929,0.0000000000,scatter
24800,2,1.1583891929,0.0000000000,0.0000000000,0.1495067584,exit_left
24900,1,0.0000000000,0.0000000000,2.5000000000,0.0000000000,exit_right
25000,1,0.0000000000,0.0000000000,2.5000000000,0.0000000000,exit_right
25100,1,0.0000000000,0.0000000000,0.8031871476,0.0000000000,scatter
25100,2,0.8031871476,0.0000000000,0.0000000000,-0.2893425169,exit_left
25200,1,0.0000000000,0.0000000000,0.0591244906,0.0000000000,scatter
25200,2,0.0591244906,0.0000000000,0.0000000000,0.0249534647,exit_left
25300,1,0.0000000000,0.0000000000,1.1808173613,0.0000000000,scatter
25300,2,1.1808173613,0.0000000000,1.2444541911,0.2048768338,scatter
25300,3,1.2444541911,0.2048768338,0.0000000000,0.6928794944,exit_left
25400,1,0.0000000000,0.0000000000,2.5000000000,0.0000000000,exit_right
25500,1,0.0000000000,0.0000000000,0.8683127238,0.0000000000,scatter
25500,2,0.8683127238,0.0000000000,0.0000000000,0.3906487975,exit_left
25600,1,0.0000000000,0.0000000000,2.5000000000,0.0000000000,exit_right
25700,1,0.0000000000,0.0000000000,1.2124310103,0.0000000000,scatter
25700,2,1.2124310103,0.0000000000,2.5000000000,-1.1928200868,exit_right
25800,1,0.0000000000,0.0000000000,1.2386435185,0.0000000000,scatter
25800,2,1.2386435185,0.0000000000,1.3534783966,-0.4046603128,scatter
25800,3,1.3534783966,-0.4046603128,1.3037456927,-0.3515941253,scatter
25800,4,1.3037456927,-0.3515941253,0.7193943713,-0.2915874817,scatter
25800,5,0.7193943713,-0.2915874817,1.7942376364,1.7853208440,scatter
25800,6,1.7942376364,1.7853208440,1.7234505777,1.7797872355,scatter
25800,7,1.7234505777,1.7797872355,1.1211125862,5.0655915693,scatter
25800,8,1.1211125862,5.0655915693,2.5000000000,5.5820535336,exit_right
25900,1,0.0000000000,0.0000000000,0.4308675140,0.0000000000,scatter
25900,2,0.4308675140,0.0000000000,0.4468772120,-0.4010856735,scatter
25900,3,0.4468772120,-0.4010856735,1.1971197682,-0.5465709833,scatter
25900,4,1.1971197682,-0.5465709833,1.0082494467,-0.1812845362,scatter
25900,5,1.0082494467,-0.1812845362,0.8181252405,0.2921037089,absorb
26000,1,0.0000000000,0.0000000000,1.5390600502,0.0000000000,absorb
26100,1,0.0000000000,0.0000000000,2.5000000000,0.0000000000,exit_right
26200,1,0.0000000000,0.0000000000,0.5534991183,0.0000000000,scatter
26200,2,0.5534991183,0.0000000000,0.0000000000,1.1259756602,exit_left
26300,1,0.0000000000,0.0000000000,2.5000000000,0.0000000000,exit_right
26400,1,0.0000000000,0.0000000000,1.9747144354,0.0000000000,scatter
26400,2,1.9747144354,0.0000000000,2.5000000000,0.5738014084,exit_right
26500,1,0.0000000000,0.0000000000,2.5000000000,0.0000000000,exit_right
26600,1,0.0000000000,0.0000000000,1.3543285962,0.0000000000,scatter
26600,2,1.3543285962,0.0000000000,1.6273874139,0.2082894067,scatter
26600,3,1.6273874139,0.2082894067,0.0000000000,1.3375975703,exit_left
26700,1,0.0000000000,0.0000000000,2.2441001769,0.0000000000,scatter
26700,2,2.2441001769,0.0000000000,2.4098002871,0.1018023350,scatter
26700,3,2.4098002871,0.1018023350,2.1771860916,-0.0465628210,scatter
26700,4,2.1771860916,-0.0465628210,1.7721196185,0.1854205653,absorb
26800,1,0.0000000000,0.0000000000,0.9445578938,0.0000000000,scatter
26800,2,0.9445578938,0.0000000000,2.5000000000,-0.1050755362,exit_right
26900,1,0.0000000000,0.0000000000,2.5000000000,0.0000000000,exit_right
27000,1,0.0000000000,0.0000000000,2.5000000000,0.0000000000,exit_right
27100,1,0.0000000000,0.0000000000,2.5000000000,0.0000000000,exit_right
27200,1,0.0000000000,0.0000000000,0.3138722698,0.0000000000,scatter
27200,2,0.3138722698,0.0000000000,1.2352039109,-0.7733417334,scatter
27200,3,1.2352039109,-0.7733417334,2.5000000000,-1.1543534032,exit_right
27300,1,0.0000000000,0.0000000000,0.2691457001,0.0000000000,scatter
27300,2,0.2691457001,0.0000000000,1.7933404165,-1.5989170120,scatter
27300,3,1.7933404165,-1.5989170120,1.2612009577,-1.7515510961,scatter
27300,4,1.2612009577,-1.7515510961,0.0000000000,-1.3645843428,exit_left
27400,1,0.0000000000,0.0000000000,0.6151081933,0.0000000000,absorb
27500,1,0.0000000000,0.0000000000,1.5214500553,0.0000000000,scatter
27500,2,1.5214500553,0.0000000000,1.3195130721,0.0291520054,scatter
27500,3,1.3195130721,0.0291520054,0.0000000000,3.1192813081,exit_left
27600,1,0.0000000000,0.0000000000,1.3994035892,0.0000000000,scatter
27600,2,1.3994035892,0.0000000000,0.0000000000,0.0952759681,exit_left
27700,1,0.0000000000,0.0000000000,2.5000000000,0.0000000000,exit_right
27800,1,0.0000000000,0.0000000000,1.7621485970,0.0000000000,absorb
27900,1,0.0000000000,0.0000000000,0.6503520797,0.0000000000,scatter
27900,2,0.6503520797,0.0000000000,0.0000000000,-0.6074568088,exit_left
28000,1,0.0000000000,0.0000000000,0.8195193714,0.0000000000,scatter
28000,2,0.8195193714,0.0000000000,0.0000000000,1.0849058795,exit_left
28100,1,0.0000000000,0.0000000000,0.1347714441,0.0000000000,scatter
28100,2,0.1347714441,0.0000000000,2.5000000000,-1.3010093091,exit_right
28200,1,0.0000000000,0.0000000000,0.1115553476,0.0000000000,scatter
28200,2,0.1115553476,0.0000000000,0.0000000000,0.1406832454,exit_left
28300,1,0.0000000000,0.0000000000,1.9428702024,0.0000000000,absorb
28400,1,0.0000000000,0.0000000000,0.2243188288,0.0000000000,absorb
28500,1,0.0000000000,0.0000000000,1.7812581091,0.0000000000,scatter
28500,2,1.7812581091,0.0000000000,1.1728584348,-0.8439251140,scatter
28500,3,1.1728584348,-0.8439251140,1.6185323765,-0.7767585626,absorb
28600,1,0.0000000000,0.0000000000,2.4093682795,0.0000000000,scatter
28600,2,2.4093682795,0.0000000000,1.2781697052,-0.0801928542,scatter
28600,3,1.2781697052,-0.0801928542,1.9111463750,0.3438619201,scatter
28600,4,1.9111463750,0.3438619201,2.5000000000,0.1123019193,exit_right
28700,1,0.0000000000,0.0000000000,2.4980520642,0.0000000000,scatter
28700,2,2.4980520642,0.0000000000,2.5000000000,-0.0013354654,exit_right
28800,1,0.0000000000,0.0000000000,0.8384673846,0.0000000000,scatter
28800,2,0.8384673846,0.0000000000,1.3406405726,0.4726469307,absorb
28900,1,0.0000000000,0.0000000000,0.1310995879,0.0000000000,absorb
29000,1,0.0000000000,0.0000000000,1.3760083464,0.0000000000,scatter
29000,2,1.3760083464,0.0000000000,0.4463071328,-1.9270146473,absorb
29100,1,0.0000000000,0.0000000000,1.8234652897,0.0000000000,scatter
29100,2,1.8234652897,0.0000000000,2.0649764295,0.9022826204,scatter
29100,3,2.0649764295,0.9022826204,0.0000000000,1.6310526230,exit_left
29200,1,0.0000000000,0.0000000000,0.3784584660,0.0000000000,scatter
29200,2,0.3784584660,0.0000000000,0.1997701977,0.2967525054,scatter
29200,3,0.1997701977,0.2967525054,0.0735704904,0.1670371101,scatter
29200,4,0.0735704904,0.1670371101,0.1202582047,0.5752097248,scatter
29200,5,0.1202582047,0.5752097248,0.0000000000,0.6040907161,exit_left
29300,1,0.0000000000,0.0000000000,2.5000000000,0.0000000000,exit_right
29400,1,0.0000000000,0.0000000000,1.7338392604,0.0000000000,scatter
29400,2,1.7338392604,0.0000000000,2.5000000000,0.3969377492,exit_right
29500,1,0.0000000000,0.0000000000,0.1165936708,0.0000000000,scatter
29500,2,0.1165936708,0.0000000000,2.0958368835,1.6574869039,scatter
29500,3,2.0958368835,1.6574869039,1.7867611170,-0.0073228708,absorb
29600,1,0.0000000000,0.0000000000,1.4417635151,0.0000000000,absorb
29700,1,0.0000000000,0.0000000000,2.5000000000,0.0000000000,exit_right
29800,1,0.0000000000,0.0000000000,2.5000000000,0.0000000000,exit_right
29900,1,0.0000000000,0.0000000000,2.5000000000,0.0000000000,exit_right
30000,1,0.0000000000,0.0000000000,0.8292267842,0.0000000000,scatter
30000,2,0.8292267842,0.0000000000,1.7032918216,0.8808396554,scatter
30000,3,1.7032918216,0.8808396554,2.5000000000,0.0126823569,exit_right
30100,1,0.0000000000,0.0000000000,0.4144167605,0.0000000000,scatter
30100,2,0.4144167605,0.0000000000,0.9813322211,2.3271646379,scatter
30100,3,0.9813322211,2.3271646379,0.0829572279,4.6886194504,scatter
30100,4,0.0829572279,4.6886194504,1.5265206351,7.0190367364,scatter
30100,5,1.5265206351,7.0190367364,0.6614780236,6.7276438371,scatter
30100,6,0.6614780236,6.7276438371,2.1267470243,7.9016515390,scatter
30100,7,2.1267470243,7.9016515390,2.1708933738,7.9350433322,scatter
30100,8,2.1708933738,7.9350433322,0.0000000000,8.2634245678,exit_left
30200,1,0.0000000000,0.0000000000,2.5000000000,0.0000000000,exit_right
30300,1,0.0000000000,0.0000000000,0.5842589671,0.0000000000,scatter
30300,2,0.5842589671,0.0000000000,0.5402145652,2.7591647231,scatter
30300,3,0.5402145652,2.7591647231,0.0000000000,2.8600026620,exit_left
30400,1,0.0000000000,0.0000000000,0.7111193289,0.0000000000,scatter
30400,2,0.7111193289,0.0000000000,0.4131735474,0.1663489186,scatter
30400,3,0.4131735474,0.1663489186,0.4309452307,0.1123850888,scatter
30400,4,0.4309452307,0.1123850888,0.5550978919,-0.3931531517,scatter
30400,5,0.5550978919,-0.3931531517,0.0000000000,0.1951687353,exit_left
30500,1,0.0000000000,0.0000000000,0.7965168051,0.0000000000,scatter
30500,2,0.7965168051,0.0000000000,2.5000000000,-0.6543516656,exit_right
30600,1,0.0000000000,0.0000000000,2.5000000000,0.0000000000,exit_right
30700,1,0.0000000000,0.0000000000,2.5000000000,0.0000000000,exit_right
30800,1,0.0000000000,0.0000000000,0.2027876982,0.0000000000,scatter
30800,2,0.2027876982,0.0000000000,1.3173063061,0.9366552790,scatter
30800,3,1.3173063061,0.9366552790,2.5000000000,0.0816208338,exit_right
30900,1,0.0000000000,0.0000000000,0.3618547681,0.0000000000,scatter
30900,2,0.3618547681,0.0000000000,0.0000000000,-0.0818809187,exit_left
31000,1,0.0000000000,0.0000000000,1.3526375292,0.0000000000,scatter
31000,2,1.3526375292,0.0000000000,2.5000000000,0.1203769447,exit_right
31100,1,0.0000000000,0.0000000000,0.2417425145,0.0000000000,scatter
31100,2,0.2417425145,0.0000000000,2.5000000000,-0.0840431578,exit_right
31200,1,0.0000000000,0.0000000000,0.5171342222,0.0000000000,scatter
31200,2,0.5171342222,0.0000000000,0.0000000000,0.2653820855,exit_left
31300,1,0.0000000000,0.0000000000,0.9370361632,0.0000000000,scatter
31300,2,0.9370361632,0.0000000000,2.5000000000,-2.8093683172,exit_right
31400,1,0.0000000000,0.0000000000,0.2841782312,0.0000000000,scatter
31400,2,0.2841782312,0.0000000000,0.2672289166,-0.0153432869,absorb
31500,1,0.0000000000,0.0000000000,2.5000000000,0.0000000000,exit_right
31600,1,0.0000000000,0.0000000000,0.1662792430,0.0000000000,absorb
31700,1,0.0000000000,0.0000000000,1.2615623668,0.0000000000,scatter
31700,2,1.2615623668,0.0000000000,1.1619017235,0.0149407898,scatter
31700,3,1.1619017235,0.0149407898,1.1569024329,0.0798818644,scatter
31700,4,1.1569024329,0.0798818644,2.2951421188,6.2684471782,scatter
31700,5,2.2951421188,6.2684471782,1.8647008639,7.5193049887,absorb
31800,1,0.0000000000,0.0000000000,2.4274499887,0.0000000000,scatter
31800,2,2.4274499887,0.0000000000,2.5000000000,-0.0979633780,exit_right
31900,1,0.0000000000,0.0000000000,0.2756989961,0.0000000000,scatter
31900,2,0.2756989961,0.0000000000,0.7548228445,0.0874311359,scatter
31900,3,0.7548228445,0.0874311359,0.3874382885,0.3059628119,scatter
31900,4,0.3874382885,0.3059628119,2.5000000000,-2.0901242487,exit_right
32000,1,0.0000000000,0.0000000000,1.2357656443,0.0000000000,absorb
32100,1,0.0000000000,0.0000000000,0.7063682486,0.0000000000,absorb
32200,1,0.0000000000,0.0000000000,1.6950987053,0.0000000000,scatter
32200,2,1.6950987053,0.0000000000,2.5000000000,-0.6627536200,exit_right
32300,1,0.0000000000,0.0000000000,1.0586893905,0.0000000000,scatter
32300,2,1.0586893905,0.0000000000,1.0498809658,-0.0051679160,scatter
32300,3,1.0498809658,-0.0051679160,2.3170222748,-0.2600229315,scatter
32300,4,2.3170222748,-0.2600229315,2.2500256888,-0.1084405189,scatter
32300,5,2.2500256888,-0.1084405189,0.7910421846,5.1444004251,scatter
32300,6,0.7910421846,5.1444004251,0.3245616017,4.7283377060,absorb
32400,1,0.0000000000,0.0000000000,2.3179082750,0.0000000000,scatter
32400,2,2.3179082750,0.0000000000,2.4521538451,-0.0163890185,scatter
32400,3,2.4521538451,-0.0163890185,0.2088325479,-0.6079183205,scatter
32400,4,0.2088325479,-0.6079183205,0.3905520860,-2.6977455913,scatter
32400,5,0.3905520860,-2.6977455913,1.2029995062,-2.1174051709,scatter
32400,6,1.2029995062,-2.1174051709,0.8805799701,-0.9977337618,absorb
32500,1,0.0000000000,0.0000000000,1.6547778315,0.0000000000,scatter
32500,2,1.6547778315,0.0000000000,1.7012435818,0.3270057773,scatter
32500,3,1.7012435818,0.3270057773,1.4634269895,3.0982047617,absorb
32600,1,0.0000000000,0.0000000000,1.1398499816,0.0000000000,scatter
32600,2,1.1398499816,0.0000000000,1.9916019571,-2.6787644739,scatter
32600,3,1.9916019571,-2.6787644739,0.0000000000,-6.9976008849,exit_left
32700,1,0.0000000000,0.0000000000,0.1797675513,0.0000000000,absorb
32800,1,0.0000000000,0.0000000000,0.5514637344,0.0000000000,scatter
32800,2,0.5514637344,0.0000000000,1.4898125955,0.4258271181,scatter
32800,3,1.4898125955,0.4258271181,1.2421009836,-1.1129793129,scatter
32800,4,1.2421009836,-1.1129793129,1.1426561095,-1.0697660825,scatter
32800,5,1.1426561095,-1.0697660825,2.1510054945,-0.3649535117,scatter
32800,6,2.1510054945,-0.3649535117,1.6287299786,-1.4759507449,scatter
32800,7,1.6287299786,-1.4759507449,1.4265788386,-0.9652643116,scatter
32800,8,1.4265788386,-0.9652643116,1.2915259153,-0.3522379719,scatter
32800,9,1.2915259153,-0.3522379719,0.7583675480,-0.0119056078,scatter
32800,10,0.7583675480,-0.0119056078,2.0934855403,2.3272020220,scatter
32800,11,2.0934855403,2.3272020220,2.0102057422,2.2612698465,absorb
32900,1,0.0000000000,0.0000000000,1.5679419434,0.0000000000,scatter
32900,2,1.5679419434,0.0000000000,1.2868807553,-0.9308277588,scatter
32900,3,1.2868807553,-0.9308277588,2.5000000000,0.1487517839,exit_right
33000,1,0.0000000000,0.0000000000,0.6927815229,0.0000000000,scatter
33000,2,0.6927815229,0.0000000000,1.1579112171,-2.0326417397,scatter
33000,3,1.1579112171,-2.0326417397,2.5000000000,-1.3070392005,exit_right
33100,1,0.0000000000,0.0000000000,0.9738959307,0.0000000000,scatter
33100,2,0.9738959307,0.0000000000,0.0000000000,-0.1075126401,exit_left
33200,1,0.0000000000,0.0000000000,2.5000000000,0.0000000000,exit_right
33300,1,0.0000000000,0.0000000000,1.9363175717,0.0000000000,scatter
33300,2,1.9363175717,0.0000000000,1.5862325297,-2.1146360651,scatter
33300,3,1.5862325297,-2.1146360651,2.5000000000,-1.5537881077,exit_right
33400,1,0.0000000000,0.0000000000,1.8953219444,0.0000000000,scatter
33400,2,1.8953219444,0.0000000000,2.5000000000,-1.4601271535,exit_right
33500,1,0.0000000000,0.0000000000,2.5000000000,0.0000000000,exit_right
33600,1,0.0000000000,0.0000000000,2.5000000000,0.0000000000,exit_right
33700,1,0.0000000000,0.0000000000,1.7061216730,0.0000000000,scatter
33700,2,1.7061216730,0.0000000000,0.1312612575,-0.3970779798,absorb
33800,1,0.0000000000,0.0000000000,1.7508475989,0.0000000000,scatter
33800,2,1.7508475989,0.0000000000,1.2336866110,-6.5664841050,absorb
33900,1,0.0000000000,0.0000000000,2.1813405667,0.0000000000,absorb
34000,1,0.0000000000,0.0000000000,0.7644588106,0.0000000000,scatter
34000,2,0.7644588106,0.0000000000,0.0000000000,0.1403709589,exit_left
34100,1,0.0000000000,0.0000000000,1.0347855497,0.0000000000,scatter
34100,2,1.0347855497,0.0000000000,1.2474854465,0.7725280909,scatter
34100,3,1.2474854465,0.7725280909,1.5494966789,1.3551303347,scatter
34100,4,1.5494966789,1.3551303347,2.3422706546,2.8839482723,scatter
34100,5,2.3422706546,2.8839482723,2.5000000000,2.5945453326,exit_right
34200,1,0.0000000000,0.0000000000,2.5000000000,0.0000000000,exit_right
34300,1,0.0000000000,0.0000000000,2.3928066766,0.0000000000,scatter
34300,2,2.3928066766,0.0000000000,2.2493502506,0.1159816663,scatter
34300,3,2.2493502506,0.1159816663,2.0873570906,0.2860025306,absorb
34400,1,0.0000000000,0.0000000000,0.0312740055,0.0000000000,scatter
34400,2,0.0312740055,0.0000000000,2.5000000000,0.7493248450,exit_right
34500,1,0.0000000000,0.0000000000,2.5000000000,0.0000000000,exit_right
34600,1,0.0000000000,0.0000000000,1.3535419520,0.0000000000,scatter
34600,2,1.3535419520,0.0000000000,0.8515887140,0.8901915986,scatter
34600,3,0.8515887140,0.8901915986,0.6473857723,-3.0015868262,scatter
34600,4,0.6473857723,-3.0015868262,0.0000000000,-1.8281732456,exit_left
34700,1,0.0000000000,0.0000000000,2.0326439536,0.0000000000,scatter
34700,2,2.0326439536,0.0000000000,2.5000000000,-0.0347262396,exit_right
34800,1,0.0000000000,0.0000000000,0.5518954022,0.0000000000,absorb
34900,1,0.0000000000,0.0000000000,1.1045013739,0.0000000000,scatter
34900,2,1.1045013739,0.0000000000,0.0000000000,0.6615477819,exit_left
35000,1,0.0000000000,0.0000000000,2.0104137965,0.0000000000,scatter
35000,2,2.0104137965,0.0000000000,0.0000000000,-0.3288101041,exit_left
35100,1,0.0000000000,0.0000000000,2.5000000000,0.0000000000,exit_right
35200,1,0.0000000000,0.0000000000,1.5852780328,0.0000000000,scatter
35200,2,1.5852780328,0.0000000000,1.8587970545,0.9240496375,scatter
35200,3,1.8587970545,0.9240496375,1.7048895280,0.9955514227,scatter
35200,4,1.7048895280,0.9955514227,2.5000000000,-0.0821793129,exit_right
35300,1,0.0000000000,0.0000000000,2.5000000000,0.0000000000,exit_right
35400,1,0.0000000000,0.0000000000,2.5000000000,0.0000000000,exit_right
35500,1,0.0000000000,0.0000000000,0.5374835650,0.0000000000,scatter
35500,2,0.5374835650,0.0000000000,0.5502570067,0.0072708660,scatter
35500,3,0.5502570067,0.0072708660,0.0000000000,0.7792831096,exit_left
35600,1,0.0000000000,0.0000000000,2.5000000000,0.0000000000,exit_right
35700,1,0.0000000000,0.0000000000,1.8721912857,0.0000000000,scatter
35700,2,1.8721912857,0.0000000000,1.0279364479,-0.1292607972,scatter
35700,3,1.0279364479,-0.1292607972,2.5000000000,-0.3208512163,exit_right
35800,1,0.0000000000,0.0000000000,2.5000000000,0.0000000000,exit_right
35900,1,0.0000000000,0.0000000000,1.9833327354,0.0000000000,scatter
35900,2,1.9833327354,0.0000000000,1.9414970432,-0.0579764853,scatter
35900,3,1.9414970432,-0.0579764853,2.5000000000,-0.6739841886,exit_right
36000,1,0.0000000000,0.0000000000,2.5000000000,0.0000000000,exit_right
36100,1,0.0000000000,0.0000000000,2.5000000000,0.0000000000,exit_right
36200,1,0.0000000000,0.0000000000,2.0307420068,0.0000000000,scatter
36200,2,2.0307420068,0.0000000000,0.0000000000,0.9215520229,exit_left
36300,1,0.0000000000,0.0000000000,2.5000000000,0.0000000000,exit_right
36400,1,0.0000000000,0.0000000000,0.1639123709,0.0000000000,absorb
36500,1,0.0000000000,0.0000000000,1.6707447579,0.0000000000,scatter
36500,2,1.6707447579,0.0000000000,2.1036112053,2.5204529591,scatter
36500,3,2.1036112053,2.5204529591,2.5000000000,2.4934021899,exit_right
36600,1,0.0000000000,0.0000000000,2.5000000000,0.0000000000,exit_right
36700,1,0.0000000000,0.0000000000,1.8669081293,0.0000000000,scatter
36700,2,1.8669081293,0.0000000000,2.5000000000,-0.5109688568,exit_right
36800,1,0.0000000000,0.0000000000,0.7773113561,0.0000000000,scatter
36800,2,0.7773113561,0.0000000000,1.5735265968,-0.6360887895,scatter
36800,3,1.5735265968,-0.6360887895,0.6408899664,-1.4685608813,scatter
36800,4,0.6408899664,-1.4685608813,0.0000000000,-2.3452312976,exit_left
36900,1,0.0000000000,0.0000000000,1.0281481224,0.0000000000,scatter
36900,2,1.0281481224,0.0000000000,0.6315408333,-0.4053743032,scatter
36900,3,0.6315408333,-0.4053743032,1.0187361628,-0.3275148792,scatter
36900,4,1.0187361628,-0.3275148792,1.1739563118,-0.3897703393,scatter
36900,5,1.1739563118,-0.3897703393,2.5000000000,1.1368910388,exit_right
37000,1,0.0000000000,0.0000000000,0.1220518785,0.0000000000,absorb
37100,1,0.0000000000,0.0000000000,0.8370270520,0.0000000000,absorb
37200,1,0.0000000000,0.0000000000,2.5000000000,0.0000000000,exit_right
37300,1,0.0000000000,0.0000000000,0.1569996718,0.0000000000,scatter
37300,2,0.1569996718,0.0000000000,0.0000000000,0.0493575021,exit_left
37400,1,0.0000000000,0.0000000000,2.5000000000,0.0000000000,exit_right
37500,1,0.0000000000,0.0000000000,0.2949678767,0.0000000000,scatter
37500,2,0.2949678767,0.0000000000,2.4142430213,1.8519419914,scatter
37500,3,2.4142430213,1.8519419914,2.0223668132,2.3569350903,scatter
37500,4,2.0223668132,2.3569350903,0.0000000000,0.7405684592,exit_left
37600,1,0.0000000000,0.0000000000,2.5000000000,0.0000000000,exit_right
37700,1,0.0000000000,0.0000000000,0.1805837961,0.0000000000,scatter
37700,2,0.1805837961,0.0000000000,2.0475314582,1.0668616303,scatter
37700,3,2.0475314582,1.0668616303,1.8736817762,3.9666233731,absorb
37800,1,0.0000000000,0.0000000000,1.0973560610,0.0000000000,scatter
37800,2,1.0973560610,0.0000000000,2.1830485940,2.2286030288,scatter
37800,3,2.1830485940,2.2286030288,0.9306909496,1.7614182931,absorb
37900,1,0.0000000000,0.0000000000,2.5000000000,0.0000000000,exit_right
38000,1,0.0000000000,0.0000000000,2.2608472582,0.0000000000,scatter
38000,2,2.2608472582,0.0000000000,2.2495274151,0.4175069184,scatter
38000,3,2.2495274151,0.4175069184,0.0000000000,-1.9488850931,exit_left
38100,1,0.0000000000,0.0000000000,0.4628348569,0.0000000000,scatter
38100,2,0.4628348569,0.0000000000,0.0425377603,2.4401275753,absorb
38200,1,0.0000000000,0.0000000000,0.7477446377,0.0000000000,scatter
38200,2,0.7477446377,0.0000000000,0.2624567742,-0.1310021742,scatter
38200,3,0.2624567742,-0.1310021742,0.0000000000,-0.1745514277,exit_left
38300,1,0.0000000000,0.0000000000,1.2000511482,0.0000000000,scatter
38300,2,1.2000511482,0.0000000000,2.0511790821,3.4491996923,scatter
38300,3,2.0511790821,3.4491996923,2.1091226163,3.4175553177,scatter
38300,4,2.1091226163,3.4175553177,2.5000000000,2.3187553990,exit_right
38400,1,0.0000000000,0.0000000000,2.5000000000,0.0000000000,exit_right
38500,1,0.0000000000,0.0000000000,0.4453134049,0.0000000000,scatter
38500,2,0.4453134049,0.0000000000,0.3769966110,0.0089312584,scatter
38500,3,0.3769966110,0.0089312584,0.0000000000,1.3707421481,exit_left
38600,1,0.0000000000,0.0000000000,0.8037017109,0.0000000000,scatter
38600,2,0.8037017109,0.0000000000,1.9450415497,0.0104257368,scatter
38600,3,1.9450415497,0.0104257368,0.0000000000,0.6556769612,exit_left
38700,1,0.0000000000,0.0000000000,2.0632805154,0.0000000000,scatter
38700,2,2.0632805154,0.0000000000,2.3492912657,0.1608469717,absorb
38800,1,0.0000000000,0.0000000000,2.5000000000,0.0000000000,exit_right
38900,1,0.0000000000,0.0000000000,2.5000000000,0.0000000000,exit_right
39000,1,0.0000000000,0.0000000000,0.0429463513,0.0000000000,scatter
39000,2,0.0429463513,0.0000000000,0.0000000000,-0.0273941189,exit_left
39100,1,0.0000000000,0.0000000000,0.5819447856,0.0000000000,scatter
39100,2,0.5819447856,0.0000000000,1.8565094719,0.5250020775,scatter
39100,3,1.8565094719,0.5250020775,2.5000000000,0.5516838498,exit_right
39200,1,0.0000000000,0.0000000000,1.1556409662,0.0000000000,absorb
39300,1,0.0000000000,0.0000000000,0.9159331817,0.0000000000,absorb
39400,1,0.0000000000,0.0000000000,2.5000000000,0.0000000000,exit_right
39500,1,0.0000000000,0.0000000000,1.5349601054,0.0000000000,scatter
39500,2,1.5349601054,0.0000000000,0.9363629356,0.3349125878,scatter
39500,3,0.9363629356,0.3349125878,1.0140884891,0.0142523419,absorb
39600,1,0.0000000000,0.0000000000,0.2189522209,0.0000000000,scatter
39600,2,0.2189522209,0.0000000000,0.1154019176,0.2602510243,scatter
39600,3,0.1154019176,0.2602510243,0.1205752223,0.2692803037,scatter
39600,4,0.1205752223,0.2692803037,0.0000000000,0.0414655590,exit_left
39700,1,0.0000000000,0.0000000000,1.6759625359,0.0000000000,absorb
39800,1,0.0000000000,0.0000000000,0.5480797721,0.0000000000,scatter
39800,2,0.5480797721,0.0000000000,1.9014939988,-0.2569112791,scatter
39800,3,1.9014939988,-0.2569112791,1.9453005713,0.1487384426,scatter
39800,4,1.9453005713,0.1487384426,2.5000000000,1.2592335730,exit_right
39900,1,0.0000000000,0.0000000000,2.1403310603,0.0000000000,scatter
39900,2,2.1403310603,0.0000000000,2.5000000000,-0.8623742486,exit_right
40000,1,0.0000000000,0.0000000000,2.5000000000,0.0000000000,exit_right
40100,1,0.0000000000,0.0000000000,2.5000000000,0.0000000000,exit_right
40200,1,0.0000000000,0.0000000000,1.2894631182,0.0000000000,absorb
40300,1,0.0000000000,0.0000000000,0.4956231632,0.0000000000,scatter
40300,2,0.4956231632,0.0000000000,0.0850477810,0.0006298609,scatter
40300,3,0.0850477810,0.0006298609,1.7669671774,-0.4319247960,scatter
40300,4,1.7669671774,-0.4319247960,0.7577347443,0.2444094509,scatter
40300,5,0.7577347443,0.2444094509,0.3301508029,0.6260768170,scatter
40300,6,0.3301508029,0.6260768170,0.4665593594,2.1044349283,scatter
40300,7,0.4665593594,2.1044349283,0.2855811129,1.9574201227,scatter
40300,8,0.2855811129,1.9574201227,2.5000000000,3.5971383062,exit_right
40400,1,0.0000000000,0.0000000000,0.8272882537,0.0000000000,scatter
40400,2,0.8272882537,0.0000000000,2.5000000000,-0.0980894544,exit_right
40500,1,0.0000000000,0.0000000000,0.1214566050,0.0000000000,scatter
40500,2,0.1214566050,0.0000000000,2.5000000000,0.2769529434,exit_right
40600,1,0.0000000000,0.0000000000,0.0277727668,0.0000000000,absorb
40700,1,0.0000000000,0.0000000000,1.4553143163,0.0000000000,scatter
40700,2,1.4553143163,0.0000000000,2.2751085529,0.5601254467,scatter
40700,3,2.2751085529,0.5601254467,2.5000000000,0.2378151732,exit_right
40800,1,0.0000000000,0.0000000000,2.5000000000,0.0000000000,exit_right
40900,1,0.0000000000,0.0000000000,0.1108099051,0.0000000000,scatter
40900,2,0.1108099051,0.0000000000,0.0000000000,-0.1458220177,exit_left
41000,1,0.0000000000,0.0000000000,2.5000000000,0.0000000000,exit_right
41100,1,0.0000000000,0.0000000000,2.5000000000,0.0000000000,exit_right
41200,1,0.0000000000,0.0000000000,0.5230587827,0.0000000000,scatter
41200,2,0.5230587827,0.0000000000,0.0000000000,-0.5874733080,exit_left
41300,1,0.0000000000,0.0000000000,0.7642260967,0.0000000000,scatter
41300,2,0.7642260967,0.0000000000,2.5000000000,-3.0767975712,exit_right
41400,1,0.0000000000,0.0000000000,0.3264903903,0.0000000000,scatter
41400,2,0.3264903903,0.0000000000,2.5000000000,0.0896632374,exit_right
41500,1,0.0000000000,0.0000000000,1.2794476709,0.0000000000,absorb
41600,1,0.0000000000,0.0000000000,1.0380856652,0.0000000000,scatter
41600,2,1.0380856652,0.0000000000,0.9605824782,-0.2486438956,scatter
41600,3,0.9605824782,-0.2486438956,2.5000000000,-2.0064834661,exit_right
41700,1,0.0000000000,0.0000000000,2.5000000000,0.0000000000,exit_right
41800,1,0.0000000000,0.0000000000,2.5000000000,0.0000000000,exit_right
41900,1,0.0000000000,0.0000000000,0.5631027070,0.0000000000,scatter
41900,2,0.5631027070,0.0000000000,0.0000000000,-1.8660439441,exit_left
42000,1,0.0000000000,0.0000000000,1.4198211550,0.0000000000,scatter
42000,2,1.4198211550,0.0000000000,1.2503929896,-3.2952879616,scatter
42000,3,1.2503929896,-3.2952879616,2.5000000000,-3.8178644032,exit_right
42100,1,0.0000000000,0.0000000000,0.8605001289,0.0000000000,scatter
42100,2,0.8605001289,0.0000000000,1.5091963457,0.7899777182,scatter
42100,3,1.5091963457,0.7899777182,0.0000000000,0.9848697944,exit_left
42200,1,0.0000000000,0.0000000000,1.7939154502,0.0000000000,scatter
42200,2,1.7939154502,0.0000000000,0.9248877994,0.8571779813,scatter
42200,3,0.9248877994,0.8571779813,2.5000000000,1.2207325354,exit_right
42300,1,0.0000000000,0.0000000000,2.5000000000,0.0000000000,exit_right
42400,1,0.0000000000,0.0000000000,1.1189400627,0.0000000000,scatter
42400,2,1.1189400627,0.0000000000,1.5103587240,0.3614243562,scatter
42400,3,1.5103587240,0.3614243562,2.5000000000,0.5554466741,exit_right
42500,1,0.0000000000,0.0000000000,0.7282981522,0.0000000000,scatter
42500,2,0.7282981522,0.0000000000,1.5059931927,0.2428529921,scatter
42500,3,1.5059931927,0.2428529921,0.5603476651,0.9301172058,scatter
42500,4,0.5603476651,0.9301172058,0.9343621914,1.8125077885,scatter
42500,5,0.9343621914,1.8125077885,0.9578037670,2.1776593834,scatter
42500,6,0.9578037670,2.1776593834,0.0000000000,-0.3184584310,exit_left
42600,1,0.0000000000,0.0000000000,1.5969082406,0.0000000000,scatter
42600,2,1.5969082406,0.0000000000,0.0000000000,1.4126804578,exit_left
42700,1,0.0000000000,0.0000000000,0.2058201683,0.0000000000,scatter
42700,2,0.2058201683,0.0000000000,0.9679887847,-1.0242818229,scatter
42700,3,0.9679887847,-1.0242818229,0.9645873862,-2.6194381906,scatter
42700,4,0.9645873862,-2.6194381906,0.0000000000,-2.1102414406,exit_left
42800,1,0.0000000000,0.0000000000,1.0043349425,0.0000000000,scatter
42800,2,1.0043349425,0.0000000000,0.9137692904,-0.0474681358,absorb
42900,1,0.0000000000,0.0000000000,0.8334765903,0.0000000000,absorb
43000,1,0.0000000000,0.0000000000,0.8746117415,0.0000000000,scatter
43000,2,0.8746117415,0.0000000000,0.9699888628,-0.1429251857,scatter
43000,3,0.9699888628,-0.1429251857,0.8584052173,-0.4292321184,scatter
43000,4,0.8584052173,-0.4292321184,0.0000000000,-2.1161252781,exit_left
43100,1,0.0000000000,0.0000000000,2.3966162539,0.0000000000,absorb
43200,1,0.0000000000,0.0000000000,1.2818724046,0.0000000000,scatter
43200,2,1.2818724046,0.0000000000,1.4270825370,-1.3327085184,scatter
43200,3,1.4270825370,-1.3327085184,1.3787431589,-1.5687660662,absorb
43300,1,0.0000000000,0.0000000000,0.0399415795,0.0000000000,absorb
43400,1,0.0000000000,0.0000000000,0.1964018016,0.0000000000,absorb
43500,1,0.0000000000,0.0000000000,1.7695408983,0.0000000000,scatter
43500,2,1.7695408983,0.0000000000,1.9418253473,0.2821774457,scatter
43500,3,1.9418253473,0.2821774457,2.1019423604,0.1951912504,absorb
43600,1,0.0000000000,0.0000000000,0.0168857826,0.0000000000,scatter
43600,2,0.0168857826,0.0000000000,0.0000000000,0.0106474583,exit_left
43700,1,0.0000000000,0.0000000000,1.3847830009,0.0000000000,absorb
43800,1,0.0000000000,0.0000000000,2.5000000000,0.0000000000,exit_right
43900,1,0.0000000000,0.0000000000,1.5265627462,0.0000000000,scatter
43900,2,1.5265627462,0.0000000000,0.1197122787,-5.3176116846,scatter
43900,3,0.1197122787,-5.3176116846,0.0000000000,-5.3924190524,exit_left
44000,1,0.0000000000,0.0000000000,0.1537901272,0.0000000000,scatter
44000,2,0.1537901272,0.0000000000,0.0000000000,0.0092273815,exit_left
44100,1,0.0000000000,0.0000000000,0.2962027663,0.0000000000,scatter
44100,2,0.2962027663,0.0000000000,0.0000000000,-0.4689907094,exit_left
44200,1,0.0000000000,0.0000000000,1.0311576687,0.0000000000,scatter
44200,2,1.0311576687,0.0000000000,1.1772107876,0.0630888125,absorb
44300,1,0.0000000000,0.0000000000,0.8013259356,0.0000000000,scatter
44300,2,0.8013259356,0.0000000000,0.5579308798,0.4818828254,scatter
44300,3,0.5579308798,0.4818828254,1.4419599344,-1.6185241040,scatter
44300,4,1.4419599344,-1.6185241040,0.0000000000,-1.5124498618,exit_left
44400,1,0.0000000000,0.0000000000,2.5000000000,0.0000000000,exit_right
44500,1,0.0000000000,0.0000000000,2.4350358778,0.0000000000,absorb
44600,1,0.0000000000,0.0000000000,2.0918906118,0.0000000000,scatter
44600,2,2.0918906118,0.0000000000,1.3697627296,-0.0679608416,scatter
44600,3,1.3697627296,-0.0679608416,1.6982746820,-2.1717742564,scatter
44600,4,1.6982746820,-2.1717742564,2.5000000000,-2.3370494083,exit_right
44700,1,0.0000000000,0.0000000000,0.2733284163,0.0000000000,absorb
44800,1,0.0000000000,0.0000000000,2.1861348481,0.0000000000,scatter
44800,2,2.1861348481,0.0000000000,2.5000000000,0.6617579261,exit_right
44900,1,0.0000000000,0.0000000000,0.1142554562,0.0000000000,absorb
45000,1,0.0000000000,0.0000000000,0.0325217649,0.0000000000,scatter
45000,2,0.0325217649,0.0000000000,0.2395170785,-3.8726074649,scatter
45000,3,0.2395170785,-3.8726074649,0.0000000000,-3.6370381549,exit_left
45100,1,0.0000000000,0.0000000000,2.5000000000,0.0000000000,exit_right
45200,1,0.0000000000,0.0000000000,2.5000000000,0.0000000000,exit_right
45300,1,0.0000000000,0.0000000000,2.5000000000,0.0000000000,exit_right
45400,1,0.0000000000,0.0000000000,0.0117242688,0.0000000000,scatter
45400,2,0.0117242688,0.0000000000,2.5000000000,2.5796409641,exit_right
45500,1,0.0000000000,0.0000000000,1.4340162078,0.0000000000,scatter
45500,2,1.4340162078,0.0000000000,1.7473232783,0.7044168962,absorb
45600,1,0.0000000000,0.0000000000,0.5801066388,0.0000000000,scatter
45600,2,0.5801066388,0.0000000000,0.7410143600,0.5728553357,scatter
45600,3,0.7410143600,0.5728553357,1.5318629012,1.5752132873,absorb
45700,1,0.0000000000,0.0000000000,0.4621392493,0.0000000000,scatter
45700,2,0.4621392493,0.0000000000,0.0000000000,0.1086735294,exit_left
45800,1,0.0000000000,0.0000000000,0.9626243443,0.0000000000,scatter
45800,2,0.9626243443,0.0000000000,1.7070122217,-0.7370143626,absorb
45900,1,0.0000000000,0.0000000000,0.4203043962,0.0000000000,scatter
45900,2,0.4203043962,0.0000000000,0.0000000000,-0.0905033797,exit_left
46000,1,0.0000000000,0.0000000000,0.4658630796,0.0000000000,scatter
46000,2,0.4658630796,0.0000000000,0.0000000000,0.2229957522,exit_left
46100,1,0.0000000000,0.0000000000,1.4611704650,0.0000000000,scatter
46100,2,1.4611704650,0.0000000000,0.9052530404,-3.2100992891,scatter
46100,3,0.9052530404,-3.2100992891,0.9905524093,-3.5062729102,scatter
46100,4,0.9905524093,-3.5062729102,0.3216946915,-3.8988252272,scatter
46100,5,0.3216946915,-3.8988252272,0.0000000000,-3.5993156685,exit_left
46200,1,0.0000000000,0.0000000000,2.0593875017,0.0000000000,scatter
46200,2,2.0593875017,0.0000000000,2.5000000000,-0.4718472031,exit_right
46300,1,0.0000000000,0.0000000000,0.4189937004,0.0000000000,scatter
46300,2,0.4189937004,0.0000000000,2.4869148370,0.1205140311,absorb
46400,1,0.0000000000,0.0000000000,0.6130813719,0.0000000000,scatter
46400,2,0.6130813719,0.0000000000,0.0000000000,0.5559233348,exit_left
46500,1,0.0000000000,0.0000000000,0.8070833534,0.0000000000,scatter
46500,2,0.8070833534,0.0000000000,1.6517218589,-0.2495577755,scatter
46500,3,1.6517218589,-0.2495577755,1.9133548289,-1.6568300095,scatter
46500,4,1.9133548289,-1.6568300095,2.5000000000,-1.9327732999,exit_right
46600,1,0.0000000000,0.0000000000,0.4381994857,0.0000000000,scatter
46600,2,0.4381994857,0.0000000000,0.6842458415,-0.4197034033,scatter
46600,3,0.6842458415,-0.4197034033,0.0000000000,-0.7164167048,exit_left
46700,1,0.0000000000,0.0000000000,0.6667208205,0.0000000000,absorb
46800,1,0.0000000000,0.0000000000,0.5867055219,0.0000000000,scatter
46800,2,0.5867055219,0.0000000000,0.5414809739,-0.0727108239,scatter
46800,3,0.5414809739,-0.0727108239,0.6351352149,-0.6941759319,absorb
46900,1,0.0000000000,0.0000000000,1.3171695674,0.0000000000,scatter
46900,2,1.3171695674,0.0000000000,0.0000000000,1.4407340078,exit_left
47000,1,0.0000000000,0.0000000000,1.8516384131,0.0000000000,scatter
47000,2,1.8516384131,0.0000000000,2.0485404882,-0.2413043198,scatter
47000,3,2.0485404882,-0.2413043198,2.0257666359,-0.5106611143,scatter
47000,4,2.0257666359,-0.5106611143,1.0481942158,-10.8985227311,scatter
47000,5,1.0481942158,-10.8985227311,1.0341083465,-10.8297205372,scatter
47000,6,1.0341083465,-10.8297205372,0.0000000000,-10.3752445272,exit_left
47100,1,0.0000000000,0.0000000000,0.0214090627,0.0000000000,absorb
47200,1,0.0000000000,0.0000000000,0.5274753239,0.0000000000,scatter
47200,2,0.5274753239,0.0000000000,1.0019212725,0.5934279035,absorb
47300,1,0.0000000000,0.0000000000,2.5000000000,0.0000000000,exit_right
47400,1,0.0000000000,0.0000000000,0.7767110703,0.0000000000,scatter
47400,2,0.7767110703,0.0000000000,0.0000000000,-0.5715744990,exit_left
47500,1,0.0000000000,0.0000000000,0.8071260668,0.0000000000,absorb
47600,1,0.0000000000,0.0000000000,2.5000000000,0.0000000000,exit_right
47700,1,0.0000000000,0.0000000000,1.3682729236,0.0000000000,scatter
47700,2,1.3682729236,0.0000000000,2.5000000000,0.5584981986,exit_right
47800,1,0.0000000000,0.0000000000,2.5000000000,0.0000000000,exit_right
47900,1,0.0000000000,0.0000000000,1.4831734080,0.0000000000,scatter
47900,2,1.4831734080,0.0000000000,1.2539067349,-0.8398382226,scatter
47900,3,1.2539067349,-0.8398382226,2.5000000000,-2.0805466036,exit_right
48000,1,0.0000000000,0.0000000000,1.9943167036,0.0000000000,scatter
48000,2,1.9943167036,0.0000000000,0.4281217190,-1.3030126307,scatter
48000,3,0.4281217190,-1.3030126307,0.1196040889,-1.7968805652,scatter
48000,4,0.1196040889,-1.7968805652,0.1026566235,-1.2396662085,scatter
48000,5,0.1026566235,-1.2396662085,0.0000000000,-1.1224370625,exit_left
48100,1,0.0000000000,0.0000000000,1.7634474160,0.0000000000,scatter
48100,2,1.7634474160,0.0000000000,1.7974990030,0.0054590496,scatter
48100,3,1.7974990030,0.0054590496,1.1642628163,2.2889181096,scatter
48100,4,1.1642628163,2.2889181096,1.2672607337,2.3655172609,scatter
48100,5,1.2672607337,2.3655172609,2.5000000000,1.5062867479,exit_right
48200,1,0.0000000000,0.0000000000,0.0993805718,0.0000000000,absorb
48300,1,0.0000000000,0.0000000000,0.5852321377,0.0000000000,absorb
48400,1,0.0000000000,0.0000000000,1.1451212206,0.0000000000,scatter
48400,2,1.1451212206,0.0000000000,0.0000000000,0.3529135645,exit_left
48500,1,0.0000000000,0.0000000000,2.5000000000,0.0000000000,exit_right
48600,1,0.0000000000,0.0000000000,0.4787043984,0.0000000000,absorb
48700,1,0.0000000000,0.0000000000,0.0859002274,0.0000000000,scatter
48700,2,0.0859002274,0.0000000000,2.5000000000,-3.1324228115,exit_right
48800,1,0.0000000000,0.0000000000,2.5000000000,0.0000000000,exit_right
48900,1,0.0000000000,0.0000000000,0.6707802892,0.0000000000,scatter
48900,2,0.6707802892,0.0000000000,1.2287469733,-0.4402846465,scatter
48900,3,1.2287469733,-0.4402846465,0.4667416215,-3.6012472948,scatter
48900,4,0.4667416215,-3.6012472948,2.5000000000,-5.0276189138,exit_right
49000,1,0.0000000000,0.0000000000,2.5000000000,0.0000000000,exit_right
49100,1,0.0000000000,0.0000000000,0.3687829588,0.0000000000,scatter
49100,2,0.3687829588,0.0000000000,0.0000000000,-0.1101637030,exit_left
49200,1,0.0000000000,0.0000000000,2.5000000000,0.0000000000,exit_right
49300,1,0.0000000000,0.0000000000,0.6155750927,0.0000000000,scatter
49300,2,0.6155750927,0.0000000000,1.2599095045,-1.4697839521,scatter
49300,3,1.2599095045,-1.4697839521,2.5000000000,-1.2660137947,exit_right
49400,1,0.0000000000,0.0000000000,2.4635615300,0.0000000000,scatter
49400,2,2.4635615300,0.0000000000,2.5000000000,0.0833628059,exit_right
49500,1,0.0000000000,0.0000000000,2.5000000000,0.0000000000,exit_right
49600,1,0.0000000000,0.0000000000,0.6819100028,0.0000000000,absorb
49700,1,0.0000000000,0.0000000000,1.6091350159,0.0000000000,scatter
49700,2,1.6091350159,0.0000000000,1.7085522958,0.0603312538,scatter
49700,3,1.7085522958,0.0603312538,2.5000000000,1.4124789523,exit_right
49800,1,0.0000000000,0.0000000000,2.5000000000,0.0000000000,exit_right
49900,1,0.0000000000,0.0000000000,0.5072160608,0.0000000000,scatter
49900,2,0.5072160608,0.0000000000,1.1767872849,-0.8476770461,scatter
49900,3,1.1767872849,-0.8476770461,0.0324033774,-1.7308151593,scatter
49900,4,0.0324033774,-1.7308151593,0.0000000000,-1.7407372626,exit_left
50000,1,0.0000000000,0.0000000000,2.5000000000,0.0000000000,exit_right
50100,1,0.0000000000,0.0000000000,2.5000000000,0.0000000000,exit_right
50200,1,0.0000000000,0.0000000000,0.9021694336,0.0000000000,absorb
50300,1,0.0000000000,0.0000000000,1.1903791756,0.0000000000,scatter
50300,2,1.1903791756,0.0000000000,0.7258299614,-0.5834484540,scatter
50300,3,0.7258299614,-0.5834484540,1.4680610826,-1.1598177909,absorb
50400,1,0.0000000000,0.0000000000,0.8164970782,0.0000000000,scatter
50400,2,0.8164970782,0.0000000000,2.5000000000,-0.5107151341,exit_right
50500,1,0.0000000000,0.0000000000,1.0413526646,0.0000000000,scatter
50500,2,1.0413526646,0.0000000000,2.5000000000,-2.3312410675,exit_right
50600,1,0.0000000000,0.0000000000,0.4472070353,0.0000000000,scatter
50600,2,0.4472070353,0.0000000000,0.0000000000,0.0788073495,exit_left
50700,1,0.0000000000,0.0000000000,1.9777089298,0.0000000000,scatter
50700,2,1.9777089298,0.0000000000,2.5000000000,-0.1503296553,exit_right
50800,1,0.0000000000,0.0000000000,2.5000000000,0.0000000000,exit_right
50900,1,0.0000000000,0.0000000000,1.6633519412,0.0000000000,scatter
50900,2,1.6633519412,0.0000000000,1.0949893104,0.5142756877,scatter
50900,3,1.0949893104,0.5142756877,0.8300424377,1.8090196681,absorb
51000,1,0.0000000000,0.0000000000,0.8462829542,0.0000000000,scatter
51000,2,0.8462829542,0.0000000000,1.0471619457,-0.4905600428,scatter
51000,3,1.0471619457,-0.4905600428,0.6241432780,0.1615332779,scatter
51000,4,0.6241432780,0.1615332779,0.3769361404,0.1425010237,scatter
51000,5,0.3769361404,0.1425010237,0.2006368403,1.3905795520,scatter
51000,6,0.2006368403,1.3905795520,0.0000000000,0.3620199795,exit_left
51100,1,0.0000000000,0.0000000000,1.8775486701,0.0000000000,absorb
51200,1,0.0000000000,0.0000000000,0.4276088613,0.0000000000,scatter
51200,2,0.4276088613,0.0000000000,1.7881091186,0.5466864925,scatter
51200,3,1.7881091186,0.5466864925,1.8484130226,5.3586001223,scatter
51200,4,1.8484130226,5.3586001223,1.6969874632,4.3497316914,absorb
51300,1,0.0000000000,0.0000000000,1.4805541122,0.0000000000,scatter
51300,2,1.4805541122,0.0000000000,1.8257125714,0.9704191891,absorb
51400,1,0.0000000000,0.0000000000,2.0325250753,0.0000000000,scatter
51400,2,2.0325250753,0.0000000000,1.8356011155,0.2129778455,scatter
51400,3,1.8356011155,0.2129778455,1.9538538868,0.2026122531,absorb
51500,1,0.0000000000,0.0000000000,0.0041661793,0.0000000000,scatter
51500,2,0.0041661793,0.0000000000,0.6865040748,1.0741616546,absorb
51600,1,0.0000000000,0.0000000000,0.3657863974,0.0000000000,scatter
51600,2,0.3657863974,0.0000000000,0.0000000000,0.2418693892,exit_left
51700,1,0.0000000000,0.0000000000,0.0116383850,0.0000000000,scatter
51700,2,0.0116383850,0.0000000000,1.3406823075,-0.5813383801,scatter
51700,3,1.3406823075,-0.5813383801,1.3400620268,-0.4299477610,absorb
51800,1,0.0000000000,0.0000000000,1.2382082636,0.0000000000,scatter
51800,2,1.2382082636,0.0000000000,0.7745048519,-0.4687751286,scatter
51800,3,0.7745048519,-0.4687751286,0.2208558237,0.6315138291,absorb
51900,1,0.0000000000,0.0000000000,0.2369202099,0.0000000000,absorb
52000,1,0.0000000000,0.0000000000,2.5000000000,0.0000000000,exit_right
52100,1,0.0000000000,0.0000000000,1.8512732600,0.0000000000,absorb
52200,1,0.0000000000,0.0000000000,0.5642316874,0.0000000000,scatter
52200,2,0.5642316874,0.0000000000,0.7675089528,-0.6194969055,scatter
52200,3,0.7675089528,-0.6194969055,0.0000000000,-0.6868104210,exit_left
52300,1,0.0000000000,0.0000000000,1.6840204469,0.0000000000,scatter
52300,2,1.6840204469,0.0000000000,0.9406076649,1.1007733724,scatter
52300,3,0.9406076649,1.1007733724,0.0000000000,0.6176463761,exit_left
52400,1,0.0000000000,0.0000000000,2.5000000000,0.0000000000,exit_right
52500,1,0.0000000000,0.0000000000,0.4129410438,0.0000000000,scatter
52500,2,0.4129410438,0.0000000000,2.5000000000,-0.2150259119,exit_right
52600,1,0.0000000000,0.0000000000,2.5000000000,0.0000000000,exit_right
52700,1,0.0000000000,0.0000000000,1.2855471942,0.0000000000,absorb
52800,1,0.0000000000,0.0000000000,2.5000000000,0.0000000000,exit_right
52900,1,0.0000000000,0.0000000000,2.5000000000,0.0000000000,exit_right
53000,1,0.0000000000,0.0000000000,0.1093280646,0.0000000000,scatter
53000,2,0.1093280646,0.0000000000,0.3980696375,0.5395714482,scatter
53000,3,0.3980696375,0.5395714482,2.5000000000,-0.5431569969,exit_right
53100,1,0.0000000000,0.0000000000,1.9822580433,0.0000000000,scatter
53100,2,1.9822580433,0.0000000000,0.2111312154,-1.8463290063,scatter
53100,3,0.2111312154,-1.8463290063,0.3712201474,-1.8213787318,absorb
53200,1,0.0000000000,0.0000000000,0.0834019654,0.0000000000,scatter
53200,2,0.0834019654,0.0000000000,0.0000000000,0.0570208107,exit_left
53300,1,0.0000000000,0.0000000000,2.5000000000,0.0000000000,exit_right
53400,1,0.0000000000,0.0000000000,0.5224614656,0.0000000000,scatter
53400,2,0.5224614656,0.0000000000,0.0000000000,0.1557330713,exit_left
53500,1,0.0000000000,0.0000000000,2.5000000000,0.0000000000,exit_right
53600,1,0.0000000000,0.0000000000,2.5000000000,0.0000000000,exit_right
53700,1,0.0000000000,0.0000000000,1.2130114517,0.0000000000,scatter
53700,2,1.2130114517,0.0000000000,1.4339469561,0.0412194020,absorb
53800,1,0.0000000000,0.0000000000,1.3720621562,0.0000000000,scatter
53800,2,1.3720621562,0.0000000000,1.3828536796,0.4505057131,absorb
53900,1,0.0000000000,0.0000000000,0.1474150572,0.0000000000,scatter
53900,2,0.1474150572,0.0000000000,0.0000000000,-0.0991755379,exit_left
54000,1,0.0000000000,0.0000000000,2.0387406697,0.0000000000,scatter
54000,2,2.0387406697,0.0000000000,1.7246009764,0.4836135207,scatter
54000,3,1.7246009764,0.4836135207,2.5000000000,1.0153067283,exit_right
54100,1,0.0000000000,0.0000000000,1.0701330087,0.0000000000,scatter
54100,2,1.0701330087,0.0000000000,1.8134974878,-1.6255146908,scatter
54100,3,1.8134974878,-1.6255146908,2.4772802192,-0.8971436967,scatter
54100,4,2.4772802192,-0.8971436967,2.5000000000,-0.8775847100,exit_right
54200,1,0.0000000000,0.0000000000,2.5000000000,0.0000000000,exit_right
54300,1,0.0000000000,0.0000000000,2.5000000000,0.0000000000,exit_right
54400,1,0.0000000000,0.0000000000,0.1678483847,0.0000000000,scatter
54400,2,0.1678483847,0.0000000000,0.3529750243,-0.5378143416,scatter
54400,3,0.3529750243,-0.5378143416,0.0000000000,-0.5030738555,exit_left
54500,1,0.0000000000,0.0000000000,0.2528758001,0.0000000000,absorb
54600,1,0.0000000000,0.0000000000,0.2162571986,0.0000000000,scatter
54600,2,0.2162571986,0.0000000000,0.0000000000,0.8176020248,exit_left
54700,1,0.0000000000,0.0000000000,0.0414384963,0.0000000000,scatter
54700,2,0.0414384963,0.0000000000,0.0000000000,-0.1575825152,exit_left
54800,1,0.0000000000,0.0000000000,2.5000000000,0.0000000000,exit_right
54900,1,0.0000000000,0.0000000000,2.2482569463,0.0000000000,scatter
54900,2,2.2482569463,0.0000000000,1.4791051794,4.0689900129,scatter
54900,3,1.4791051794,4.0689900129,2.5000000000,3.8113730842,exit_right
55000,1,0.0000000000,0.0000000000,2.4215528850,0.0000000000,absorb
55100,1,0.0000000000,0.0000000000,2.4048809370,0.0000000000,scatter
55100,2,2.4048809370,0.0000000000,2.5000000000,0.0088533353,exit_right
55200,1,0.0000000000,0.0000000000,0.2542322823,0.0000000000,scatter
55200,2,0.2542322823,0.0000000000,0.0000000000,0.1589634695,exit_left
55300,1,0.0000000000,0.0000000000,2.5000000000,0.0000000000,exit_right
55400,1,0.0000000000,0.0000000000,0.2156275890,0.0000000000,scatter
55400,2,0.2156275890,0.0000000000,2.5000000000,-1.2011889492,exit_right
55500,1,0.0000000000,0.0000000000,1.0067745365,0.0000000000,absorb
55600,1,0.0000000000,0.0000000000,2.1346377926,0.0000000000,scatter
55600,2,2.1346377926,0.0000000000,1.6564020703,1.0094415235,scatter
55600,3,1.6564020703,1.0094415235,1.7459113200,1.0181491552,scatter
55600,4,1.7459113200,1.0181491552,1.5045507429,1.5310149720,scatter
55600,5,1.5045507429,1.5310149720,0.0000000000,2.4536189926,exit_left
55700,1,0.0000000000,0.0000000000,2.0894846103,0.0000000000,scatter
55700,2,2.0894846103,0.0000000000,1.9175549798,1.3281176984,scatter
55700,3,1.9175549798,1.3281176984,2.5000000000,3.8391546229,exit_right
55800,1,0.0000000000,0.0000000000,0.4272218614,0.0000000000,scatter
55800,2,0.4272218614,0.0000000000,1.2424724305,0.6849667996,absorb
55900,1,0.0000000000,0.0000000000,2.5000000000,0.0000000000,exit_right
56000,1,0.0000000000,0.0000000000,0.0734670910,0.0000000000,scatter
56000,2,0.0734670910,0.0000000000,2.4199566179,-4.6757431871,scatter
56000,3,2.4199566179,-4.6757431871,2.5000000000,-4.8250664292,exit_right
56100,1,0.0000000000,0.0000000000,2.5000000000,0.0000000000,exit_right
56200,1,0.0000000000,0.0000000000,0.8249171764,0.0000000000,scatter
56200,2,0.8249171764,0.0000000000,1.8949584479,1.0029008423,scatter
56200,3,1.8949584479,1.0029008423,2.2986353622,1.5049099265,absorb
56300,1,0.0000000000,0.0000000000,0.5596451875,0.0000000000,scatter
56300,2,0.5596451875,0.0000000000,0.6688724857,-0.2171996228,absorb
56400,1,0.0000000000,0.0000000000,2.5000000000,0.0000000000,exit_right
56500,1,0.0000000000,0.0000000000,0.0793942512,0.0000000000,scatter
56500,2,0.0793942512,0.0000000000,0.0000000000,-0.3512484014,exit_left
56600,1,0.0000000000,0.0000000000,0.3027418948,0.0000000000,scatter
56600,2,0.3027418948,0.0000000000,0.4646490303,-0.5921485494,scatter
56600,3,0.4646490303,-0.5921485494,0.1346372484,-1.6401143700,scatter
56600,4,0.1346372484,-1.6401143700,0.0000000000,-1.6262082058,exit_left
56700,1,0.0000000000,0.0000000000,1.0875854607,0.0000000000,scatter
56700,2,1.0875854607,0.0000000000,1.3502094097,0.9434871314,absorb
56800,1,0.0000000000,0.0000000000,0.2980728839,0.0000000000,scatter
56800,2,0.2980728839,0.0000000000,0.3758801518,-0.1921239561,scatter
56800,3,0.3758801518,-0.1921239561,1.8924229526,-0.4877520779,scatter
56800,4,1.8924229526,-0.4877520779,1.6513795834,-0.7890823039,scatter
56800,5,1.6513795834,-0.7890823039,0.0000000000,1.7427878609,exit_left
56900,1,0.0000000000,0.0000000000,1.4704877295,0.0000000000,scatter
56900,2,1.4704877295,0.0000000000,0.0000000000,0.5154476706,exit_left
57000,1,0.0000000000,0.0000000000,1.9133349740,0.0000000000,scatter
57000,2,1.9133349740,0.0000000000,2.5000000000,1.1211858763,exit_right
57100,1,0.0000000000,0.0000000000,0.4191101984,0.0000000000,scatter
57100,2,0.4191101984,0.0000000000,0.0000000000,-0.1307999597,exit_left
57200,1,0.0000000000,0.0000000000,0.6883253003,0.0000000000,scatter
57200,2,0.6883253003,0.0000000000,0.7464682797,0.0215100229,scatter
57200,3,0.7464682797,0.0215100229,1.4893965639,-5.1760296666,scatter
57200,4,1.4893965639,-5.1760296666,2.5000000000,-3.8612592742,exit_right
57300,1,0.0000000000,0.0000000000,1.9156790280,0.0000000000,scatter
57300,2,1.9156790280,0.0000000000,2.2132516050,0.5000894271,scatter
57300,3,2.2132516050,0.5000894271,2.3298914214,0.4025937398,scatter
57300,4,2.3298914214,0.4025937398,2.3663640009,0.0950328479,scatter
57300,5,2.3663640009,0.0950328479,2.5000000000,0.6610879346,exit_right
57400,1,0.0000000000,0.0000000000,0.7615586740,0.0000000000,scatter
57400,2,0.7615586740,0.0000000000,0.1027579298,-0.1363765040,absorb
57500,1,0.0000000000,0.0000000000,1.5426294315,0.0000000000,scatter
57500,2,1.5426294315,0.0000000000,2.5000000000,-1.7160895554,exit_right
57600,1,0.0000000000,0.0000000000,1.7529516325,0.0000000000,absorb
57700,1,0.0000000000,0.0000000000,0.4499446981,0.0000000000,scatter
57700,2,0.4499446981,0.0000000000,0.0000000000,2.2472101260,exit_left
57800,1,0.0000000000,0.0000000000,0.4955035755,0.0000000000,scatter
57800,2,0.4955035755,0.0000000000,2.2551081622,-0.4935774690,absorb
57900,1,0.0000000000,0.0000000000,2.0485304879,0.0000000000,scatter
57900,2,2.0485304879,0.0000000000,1.6993366619,-0.0359437650,scatter
57900,3,1.6993366619,-0.0359437650,2.4284104863,-0.1257999483,absorb
58000,1,0.0000000000,0.0000000000,1.5373060323,0.0000000000,absorb
58100,1,0.0000000000,0.0000000000,2.5000000000,0.0000000000,exit_right
58200,1,0.0000000000,0.0000000000,0.0026208666,0.0000000000,absorb
58300,1,0.0000000000,0.0000000000,0.5165058303,0.0000000000,scatter
58300,2,0.5165058303,0.0000000000,2.5000000000,-0.2105067220,exit_right
58400,1,0.0000000000,0.0000000000,1.8513977570,0.0000000000,scatter
58400,2,1.8513977570,0.0000000000,1.4484915358,-1.1846722311,scatter
58400,3,1.4484915358,-1.1846722311,0.9479563988,-0.7637126888,scatter
58400,4,0.9479563988,-0.7637126888,0.0000000000,-4.4088948765,exit_left
58500,1,0.0000000000,0.0000000000,0.0914175364,0.0000000000,scatter
58500,2,0.0914175364,0.0000000000,2.5000000000,2.7430757740,exit_right
58600,1,0.0000000000,0.0000000000,1.1820871058,0.0000000000,scatter
58600,2,1.1820871058,0.0000000000,1.8481489418,0.9957242420,absorb
58700,1,0.0000000000,0.0000000000,1.3300513489,0.0000000000,scatter
58700,2,1.3300513489,0.0000000000,0.1676670318,-0.9888739978,scatter
58700,3,0.1676670318,-0.9888739978,0.1474438575,-1.0124407014,scatter
58700,4,0.1474438575,-1.0124407014,2.5000000000,-0.3898937462,exit_right
58800,1,0.0000000000,0.0000000000,0.5022004837,0.0000000000,scatter
58800,2,0.5022004837,0.0000000000,2.4338980078,-3.7076343203,scatter
58800,3,2.4338980078,-3.7076343203,2.5000000000,-3.8541820487,exit_right
58900,1,0.0000000000,0.0000000000,0.6962950125,0.0000000000,scatter
58900,2,0.6962950125,0.0000000000,0.0186725885,0.6859468706,scatter
58900,3,0.0186725885,0.6859468706,0.0958969046,3.3374074314,absorb
59000,1,0.0000000000,0.0000000000,2.5000000000,0.0000000000,exit_right
59100,1,0.0000000000,0.0000000000,2.5000000000,0.0000000000,exit_right
59200,1,0.0000000000,0.0000000000,0.1975848552,0.0000000000,scatter
59200,2,0.1975848552,0.0000000000,0.0000000000,-0.2435164434,exit_left
59300,1,0.0000000000,0.0000000000,2.4946301359,0.0000000000,absorb
59400,1,0.0000000000,0.0000000000,0.3161167638,0.0000000000,scatter
59400,2,0.3161167638,0.0000000000,0.0000000000,0.1936862820,exit_left
59500,1,0.0000000000,0.0000000000,2.5000000000,0.0000000000,exit_right
59600,1,0.0000000000,0.0000000000,0.1566707257,0.0000000000,scatter
59600,2,0.1566707257,0.0000000000,0.0000000000,0.0702607167,exit_left
59700,1,0.0000000000,0.0000000000,2.5000000000,0.0000000000,exit_right
59800,1,0.0000000000,0.0000000000,0.0014850030,0.0000000000,scatter
59800,2,0.0014850030,0.0000000000,0.0000000000,-0.0016088362,exit_left
59900,1,0.0000000000,0.0000000000,1.6352831154,0.0000000000,absorb
60000,1,0.0000000000,0.0000000000,0.1382434207,0.0000000000,scatter
60000,2,0.1382434207,0.0000000000,2.5000000000,1.1117377294,exit_right
60100,1,0.0000000000,0.0000000000,2.0225336798,0.0000000000,scatter
60100,2,2.0225336798,0.0000000000,2.4854319447,0.2718544850,absorb
60200,1,0.0000000000,0.0000000000,0.0647035007,0.0000000000,absorb
60300,1,0.0000000000,0.0000000000,0.2155766426,0.0000000000,scatter
60300,2,0.2155766426,0.0000000000,0.5561762131,-0.1440080858,scatter
60300,3,0.5561762131,-0.1440080858,1.1833175869,-0.4286650167,absorb
60400,1,0.0000000000,0.0000000000,2.5000000000,0.0000000000,exit_right
60500,1,0.0000000000,0.0000000000,2.5000000000,0.0000000000,exit_right
60600,1,0.0000000000,0.0000000000,2.2593588968,0.0000000000,scatter
60600,2,2.2593588968,0.0000000000,2.5000000000,0.1234059841,exit_right
60700,1,0.0000000000,0.0000000000,2.5000000000,0.0000000000,exit_right
60800,1,0.0000000000,0.0000000000,1.1007112612,0.0000000000,scatter
60800,2,1.1007112612,0.0000000000,1.6539160306,0.1090303410,scatter
60800,3,1.6539160306,0.1090303410,1.8745252813,-0.4356206817,scatter
60800,4,1.8745252813,-0.4356206817,0.0000000000,-0.5204365389,exit_left
60900,1,0.0000000000,0.0000000000,2.5000000000,0.0000000000,exit_right
61000,1,0.0000000000,0.0000000000,2.5000000000,0.0000000000,exit_right
61100,1,0.0000000000,0.0000000000,2.3149157926,0.0000000000,scatter
61100,2,2.3149157926,0.0000000000,0.5909598055,2.6118660941,scatter
61100,3,0.5909598055,2.6118660941,0.2601488330,3.1695744259,absorb
61200,1,0.0000000000,0.0000000000,1.0535988561,0.0000000000,absorb
61300,1,0.0000000000,0.0000000000,0.1702397258,0.0000000000,scatter
61300,2,0.1702397258,0.0000000000,0.5215630928,-1.0945117366,scatter
61300,3,0.5215630928,-1.0945117366,0.5497655615,-0.6999903141,scatter
61300,4,0.5497655615,-0.6999903141,0.0000000000,-0.7760973441,exit_left
61400,1,0.0000000000,0.0000000000,2.5000000000,0.0000000000,exit_right
61500,1,0.0000000000,0.0000000000,0.3552260793,0.0000000000,scatter
61500,2,0.3552260793,0.0000000000,0.7022572443,-0.9442036117,scatter
61500,3,0.7022572443,-0.9442036117,0.7615708128,-2.9959466593,scatter
61500,4,0.7615708128,-2.9959466593,0.2967546352,-2.6039156328,scatter
61500,5,0.2967546352,-2.6039156328,0.0000000000,-2.3495951842,exit_left
61600,1,0.0000000000,0.0000000000,0.3925008093,0.0000000000,scatter
61600,2,0.3925008093,0.0000000000,0.0737566344,0.5134599855,scatter
61600,3,0.0737566344,0.5134599855,0.0000000000,0.4409350463,exit_left
61700,1,0.0000000000,0.0000000000,1.2464117108,0.0000000000,scatter
61700,2,1.2464117108,0.0000000000,2.1065422926,0.4114960992,scatter
61700,3,2.1065422926,0.4114960992,2.5000000000,0.1173018156,exit_right
61800,1,0.0000000000,0.0000000000,2.5000000000,0.0000000000,exit_right
61900,1,0.0000000000,0.0000000000,0.3471538939,0.0000000000,absorb
62000,1,0.0000000000,0.0000000000,0.8154489221,0.0000000000,absorb
62100,1,0.0000000000,0.0000000000,2.5000000000,0.0000000000,exit_right
62200,1,0.0000000000,0.0000000000,0.7887130127,0.0000000000,absorb
62300,1,0.0000000000,0.0000000000,1.2874844995,0.0000000000,scatter
62300,2,1.2874844995,0.0000000000,2.5000000000,-1.8445208501,exit_right
62400,1,0.0000000000,0.0000000000,1.3619099080,0.0000000000,scatter
62400,2,1.3619099080,0.0000000000,0.5745637239,1.5619388745,absorb
62500,1,0.0000000000,0.0000000000,2.5000000000,0.0000000000,exit_right
62600,1,0.0000000000,0.0000000000,2.5000000000,0.0000000000,exit_right
62700,1,0.0000000000,0.0000000000,2.5000000000,0.0000000000,exit_right
62800,1,0.0000000000,0.0000000000,1.9787130229,0.0000000000,scatter
62800,2,1.9787130229,0.0000000000,2.5000000000,-0.1812376611,exit_right
62900,1,0.0000000000,0.0000000000,0.1004702457,0.0000000000,absorb
63000,1,0.0000000000,0.0000000000,0.6189388160,0.0000000000,scatter
63000,2,0.6189388160,0.0000000000,0.6938548756,0.0972054124,scatter
63000,3,0.6938548756,0.0972054124,0.0000000000,1.0643013591,exit_left
63100,1,0.0000000000,0.0000000000,0.9732393845,0.0000000000,scatter
63100,2,0.9732393845,0.0000000000,1.2404086567,0.1645564092,scatter
63100,3,1.2404086567,0.1645564092,0.0000000000,0.0379071224,exit_left
63200,1,0.0000000000,0.0000000000,2.5000000000,0.0000000000,exit_right
63300,1,0.0000000000,0.0000000000,0.4376441734,0.0000000000,scatter
63300,2,0.4376441734,0.0000000000,0.6178118698,-0.6641604720,absorb
63400,1,0.0000000000,0.0000000000,0.1368002422,0.0000000000,scatter
63400,2,0.1368002422,0.0000000000,0.0000000000,-0.2825749347,exit_left
63500,1,0.0000000000,0.0000000000,0.2624897123,0.0000000000,scatter
63500,2,0.2624897123,0.0000000000,1.3243170852,1.5521374158,absorb
63600,1,0.0000000000,0.0000000000,0.1993542959,0.0000000000,absorb
63700,1,0.0000000000,0.0000000000,1.5355230054,0.0000000000,scatter
63700,2,1.5355230054,0.0000000000,0.7697746205,1.0720419985,scatter
63700,3,0.7697746205,1.0720419985,0.7830071251,1.2087591103,scatter
63700,4,0.7830071251,1.2087591103,0.0000000000,0.1680931818,exit_left
63800,1,0.0000000000,0.0000000000,0.6957446382,0.0000000000,scatter
63800,2,0.6957446382,0.0000000000,0.0000000000,-0.3435294196,exit_left
63900,1,0.0000000000,0.0000000000,0.0609130964,0.0000000000,scatter
63900,2,0.0609130964,0.0000000000,0.0000000000,0.0608061888,exit_left
64000,1,0.0000000000,0.0000000000,0.0947091810,0.0000000000,scatter
64000,2,0.0947091810,0.0000000000,0.0000000000,0.0002152112,exit_left
64100,1,0.0000000000,0.0000000000,2.1962625318,0.0000000000,scatter
64100,2,2.1962625318,0.0000000000,2.2118089153,-0.0097382471,scatter
64100,3,2.2118089153,-0.0097382471,1.2201311292,-0.3716420663,absorb
64200,1,0.0000000000,0.0000000000,0.3826904647,0.0000000000,scatter
64200,2,0.3826904647,0.0000000000,0.2978027135,0.2502191544,scatter
64200,3,0.2978027135,0.2502191544,0.0000000000,0.1924624029,exit_left
64300,1,0.0000000000,0.0000000000,1.2980590962,0.0000000000,absorb
64400,1,0.0000000000,0.0000000000,0.0648566713,0.0000000000,scatter
64400,2,0.0648566713,0.0000000000,0.0000000000,-0.0405581322,exit_left
64500,1,0.0000000000,0.0000000000,1.5887481229,0.0000000000,absorb
64600,1,0.0000000000,0.0000000000,2.5000000000,0.0000000000,exit_right
64700,1,0.0000000000,0.0000000000,2.5000000000,0.0000000000,exit_right
64800,1,0.0000000000,0.0000000000,2.5000000000,0.0000000000,exit_right
64900,1,0.0000000000,0.0000000000,2.5000000000,0.0000000000,exit_right
65000,1,0.0000000000,0.0000000000,2.5000000000,0.0000000000,exit_right
65100,1,0.0000000000,0.0000000000,2.5000000000,0.0000000000,exit_right
65200,1,0.0000000000,0.0000000000,0.3837180759,0.0000000000,scatter
65200,2,0.3837180759,0.0000000000,0.0000000000,-0.1360683549,exit_left
65300,1,0.0000000000,0.0000000000,2.5000000000,0.0000000000,exit_right
65400,1,0.0000000000,0.0000000000,2.1862589739,0.0000000000,scatter
65400,2,2.1862589739,0.0000000000,2.2359132619,-0.1363286009,absorb
65500,1,0.0000000000,0.0000000000,2.5000000000,0.0000000000,exit_right
65600,1,0.0000000000,0.0000000000,2.5000000000,0.0000000000,exit_right
65700,1,0.0000000000,0.0000000000,1.5130073650,0.0000000000,scatter
65700,2,1.5130073650,0.0000000000,0.0000000000,0.5658974856,exit_left
65800,1,0.0000000000,0.0000000000,2.5000000000,0.0000000000,exit_right
65900,1,0.0000000000,0.0000000000,1.6465504775,0.0000000000,scatter
65900,2,1.6465504775,0.0000000000,2.3576661680,2.4924658325,scatter
65900,3,2.3576661680,2.4924658325,2.1695480690,0.8784176699,scatter
65900,4,2.1695480690,0.8784176699,2.1435160755,0.4404523792,scatter
65900,5,2.1435160755,0.4404523792,2.5000000000,0.0257102474,exit_right
66000,1,0.0000000000,0.0000000000,0.5438200253,0.0000000000,absorb
66100,1,0.0000000000,0.0000000000,0.6149986672,0.0000000000,scatter
66100,2,0.6149986672,0.0000000000,0.9136032828,-0.3285551541,scatter
66100,3,0.9136032828,-0.3285551541,2.2189368473,-4.7431511917,absorb
66200,1,0.0000000000,0.0000000000,2.5000000000,0.0000000000,exit_right
66300,1,0.0000000000,0.0000000000,0.1910137314,0.0000000000,scatter
66300,2,0.1910137314,0.0000000000,0.0063405033,-0.6098154394,scatter
66300,3,0.0063405033,-0.6098154394,0.0000000000,-0.6182553605,exit_left
66400,1,0.0000000000,0.0000000000,1.7298679192,0.0000000000,scatter
66400,2,1.7298679192,0.0000000000,1.5074588320,2.4426093891,scatter
66400,3,1.5074588320,2.4426093891,2.5000000000,2.1793996373,exit_right
66500,1,0.0000000000,0.0000000000,2.0509472247,0.0000000000,absorb
66600,1,0.0000000000,0.0000000000,2.5000000000,0.0000000000,exit_right
66700,1,0.0000000000,0.0000000000,0.9228264508,0.0000000000,scatter
66700,2,0.9228264508,0.0000000000,0.9364417793,-0.0170026134,scatter
66700,3,0.9364417793,-0.0170026134,0.0000000000,0.3639580099,exit_left
66800,1,0.0000000000,0.0000000000,0.1513835360,0.0000000000,scatter
66800,2,0.1513835360,0.0000000000,0.1970302820,0.4916299406,scatter
66800,3,0.1970302820,0.4916299406,0.0000000000,0.2975389872,exit_left
66900,1,0.0000000000,0.0000000000,2.5000000000,0.0000000000,exit_right
67000,1,0.0000000000,0.0000000000,1.5148326222,0.0000000000,scatter
67000,2,1.5148326222,0.0000000000,2.3639993547,0.2235180273,scatter
67000,3,2.3639993547,0.2235180273,2.5000000000,0.3090338913,exit_right
67100,1,0.0000000000,0.0000000000,0.3282118712,0.0000000000,scatter
67100,2,0.3282118712,0.0000000000,0.0000000000,0.2456827651,exit_left
67200,1,0.0000000000,0.0000000000,0.4585187970,0.0000000000,scatter
67200,2,0.4585187970,0.0000000000,0.0000000000,-0.7182645950,exit_left
67300,1,0.0000000000,0.0000000000,0.3689886541,0.0000000000,scatter
67300,2,0.3689886541,0.0000000000,0.2185205242,0.6300284478,absorb
67400,1,0.0000000000,0.0000000000,1.9133911687,0.0000000000,scatter
67400,2,1.9133911687,0.0000000000,2.5000000000,0.5475456264,exit_right
67500,1,0.0000000000,0.0000000000,0.6507268948,0.0000000000,scatter
67500,2,0.6507268948,0.0000000000,0.0000000000,-3.5810584903,exit_left
67600,1,0.0000000000,0.0000000000,2.5000000000,0.0000000000,exit_right
67700,1,0.0000000000,0.0000000000,0.6887244280,0.0000000000,absorb
67800,1,0.0000000000,0.0000000000,0.1678613534,0.0000000000,scatter
67800,2,0.1678613534,0.0000000000,0.2928028622,-0.7184146444,scatter
67800,3,0.2928028622,-0.7184146444,0.2535477541,-0.7374785882,scatter
67800,4,0.2535477541,-0.7374785882,0.0000000000,-1.0670483917,exit_left
67900,1,0.0000000000,0.0000000000,2.5000000000,0.0000000000,exit_right
68000,1,0.0000000000,0.0000000000,1.0397401707,0.0000000000,scatter
68000,2,1.0397401707,0.0000000000,0.5760634554,-1.0057893258,scatter
68000,3,0.5760634554,-1.0057893258,0.0000000000,-1.3065534475,exit_left
68100,1,0.0000000000,0.0000000000,2.5000000000,0.0000000000,exit_right
68200,1,0.0000000000,0.0000000000,0.4306111634,0.0000000000,scatter
68200,2,0.4306111634,0.0000000000,0.0000000000,0.2310905333,exit_left
68300,1,0.0000000000,0.0000000000,0.0312977304,0.0000000000,scatter
68300,2,0.0312977304,0.0000000000,0.0000000000,-0.0281157515,exit_left
68400,1,0.0000000000,0.0000000000,1.0897550009,0.0000000000,scatter
68400,2,1.0897550009,0.0000000000,0.0000000000,0.2193614398,exit_left
68500,1,0.0000000000,0.0000000000,2.2253056420,0.0000000000,scatter
68500,2,2.2253056420,0.0000000000,2.5000000000,-0.7248221017,exit_right
68600,1,0.0000000000,0.0000000000,1.4459799358,0.0000000000,scatter
68600,2,1.4459799358,0.0000000000,0.5336599209,-1.6295309630,scatter
68600,3,0.5336599209,-1.6295309630,0.6718201107,-1.9488076261,scatter
68600,4,0.6718201107,-1.9488076261,0.1142314226,-4.8374850878,scatter
68600,5,0.1142314226,-4.8374850878,0.1183245262,-4.7781721261,scatter
68600,6,0.1183245262,-4.7781721261,1.4353994870,-4.7585352999,scatter
68600,7,1.4353994870,-4.7585352999,0.9791102167,-6.4155130086,scatter
68600,8,0.9791102167,-6.4155130086,0.9739480182,-6.4138291303,scatter
68600,9,0.9739480182,-6.4138291303,0.9391743298,-6.2809181601,scatter
68600,10,0.9391743298,-6.2809181601,2.5000000000,-5.5400192790,exit_right
68700,1,0.0000000000,0.0000000000,2.5000000000,0.0000000000,exit_right
68800,1,0.0000000000,0.0000000000,0.6410051962,0.0000000000,scatter
68800,2,0.6410051962,0.0000000000,1.5185472068,2.0828218590,scatter
68800,3,1.5185472068,2.0828218590,0.7043395113,2.2495023527,scatter
68800,4,0.7043395113,2.2495023527,0.6924982895,2.1580701839,absorb
68900,1,0.0000000000,0.0000000000,2.5000000000,0.0000000000,exit_right
69000,1,0.0000000000,0.0000000000,0.8154849033,0.0000000000,scatter
69000,2,0.8154849033,0.0000000000,0.8995572948,-0.9422730415,absorb
69100,1,0.0000000000,0.0000000000,2.5000000000,0.0000000000,exit_right
69200,1,0.0000000000,0.0000000000,0.6740721096,0.0000000000,absorb
69300,1,0.0000000000,0.0000000000,2.0636443352,0.0000000000,scatter
69300,2,2.0636443352,0.0000000000,2.4542910976,-1.4625182350,scatter
69300,3,2.4542910976,-1.4625182350,0.0000000000,-0.5373051432,exit_left
69400,1,0.0000000000,0.0000000000,0.1082726274,0.0000000000,scatter
69400,2,0.1082726274,0.0000000000,0.9669431759,1.4492610585,scatter
69400,3,0.9669431759,1.4492610585,2.3492595814,2.7673215488,absorb
69500,1,0.0000000000,0.0000000000,1.1096070548,0.0000000000,scatter
69500,2,1.1096070548,0.0000000000,2.5000000000,0.4501920675,exit_right
69600,1,0.0000000000,0.0000000000,2.5000000000,0.0000000000,exit_right
69700,1,0.0000000000,0.0000000000,2.5000000000,0.0000000000,exit_right
69800,1,0.0000000000,0.0000000000,0.4221432816,0.0000000000,scatter
69800,2,0.4221432816,0.0000000000,1.6619094702,0.1395340729,scatter
69800,3,1.6619094702,0.1395340729,2.5000000000,2.2367767471,exit_right
69900,1,0.0000000000,0.0000000000,2.1505307657,0.0000000000,scatter
69900,2,2.1505307657,0.0000000000,2.5000000000,0.2884968109,exit_right
70000,1,0.0000000000,0.0000000000,2.5000000000,0.0000000000,exit_right
70100,1,0.0000000000,0.0000000000,2.1687177914,0.0000000000,scatter
70100,2,2.1687177914,0.0000000000,1.7495749194,3.5827664589,scatter
70100,3,1.7495749194,3.5827664589,1.7526500005,3.5380502569,scatter
70100,4,1.7526500005,3.5380502569,0.3987834023,6.9820699085,scatter
70100,5,0.3987834023,6.9820699085,0.0000000000,7.2623168316,exit_left
70200,1,0.0000000000,0.0000000000,1.6576088830,0.0000000000,scatter
70200,2,1.6576088830,0.0000000000,2.1254191988,-1.0158338473,scatter
70200,3,2.1254191988,-1.0158338473,2.0836032283,-0.9656670859,scatter
70200,4,2.0836032283,-0.9656670859,0.0000000000,-1.4225968069,exit_left
70300,1,0.0000000000,0.0000000000,1.2047886068,0.0000000000,absorb
70400,1,0.0000000000,0.0000000000,2.5000000000,0.0000000000,exit_right
70500,1,0.0000000000,0.0000000000,2.5000000000,0.0000000000,exit_right
70600,1,0.0000000000,0.0000000000,0.7596796944,0.0000000000,scatter
70600,2,0.7596796944,0.0000000000,2.5000000000,-1.5130668960,exit_right
70700,1,0.0000000000,0.0000000000,0.3208989095,0.0000000000,scatter
70700,2,0.3208989095,0.0000000000,1.0344522219,0.0544407028,scatter
70700,3,1.0344522219,0.0544407028,1.6781676947,-2.3330872914,scatter
70700,4,1.6781676947,-2.3330872914,0.4598555234,-0.5028053481,scatter
70700,5,0.4598555234,-0.5028053481,0.0000000000,-0.3866643279,exit_left
70800,1,0.0000000000,0.0000000000,0.3867317634,0.0000000000,absorb
70900,1,0.0000000000,0.0000000000,2.5000000000,0.0000000000,exit_right
71000,1,0.0000000000,0.0000000000,2.3752581747,0.0000000000,absorb
71100,1,0.0000000000,0.0000000000,2.5000000000,0.0000000000,exit_right
71200,1,0.0000000000,0.0000000000,0.8522861636,0.0000000000,scatter
71200,2,0.8522861636,0.0000000000,0.8942537688,3.9596805578,scatter
71200,3,0.8942537688,3.9596805578,0.8426133694,3.8286441186,scatter
71200,4,0.8426133694,3.8286441186,2.0234637234,4.6666171526,scatter
71200,5,2.0234637234,4.6666171526,1.3269708534,5.6708141454,scatter
71200,6,1.3269708534,5.6708141454,1.5280724394,5.7873210370,absorb
71300,1,0.0000000000,0.0000000000,1.3013611043,0.0000000000,scatter
71300,2,1.3013611043,0.0000000000,1.3200376264,0.0042177767,scatter
71300,3,1.3200376264,0.0042177767,2.5000000000,-0.1207860325,exit_right
71400,1,0.0000000000,0.0000000000,1.1231350711,0.0000000000,scatter
71400,2,1.1231350711,0.0000000000,0.0000000000,0.3689095386,exit_left
71500,1,0.0000000000,0.0000000000,2.5000000000,0.0000000000,exit_right
71600,1,0.0000000000,0.0000000000,0.9774702269,0.0000000000,scatter
71600,2,0.9774702269,0.0000000000,0.0000000000,0.3930958857,exit_left
71700,1,0.0000000000,0.0000000000,2.5000000000,0.0000000000,exit_right
71800,1,0.0000000000,0.0000000000,1.5361696060,0.0000000000,scatter
71800,2,1.5361696060,0.0000000000,2.2290086662,-0.2672105796,scatter
71800,3,2.2290086662,-0.2672105796,0.0000000000,-1.6446268270,exit_left
71900,1,0.0000000000,0.0000000000,2.5000000000,0.0000000000,exit_right
72000,1,0.0000000000,0.0000000000,0.9154259106,0.0000000000,scatter
72000,2,0.9154259106,0.0000000000,2.5000000000,1.1271320549,exit_right
72100,1,0.0000000000,0.0000000000,0.9960661127,0.0000000000,absorb
72200,1,0.0000000000,0.0000000000,1.7162182600,0.0000000000,scatter
72200,2,1.7162182600,0.0000000000,0.5090057977,0.0422243949,scatter
72200,3,0.5090057977,0.0422243949,0.4264246640,0.8122586631,scatter
72200,4,0.4264246640,0.8122586631,0.8705088750,-2.8401078167,scatter
72200,5,0.8705088750,-2.8401078167,0.6214306837,-2.7099551795,absorb
72300,1,0.0000000000,0.0000000000,1.4948665257,0.0000000000,scatter
72300,2,1.4948665257,0.0000000000,2.0174336224,0.2017829429,scatter
72300,3,2.0174336224,0.2017829429,0.0000000000,-0.7716756265,exit_left
72400,1,0.0000000000,0.0000000000,1.6455562184,0.0000000000,scatter
72400,2,1.6455562184,0.0000000000,1.6661651816,-0.0174994562,scatter
72400,3,1.6661651816,-0.0174994562,2.5000000000,0.6696114156,exit_right
72500,1,0.0000000000,0.0000000000,0.6456670895,0.0000000000,absorb
72600,1,0.0000000000,0.0000000000,2.0277466673,0.0000000000,absorb
72700,1,0.0000000000,0.0000000000,2.5000000000,0.0000000000,exit_right
72800,1,0.0000000000,0.0000000000,2.5000000000,0.0000000000,exit_right
72900,1,0.0000000000,0.0000000000,1.5954993924,0.0000000000,scatter
72900,2,1.5954993924,0.0000000000,2.2687817488,-0.2402944068,scatter
72900,3,2.2687817488,-0.2402944068,2.3015886512,0.6770849807,scatter
72900,4,2.3015886512,0.6770849807,2.3880289815,1.0634336628,scatter
72900,5,2.3880289815,1.0634336628,1.5654266852,0.4551996764,scatter
72900,6,1.5654266852,0.4551996764,0.0000000000,1.0172449504,exit_left
73000,1,0.0000000000,0.0000000000,0.3306695003,0.0000000000,scatter
73000,2,0.3306695003,0.0000000000,0.2738373485,0.1345814877,absorb
73100,1,0.0000000000,0.0000000000,1.7322355483,0.0000000000,scatter
73100,2,1.7322355483,0.0000000000,2.5000000000,-0.5312232225,exit_right
73200,1,0.0000000000,0.0000000000,1.3021255806,0.0000000000,absorb
73300,1,0.0000000000,0.0000000000,2.5000000000,0.0000000000,exit_right
73400,1,0.0000000000,0.0000000000,2.5000000000,0.0000000000,exit_right
73500,1,0.0000000000,0.0000000000,2.5000000000,0.0000000000,exit_right
73600,1,0.0000000000,0.0000000000,1.1111699209,0.0000000000,scatter
73600,2,1.1111699209,0.0000000000,1.6687991641,1.0559984535,scatter
73600,3,1.6687991641,1.0559984535,1.6060393741,3.6377596602,scatter
73600,4,1.6060393741,3.6377596602,2.0727219618,4.0240747324,scatter
73600,5,2.0727219618,4.0240747324,2.0128238156,4.5880119788,scatter
73600,6,2.0128238156,4.5880119788,2.5000000000,4.5954018970,exit_right
73700,1,0.0000000000,0.0000000000,2.5000000000,0.0000000000,exit_right
73800,1,0.0000000000,0.0000000000,1.4600458953,0.0000000000,scatter
73800,2,1.4600458953,0.0000000000,1.7847055618,0.9564588711,scatter
73800,3,1.7847055618,0.9564588711,1.7221888533,0.9627654539,scatter
73800,4,1.7221888533,0.9627654539,1.6291962488,3.7882224246,absorb
73900,1,0.0000000000,0.0000000000,2.5000000000,0.0000000000,exit_right
74000,1,0.0000000000,0.0000000000,2.5000000000,0.0000000000,exit_right
74100,1,0.0000000000,0.0000000000,0.1871268814,0.0000000000,scatter
74100,2,0.1871268814,0.0000000000,0.0000000000,-0.2153093913,exit_left
74200,1,0.0000000000,0.0000000000,2.5000000000,0.0000000000,exit_right
74300,1,0.0000000000,0.0000000000,0.4778294310,0.0000000000,scatter
74300,2,0.4778294310,0.0000000000,0.0000000000,-0.0154374112,exit_left
74400,1,0.0000000000,0.0000000000,0.5040192372,0.0000000000,scatter
74400,2,0.5040192372,0.0000000000,2.5000000000,0.7705055541,exit_right
74500,1,0.0000000000,0.0000000000,0.1932207120,0.0000000000,scatter
74500,2,0.1932207120,0.0000000000,0.3281939258,0.4365671949,scatter
74500,3,0.3281939258,0.4365671949,1.3690410730,-0.4705738165,scatter
74500,4,1.3690410730,-0.4705738165,2.5000000000,0.6605025398,exit_right
74600,1,0.0000000000,0.0000000000,0.6994573819,0.0000000000,scatter
74600,2,0.6994573819,0.0000000000,2.5000000000,0.2882805937,exit_right
74700,1,0.0000000000,0.0000000000,2.5000000000,0.0000000000,exit_right
74800,1,0.0000000000,0.0000000000,2.5000000000,0.0000000000,exit_right
74900,1,0.0000000000,0.0000000000,0.2346927973,0.0000000000,scatter
74900,2,0.2346927973,0.0000000000,0.0690177644,0.2914856523,scatter
74900,3,0.0690177644,0.2914856523,0.0320676410,0.4792288664,scatter
74900,4,0.0320676410,0.4792288664,1.0218218829,1.9012532344,scatter
74900,5,1.0218218829,1.9012532344,0.9619329406,4.3716649806,scatter
74900,6,0.9619329406,4.3716649806,1.0066720057,4.1480172416,scatter
74900,7,1.0066720057,4.1480172416,0.2031696781,3.4075829711,scatter
74900,8,0.2031696781,3.4075829711,2.5000000000,5.0667558017,exit_right
75000,1,0.0000000000,0.0000000000,2.5000000000,0.0000000000,exit_right
75100,1,0.0000000000,0.0000000000,0.8440838421,0.0000000000,absorb
75200,1,0.0000000000,0.0000000000,0.0304664661,0.0000000000,scatter
75200,2,0.0304664661,0.0000000000,0.0000000000,0.0269914014,exit_left
75300,1,0.0000000000,0.0000000000,2.5000000000,0.0000000000,exit_right
75400,1,0.0000000000,0.0000000000,2.5000000000,0.0000000000,exit_right
75500,1,0.0000000000,0.0000000000,0.9593476311,0.0000000000,scatter
75500,2,0.9593476311,0.0000000000,2.5000000000,-1.5202231316,exit_right
75600,1,0.0000000000,0.0000000000,0.3235505868,0.0000000000,absorb
75700,1,0.0000000000,0.0000000000,2.5000000000,0.0000000000,exit_right
75800,1,0.0000000000,0.0000000000,2.5000000000,0.0000000000,exit_right
75900,1,0.0000000000,0.0000000000,0.0365565934,0.0000000000,scatter
75900,2,0.0365565934,0.0000000000,0.4298942221,4.2339539062,scatter
75900,3,0.4298942221,4.2339539062,0.0000000000,3.8618246866,exit_left
76000,1,0.0000000000,0.0000000000,2.1485939141,0.0000000000,scatter
76000,2,2.1485939141,0.0000000000,1.8529323085,3.9480828160,absorb
76100,1,0.0000000000,0.0000000000,2.5000000000,0.0000000000,exit_right
76200,1,0.0000000000,0.0000000000,1.6191313348,0.0000000000,scatter
76200,2,1.6191313348,0.0000000000,1.5688401030,0.0866424568,absorb
76300,1,0.0000000000,0.0000000000,0.1991255668,0.0000000000,absorb
76400,1,0.0000000000,0.0000000000,2.5000000000,0.0000000000,exit_right
76500,1,0.0000000000,0.0000000000,2.3959463696,0.0000000000,absorb
76600,1,0.0000000000,0.0000000000,2.5000000000,0.0000000000,exit_right
76700,1,0.0000000000,0.0000000000,2.5000000000,0.0000000000,exit_right
76800,1,0.0000000000,0.0000000000,0.5170343836,0.0000000000,scatter
76800,2,0.5170343836,0.0000000000,1.2588098701,3.4780618871,scatter
76800,3,1.2588098701,3.4780618871,1.6205816223,3.1667377442,scatter
76800,4,1.6205816223,3.1667377442,1.7146105014,2.8249862451,scatter
76800,5,1.7146105014,2.8249862451,1.9569191050,-0.4564039324,scatter
76800,6,1.9569191050,-0.4564039324,2.5000000000,0.3997978757,exit_right
76900,1,0.0000000000,0.0000000000,0.0107064399,0.0000000000,scatter
76900,2,0.0107064399,0.0000000000,0.0000000000,-0.0013910821,exit_left
77000,1,0.0000000000,0.0000000000,1.5734068608,0.0000000000,scatter
77000,2,1.5734068608,0.0000000000,1.8018721758,-2.5297878731,scatter
77000,3,1.8018721758,-2.5297878731,0.0000000000,-2.9395442673,exit_left
77100,1,0.0000000000,0.0000000000,0.1071053727,0.0000000000,absorb
77200,1,0.0000000000,0.0000000000,1.1689239094,0.0000000000,scatter
77200,2,1.1689239094,0.0000000000,1.0527445058,-0.8957762209,scatter
77200,3,1.0527445058,-0.8957762209,0.5438133560,2.9701399567,scatter
77200,4,0.5438133560,2.9701399567,2.5000000000,5.0310446253,exit_right
77300,1,0.0000000000,0.0000000000,0.1849354773,0.0000000000,scatter
77300,2,0.1849354773,0.0000000000,0.0000000000,-0.5105105282,exit_left
77400,1,0.0000000000,0.0000000000,0.3485839769,0.0000000000,absorb
77500,1,0.0000000000,0.0000000000,2.2592687227,0.0000000000,scatter
77500,2,2.2592687227,0.0000000000,2.5000000000,-0.8304547933,exit_right
77600,1,0.0000000000,0.0000000000,0.5516196790,0.0000000000,absorb
77700,1,0.0000000000,0.0000000000,1.1506860869,0.0000000000,scatter
77700,2,1.1506860869,0.0000000000,1.5841271701,-0.5437995470,absorb
77800,1,0.0000000000,0.0000000000,0.1356889036,0.0000000000,scatter
77800,2,0.1356889036,0.0000000000,0.0000000000,0.3412306259,exit_left
77900,1,0.0000000000,0.0000000000,1.3690136968,0.0000000000,scatter
77900,2,1.3690136968,0.0000000000,0.2327182076,-0.4447910897,scatter
77900,3,0.2327182076,-0.4447910897,2.1925160918,-3.5901103129,scatter
77900,4,2.1925160918,-3.5901103129,2.5000000000,-3.4389608484,exit_right
78000,1,0.0000000000,0.0000000000,2.5000000000,0.0000000000,exit_right
78100,1,0.0000000000,0.0000000000,1.9961443302,0.0000000000,scatter
78100,2,1.9961443302,0.0000000000,2.5000000000,0.7169512431,exit_right
78200,1,0.0000000000,0.0000000000,2.5000000000,0.0000000000,exit_right
78300,1,0.0000000000,0.0000000000,0.1821043297,0.0000000000,scatter
78300,2,0.1821043297,0.0000000000,0.0000000000,-1.7419832872,exit_left
78400,1,0.0000000000,0.0000000000,1.3219925457,0.0000000000,scatter
78400,2,1.3219925457,0.0000000000,2.5000000000,-1.4482501053,exit_right
78500,1,0.0000000000,0.0000000000,0.7150313705,0.0000000000,scatter
78500,2,0.7150313705,0.0000000000,0.9557060184,-0.1530419342,scatter
78500,3,0.9557060184,-0.1530419342,2.4908527041,-0.8722188242,scatter
78500,4,2.4908527041,-0.8722188242,1.4026054474,-1.7926621760,absorb
78600,1,0.0000000000,0.0000000000,0.2384683017,0.0000000000,scatter
78600,2,0.2384683017,0.0000000000,0.0000000000,0.0361761155,exit_left
78700,1,0.0000000000,0.0000000000,2.5000000000,0.0000000000,exit_right
78800,1,0.0000000000,0.0000000000,2.4505475639,0.0000000000,absorb
78900,1,0.0000000000,0.0000000000,0.8462573830,0.0000000000,scatter
78900,2,0.8462573830,0.0000000000,1.9343319504,1.1452587822,scatter
78900,3,1.9343319504,1.1452587822,1.9039683340,1.1404473620,scatter
78900,4,1.9039683340,1.1404473620,1.2658322497,2.3982487451,absorb
79000,1,0.0000000000,0.0000000000,2.0423210942,0.0000000000,scatter
79000,2,2.0423210942,0.0000000000,1.5641770400,-1.0188116816,scatter
79000,3,1.5641770400,-1.0188116816,0.0000000000,-1.0360838165,exit_left
79100,1,0.0000000000,0.0000000000,1.2382817708,0.0000000000,scatter
79100,2,1.2382817708,0.0000000000,2.5000000000,0.5926954211,exit_right
79200,1,0.0000000000,0.0000000000,2.5000000000,0.0000000000,exit_right
79300,1,0.0000000000,0.0000000000,0.4370770412,0.0000000000,scatter
79300,2,0.4370770412,0.0000000000,0.4323791345,0.0714598287,scatter
79300,3,0.4323791345,0.0714598287,0.3522970264,0.0202977914,scatter
79300,4,0.3522970264,0.0202977914,2.5000000000,-5.7006164634,exit_right
79400,1,0.0000000000,0.0000000000,2.3880374144,0.0000000000,scatter
79400,2,2.3880374144,0.0000000000,1.5983226509,-2.3117969908,scatter
79400,3,1.5983226509,-2.3117969908,1.6780988504,-0.1958545590,absorb
79500,1,0.0000000000,0.0000000000,1.4172061930,0.0000000000,scatter
79500,2,1.4172061930,0.0000000000,0.0000000000,-0.7083196697,exit_left
79600,1,0.0000000000,0.0000000000,0.0307516225,0.0000000000,scatter
79600,2,0.0307516225,0.0000000000,0.0000000000,0.0327071803,exit_left
79700,1,0.0000000000,0.0000000000,2.5000000000,0.0000000000,exit_right
79800,1,0.0000000000,0.0000000000,1.1306459906,0.0000000000,scatter
79800,2,1.1306459906,0.0000000000,0.0000000000,0.2891399095,exit_left
79900,1,0.0000000000,0.0000000000,0.0466812891,0.0000000000,scatter
79900,2,0.0466812891,0.0000000000,0.0000000000,-0.7679665662,exit_left
80000,1,0.0000000000,0.0000000000,0.4070098874,0.0000000000,scatter
80000,2,0.4070098874,0.0000000000,1.0559771621,0.1101334788,scatter
80000,3,1.0559771621,0.1101334788,0.9554378667,0.1059198380,absorb
80100,1,0.0000000000,0.0000000000,2.5000000000,0.0000000000,exit_right
80200,1,0.0000000000,0.0000000000,2.5000000000,0.0000000000,exit_right
80300,1,0.0000000000,0.0000000000,2.1224085453,0.0000000000,scatter
80300,2,2.1224085453,0.0000000000,2.5000000000,0.0029554546,exit_right
80400,1,0.0000000000,0.0000000000,2.5000000000,0.0000000000,exit_right
80500,1,0.0000000000,0.0000000000,2.0739280008,0.0000000000,scatter
80500,2,2.0739280008,0.0000000000,2.5000000000,-0.0270678694,exit_right
80600,1,0.0000000000,0.0000000000,1.5848376682,0.0000000000,scatter
80600,2,1.5848376682,0.0000000000,2.0901823820,0.5053601443,scatter
80600,3,2.0901823820,0.5053601443,2.4695891289,0.7529957772,absorb
80700,1,0.0000000000,0.0000000000,1.1704086733,0.0000000000,absorb
80800,1,0.0000000000,0.0000000000,2.5000000000,0.0000000000,exit_right
80900,1,0.0000000000,0.0000000000,0.1004792837,0.0000000000,absorb
81000,1,0.0000000000,0.0000000000,1.1430500152,0.0000000000,scatter
81000,2,1.1430500152,0.0000000000,1.1702699737,-0.0227988703,scatter
81000,3,1.1702699737,-0.0227988703,2.1853426250,0.7938234046,scatter
81000,4,2.1853426250,0.7938234046,1.6681191287,1.1674602324,scatter
81000,5,1.6681191287,1.1674602324,2.5000000000,0.9532066937,exit_right
81100,1,0.0000000000,0.0000000000,0.7221002733,0.0000000000,scatter
81100,2,0.7221002733,0.0000000000,0.5429452062,0.5957374475,absorb
81200,1,0.0000000000,0.0000000000,1.0361778372,0.0000000000,scatter
81200,2,1.0361778372,0.0000000000,0.0000000000,-0.0398668908,exit_left
81300,1,0.0000000000,0.0000000000,0.4866888787,0.0000000000,scatter
81300,2,0.4866888787,0.0000000000,0.6594079728,-0.5135144308,absorb
81400,1,0.0000000000,0.0000000000,1.0869449466,0.0000000000,scatter
81400,2,1.0869449466,0.0000000000,1.4589652540,-0.0060401224,scatter
81400,3,1.4589652540,-0.0060401224,1.4424401341,-0.2037016021,scatter
81400,4,1.4424401341,-0.2037016021,0.0000000000,0.4636924512,exit_left
81500,1,0.0000000000,0.0000000000,1.0095625783,0.0000000000,scatter
81500,2,1.0095625783,0.0000000000,0.6015013268,-0.3078078581,scatter
81500,3,0.6015013268,-0.3078078581,0.5935234745,-0.0550468135,scatter
81500,4,0.5935234745,-0.0550468135,0.0000000000,-0.5657092289,exit_left
81600,1,0.0000000000,0.0000000000,0.2213636119,0.0000000000,scatter
81600,2,0.2213636119,0.0000000000,0.5380436853,-2.4614848410,scatter
81600,3,0.5380436853,-2.4614848410,0.0000000000,-3.4831583753,exit_left
81700,1,0.0000000000,0.0000000000,0.4937152015,0.0000000000,absorb
81800,1,0.0000000000,0.0000000000,0.1648933306,0.0000000000,absorb
81900,1,0.0000000000,0.0000000000,0.6051896224,0.0000000000,absorb
82000,1,0.0000000000,0.0000000000,0.0206074417,0.0000000000,scatter
82000,2,0.0206074417,0.0000000000,0.0200697861,-0.2212178126,scatter
82000,3,0.0200697861,-0.2212178126,0.0000000000,-0.2424550808,exit_left
82100,1,0.0000000000,0.0000000000,1.8235000535,0.0000000000,scatter
82100,2,1.8235000535,0.0000000000,2.5000000000,-0.3400573326,exit_right
82200,1,0.0000000000,0.0000000000,1.4012054052,0.0000000000,scatter
82200,2,1.4012054052,0.0000000000,1.8684902112,2.8603556005,scatter
82200,3,1.8684902112,2.8603556005,1.6902873830,2.6108805267,absorb
82300,1,0.0000000000,0.0000000000,0.1865386460,0.0000000000,scatter
82300,2,0.1865386460,0.0000000000,0.0294060352,-0.0178856677,scatter
82300,3,0.0294060352,-0.0178856677,0.6789003445,-0.1356321226,scatter
82300,4,0.6789003445,-0.1356321226,0.6858843435,-0.2468056233,scatter
82300,5,0.6858843435,-0.2468056233,0.6168560273,-0.3049588064,scatter
82300,6,0.6168560273,-0.3049588064,1.9316256258,-0.3759693459,scatter
82300,7,1.9316256258,-0.3759693459,2.1475302168,-1.1800973027,scatter
82300,8,2.1475302168,-1.1800973027,2.5000000000,-0.0391659087,exit_right
82400,1,0.0000000000,0.0000000000,0.8190088441,0.0000000000,scatter
82400,2,0.8190088441,0.0000000000,0.0848172521,0.1204039412,scatter
82400,3,0.0848172521,0.1204039412,2.5000000000,-1.9851338726,exit_right
82500,1,0.0000000000,0.0000000000,1.1020572668,0.0000000000,scatter
82500,2,1.1020572668,0.0000000000,1.8830780472,0.6676700892,absorb
82600,1,0.0000000000,0.0000000000,0.1678497825,0.0000000000,scatter
82600,2,0.1678497825,0.0000000000,0.0000000000,0.0123532400,exit_left
82700,1,0.0000000000,0.0000000000,2.5000000000,0.0000000000,exit_right
82800,1,0.0000000000,0.0000000000,2.1670552413,0.0000000000,scatter
82800,2,2.1670552413,0.0000000000,1.4249764602,0.0387713823,scatter
82800,3,1.4249764602,0.0387713823,0.5849135157,1.0068686729,scatter
82800,4,0.5849135157,1.0068686729,0.0227823554,1.2710800813,scatter
82800,5,0.0227823554,1.2710800813,0.0000000000,1.3885101218,exit_left
82900,1,0.0000000000,0.0000000000,0.0837273773,0.0000000000,scatter
82900,2,0.0837273773,0.0000000000,1.1782352969,-1.2760068912,absorb
83000,1,0.0000000000,0.0000000000,0.1580983453,0.0000000000,scatter
83000,2,0.1580983453,0.0000000000,0.0000000000,-0.0263182950,exit_left
83100,1,0.0000000000,0.0000000000,0.2689746482,0.0000000000,scatter
83100,2,0.2689746482,0.0000000000,1.8109397563,-3.9638781550,scatter
83100,3,1.8109397563,-3.9638781550,1.9154545861,-3.6672775110,scatter
83100,4,1.9154545861,-3.6672775110,2.1194549629,-3.7408871113,scatter
83100,5,2.1194549629,-3.7408871113,0.0000000000,-3.5852386245,exit_left
83200,1,0.0000000000,0.0000000000,2.5000000000,0.0000000000,exit_right
83300,1,0.0000000000,0.0000000000,2.5000000000,0.0000000000,exit_right
83400,1,0.0000000000,0.0000000000,2.5000000000,0.0000000000,exit_right
83500,1,0.0000000000,0.0000000000,2.5000000000,0.0000000000,exit_right
83600,1,0.0000000000,0.0000000000,2.5000000000,0.0000000000,exit_right
83700,1,0.0000000000,0.0000000000,0.0764607495,0.0000000000,scatter
83700,2,0.0764607495,0.0000000000,2.5000000000,0.9816442523,exit_right
83800,1,0.0000000000,0.0000000000,1.5411807756,0.0000000000,scatter
83800,2,1.5411807756,0.0000000000,0.9282251789,-2.1320829587,absorb
83900,1,0.0000000000,0.0000000000,0.9455700824,0.0000000000,scatter
83900,2,0.9455700824,0.0000000000,0.0000000000,0.2378362829,exit_left
84000,1,0.0000000000,0.0000000000,0.4665441794,0.0000000000,scatter
84000,2,0.4665441794,0.0000000000,1.4550016328,2.2088287911,scatter
84000,3,1.4550016328,2.2088287911,0.0000000000,2.4423339740,exit_left
84100,1,0.0000000000,0.0000000000,0.0469363307,0.0000000000,scatter
84100,2,0.0469363307,0.0000000000,2.5000000000,-3.4470659088,exit_right
84200,1,0.0000000000,0.0000000000,1.6272477464,0.0000000000,absorb
84300,1,0.0000000000,0.0000000000,2.1073706161,0.0000000000,absorb
84400,1,0.0000000000,0.0000000000,1.1517897543,0.0000000000,scatter
84400,2,1.1517897543,0.0000000000,2.4140209374,0.7119259524,absorb
84500,1,0.0000000000,0.0000000000,0.9908731267,0.0000000000,scatter
84500,2,0.9908731267,0.0000000000,1.0690716859,0.8373655040,absorb
84600,1,0.0000000000,0.0000000000,2.5000000000,0.0000000000,exit_right
84700,1,0.0000000000,0.0000000000,2.5000000000,0.0000000000,exit_right
84800,1,0.0000000000,0.0000000000,0.8959462727,0.0000000000,absorb
84900,1,0.0000000000,0.0000000000,0.7019716522,0.0000000000,scatter
84900,2,0.7019716522,0.0000000000,0.0000000000,-0.6538649815,exit_left
85000,1,0.0000000000,0.0000000000,0.0122547814,0.0000000000,scatter
85000,2,0.0122547814,0.0000000000,0.0000000000,0.0324941624,exit_left
85100,1,0.0000000000,0.0000000000,0.6192586877,0.0000000000,scatter
85100,2,0.6192586877,0.0000000000,0.0000000000,-0.0201642970,exit_left
85200,1,0.0000000000,0.0000000000,0.7326992592,0.0000000000,scatter
85200,2,0.7326992592,0.0000000000,0.5225886219,0.3394873906,scatter
85200,3,0.5225886219,0.3394873906,0.0000000000,-0.5117457570,exit_left
85300,1,0.0000000000,0.0000000000,1.6801179934,0.0000000000,absorb
85400,1,0.0000000000,0.0000000000,2.5000000000,0.0000000000,exit_right
85500,1,0.0000000000,0.0000000000,1.3410179341,0.0000000000,scatter
85500,2,1.3410179341,0.0000000000,1.7104235532,-0.6869430757,scatter
85500,3,1.7104235532,-0.6869430757,0.0000000000,-0.5705714695,exit_left
85600,1,0.0000000000,0.0000000000,1.2468964137,0.0000000000,scatter
85600,2,1.2468964137,0.0000000000,1.0047710050,-0.1925594141,scatter
85600,3,1.0047710050,-0.1925594141,2.5000000000,-1.1464998217,exit_right
85700,1,0.0000000000,0.0000000000,0.1305553376,0.0000000000,scatter
85700,2,0.1305553376,0.0000000000,0.0000000000,1.2872082122,exit_left
85800,1,0.0000000000,0.0000000000,2.0440379309,0.0000000000,absorb
85900,1,0.0000000000,0.0000000000,0.0091177861,0.0000000000,scatter
85900,2,0.0091177861,0.0000000000,0.9647740327,-0.0039380769,scatter
85900,3,0.9647740327,-0.0039380769,0.6449282059,-0.2765561842,scatter
85900,4,0.6449282059,-0.2765561842,1.8761408404,-2.0260065396,scatter
85900,5,1.8761408404,-2.0260065396,2.5000000000,-3.2877414970,exit_right
86000,1,0.0000000000,0.0000000000,0.6162469533,0.0000000000,scatter
86000,2,0.6162469533,0.0000000000,0.9770581690,-0.3274016786,scatter
86000,3,0.9770581690,-0.3274016786,1.4770212753,4.5786150238,scatter
86000,4,1.4770212753,4.5786150238,2.5000000000,5.2538500297,exit_right
86100,1,0.0000000000,0.0000000000,1.2684572035,0.0000000000,scatter
86100,2,1.2684572035,0.0000000000,1.6312942239,-2.0403072134,scatter
86100,3,1.6312942239,-2.0403072134,2.3861669505,0.4603669354,absorb
86200,1,0.0000000000,0.0000000000,0.0304679384,0.0000000000,scatter
86200,2,0.0304679384,0.0000000000,0.1604401262,-1.5762175279,scatter
86200,3,0.1604401262,-1.5762175279,0.0000000000,-1.6193606093,exit_left
86300,1,0.0000000000,0.0000000000,0.3760237282,0.0000000000,scatter
86300,2,0.3760237282,0.0000000000,2.5000000000,-1.3219731752,exit_right
86400,1,0.0000000000,0.0000000000,2.5000000000,0.0000000000,exit_right
86500,1,0.0000000000,0.0000000000,0.7761145945,0.0000000000,scatter
86500,2,0.7761145945,0.0000000000,1.2847472546,1.4090375298,absorb
86600,1,0.0000000000,0.0000000000,0.5237527849,0.0000000000,scatter
86600,2,0.5237527849,0.0000000000,0.6745368015,-0.6765635180,scatter
86600,3,0.6745368015,-0.6765635180,0.6973254091,-0.5847317723,scatter
86600,4,0.6973254091,-0.5847317723,0.8165359496,-0.1890201106,scatter
86600,5,0.8165359496,-0.1890201106,0.9226812572,-3.7684935925,scatter
86600,6,0.9226812572,-3.7684935925,0.0000000000,-3.3195921715,exit_left
86700,1,0.0000000000,0.0000000000,0.3609078566,0.0000000000,scatter
86700,2,0.3609078566,0.0000000000,1.3516391986,-0.3460977663,absorb
86800,1,0.0000000000,0.0000000000,2.3124632283,0.0000000000,scatter
86800,2,2.3124632283,0.0000000000,0.0000000000,4.0649714185,exit_left
86900,1,0.0000000000,0.0000000000,0.7477933210,0.0000000000,absorb
87000,1,0.0000000000,0.0000000000,1.5735135147,0.0000000000,scatter
87000,2,1.5735135147,0.0000000000,1.3492169496,0.0281385423,scatter
87000,3,1.3492169496,0.0281385423,1.4046110230,2.9049362189,scatter
87000,4,1.4046110230,2.9049362189,2.5000000000,4.2440530917,exit_right
87100,1,0.0000000000,0.0000000000,2.5000000000,0.0000000000,exit_right
87200,1,0.0000000000,0.0000000000,0.0844328301,0.0000000000,scatter
87200,2,0.0844328301,0.0000000000,0.0621186161,-0.0690372219,scatter
87200,3,0.0621186161,-0.0690372219,0.0000000000,-0.0215707911,exit_left
87300,1,0.0000000000,0.0000000000,1.5518746797,0.0000000000,absorb
87400,1,0.0000000000,0.0000000000,1.4261826137,0.0000000000,scatter
87400,2,1.4261826137,0.0000000000,2.5000000000,-0.5093960409,exit_right
87500,1,0.0000000000,0.0000000000,0.4847872822,0.0000000000,absorb
87600,1,0.0000000000,0.0000000000,0.1717715890,0.0000000000,scatter
87600,2,0.1717715890,0.0000000000,0.0000000000,0.4848552244,exit_left
87700,1,0.0000000000,0.0000000000,0.1511957999,0.0000000000,absorb
87800,1,0.0000000000,0.0000000000,1.4780459232,0.0000000000,scatter
87800,2,1.4780459232,0.0000000000,1.4688058380,0.0137256883,scatter
87800,3,1.4688058380,0.0137256883,0.0000000000,-1.5811095810,exit_left
87900,1,0.0000000000,0.0000000000,1.0331547520,0.0000000000,scatter
87900,2,1.0331547520,0.0000000000,1.0350285450,-0.0105226265,scatter
87900,3,1.0350285450,-0.0105226265,2.5000000000,-2.0306558246,exit_right
88000,1,0.0000000000,0.0000000000,1.1899286970,0.0000000000,scatter
88000,2,1.1899286970,0.0000000000,1.3093987906,0.2130709389,scatter
88000,3,1.3093987906,0.2130709389,2.3360063117,-0.1334002498,absorb
88100,1,0.0000000000,0.0000000000,2.5000000000,0.0000000000,exit_right
88200,1,0.0000000000,0.0000000000,0.1519356399,0.0000000000,absorb
88300,1,0.0000000000,0.0000000000,2.5000000000,0.0000000000,exit_right
88400,1,0.0000000000,0.0000000000,1.4846576092,0.0000000000,scatter
88400,2,1.4846576092,0.0000000000,0.7495268217,0.0198582522,absorb
88500,1,0.0000000000,0.0000000000,0.5373719092,0.0000000000,scatter
88500,2,0.5373719092,0.0000000000,0.0000000000,0.2408084588,exit_left
88600,1,0.0000000000,0.0000000000,0.8870974428,0.0000000000,scatter
88600,2,0.8870974428,0.0000000000,1.2840717637,9.0371633321,absorb
88700,1,0.0000000000,0.0000000000,2.5000000000,0.0000000000,exit_right
88800,1,0.0000000000,0.0000000000,0.3352823397,0.0000000000,scatter
88800,2,0.3352823397,0.0000000000,0.0000000000,-0.2615610389,exit_left
88900,1,0.0000000000,0.0000000000,1.1315734883,0.0000000000,scatter
88900,2,1.1315734883,0.0000000000,1.3339326654,-0.3387764526,scatter
88900,3,1.3339326654,-0.3387764526,1.7873557786,1.0027906692,scatter
88900,4,1.7873557786,1.0027906692,2.3312111347,0.2862511672,scatter
88900,5,2.3312111347,0.2862511672,2.5000000000,0.2497151349,exit_right
89000,1,0.0000000000,0.0000000000,0.7779043608,0.0000000000,scatter
89000,2,0.7779043608,0.0000000000,0.0000000000,1.2741841761,exit_left
89100,1,0.0000000000,0.0000000000,2.5000000000,0.0000000000,exit_right
89200,1,0.0000000000,0.0000000000,1.5626354310,0.0000000000,scatter
89200,2,1.5626354310,0.0000000000,0.6724311893,-0.4623293359,scatter
89200,3,0.6724311893,-0.4623293359,0.0000000000,-1.2978486954,exit_left
89300,1,0.0000000000,0.0000000000,1.2235812969,0.0000000000,absorb
89400,1,0.0000000000,0.0000000000,0.3876800591,0.0000000000,scatter
89400,2,0.3876800591,0.0000000000,2.5000000000,1.0481282324,exit_right
89500,1,0.0000000000,0.0000000000,2.5000000000,0.0000000000,exit_right
89600,1,0.0000000000,0.0000000000,0.5176435794,0.0000000000,scatter
89600,2,0.5176435794,0.0000000000,0.5020428049,0.0051849219,absorb
89700,1,0.0000000000,0.0000000000,1.2390214503,0.0000000000,scatter
89700,2,1.2390214503,0.0000000000,2.5000000000,0.9422378564,exit_right
89800,1,0.0000000000,0.0000000000,2.3128347621,0.0000000000,scatter
89800,2,2.3128347621,0.0000000000,2.4280557170,-0.0100667796,scatter
89800,3,2.4280557170,-0.0100667796,2.5000000000,-0.0755427599,exit_right
89900,1,0.0000000000,0.0000000000,1.4405785156,0.0000000000,scatter
89900,2,1.4405785156,0.0000000000,1.5592091951,0.0848029976,scatter
89900,3,1.5592091951,0.0848029976,1.7966246309,0.7094237131,absorb
90000,1,0.0000000000,0.0000000000,0.8484015806,0.0000000000,scatter
90000,2,0.8484015806,0.0000000000,0.6707115029,0.0149327662,scatter
90000,3,0.6707115029,0.0149327662,0.3879200419,-0.0734877340,absorb
90100,1,0.0000000000,0.0000000000,2.3858290535,0.0000000000,scatter
90100,2,2.3858290535,0.0000000000,2.5000000000,-0.2359675979,exit_right
90200,1,0.0000000000,0.0000000000,2.5000000000,0.0000000000,exit_right
90300,1,0.0000000000,0.0000000000,0.4263456678,0.0000000000,scatter
90300,2,0.4263456678,0.0000000000,0.0000000000,-0.8159329179,exit_left
90400,1,0.0000000000,0.0000000000,2.5000000000,0.0000000000,exit_right
90500,1,0.0000000000,0.0000000000,0.7118343603,0.0000000000,scatter
90500,2,0.7118343603,0.0000000000,0.0000000000,-0.8420267967,exit_left
90600,1,0.0000000000,0.0000000000,1.9085070515,0.0000000000,scatter
90600,2,1.9085070515,0.0000000000,2.5000000000,0.0869736072,exit_right
90700,1,0.0000000000,0.0000000000,1.1556148733,0.0000000000,scatter
90700,2,1.1556148733,0.0000000000,0.6847205085,-0.0726666542,scatter
90700,3,0.6847205085,-0.0726666542,0.2497644761,1.6808667941,scatter
90700,4,0.2497644761,1.6808667941,0.5159448906,0.9690214758,scatter
90700,5,0.5159448906,0.9690214758,0.0000000000,1.2335199355,exit_left
90800,1,0.0000000000,0.0000000000,0.0156008734,0.0000000000,scatter
90800,2,0.0156008734,0.0000000000,0.7616890063,-2.0355522487,scatter
90800,3,0.7616890063,-2.0355522487,1.9936483741,0.5372974768,scatter
90800,4,1.9936483741,0.5372974768,1.5656099879,-0.1436551951,scatter
90800,5,1.5656099879,-0.1436551951,0.0000000000,-0.2188573958,exit_left
90900,1,0.0000000000,0.0000000000,1.3192733118,0.0000000000,absorb
91000,1,0.0000000000,0.0000000000,2.5000000000,0.0000000000,exit_right
91100,1,0.0000000000,0.0000000000,1.3480168087,0.0000000000,absorb
91200,1,0.0000000000,0.0000000000,2.5000000000,0.0000000000,exit_right
91300,1,0.0000000000,0.0000000000,2.5000000000,0.0000000000,exit_right
91400,1,0.0000000000,0.0000000000,0.9994802250,0.0000000000,scatter
91400,2,0.9994802250,0.0000000000,0.0000000000,-0.3531433020,exit_left
91500,1,0.0000000000,0.0000000000,0.0301974360,0.0000000000,scatter
91500,2,0.0301974360,0.0000000000,0.3705938855,-2.2838097751,absorb
91600,1,0.0000000000,0.0000000000,1.3686904627,0.0000000000,absorb
91700,1,0.0000000000,0.0000000000,0.1637673140,0.0000000000,scatter
91700,2,0.1637673140,0.0000000000,0.0000000000,-0.1263797697,exit_left
91800,1,0.0000000000,0.0000000000,0.2133844983,0.0000000000,scatter
91800,2,0.2133844983,0.0000000000,2.5000000000,1.6586457434,exit_right
91900,1,0.0000000000,0.0000000000,0.4746664159,0.0000000000,scatter
91900,2,0.4746664159,0.0000000000,0.5961087763,-0.0466552980,scatter
91900,3,0.5961087763,-0.0466552980,0.8270292814,-0.8736574559,scatter
91900,4,0.8270292814,-0.8736574559,2.5000000000,-1.6938192069,exit_right
92000,1,0.0000000000,0.0000000000,2.0857203014,0.0000000000,scatter
92000,2,2.0857203014,0.0000000000,2.5000000000,0.0716987726,exit_right
92100,1,0.0000000000,0.0000000000,0.9269430879,0.0000000000,absorb
92200,1,0.0000000000,0.0000000000,0.2048716079,0.0000000000,scatter
92200,2,0.2048716079,0.0000000000,2.5000000000,2.2073216402,exit_right
92300,1,0.0000000000,0.0000000000,2.1289700796,0.0000000000,scatter
92300,2,2.1289700796,0.0000000000,2.5000000000,1.0710249567,exit_right
92400,1,0.0000000000,0.0000000000,2.5000000000,0.0000000000,exit_right
92500,1,0.0000000000,0.0000000000,0.6088849767,0.0000000000,scatter
92500,2,0.6088849767,0.0000000000,0.0000000000,-0.0261648425,exit_left
92600,1,0.0000000000,0.0000000000,0.8973878541,0.0000000000,scatter
92600,2,0.8973878541,0.0000000000,2.5000000000,-1.3507768368,exit_right
92700,1,0.0000000000,0.0000000000,1.9722734136,0.0000000000,scatter
92700,2,1.9722734136,0.0000000000,1.3955505470,0.7372677454,scatter
92700,3,1.3955505470,0.7372677454,2.5000000000,0.7530599711,exit_right
92800,1,0.0000000000,0.0000000000,1.2715904592,0.0000000000,scatter
92800,2,1.2715904592,0.0000000000,1.3537894234,0.9686981689,absorb
92900,1,0.0000000000,0.0000000000,1.4172536288,0.0000000000,absorb
93000,1,0.0000000000,0.0000000000,2.5000000000,0.0000000000,exit_right
93100,1,0.0000000000,0.0000000000,2.5000000000,0.0000000000,exit_right
93200,1,0.0000000000,0.0000000000,0.0229540316,0.0000000000,absorb
93300,1,0.0000000000,0.0000000000,2.5000000000,0.0000000000,exit_right
93400,1,0.0000000000,0.0000000000,1.6943863959,0.0000000000,absorb
93500,1,0.0000000000,0.0000000000,2.5000000000,0.0000000000,exit_right
93600,1,0.0000000000,0.0000000000,2.1733566083,0.0000000000,scatter
93600,2,2.1733566083,0.0000000000,2.5000000000,-2.1288568095,exit_right
93700,1,0.0000000000,0.0000000000,2.5000000000,0.0000000000,exit_right
93800,1,0.0000000000,0.0000000000,2.5000000000,0.0000000000,exit_right
93900,1,0.0000000000,0.0000000000,0.8013854076,0.0000000000,scatter
93900,2,0.8013854076,0.0000000000,2.5000000000,0.1513807474,exit_right
94000,1,0.0000000000,0.0000000000,2.5000000000,0.0000000000,exit_right
94100,1,0.0000000000,0.0000000000,2.5000000000,0.0000000000,exit_right
94200,1,0.0000000000,0.0000000000,0.1412718866,0.0000000000,scatter
94200,2,0.1412718866,0.0000000000,0.0000000000,-0.0100716458,exit_left
94300,1,0.0000000000,0.0000000000,2.5000000000,0.0000000000,exit_right
94400,1,0.0000000000,0.0000000000,1.1911422751,0.0000000000,absorb
94500,1,0.0000000000,0.0000000000,0.3226975976,0.0000000000,absorb
94600,1,0.0000000000,0.0000000000,0.3679450271,0.0000000000,scatter
94600,2,0.3679450271,0.0000000000,0.0000000000,1.3862744827,exit_left
94700,1,0.0000000000,0.0000000000,2.5000000000,0.0000000000,exit_right
94800,1,0.0000000000,0.0000000000,1.5068985257,0.0000000000,scatter
94800,2,1.5068985257,0.0000000000,1.8371050355,2.6849848160,absorb
94900,1,0.0000000000,0.0000000000,1.4278799795,0.0000000000,scatter
94900,2,1.4278799795,0.0000000000,0.4163686432,-2.4916077003,scatter
94900,3,0.4163686432,-2.4916077003,0.5479316461,-2.8967350030,scatter
94900,4,0.5479316461,-2.8967350030,2.5000000000,-2.6195979591,exit_right
95000,1,0.0000000000,0.0000000000,1.0944002603,0.0000000000,scatter
95000,2,1.0944002603,0.0000000000,0.8876331132,-0.4499941580,scatter
95000,3,0.8876331132,-0.4499941580,0.0000000000,9.3935003759,exit_left
95100,1,0.0000000000,0.0000000000,1.4955400527,0.0000000000,scatter
95100,2,1.4955400527,0.0000000000,0.9852616149,1.5512947203,absorb
95200,1,0.0000000000,0.0000000000,1.7751122695,0.0000000000,scatter
95200,2,1.7751122695,0.0000000000,1.5924323405,0.0103035826,scatter
95200,3,1.5924323405,0.0103035826,2.4025161827,-0.3890912245,scatter
95200,4,2.4025161827,-0.3890912245,1.2391036530,3.2979635211,scatter
95200,5,1.2391036530,3.2979635211,0.0000000000,0.9736448556,exit_left
95300,1,0.0000000000,0.0000000000,1.9675193995,0.0000000000,scatter
95300,2,1.9675193995,0.0000000000,1.9726424380,0.1775140508,scatter
95300,3,1.9726424380,0.1775140508,2.5000000000,0.2599222648,exit_right
95400,1,0.0000000000,0.0000000000,2.5000000000,0.0000000000,exit_right
95500,1,0.0000000000,0.0000000000,0.1445357508,0.0000000000,scatter
95500,2,0.1445357508,0.0000000000,0.0000000000,-0.0151427474,exit_left
95600,1,0.0000000000,0.0000000000,0.5735580372,0.0000000000,scatter
95600,2,0.5735580372,0.0000000000,2.5000000000,-1.8609772601,exit_right
95700,1,0.0000000000,0.0000000000,2.5000000000,0.0000000000,exit_right
95800,1,0.0000000000,0.0000000000,1.8939339568,0.0000000000,absorb
95900,1,0.0000000000,0.0000000000,0.9737865164,0.0000000000,absorb
96000,1,0.0000000000,0.0000000000,0.3261049515,0.0000000000,scatter
96000,2,0.3261049515,0.0000000000,0.2510529066,0.3371833883,absorb
96100,1,0.0000000000,0.0000000000,1.0286293673,0.0000000000,scatter
96100,2,1.0286293673,0.0000000000,1.0089070914,0.2140210899,scatter
96100,3,1.0089070914,0.2140210899,0.3901201616,-1.1438885960,scatter
96100,4,0.3901201616,-1.1438885960,2.5000000000,-2.7836004000,exit_right
96200,1,0.0000000000,0.0000000000,2.1189667822,0.0000000000,scatter
96200,2,2.1189667822,0.0000000000,2.1306121867,0.2849869408,scatter
96200,3,2.1306121867,0.2849869408,2.3805894506,-0.3721433714,scatter
96200,4,2.3805894506,-0.3721433714,2.2473473846,-0.8113919162,scatter
96200,5,2.2473473846,-0.8113919162,2.5000000000,-1.2588690214,exit_right
96300,1,0.0000000000,0.0000000000,0.7557539409,0.0000000000,scatter
96300,2,0.7557539409,0.0000000000,0.0000000000,0.7554086064,exit_left
96400,1,0.0000000000,0.0000000000,2.3676059472,0.0000000000,scatter
96400,2,2.3676059472,0.0000000000,1.0945709165,-0.6491013052,scatter
96400,3,1.0945709165,-0.6491013052,1.0773586558,-1.9842787273,scatter
96400,4,1.0773586558,-1.9842787273,2.4450683419,-3.6786005081,absorb
96500,1,0.0000000000,0.0000000000,0.1015169309,0.0000000000,scatter
96500,2,0.1015169309,0.0000000000,0.0000000000,0.0761211334,exit_left
96600,1,0.0000000000,0.0000000000,1.4714919535,0.0000000000,scatter
96600,2,1.4714919535,0.0000000000,0.0000000000,-1.2627034603,exit_left
96700,1,0.0000000000,0.0000000000,0.0500349485,0.0000000000,scatter
96700,2,0.0500349485,0.0000000000,0.0000000000,0.0106931944,exit_left
96800,1,0.0000000000,0.0000000000,1.9288953378,0.0000000000,scatter
96800,2,1.9288953378,0.0000000000,2.5000000000,-0.4496934490,exit_right
96900,1,0.0000000000,0.0000000000,1.0936981564,0.0000000000,scatter
96900,2,1.0936981564,0.0000000000,0.6830359291,1.6660351523,scatter
96900,3,0.6830359291,1.6660351523,2.5000000000,3.6898601382,exit_right
97000,1,0.0000000000,0.0000000000,0.4171652452,0.0000000000,scatter
97000,2,0.4171652452,0.0000000000,0.4717245098,-0.0776907334,scatter
97000,3,0.4717245098,-0.0776907334,0.5070007633,-5.0310467018,scatter
97000,4,0.5070007633,-5.0310467018,0.0000000000,-3.7808383984,exit_left
97100,1,0.0000000000,0.0000000000,0.7653844079,0.0000000000,scatter
97100,2,0.7653844079,0.0000000000,1.4894636646,4.5716527983,scatter
97100,3,1.4894636646,4.5716527983,0.0000000000,6.1956048779,exit_left
97200,1,0.0000000000,0.0000000000,1.6493638820,0.0000000000,absorb
97300,1,0.0000000000,0.0000000000,2.3684594765,0.0000000000,scatter
97300,2,2.3684594765,0.0000000000,2.0531889002,0.0201661806,scatter
97300,3,2.0531889002,0.0201661806,2.5000000000,0.6651434944,exit_right
97400,1,0.0000000000,0.0000000000,2.1754376586,0.0000000000,scatter
97400,2,2.1754376586,0.0000000000,0.0000000000,-1.7291477999,exit_left
97500,1,0.0000000000,0.0000000000,2.5000000000,0.0000000000,exit_right
97600,1,0.0000000000,0.0000000000,1.9080418597,0.0000000000,scatter
97600,2,1.9080418597,0.0000000000,0.0000000000,-1.4850111799,exit_left
97700,1,0.0000000000,0.0000000000,2.5000000000,0.0000000000,exit_right
97800,1,0.0000000000,0.0000000000,2.0926079812,0.0000000000,scatter
97800,2,2.0926079812,0.0000000000,0.0000000000,1.7092721976,exit_left
97900,1,0.0000000000,0.0000000000,2.5000000000,0.0000000000,exit_right
98000,1,0.0000000000,0.0000000000,2.5000000000,0.0000000000,exit_right
98100,1,0.0000000000,0.0000000000,2.5000000000,0.0000000000,exit_right
98200,1,0.0000000000,0.0000000000,2.5000000000,0.0000000000,exit_right
98300,1,0.0000000000,0.0000000000,0.4084604030,0.0000000000,scatter
98300,2,0.4084604030,0.0000000000,1.2944307524,-0.2482367267,scatter
98300,3,1.2944307524,-0.2482367267,0.0000000000,1.8862046546,exit_left
98400,1,0.0000000000,0.0000000000,2.5000000000,0.0000000000,exit_right
98500,1,0.0000000000,0.0000000000,0.7692460207,0.0000000000,absorb
98600,1,0.0000000000,0.0000000000,2.2213888567,0.0000000000,scatter
98600,2,2.2213888567,0.0000000000,2.5000000000,-1.2127658060,exit_right
98700,1,0.0000000000,0.0000000000,1.5233593799,0.0000000000,scatter
98700,2,1.5233593799,0.0000000000,0.0000000000,-0.2310296060,exit_left
98800,1,0.0000000000,0.0000000000,1.2937698255,0.0000000000,scatter
98800,2,1.2937698255,0.0000000000,0.9545883025,0.0884151995,scatter
98800,3,0.9545883025,0.0884151995,2.1307086792,-1.6490582736,scatter
98800,4,2.1307086792,-1.6490582736,2.5000000000,-1.2311793355,exit_right
98900,1,0.0000000000,0.0000000000,1.7521226186,0.0000000000,absorb
99000,1,0.0000000000,0.0000000000,1.5079655260,0.0000000000,absorb
99100,1,0.0000000000,0.0000000000,1.8844411469,0.0000000000,scatter
99100,2,1.8844411469,0.0000000000,2.1797156934,-0.5683796601,scatter
99100,3,2.1797156934,-0.5683796601,1.8561228299,-0.6287048412,scatter
99100,4,1.8561228299,-0.6287048412,1.7646908736,-0.9338773534,scatter
99100,5,1.7646908736,-0.9338773534,2.5000000000,1.6589335812,exit_right
99200,1,0.0000000000,0.0000000000,2.5000000000,0.0000000000,exit_right
99300,1,0.0000000000,0.0000000000,0.0413761244,0.0000000000,scatter
99300,2,0.0413761244,0.0000000000,0.0000000000,0.0072242543,exit_left
99400,1,0.0000000000,0.0000000000,0.0971358803,0.0000000000,scatter
99400,2,0.0971358803,0.0000000000,1.0930888323,0.1313565626,scatter
99400,3,1.0930888323,0.1313565626,1.0182758712,0.1195006690,scatter
99400,4,1.0182758712,0.1195006690,0.6579587115,-0.2013411185,scatter
99400,5,0.6579587115,-0.2013411185,0.8725026677,0.5125049360,scatter
99400,6,0.8725026677,0.5125049360,0.0343694717,0.3566235875,scatter
99400,7,0.0343694717,0.3566235875,0.0000000000,0.3784636381,exit_left
99500,1,0.0000000000,0.0000000000,1.2766988877,0.0000000000,scatter
99500,2,1.2766988877,0.0000000000,0.8104130914,0.9695646033,scatter
99500,3,0.8104130914,0.9695646033,1.6099108901,1.0713034076,scatter
99500,4,1.6099108901,1.0713034076,1.7140881632,1.1701375988,scatter
99500,5,1.7140881632,1.1701375988,2.4292621236,1.0305103083,absorb
99600,1,0.0000000000,0.0000000000,1.1977534426,0.0000000000,absorb
99700,1,0.0000000000,0.0000000000,2.2782141817,0.0000000000,scatter
99700,2,2.2782141817,0.0000000000,2.5000000000,0.2710782004,exit_right
99800,1,0.0000000000,0.0000000000,2.4067705174,0.0000000000,absorb
99900,1,0.0000000000,0.0000000000,0.7252062079,0.0000000000,scatter
99900,2,0.7252062079,0.0000000000,0.0000000000,-0.4088482528,exit_left
100000,1,0.0000000000,0.0000000000,1.7614190354,0.0000000000,scatter
100000,2,1.7614190354,0.0000000000,1.2364817734,0.0419092955,scatter
100000,3,1.2364817734,0.0419092955,1.2677917426,1.3192648897,scatter
100000,4,1.2677917426,1.3192648897,1.3324589933,1.7246606707,scatter
100000,5,1.3324589933,1.7246606707,2.1316262100,3.0897323425,scatter
100000,6,2.1316262100,3.0897323425,1.3607385709,1.4488690082,scatter
100000,7,1.3607385709,1.4488690082,0.0000000000,1.4013347654,exit_left
