neutron_id,step,x_start,y_start,x_end,y_end,event
100,1,0.0000000000,0.0000000000,0.9261687118,0.0000000000,absorb
200,1,0.0000000000,0.0000000000,3.1424088444,0.0000000000,absorb
300,1,0.0000000000,0.0000000000,0.3378679527,0.0000000000,scatter
300,2,0.3378679527,0.0000000000,0.0000000000,-0.0496045216,exit_left
400,1,0.0000000000,0.0000000000,0.7287497633,0.0000000000,scatter
400,2,0.7287497633,0.0000000000,0.8125517752,-0.9617015842,scatter
400,3,0.8125517752,-0.9617015842,4.7500000000,-1.6364579130,exit_right
500,1,0.0000000000,0.0000000000,2.5379298506,0.0000000000,scatter
500,2,2.5379298506,0.0000000000,3.0060228133,0.8906745097,scatter
500,3,3.0060228133,0.8906745097,3.3646841368,0.7568071952,scatter
500,4,3.3646841368,0.7568071952,3.7449267308,0.9381984177,scatter
500,5,3.7449267308,0.9381984177,0.0000000000,4.1721265853,exit_left
600,1,0.0000000000,0.0000000000,0.4169970223,0.0000000000,scatter
600,2,0.4169970223,0.0000000000,0.0000000000,-0.5500557113,exit_left
700,1,0.0000000000,0.0000000000,2.0760017387,0.0000000000,scatter
700,2,2.0760017387,0.0000000000,4.1285884757,-2.0722550050,absorb
800,1,0.0000000000,0.0000000000,0.8097625827,0.0000000000,scatter
800,2,0.8097625827,0.0000000000,0.0000000000,0.1636614970,exit_left
900,1,0.0000000000,0.0000000000,0.8905137869,0.0000000000,absorb
1000,1,0.0000000000,0.0000000000,0.3863707682,0.0000000000,scatter
1000,2,0.3863707682,0.0000000000,0.5092748410,0.1066800710,scatter
1000,3,0.5092748410,0.1066800710,0.0000000000,1.2216958113,exit_left
1100,1,0.0000000000,0.0000000000,0.4210498187,0.0000000000,scatter
1100,2,0.4210498187,0.0000000000,3.0604963527,-2.8750349668,scatter
1100,3,3.0604963527,-2.8750349668,3.2981793747,-4.5903653758,scatter
1100,4,3.2981793747,-4.5903653758,2.4752446052,-4.5908492153,scatter
1100,5,2.4752446052,-4.5908492153,3.5001486424,-5.0297716253,scatter
1100,6,3.5001486424,-5.0297716253,3.1885914205,-4.9171662169,scatter
1100,7,3.1885914205,-4.9171662169,0.0000000000,-4.5157013513,exit_left
1200,1,0.0000000000,0.0000000000,0.3420465723,0.0000000000,scatter
1200,2,0.3420465723,0.0000000000,0.2291940484,0.0425049647,scatter
1200,3,0.2291940484,0.0425049647,0.0000000000,-0.0982635827,exit_left
1300,1,0.0000000000,0.0000000000,0.1359463789,0.0000000000,scatter
1300,2,0.1359463789,0.0000000000,0.0000000000,0.1162234587,exit_left
1400,1,0.0000000000,0.0000000000,3.8445352156,0.0000000000,scatter
1400,2,3.8445352156,0.0000000000,2.9128483070,0.6519187617,scatter
1400,3,2.9128483070,0.6519187617,2.8060053274,0.6315862049,absorb
1500,1,0.0000000000,0.0000000000,0.7401228240,0.0000000000,scatter
1500,2,0.7401228240,0.0000000000,3.4572492258,-2.8298454555,scatter
1500,3,3.4572492258,-2.8298454555,0.0000000000,0.8320336639,exit_left
1600,1,0.0000000000,0.0000000000,2.1848452617,0.0000000000,scatter
1600,2,2.1848452617,0.0000000000,1.9170467947,-1.6905240057,scatter
1600,3,1.9170467947,-1.6905240057,2.0210422439,-1.6451624690,scatter
1600,4,2.0210422439,-1.6451624690,0.0000000000,-2.8890092686,exit_left
1700,1,0.0000000000,0.0000000000,2.1385570046,0.0000000000,scatter
1700,2,2.1385570046,0.0000000000,0.7805261725,-2.1101573876,scatter
1700,3,0.7805261725,-2.1101573876,0.7628954275,-2.1155278200,scatter
1700,4,0.7628954275,-2.1155278200,2.7704246895,-5.2973423923,scatter
1700,5,2.7704246895,-5.2973423923,2.7624828170,-5.1343400100,absorb
1800,1,0.0000000000,0.0000000000,3.4145382135,0.0000000000,absorb
1900,1,0.0000000000,0.0000000000,1.0258925138,0.0000000000,scatter
1900,2,1.0258925138,0.0000000000,1.1535757279,0.1288422928,scatter
1900,3,1.1535757279,0.1288422928,0.0000000000,0.5736505108,exit_left
2000,1,0.0000000000,0.0000000000,2.4785895537,0.0000000000,scatter
2000,2,2.4785895537,0.0000000000,2.4788272712,-0.4689648796,absorb
2100,1,0.0000000000,0.0000000000,1.4519451288,0.0000000000,scatter
2100,2,1.4519451288,0.0000000000,2.5682389705,-0.6943814431,absorb
2200,1,0.0000000000,0.0000000000,0.0055622658,0.0000000000,scatter
2200,2,0.0055622658,0.0000000000,0.0000000000,0.0000445678,exit_left
2300,1,0.0000000000,0.0000000000,0.3158452065,0.0000000000,scatter
2300,2,0.3158452065,0.0000000000,0.2232217192,0.0914405897,scatter
2300,3,0.2232217192,0.0914405897,0.1636210213,-0.1340780230,scatter
2300,4,0.1636210213,-0.1340780230,0.9574590511,-5.8715131799,scatter
2300,5,0.9574590511,-5.8715131799,4.7500000000,-3.3357017318,exit_right
2400,1,0.0000000000,0.0000000000,0.5627773349,0.0000000000,scatter
2400,2,0.5627773349,0.0000000000,0.0000000000,0.0707967346,exit_left
2500,1,0.0000000000,0.0000000000,0.7292086336,0.0000000000,scatter
2500,2,0.7292086336,0.0000000000,0.9136469616,0.6557231997,scatter
2500,3,0.9136469616,0.6557231997,0.8953619541,0.9252167392,scatter
2500,4,0.8953619541,0.9252167392,3.6253684830,1.2501587149,scatter
2500,5,3.6253684830,1.2501587149,3.5723181257,1.1981893007,scatter
2500,6,3.5723181257,1.1981893007,3.3516559750,2.1601741162,scatter
2500,7,3.3516559750,2.1601741162,2.7930465005,3.0564556168,absorb
2600,1,0.0000000000,0.0000000000,4.7500000000,0.0000000000,exit_right
2700,1,0.0000000000,0.0000000000,3.6384375747,0.0000000000,scatter
2700,2,3.6384375747,0.0000000000,3.2017549064,0.9216900751,scatter
2700,3,3.2017549064,0.9216900751,3.4704324609,2.5497086892,scatter
2700,4,3.4704324609,2.5497086892,3.3896455449,2.4959733824,scatter
2700,5,3.3896455449,2.4959733824,4.5458758967,5.6373677543,absorb
2800,1,0.0000000000,0.0000000000,4.7500000000,0.0000000000,exit_right
2900,1,0.0000000000,0.0000000000,4.6214878415,0.0000000000,scatter
2900,2,4.6214878415,0.0000000000,4.7500000000,-0.0772179417,exit_right
3000,1,0.0000000000,0.0000000000,0.2182936044,0.0000000000,scatter
3000,2,0.2182936044,0.0000000000,3.8904973814,4.3971634146,scatter
3000,3,3.8904973814,4.3971634146,0.6198357322,8.1550263507,absorb
3100,1,0.0000000000,0.0000000000,0.1064544894,0.0000000000,scatter
3100,2,0.1064544894,0.0000000000,0.2985024242,2.1224915901,scatter
3100,3,0.2985024242,2.1224915901,0.7474036105,2.4330265325,scatter
3100,4,0.7474036105,2.4330265325,0.6329250368,1.6771676793,scatter
3100,5,0.6329250368,1.6771676793,0.0000000000,2.2352080359,exit_left
3200,1,0.0000000000,0.0000000000,1.7404329070,0.0000000000,absorb
3300,1,0.0000000000,0.0000000000,0.3042662199,0.0000000000,absorb
3400,1,0.0000000000,0.0000000000,2.3152260519,0.0000000000,scatter
3400,2,2.3152260519,0.0000000000,4.7500000000,2.2759433851,exit_right
3500,1,0.0000000000,0.0000000000,0.0781374524,0.0000000000,scatter
3500,2,0.0781374524,0.0000000000,0.0000000000,0.0241234786,exit_left
3600,1,0.0000000000,0.0000000000,0.0725562635,0.0000000000,scatter
3600,2,0.0725562635,0.0000000000,0.0000000000,0.4161377322,exit_left
3700,1,0.0000000000,0.0000000000,0.4825555803,0.0000000000,scatter
3700,2,0.4825555803,0.0000000000,0.0000000000,0.0306004457,exit_left
3800,1,0.0000000000,0.0000000000,1.9302741834,0.0000000000,scatter
3800,2,1.9302741834,0.0000000000,0.0000000000,0.8173188059,exit_left
3900,1,0.0000000000,0.0000000000,0.5169702663,0.0000000000,scatter
3900,2,0.5169702663,0.0000000000,2.7840016854,-0.6299160802,absorb
4000,1,0.0000000000,0.0000000000,1.7315854152,0.0000000000,scatter
4000,2,1.7315854152,0.0000000000,4.7500000000,0.7238364267,exit_right
4100,1,0.0000000000,0.0000000000,1.1298348220,0.0000000000,scatter
4100,2,1.1298348220,0.0000000000,1.4841551956,0.8611294548,scatter
4100,3,1.4841551956,0.8611294548,2.4691514261,0.0417010854,scatter
4100,4,2.4691514261,0.0417010854,3.3955195992,0.4522811395,scatter
4100,5,3.3955195992,0.4522811395,1.4433631619,0.8950022207,scatter
4100,6,1.4433631619,0.8950022207,0.0000000000,1.1127280596,exit_left
4200,1,0.0000000000,0.0000000000,0.4194408987,0.0000000000,scatter
4200,2,0.4194408987,0.0000000000,1.0899402709,-1.0016457682,scatter
4200,3,1.0899402709,-1.0016457682,1.0729963365,-0.9591970223,scatter
4200,4,1.0729963365,-0.9591970223,1.0257162956,-2.9092686632,scatter
4200,5,1.0257162956,-2.9092686632,0.7688798179,-1.3598403128,scatter
4200,6,0.7688798179,-1.3598403128,0.6662829592,-1.8989371425,scatter
4200,7,0.6662829592,-1.8989371425,1.0465428486,-2.6388958452,scatter
4200,8,1.0465428486,-2.6388958452,1.4679743448,-2.5680127618,scatter
4200,9,1.4679743448,-2.5680127618,1.4779310760,-2.6619838200,scatter
4200,10,1.4779310760,-2.6619838200,1.6020312620,-2.8694870512,scatter
4200,11,1.6020312620,-2.8694870512,1.8288703302,-2.9451293180,scatter
4200,12,1.8288703302,-2.9451293180,1.2202878218,-3.0924042189,absorb
4300,1,0.0000000000,0.0000000000,0.6280411210,0.0000000000,scatter
4300,2,0.6280411210,0.0000000000,0.5217256266,0.3369816855,scatter
4300,3,0.5217256266,0.3369816855,0.9682953618,1.1426491601,scatter
4300,4,0.9682953618,1.1426491601,0.4861185277,2.3263305327,scatter
4300,5,0.4861185277,2.3263305327,0.6297697425,2.1426903418,scatter
4300,6,0.6297697425,2.1426903418,1.3154579486,1.7575519520,scatter
4300,7,1.3154579486,1.7575519520,1.4494075712,1.0226459005,scatter
4300,8,1.4494075712,1.0226459005,3.6495058167,0.9182916791,scatter
4300,9,3.6495058167,0.9182916791,4.7500000000,0.9060859623,exit_right
4400,1,0.0000000000,0.0000000000,0.2998854172,0.0000000000,scatter
4400,2,0.2998854172,0.0000000000,0.0000000000,0.2525277533,exit_left
4500,1,0.0000000000,0.0000000000,0.0004993788,0.0000000000,absorb
4600,1,0.0000000000,0.0000000000,1.1018680886,0.0000000000,scatter
4600,2,1.1018680886,0.0000000000,0.9318525977,-0.6181286967,scatter
4600,3,0.9318525977,-0.6181286967,0.0007608975,-2.7516693790,absorb
4700,1,0.0000000000,0.0000000000,2.0323878821,0.0000000000,scatter
4700,2,2.0323878821,0.0000000000,4.7500000000,-6.6561310490,exit_right
4800,1,0.0000000000,0.0000000000,0.0001070463,0.0000000000,scatter
4800,2,0.0001070463,0.0000000000,0.0000000000,-0.0001850633,exit_left
4900,1,0.0000000000,0.0000000000,1.0715485932,0.0000000000,absorb
5000,1,0.0000000000,0.0000000000,0.6902007453,0.0000000000,absorb
5100,1,0.0000000000,0.0000000000,0.5155889770,0.0000000000,scatter
5100,2,0.5155889770,0.0000000000,0.4220197567,-0.2847406335,scatter
5100,3,0.4220197567,-0.2847406335,4.7500000000,3.5542676477,exit_right
5200,1,0.0000000000,0.0000000000,0.7517849290,0.0000000000,scatter
5200,2,0.7517849290,0.0000000000,0.8986386168,-0.1975487619,scatter
5200,3,0.8986386168,-0.1975487619,1.4289570627,0.5309454375,scatter
5200,4,1.4289570627,0.5309454375,1.9144006838,0.9994815298,scatter
5200,5,1.9144006838,0.9994815298,4.3664291563,0.8227361871,absorb
5300,1,0.0000000000,0.0000000000,1.5048977710,0.0000000000,scatter
5300,2,1.5048977710,0.0000000000,1.4873328174,-0.0064290873,scatter
5300,3,1.4873328174,-0.0064290873,1.3087610212,0.0888572394,scatter
5300,4,1.3087610212,0.0888572394,1.7405147197,0.3636331347,scatter
5300,5,1.7405147197,0.3636331347,1.3251943413,0.3691470839,scatter
5300,6,1.3251943413,0.3691470839,1.3960068784,0.3242886152,absorb
5400,1,0.0000000000,0.0000000000,0.7513777797,0.0000000000,scatter
5400,2,0.7513777797,0.0000000000,0.6511537781,0.4187610774,scatter
5400,3,0.6511537781,0.4187610774,2.1750443788,0.5364447751,scatter
5400,4,2.1750443788,0.5364447751,1.2620365095,-0.1025765743,absorb
5500,1,0.0000000000,0.0000000000,4.3932674897,0.0000000000,absorb
5600,1,0.0000000000,0.0000000000,2.2374206664,0.0000000000,scatter
5600,2,2.2374206664,0.0000000000,1.2460596375,-0.0613064721,scatter
5600,3,1.2460596375,-0.0613064721,1.2780490539,-0.1342934240,scatter
5600,4,1.2780490539,-0.1342934240,2.8402587405,1.4703079069,scatter
5600,5,2.8402587405,1.4703079069,2.5413436702,-0.9252624387,scatter
5600,6,2.5413436702,-0.9252624387,0.0000000000,-0.4218358115,exit_left
5700,1,0.0000000000,0.0000000000,4.5498290930,0.0000000000,scatter
5700,2,4.5498290930,0.0000000000,3.0931614473,0.6075896218,scatter
5700,3,3.0931614473,0.6075896218,3.1688559268,0.7971838936,scatter
5700,4,3.1688559268,0.7971838936,4.0009564476,-2.8745329895,scatter
5700,5,4.0009564476,-2.8745329895,3.8854735505,-2.6374169899,scatter
5700,6,3.8854735505,-2.6374169899,3.5232456422,-0.9112371853,scatter
5700,7,3.5232456422,-0.9112371853,0.0000000000,-1.7545525082,exit_left
5800,1,0.0000000000,0.0000000000,4.7500000000,0.0000000000,exit_right
5900,1,0.0000000000,0.0000000000,1.5053460511,0.0000000000,scatter
5900,2,1.5053460511,0.0000000000,0.8897560850,5.4565636670,scatter
5900,3,0.8897560850,5.4565636670,0.9823978102,5.7744538634,absorb
6000,1,0.0000000000,0.0000000000,0.4573454476,0.0000000000,scatter
6000,2,0.4573454476,0.0000000000,0.0000000000,-0.1455061917,exit_left
6100,1,0.0000000000,0.0000000000,0.2610863709,0.0000000000,scatter
6100,2,0.2610863709,0.0000000000,0.0000000000,0.1961587627,exit_left
6200,1,0.0000000000,0.0000000000,0.0092491306,0.0000000000,scatter
6200,2,0.0092491306,0.0000000000,0.0000000000,0.0020540049,exit_left
6300,1,0.0000000000,0.0000000000,1.6000380551,0.0000000000,absorb
6400,1,0.0000000000,0.0000000000,2.5029123524,0.0000000000,scatter
6400,2,2.5029123524,0.0000000000,2.6813939221,0.8000497611,absorb
6500,1,0.0000000000,0.0000000000,0.5249509498,0.0000000000,scatter
6500,2,0.5249509498,0.0000000000,4.4163771866,-2.2297725602,scatter
6500,3,4.4163771866,-2.2297725602,4.7500000000,-2.1118326510,exit_right
6600,1,0.0000000000,0.0000000000,2.2051963018,0.0000000000,scatter
6600,2,2.2051963018,0.0000000000,4.7500000000,1.9986578893,exit_right
6700,1,0.0000000000,0.0000000000,0.1906178946,0.0000000000,scatter
6700,2,0.1906178946,0.0000000000,1.8950756920,4.0640228801,scatter
6700,3,1.8950756920,4.0640228801,2.9438537214,3.4912329079,scatter
6700,4,2.9438537214,3.4912329079,2.9021121843,3.6488949916,absorb
6800,1,0.0000000000,0.0000000000,3.6206277008,0.0000000000,scatter
6800,2,3.6206277008,0.0000000000,2.4809610240,1.5765379520,scatter
6800,3,2.4809610240,1.5765379520,1.0941490664,1.2013586813,absorb
6900,1,0.0000000000,0.0000000000,0.1670774062,0.0000000000,scatter
6900,2,0.1670774062,0.0000000000,0.0000000000,-0.5538813347,exit_left
7000,1,0.0000000000,0.0000000000,0.1217924532,0.0000000000,scatter
7000,2,0.1217924532,0.0000000000,0.0000000000,2.2083005354,exit_left
7100,1,0.0000000000,0.0000000000,4.7500000000,0.0000000000,exit_right
7200,1,0.0000000000,0.0000000000,1.3793788909,0.0000000000,scatter
7200,2,1.3793788909,0.0000000000,0.3753063108,-2.5174136942,scatter
7200,3,0.3753063108,-2.5174136942,0.5074921591,-1.9883739118,scatter
7200,4,0.5074921591,-1.9883739118,0.5602910158,-1.2031980062,absorb
7300,1,0.0000000000,0.0000000000,1.9255598603,0.0000000000,absorb
7400,1,0.0000000000,0.0000000000,0.2175482272,0.0000000000,scatter
7400,2,0.2175482272,0.0000000000,1.5839525046,1.1097743341,scatter
7400,3,1.5839525046,1.1097743341,0.7715318827,2.5133953734,scatter
7400,4,0.7715318827,2.5133953734,1.1632384153,1.8632462001,scatter
7400,5,1.1632384153,1.8632462001,1.3853842050,0.6245097263,scatter
7400,6,1.3853842050,0.6245097263,1.3282845520,0.4618905097,scatter
7400,7,1.3282845520,0.4618905097,1.3277604227,1.9645142633,scatter
7400,8,1.3277604227,1.9645142633,1.6725111759,2.0765936181,absorb
7500,1,0.0000000000,0.0000000000,1.8682739019,0.0000000000,scatter
7500,2,1.8682739019,0.0000000000,1.6573596945,-2.5350751222,scatter
7500,3,1.6573596945,-2.5350751222,1.7636652689,-2.6025547758,scatter
7500,4,1.7636652689,-2.6025547758,1.6883294446,-3.7740986794,scatter
7500,5,1.6883294446,-3.7740986794,2.9676568557,-1.8143998095,scatter
7500,6,2.9676568557,-1.8143998095,1.3811367517,2.0401772689,absorb
7600,1,0.0000000000,0.0000000000,0.8927565356,0.0000000000,scatter
7600,2,0.8927565356,0.0000000000,1.1020628301,0.0020043621,scatter
7600,3,1.1020628301,0.0020043621,0.3014930336,5.7586235619,scatter
7600,4,0.3014930336,5.7586235619,0.0000000000,5.4945433306,exit_left
7700,1,0.0000000000,0.0000000000,4.7500000000,0.0000000000,exit_right
7800,1,0.0000000000,0.0000000000,0.6265484747,0.0000000000,scatter
7800,2,0.6265484747,0.0000000000,1.2734945014,0.1776812609,scatter
7800,3,1.2734945014,0.1776812609,0.8911877029,-1.5111538635,scatter
7800,4,0.8911877029,-1.5111538635,0.4959597188,-1.4064539866,scatter
7800,5,0.4959597188,-1.4064539866,0.5287519415,-1.4562144421,scatter
7800,6,0.5287519415,-1.4562144421,1.0275075973,-0.8870880468,absorb
7900,1,0.0000000000,0.0000000000,1.2241965057,0.0000000000,scatter
7900,2,1.2241965057,0.0000000000,1.2307334847,0.0088747772,scatter
7900,3,1.2307334847,0.0088747772,2.7455062273,0.3250640918,scatter
7900,4,2.7455062273,0.3250640918,4.7500000000,-3.1546985984,exit_right
8000,1,0.0000000000,0.0000000000,0.6689525880,0.0000000000,scatter
8000,2,0.6689525880,0.0000000000,0.6696354271,0.1223714683,absorb
8100,1,0.0000000000,0.0000000000,0.6588602440,0.0000000000,scatter
8100,2,0.6588602440,0.0000000000,3.3243693929,0.1002874722,scatter
8100,3,3.3243693929,0.1002874722,3.3169004994,0.1062431102,scatter
8100,4,3.3169004994,0.1062431102,4.7500000000,1.0314236490,exit_right
8200,1,0.0000000000,0.0000000000,0.3356929125,0.0000000000,scatter
8200,2,0.3356929125,0.0000000000,0.0000000000,-0.2929085602,exit_left
8300,1,0.0000000000,0.0000000000,4.7500000000,0.0000000000,exit_right
8400,1,0.0000000000,0.0000000000,0.8915716008,0.0000000000,scatter
8400,2,0.8915716008,0.0000000000,0.9589079588,-0.7188709156,scatter
8400,3,0.9589079588,-0.7188709156,0.9807047217,-0.6358812741,absorb
8500,1,0.0000000000,0.0000000000,0.2508059357,0.0000000000,scatter
8500,2,0.2508059357,0.0000000000,3.2066185404,-3.7617908976,scatter
8500,3,3.2066185404,-3.7617908976,2.7885601663,-3.1534808960,scatter
8500,4,2.7885601663,-3.1534808960,4.5307925876,-7.3728848731,absorb
8600,1,0.0000000000,0.0000000000,0.1446249285,0.0000000000,scatter
8600,2,0.1446249285,0.0000000000,0.1673351994,-0.0564162318,scatter
8600,3,0.1673351994,-0.0564162318,0.0000000000,-0.0660280028,exit_left
8700,1,0.0000000000,0.0000000000,3.5506696330,0.0000000000,scatter
8700,2,3.5506696330,0.0000000000,1.7772362320,0.6497742679,scatter
8700,3,1.7772362320,0.6497742679,1.3994639177,0.1799757098,scatter
8700,4,1.3994639177,0.1799757098,1.5337489071,-0.3384173533,absorb
8800,1,0.0000000000,0.0000000000,1.2256578163,0.0000000000,scatter
8800,2,1.2256578163,0.0000000000,1.1940072209,-1.6014120711,scatter
8800,3,1.1940072209,-1.6014120711,0.2028349767,-1.9355240427,absorb
8900,1,0.0000000000,0.0000000000,0.1410666965,0.0000000000,scatter
8900,2,0.1410666965,0.0000000000,0.0000000000,-0.0463368645,exit_left
9000,1,0.0000000000,0.0000000000,1.6028594917,0.0000000000,absorb
9100,1,0.0000000000,0.0000000000,2.0364042460,0.0000000000,scatter
9100,2,2.0364042460,0.0000000000,2.1510864252,0.9059493740,absorb
9200,1,0.0000000000,0.0000000000,0.3990626625,0.0000000000,absorb
9300,1,0.0000000000,0.0000000000,2.2364721307,0.0000000000,absorb
9400,1,0.0000000000,0.0000000000,0.7856843371,0.0000000000,absorb
9500,1,0.0000000000,0.0000000000,0.0984173698,0.0000000000,scatter
9500,2,0.0984173698,0.0000000000,0.0000000000,-0.1754228540,exit_left
9600,1,0.0000000000,0.0000000000,2.4344852922,0.0000000000,scatter
9600,2,2.4344852922,0.0000000000,4.7500000000,-2.5517592365,exit_right
9700,1,0.0000000000,0.0000000000,2.0753012855,0.0000000000,scatter
9700,2,2.0753012855,0.0000000000,4.6357399433,-1.1394732781,scatter
9700,3,4.6357399433,-1.1394732781,4.5758936887,-1.0965001283,scatter
9700,4,4.5758936887,-1.0965001283,4.1287874552,-2.7027685572,absorb
9800,1,0.0000000000,0.0000000000,0.8453204251,0.0000000000,scatter
9800,2,0.8453204251,0.0000000000,1.1194598265,2.1178233935,scatter
9800,3,1.1194598265,2.1178233935,1.6873968978,2.0524076532,scatter
9800,4,1.6873968978,2.0524076532,0.9759660008,4.0175800574,scatter
9800,5,0.9759660008,4.0175800574,0.0000000000,3.7434902769,exit_left
9900,1,0.0000000000,0.0000000000,0.0461709946,0.0000000000,scatter
9900,2,0.0461709946,0.0000000000,0.2488969069,-0.0829097087,scatter
9900,3,0.2488969069,-0.0829097087,0.3228029829,0.0102043330,scatter
9900,4,0.3228029829,0.0102043330,0.2810005285,-0.3913444071,scatter
9900,5,0.2810005285,-0.3913444071,0.0000000000,-0.1322995864,exit_left
10000,1,0.0000000000,0.0000000000,0.1409532827,0.0000000000,scatter
10000,2,0.1409532827,0.0000000000,0.0000000000,0.0104575802,exit_left
10100,1,0.0000000000,0.0000000000,1.0793427271,0.0000000000,scatter
10100,2,1.0793427271,0.0000000000,0.7219403773,2.9488436713,scatter
10100,3,0.7219403773,2.9488436713,0.6749846222,2.9449019378,scatter
10100,4,0.6749846222,2.9449019378,0.1850125503,3.3201714743,absorb
10200,1,0.0000000000,0.0000000000,1.6962408493,0.0000000000,scatter
10200,2,1.6962408493,0.0000000000,0.0000000000,-4.4004059993,exit_left
10300,1,0.0000000000,0.0000000000,2.3216646378,0.0000000000,scatter
10300,2,2.3216646378,0.0000000000,2.2597599052,-0.1303925108,scatter
10300,3,2.2597599052,-0.1303925108,2.2815611286,0.0316785082,scatter
10300,4,2.2815611286,0.0316785082,2.6126247310,-2.5700430866,scatter
10300,5,2.6126247310,-2.5700430866,1.7774128040,-2.8183735760,scatter
10300,6,1.7774128040,-2.8183735760,0.0000000000,-2.5990847693,exit_left
10400,1,0.0000000000,0.0000000000,0.2553312233,0.0000000000,scatter
10400,2,0.2553312233,0.0000000000,0.2842446266,-0.0437480985,scatter
10400,3,0.2842446266,-0.0437480985,0.0000000000,-1.2439643106,exit_left
10500,1,0.0000000000,0.0000000000,0.6633420708,0.0000000000,scatter
10500,2,0.6633420708,0.0000000000,0.5833746716,-0.4487438451,scatter
10500,3,0.5833746716,-0.4487438451,1.9423050542,-0.5428878127,absorb
10600,1,0.0000000000,0.0000000000,1.1692799854,0.0000000000,scatter
10600,2,1.1692799854,0.0000000000,2.6275511614,0.7519011104,scatter
10600,3,2.6275511614,0.7519011104,2.6093480754,0.7588668469,scatter
10600,4,2.6093480754,0.7588668469,4.2143802854,0.7681330302,absorb
10700,1,0.0000000000,0.0000000000,0.6918400045,0.0000000000,scatter
10700,2,0.6918400045,0.0000000000,0.7597565304,0.1517148045,scatter
10700,3,0.7597565304,0.1517148045,0.0000000000,-0.4435575672,exit_left
10800,1,0.0000000000,0.0000000000,1.3715136846,0.0000000000,scatter
10800,2,1.3715136846,0.0000000000,2.4274165446,2.0745627950,scatter
10800,3,2.4274165446,2.0745627950,1.7310346538,1.9280341306,scatter
10800,4,1.7310346538,1.9280341306,0.8251705336,0.9634111649,scatter
10800,5,0.8251705336,0.9634111649,0.9626759290,0.9021480022,absorb
10900,1,0.0000000000,0.0000000000,1.0827924276,0.0000000000,scatter
10900,2,1.0827924276,0.0000000000,0.0000000000,-1.4140611304,exit_left
11000,1,0.0000000000,0.0000000000,0.5306918546,0.0000000000,scatter
11000,2,0.5306918546,0.0000000000,0.0000000000,0.1153361330,exit_left
11100,1,0.0000000000,0.0000000000,0.4217230968,0.0000000000,scatter
11100,2,0.4217230968,0.0000000000,0.4382631995,0.0140751959,scatter
11100,3,0.4382631995,0.0140751959,0.7853121670,0.1367906640,scatter
11100,4,0.7853121670,0.1367906640,0.6208311320,-0.3751522792,absorb
11200,1,0.0000000000,0.0000000000,3.7690579837,0.0000000000,scatter
11200,2,3.7690579837,0.0000000000,4.0238279688,-0.0424280670,scatter
11200,3,4.0238279688,-0.0424280670,4.2586033421,0.0047163563,scatter
11200,4,4.2586033421,0.0047163563,3.9447890829,-0.0490728757,scatter
11200,5,3.9447890829,-0.0490728757,2.2908982623,0.3968942539,scatter
11200,6,2.2908982623,0.3968942539,4.7500000000,-1.1405324468,exit_right
11300,1,0.0000000000,0.0000000000,1.0370021850,0.0000000000,scatter
11300,2,1.0370021850,0.0000000000,1.5312331438,1.1809260539,scatter
11300,3,1.5312331438,1.1809260539,1.1241879030,1.5415036878,absorb
11400,1,0.0000000000,0.0000000000,0.3230892401,0.0000000000,scatter
11400,2,0.3230892401,0.0000000000,0.0000000000,-0.2122798443,exit_left
11500,1,0.0000000000,0.0000000000,0.4812462724,0.0000000000,scatter
11500,2,0.4812462724,0.0000000000,0.0758057072,-0.9991632664,absorb
11600,1,0.0000000000,0.0000000000,2.3579665355,0.0000000000,absorb
11700,1,0.0000000000,0.0000000000,4.6332435445,0.0000000000,absorb
11800,1,0.0000000000,0.0000000000,4.4346117256,0.0000000000,absorb
11900,1,0.0000000000,0.0000000000,0.0565146877,0.0000000000,scatter
11900,2,0.0565146877,0.0000000000,0.0000000000,0.0005118961,exit_left
12000,1,0.0000000000,0.0000000000,0.1698204130,0.0000000000,scatter
12000,2,0.1698204130,0.0000000000,0.0000000000,-0.0901463604,exit_left
12100,1,0.0000000000,0.0000000000,0.1316168246,0.0000000000,scatter
12100,2,0.1316168246,0.0000000000,4.7500000000,-2.9579022444,exit_right
12200,1,0.0000000000,0.0000000000,0.2686440892,0.0000000000,scatter
12200,2,0.2686440892,0.0000000000,0.4320313304,0.2541030166,scatter
12200,3,0.4320313304,0.2541030166,0.5761583436,0.8822546406,scatter
12200,4,0.5761583436,0.8822546406,0.0000000000,0.9540935776,exit_left
12300,1,0.0000000000,0.0000000000,2.9758481901,0.0000000000,scatter
12300,2,2.9758481901,0.0000000000,4.7500000000,0.2645478234,exit_right
12400,1,0.0000000000,0.0000000000,0.2822532717,0.0000000000,scatter
12400,2,0.2822532717,0.0000000000,2.0859342178,-3.9182265915,scatter
12400,3,2.0859342178,-3.9182265915,2.0812001544,-3.9317743754,absorb
12500,1,0.0000000000,0.0000000000,0.7950444731,0.0000000000,scatter
12500,2,0.7950444731,0.0000000000,0.9553889258,2.2723934190,scatter
12500,3,0.9553889258,2.2723934190,1.0345902051,-1.5121317490,scatter
12500,4,1.0345902051,-1.5121317490,0.0000000000,-1.6804610982,exit_left
12600,1,0.0000000000,0.0000000000,0.9735112225,0.0000000000,scatter
12600,2,0.9735112225,0.0000000000,0.5475843327,4.9257227429,scatter
12600,3,0.5475843327,4.9257227429,0.5481457146,4.9259902627,scatter
12600,4,0.5481457146,4.9259902627,2.4702020731,4.9322401533,scatter
12600,5,2.4702020731,4.9322401533,2.2551011285,4.8835879216,scatter
12600,6,2.2551011285,4.8835879216,1.5004491115,6.2180148455,scatter
12600,7,1.5004491115,6.2180148455,1.1503064471,5.4763250861,scatter
12600,8,1.1503064471,5.4763250861,1.9819903978,5.9610969519,absorb
12700,1,0.0000000000,0.0000000000,3.2710286696,0.0000000000,scatter
12700,2,3.2710286696,0.0000000000,3.7460074135,4.9761021776,scatter
12700,3,3.7460074135,4.9761021776,3.7239626725,5.0051412117,scatter
12700,4,3.7239626725,5.0051412117,4.4935786787,5.9336874493,scatter
12700,5,4.4935786787,5.9336874493,4.7500000000,5.6958338985,exit_right
12800,1,0.0000000000,0.0000000000,1.3926900051,0.0000000000,scatter
12800,2,1.3926900051,0.0000000000,3.7745327357,-3.2988099337,scatter
12800,3,3.7745327357,-3.2988099337,4.7500000000,-3.2197184484,exit_right
12900,1,0.0000000000,0.0000000000,0.3688245368,0.0000000000,scatter
12900,2,0.3688245368,0.0000000000,0.4393573051,0.9755019724,scatter
12900,3,0.4393573051,0.9755019724,0.0000000000,2.0495169548,exit_left
13000,1,0.0000000000,0.0000000000,0.9091397378,0.0000000000,scatter
13000,2,0.9091397378,0.0000000000,1.1929153426,-0.7714513251,scatter
13000,3,1.1929153426,-0.7714513251,0.0000000000,-3.0366485918,exit_left
13100,1,0.0000000000,0.0000000000,1.2279359271,0.0000000000,scatter
13100,2,1.2279359271,0.0000000000,0.2257484761,2.8731537407,scatter
13100,3,0.2257484761,2.8731537407,0.6340437189,2.2150111799,scatter
13100,4,0.6340437189,2.2150111799,0.8118180147,2.3305432203,scatter
13100,5,0.8118180147,2.3305432203,1.8120034184,-1.3242250686,scatter
13100,6,1.8120034184,-1.3242250686,0.0000000000,-3.5047496360,exit_left
13200,1,0.0000000000,0.0000000000,4.7500000000,0.0000000000,exit_right
13300,1,0.0000000000,0.0000000000,0.5963015935,0.0000000000,scatter
13300,2,0.5963015935,0.0000000000,2.1740603390,-1.9125905429,scatter
13300,3,2.1740603390,-1.9125905429,2.2712410807,-0.0366496875,scatter
13300,4,2.2712410807,-0.0366496875,1.1388024451,0.5756604466,absorb
13400,1,0.0000000000,0.0000000000,4.7500000000,0.0000000000,exit_right
13500,1,0.0000000000,0.0000000000,4.7500000000,0.0000000000,exit_right
13600,1,0.0000000000,0.0000000000,0.8872365130,0.0000000000,scatter
13600,2,0.8872365130,0.0000000000,1.4228807829,-1.7188907196,scatter
13600,3,1.4228807829,-1.7188907196,2.6580681445,-4.2057648095,scatter
13600,4,2.6580681445,-4.2057648095,4.7500000000,-4.4419845441,exit_right
13700,1,0.0000000000,0.0000000000,1.0304251653,0.0000000000,scatter
13700,2,1.0304251653,0.0000000000,0.0000000000,0.2192371231,exit_left
13800,1,0.0000000000,0.0000000000,0.1476765022,0.0000000000,scatter
13800,2,0.1476765022,0.0000000000,0.3742282134,0.4531450189,scatter
13800,3,0.3742282134,0.4531450189,4.7500000000,3.5327225491,exit_right
13900,1,0.0000000000,0.0000000000,1.3170057669,0.0000000000,scatter
13900,2,1.3170057669,0.0000000000,2.1236586664,1.3716199316,scatter
13900,3,2.1236586664,1.3716199316,4.7500000000,1.9713431837,exit_right
14000,1,0.0000000000,0.0000000000,1.3427056122,0.0000000000,scatter
14000,2,1.3427056122,0.0000000000,1.6649628193,2.7066295481,scatter
14000,3,1.6649628193,2.7066295481,0.7703026829,1.3715772322,scatter
14000,4,0.7703026829,1.3715772322,0.7860863451,1.3158826765,scatter
14000,5,0.7860863451,1.3158826765,2.4634732100,-0.9316065322,scatter
14000,6,2.4634732100,-0.9316065322,0.0000000000,-5.6334775836,exit_left
14100,1,0.0000000000,0.0000000000,1.2451409945,0.0000000000,scatter
14100,2,1.2451409945,0.0000000000,0.8834468575,0.7778727937,scatter
14100,3,0.8834468575,0.7778727937,1.9289760012,-0.0743332708,scatter
14100,4,1.9289760012,-0.0743332708,1.7938261289,-0.0934640332,scatter
14100,5,1.7938261289,-0.0934640332,3.3976920924,-0.7846744627,scatter
14100,6,3.3976920924,-0.7846744627,3.2911977718,-0.8285975881,absorb
14200,1,0.0000000000,0.0000000000,0.1958567060,0.0000000000,absorb
14300,1,0.0000000000,0.0000000000,0.7883593033,0.0000000000,scatter
14300,2,0.7883593033,0.0000000000,2.3792659584,3.9833127418,scatter
14300,3,2.3792659584,3.9833127418,1.5357673201,3.4245970987,scatter
14300,4,1.5357673201,3.4245970987,1.4415338104,3.5504987272,scatter
14300,5,1.4415338104,3.5504987272,1.9961695681,6.8884430507,absorb
14400,1,0.0000000000,0.0000000000,1.6514243059,0.0000000000,scatter
14400,2,1.6514243059,0.0000000000,0.3284062761,-0.2255525072,scatter
14400,3,0.3284062761,-0.2255525072,0.2039092847,-1.0059746136,scatter
14400,4,0.2039092847,-1.0059746136,0.0000000000,-1.5796240375,exit_left
14500,1,0.0000000000,0.0000000000,1.3633748667,0.0000000000,scatter
14500,2,1.3633748667,0.0000000000,1.2038420767,0.0014894845,absorb
14600,1,0.0000000000,0.0000000000,3.6589842368,0.0000000000,scatter
14600,2,3.6589842368,0.0000000000,4.3598551154,3.4009682163,scatter
14600,3,4.3598551154,3.4009682163,4.6034397230,3.4427533394,scatter
14600,4,4.6034397230,3.4427533394,4.7500000000,3.1076209113,exit_right
14700,1,0.0000000000,0.0000000000,2.8927943357,0.0000000000,scatter
14700,2,2.8927943357,0.0000000000,4.0536147945,0.9009320069,scatter
14700,3,4.0536147945,0.9009320069,1.7265217398,1.4703100866,scatter
14700,4,1.7265217398,1.4703100866,1.4133321700,1.3178037734,scatter
14700,5,1.4133321700,1.3178037734,2.2438362288,0.0491391034,scatter
14700,6,2.2438362288,0.0491391034,2.7414245938,0.4846637603,scatter
14700,7,2.7414245938,0.4846637603,4.7500000000,1.8629593361,exit_right
14800,1,0.0000000000,0.0000000000,0.2547635453,0.0000000000,scatter
14800,2,0.2547635453,0.0000000000,0.0000000000,-0.0183828765,exit_left
14900,1,0.0000000000,0.0000000000,1.5416176237,0.0000000000,scatter
14900,2,1.5416176237,0.0000000000,3.1407190880,2.9413234838,scatter
14900,3,3.1407190880,2.9413234838,3.1356648294,3.2351198780,absorb
15000,1,0.0000000000,0.0000000000,4.7500000000,0.0000000000,exit_right
15100,1,0.0000000000,0.0000000000,0.2670764518,0.0000000000,scatter
15100,2,0.2670764518,0.0000000000,0.0000000000,-0.3453277619,exit_left
15200,1,0.0000000000,0.0000000000,0.8155384157,0.0000000000,absorb
15300,1,0.0000000000,0.0000000000,4.1887373894,0.0000000000,scatter
15300,2,4.1887373894,0.0000000000,4.2793756057,0.1087014848,scatter
15300,3,4.2793756057,0.1087014848,4.7500000000,0.3263218607,exit_right
15400,1,0.0000000000,0.0000000000,0.0250495814,0.0000000000,scatter
15400,2,0.0250495814,0.0000000000,0.0000000000,0.0521117640,exit_left
15500,1,0.0000000000,0.0000000000,1.4593984450,0.0000000000,absorb
15600,1,0.0000000000,0.0000000000,1.0438266489,0.0000000000,scatter
15600,2,1.0438266489,0.0000000000,0.0426233271,0.2106968676,scatter
15600,3,0.0426233271,0.2106968676,0.0212647070,-0.9583710235,scatter
15600,4,0.0212647070,-0.9583710235,0.1391867719,-1.0989454085,scatter
15600,5,0.1391867719,-1.0989454085,0.0309698111,-5.0106737114,absorb
15700,1,0.0000000000,0.0000000000,2.0013963679,0.0000000000,scatter
15700,2,2.0013963679,0.0000000000,4.2297655700,2.0917915363,scatter
15700,3,4.2297655700,2.0917915363,3.2932011968,5.3098325383,scatter
15700,4,3.2932011968,5.3098325383,3.2985234238,5.3123321851,absorb
15800,1,0.0000000000,0.0000000000,0.3135912928,0.0000000000,scatter
15800,2,0.3135912928,0.0000000000,0.0000000000,0.7995210958,exit_left
15900,1,0.0000000000,0.0000000000,2.3910143973,0.0000000000,scatter
15900,2,2.3910143973,0.0000000000,0.0000000000,0.4953487670,exit_left
16000,1,0.0000000000,0.0000000000,1.0405242672,0.0000000000,absorb
16100,1,0.0000000000,0.0000000000,1.2686434558,0.0000000000,scatter
16100,2,1.2686434558,0.0000000000,2.4125991143,0.7193155366,absorb
16200,1,0.0000000000,0.0000000000,1.7769034203,0.0000000000,scatter
16200,2,1.7769034203,0.0000000000,1.9317950571,-0.0757741541,scatter
16200,3,1.9317950571,-0.0757741541,0.0000000000,-4.8810695117,exit_left
16300,1,0.0000000000,0.0000000000,0.5812687352,0.0000000000,absorb
16400,1,0.0000000000,0.0000000000,1.2389447823,0.0000000000,scatter
16400,2,1.2389447823,0.0000000000,1.6611776563,-1.4604779966,scatter
16400,3,1.6611776563,-1.4604779966,2.9562997204,-4.9451783940,scatter
16400,4,2.9562997204,-4.9451783940,0.0000000000,-3.7978581332,exit_left
16500,1,0.0000000000,0.0000000000,3.8338789467,0.0000000000,scatter
16500,2,3.8338789467,0.0000000000,2.9095851341,-0.1918339850,absorb
16600,1,0.0000000000,0.0000000000,0.0751882991,0.0000000000,absorb
16700,1,0.0000000000,0.0000000000,2.5492116153,0.0000000000,scatter
16700,2,2.5492116153,0.0000000000,2.5541683087,0.0220948284,scatter
16700,3,2.5541683087,0.0220948284,1.5140970749,4.0984817659,absorb
16800,1,0.0000000000,0.0000000000,0.1365604677,0.0000000000,absorb
16900,1,0.0000000000,0.0000000000,0.1970420620,0.0000000000,scatter
16900,2,0.1970420620,0.0000000000,0.0000000000,0.1629117591,exit_left
17000,1,0.0000000000,0.0000000000,4.7500000000,0.0000000000,exit_right
17100,1,0.0000000000,0.0000000000,4.7500000000,0.0000000000,exit_right
17200,1,0.0000000000,0.0000000000,3.9327536209,0.0000000000,absorb
17300,1,0.0000000000,0.0000000000,0.8346428188,0.0000000000,scatter
17300,2,0.8346428188,0.0000000000,2.6690576778,-3.1161071037,scatter
17300,3,2.6690576778,-3.1161071037,4.7500000000,-7.3432901801,exit_right
17400,1,0.0000000000,0.0000000000,0.2472473970,0.0000000000,scatter
17400,2,0.2472473970,0.0000000000,0.0000000000,0.0455153762,exit_left
17500,1,0.0000000000,0.0000000000,1.5698313699,0.0000000000,scatter
17500,2,1.5698313699,0.0000000000,4.7500000000,7.7377988497,exit_right
17600,1,0.0000000000,0.0000000000,0.6033969136,0.0000000000,scatter
17600,2,0.6033969136,0.0000000000,0.6238847608,-0.0779082322,scatter
17600,3,0.6238847608,-0.0779082322,0.0000000000,-0.7247281004,exit_left
17700,1,0.0000000000,0.0000000000,0.5993818499,0.0000000000,absorb
17800,1,0.0000000000,0.0000000000,4.1452657999,0.0000000000,scatter
17800,2,4.1452657999,0.0000000000,4.7500000000,0.5341633855,exit_right
17900,1,0.0000000000,0.0000000000,4.7500000000,0.0000000000,exit_right
18000,1,0.0000000000,0.0000000000,0.4023442747,0.0000000000,scatter
18000,2,0.4023442747,0.0000000000,0.4583590062,0.1119809961,absorb
18100,1,0.0000000000,0.0000000000,2.3819599528,0.0000000000,scatter
18100,2,2.3819599528,0.0000000000,3.3538130665,0.8285773220,scatter
18100,3,3.3538130665,0.8285773220,3.2494632874,2.0437203641,scatter
18100,4,3.2494632874,2.0437203641,4.7500000000,2.4092158911,exit_right
18200,1,0.0000000000,0.0000000000,2.7098707690,0.0000000000,scatter
18200,2,2.7098707690,0.0000000000,4.7500000000,2.2021887790,exit_right
18300,1,0.0000000000,0.0000000000,1.3396494672,0.0000000000,scatter
18300,2,1.3396494672,0.0000000000,1.8621999181,-0.0567021318,absorb
18400,1,0.0000000000,0.0000000000,2.9888231420,0.0000000000,absorb
18500,1,0.0000000000,0.0000000000,0.5730939418,0.0000000000,scatter
18500,2,0.5730939418,0.0000000000,2.0206696375,0.3195489903,scatter
18500,3,2.0206696375,0.3195489903,4.3348205217,2.3664055552,scatter
18500,4,4.3348205217,2.3664055552,4.6840850212,1.4282350729,scatter
18500,5,4.6840850212,1.4282350729,4.4553713681,1.5788052064,scatter
18500,6,4.4553713681,1.5788052064,4.7500000000,1.3154763906,exit_right
18600,1,0.0000000000,0.0000000000,0.2480329487,0.0000000000,scatter
18600,2,0.2480329487,0.0000000000,0.0000000000,-1.1894830016,exit_left
18700,1,0.0000000000,0.0000000000,0.6710045783,0.0000000000,scatter
18700,2,0.6710045783,0.0000000000,0.4226075886,0.0505947443,scatter
18700,3,0.4226075886,0.0505947443,0.0000000000,1.3236889585,exit_left
18800,1,0.0000000000,0.0000000000,0.2603337034,0.0000000000,scatter
18800,2,0.2603337034,0.0000000000,1.5783872803,-4.2029953294,absorb
18900,1,0.0000000000,0.0000000000,1.9878296172,0.0000000000,scatter
18900,2,1.9878296172,0.0000000000,1.3500129035,0.1224520321,absorb
19000,1,0.0000000000,0.0000000000,2.2698625258,0.0000000000,absorb
19100,1,0.0000000000,0.0000000000,2.7283952553,0.0000000000,scatter
19100,2,2.7283952553,0.0000000000,4.7500000000,0.1307089476,exit_right
19200,1,0.0000000000,0.0000000000,2.0113652664,0.0000000000,scatter
19200,2,2.0113652664,0.0000000000,2.3803063235,-0.7368690033,absorb
19300,1,0.0000000000,0.0000000000,2.0431682450,0.0000000000,absorb
19400,1,0.0000000000,0.0000000000,0.1802911688,0.0000000000,absorb
19500,1,0.0000000000,0.0000000000,2.5187585135,0.0000000000,scatter
19500,2,2.5187585135,0.0000000000,3.4162240227,-1.0180560724,scatter
19500,3,3.4162240227,-1.0180560724,1.8941304354,-0.8193634235,scatter
19500,4,1.8941304354,-0.8193634235,4.7500000000,-4.5647700284,exit_right
19600,1,0.0000000000,0.0000000000,0.3687157882,0.0000000000,scatter
19600,2,0.3687157882,0.0000000000,0.2582354022,-0.6988328604,scatter
19600,3,0.2582354022,-0.6988328604,0.5580728828,-1.0036641328,scatter
19600,4,0.5580728828,-1.0036641328,0.0000000000,0.0245954430,exit_left
19700,1,0.0000000000,0.0000000000,4.7500000000,0.0000000000,exit_right
19800,1,0.0000000000,0.0000000000,0.5902055189,0.0000000000,scatter
19800,2,0.5902055189,0.0000000000,0.7441383770,0.3247135359,scatter
19800,3,0.7441383770,0.3247135359,0.0000000000,0.2539212515,exit_left
19900,1,0.0000000000,0.0000000000,1.8097411225,0.0000000000,scatter
19900,2,1.8097411225,0.0000000000,1.0678821673,0.7180456702,scatter
19900,3,1.0678821673,0.7180456702,1.2401567856,0.7810343751,scatter
19900,4,1.2401567856,0.7810343751,4.7500000000,-0.6248478554,exit_right
20000,1,0.0000000000,0.0000000000,2.0449523595,0.0000000000,scatter
20000,2,2.0449523595,0.0000000000,2.0052452854,-0.0237403558,scatter
20000,3,2.0052452854,-0.0237403558,2.6127974217,1.0691350486,absorb
20100,1,0.0000000000,0.0000000000,0.8773156020,0.0000000000,scatter
20100,2,0.8773156020,0.0000000000,4.7500000000,-4.6143040666,exit_right
20200,1,0.0000000000,0.0000000000,3.1224370165,0.0000000000,absorb
20300,1,0.0000000000,0.0000000000,3.4623368283,0.0000000000,absorb
20400,1,0.0000000000,0.0000000000,4.0402243989,0.0000000000,scatter
20400,2,4.0402243989,0.0000000000,4.7500000000,0.1571008475,exit_right
20500,1,0.0000000000,0.0000000000,0.6530512711,0.0000000000,scatter
20500,2,0.6530512711,0.0000000000,0.0000000000,0.8322541278,exit_left
20600,1,0.0000000000,0.0000000000,0.3272175981,0.0000000000,scatter
20600,2,0.3272175981,0.0000000000,0.4625595761,0.4598911756,absorb
20700,1,0.0000000000,0.0000000000,4.7500000000,0.0000000000,exit_right
20800,1,0.0000000000,0.0000000000,0.1909466493,0.0000000000,scatter
20800,2,0.1909466493,0.0000000000,0.0000000000,-0.3268403674,exit_left
20900,1,0.0000000000,0.0000000000,4.7500000000,0.0000000000,exit_right
21000,1,0.0000000000,0.0000000000,1.8427172068,0.0000000000,scatter
21000,2,1.8427172068,0.0000000000,4.7500000000,-0.9724757069,exit_right
21100,1,0.0000000000,0.0000000000,1.2987356053,0.0000000000,scatter
21100,2,1.2987356053,0.0000000000,2.0794161544,-2.8458249494,scatter
21100,3,2.0794161544,-2.8458249494,4.0572398165,-2.1918298153,absorb
21200,1,0.0000000000,0.0000000000,0.3415917280,0.0000000000,scatter
21200,2,0.3415917280,0.0000000000,2.1380254909,-0.1168522188,absorb
21300,1,0.0000000000,0.0000000000,2.4670593415,0.0000000000,scatter
21300,2,2.4670593415,0.0000000000,0.0000000000,-0.1543885764,exit_left
21400,1,0.0000000000,0.0000000000,4.7500000000,0.0000000000,exit_right
21500,1,0.0000000000,0.0000000000,2.3983290100,0.0000000000,scatter
21500,2,2.3983290100,0.0000000000,2.9360801024,-0.4268141557,absorb
21600,1,0.0000000000,0.0000000000,0.5473753546,0.0000000000,scatter
21600,2,0.5473753546,0.0000000000,1.5338162636,-0.4479051943,scatter
21600,3,1.5338162636,-0.4479051943,4.7500000000,-0.4787315036,exit_right
21700,1,0.0000000000,0.0000000000,1.1345777716,0.0000000000,absorb
21800,1,0.0000000000,0.0000000000,1.6537769859,0.0000000000,scatter
21800,2,1.6537769859,0.0000000000,0.4315090400,1.0101083016,scatter
21800,3,0.4315090400,1.0101083016,0.5596105484,2.6659421734,scatter
21800,4,0.5596105484,2.6659421734,0.7163496119,3.0170298391,absorb
21900,1,0.0000000000,0.0000000000,1.1339671403,0.0000000000,scatter
21900,2,1.1339671403,0.0000000000,1.2492068606,-0.5896281537,scatter
21900,3,1.2492068606,-0.5896281537,0.5334605764,-1.1971541272,scatter
21900,4,0.5334605764,-1.1971541272,0.7091322530,-0.3291222125,absorb
22000,1,0.0000000000,0.0000000000,2.0773956925,0.0000000000,scatter
22000,2,2.0773956925,0.0000000000,1.8848968848,1.4841943023,scatter
22000,3,1.8848968848,1.4841943023,0.0000000000,2.8706943116,exit_left
22100,1,0.0000000000,0.0000000000,2.4101023309,0.0000000000,scatter
22100,2,2.4101023309,0.0000000000,4.5682067272,1.3823435460,scatter
22100,3,4.5682067272,1.3823435460,4.7500000000,1.6430528695,exit_right
22200,1,0.0000000000,0.0000000000,1.9751754977,0.0000000000,scatter
22200,2,1.9751754977,0.0000000000,0.1123594811,0.0162274740,scatter
22200,3,0.1123594811,0.0162274740,0.3936317292,-0.2386819187,scatter
22200,4,0.3936317292,-0.2386819187,0.4363909654,-0.1878569642,scatter
22200,5,0.4363909654,-0.1878569642,1.1946737322,1.3148378742,scatter
22200,6,1.1946737322,1.3148378742,2.2927610529,-1.5167079295,absorb
22300,1,0.0000000000,0.0000000000,3.0298150715,0.0000000000,scatter
22300,2,3.0298150715,0.0000000000,2.8663566800,-0.6382441963,absorb
22400,1,0.0000000000,0.0000000000,4.7500000000,0.0000000000,exit_right
22500,1,0.0000000000,0.0000000000,0.0587143623,0.0000000000,scatter
22500,2,0.0587143623,0.0000000000,0.0000000000,0.0883520889,exit_left
22600,1,0.0000000000,0.0000000000,2.0608618041,0.0000000000,scatter
22600,2,2.0608618041,0.0000000000,2.9280705063,-0.2467088979,scatter
22600,3,2.9280705063,-0.2467088979,4.6233913413,5.8449012991,scatter
22600,4,4.6233913413,5.8449012991,2.2533877849,10.5904760737,scatter
22600,5,2.2533877849,10.5904760737,2.2258173002,10.6636112435,scatter
22600,6,2.2258173002,10.6636112435,4.5978322670,5.3383790769,scatter
22600,7,4.5978322670,5.3383790769,4.7500000000,4.9383681845,exit_right
22700,1,0.0000000000,0.0000000000,0.1257325378,0.0000000000,absorb
22800,1,0.0000000000,0.0000000000,1.0803836100,0.0000000000,scatter
22800,2,1.0803836100,0.0000000000,4.7481764851,-0.8931522789,scatter
22800,3,4.7481764851,-0.8931522789,1.8246498759,4.9648319404,scatter
22800,4,1.8246498759,4.9648319404,1.4797899041,5.2637791944,scatter
22800,5,1.4797899041,5.2637791944,0.1567041466,3.3168299324,scatter
22800,6,0.1567041466,3.3168299324,1.3900397642,2.7507282549,scatter
22800,7,1.3900397642,2.7507282549,1.4863465802,2.9052707469,absorb
22900,1,0.0000000000,0.0000000000,0.9557037945,0.0000000000,scatter
22900,2,0.9557037945,0.0000000000,1.1086438919,1.0409554910,scatter
22900,3,1.1086438919,1.0409554910,0.5714330400,1.1339612227,scatter
22900,4,0.5714330400,1.1339612227,0.5519623448,-2.1475964190,scatter
22900,5,0.5519623448,-2.1475964190,1.0022068210,-2.4346339971,scatter
22900,6,1.0022068210,-2.4346339971,0.5606211517,-2.9903776325,scatter
22900,7,0.5606211517,-2.9903776325,0.4535762825,-2.1416785945,scatter
22900,8,0.4535762825,-2.1416785945,0.3646077956,-1.9264942966,scatter
22900,9,0.3646077956,-1.9264942966,0.0000000000,-1.7767943518,exit_left
23000,1,0.0000000000,0.0000000000,1.5758380564,0.0000000000,absorb
23100,1,0.0000000000,0.0000000000,2.4032804940,0.0000000000,absorb
23200,1,0.0000000000,0.0000000000,0.1591845204,0.0000000000,scatter
23200,2,0.1591845204,0.0000000000,0.0000000000,-0.1971901024,exit_left
23300,1,0.0000000000,0.0000000000,0.1123700833,0.0000000000,absorb
23400,1,0.0000000000,0.0000000000,2.0809931342,0.0000000000,scatter
23400,2,2.0809931342,0.0000000000,2.0012994253,-0.5038671385,scatter
23400,3,2.0012994253,-0.5038671385,1.1002200279,-0.6388336138,absorb
23500,1,0.0000000000,0.0000000000,4.1931188915,0.0000000000,scatter
23500,2,4.1931188915,0.0000000000,4.4968745918,-0.0974745711,scatter
23500,3,4.4968745918,-0.0974745711,4.7500000000,0.2724184634,exit_right
23600,1,0.0000000000,0.0000000000,1.6137132011,0.0000000000,scatter
23600,2,1.6137132011,0.0000000000,1.5882310065,-0.1067677679,scatter
23600,3,1.5882310065,-0.1067677679,3.0700733643,1.2275162088,scatter
23600,4,3.0700733643,1.2275162088,2.9051873555,1.2569461088,scatter
23600,5,2.9051873555,1.2569461088,2.1726800272,1.4721566215,scatter
23600,6,2.1726800272,1.4721566215,2.6463294665,1.0645969425,absorb
23700,1,0.0000000000,0.0000000000,1.3257645289,0.0000000000,scatter
23700,2,1.3257645289,0.0000000000,2.2353169535,0.0432614428,scatter
23700,3,2.2353169535,0.0432614428,2.4153649722,-0.4055833639,absorb
23800,1,0.0000000000,0.0000000000,3.7486628515,0.0000000000,scatter
23800,2,3.7486628515,0.0000000000,3.8544911560,-0.0087813335,scatter
23800,3,3.8544911560,-0.0087813335,2.8941676928,1.8610427833,scatter
23800,4,2.8941676928,1.8610427833,1.4102328986,3.1323589972,scatter
23800,5,1.4102328986,3.1323589972,1.4614615546,6.8250609806,scatter
23800,6,1.4614615546,6.8250609806,2.1587016619,5.9429080579,scatter
23800,7,2.1587016619,5.9429080579,3.9107411715,4.0184349224,scatter
23800,8,3.9107411715,4.0184349224,4.7500000000,4.0059597102,exit_right
23900,1,0.0000000000,0.0000000000,1.8261906660,0.0000000000,scatter
23900,2,1.8261906660,0.0000000000,1.7098594316,-0.1072714119,scatter
23900,3,1.7098594316,-0.1072714119,1.5842196879,-0.3240068473,scatter
23900,4,1.5842196879,-0.3240068473,4.7500000000,-3.7951158829,exit_right
24000,1,0.0000000000,0.0000000000,2.3218491801,0.0000000000,absorb
24100,1,0.0000000000,0.0000000000,3.8527361334,0.0000000000,scatter
24100,2,3.8527361334,0.0000000000,0.8100886298,-1.9732514666,scatter
24100,3,0.8100886298,-1.9732514666,0.8325590169,-1.2874374216,absorb
24200,1,0.0000000000,0.0000000000,2.3007047988,0.0000000000,scatter
24200,2,2.3007047988,0.0000000000,4.7500000000,-0.8390034025,exit_right
24300,1,0.0000000000,0.0000000000,3.3967831725,0.0000000000,scatter
24300,2,3.3967831725,0.0000000000,2.3765829398,-3.9235538072,scatter
24300,3,2.3765829398,-3.9235538072,3.9373599026,-1.4287226621,scatter
24300,4,3.9373599026,-1.4287226621,4.3762655661,2.3534323518,absorb
24400,1,0.0000000000,0.0000000000,1.5712987103,0.0000000000,scatter
24400,2,1.5712987103,0.0000000000,1.3787704301,-0.0540643046,scatter
24400,3,1.3787704301,-0.0540643046,1.3036300798,-0.0446924319,scatter
24400,4,1.3036300798,-0.0446924319,0.3506196539,2.8216227707,scatter
24400,5,0.3506196539,2.8216227707,0.0000000000,2.7289593370,exit_left
24500,1,0.0000000000,0.0000000000,0.4287046962,0.0000000000,scatter
24500,2,0.4287046962,0.0000000000,0.6001867556,-0.0122624426,scatter
24500,3,0.6001867556,-0.0122624426,0.0000000000,-0.3455182246,exit_left
24600,1,0.0000000000,0.0000000000,2.4593657815,0.0000000000,scatter
24600,2,2.4593657815,0.0000000000,2.2690679744,0.8570670735,scatter
24600,3,2.2690679744,0.8570670735,2.2576940462,0.8820526452,scatter
24600,4,2.2576940462,0.8820526452,2.2608490123,0.9515085717,scatter
24600,5,2.2608490123,0.9515085717,4.7500000000,1.8432652468,exit_right
24700,1,0.0000000000,0.0000000000,0.5788310309,0.0000000000,absorb
24800,1,0.0000000000,0.0000000000,4.1546256847,0.0000000000,absorb
24900,1,0.0000000000,0.0000000000,0.4452953752,0.0000000000,absorb
25000,1,0.0000000000,0.0000000000,4.7500000000,0.0000000000,exit_right
25100,1,0.0000000000,0.0000000000,0.5287936189,0.0000000000,scatter
25100,2,0.5287936189,0.0000000000,1.8149173447,2.2742535010,scatter
25100,3,1.8149173447,2.2742535010,1.9390687772,2.3531778477,scatter
25100,4,1.9390687772,2.3531778477,4.7500000000,5.6682597006,exit_right
25200,1,0.0000000000,0.0000000000,0.4218770995,0.0000000000,scatter
25200,2,0.4218770995,0.0000000000,0.0000000000,-0.0693360390,exit_left
25300,1,0.0000000000,0.0000000000,3.8262026722,0.0000000000,scatter
25300,2,3.8262026722,0.0000000000,4.7500000000,0.5078318911,exit_right
25400,1,0.0000000000,0.0000000000,4.5105671430,0.0000000000,scatter
25400,2,4.5105671430,0.0000000000,3.6657707868,-1.8137119498,absorb
25500,1,0.0000000000,0.0000000000,0.7544763773,0.0000000000,absorb
25600,1,0.0000000000,0.0000000000,3.5543983043,0.0000000000,scatter
25600,2,3.5543983043,0.0000000000,2.4847552235,-0.8686486477,scatter
25600,3,2.4847552235,-0.8686486477,0.0000000000,-6.2933686268,exit_left
25700,1,0.0000000000,0.0000000000,1.7466438209,0.0000000000,scatter
25700,2,1.7466438209,0.0000000000,2.3164881034,1.0062928397,absorb
25800,1,0.0000000000,0.0000000000,4.7500000000,0.0000000000,exit_right
25900,1,0.0000000000,0.0000000000,1.7038718878,0.0000000000,absorb
26000,1,0.0000000000,0.0000000000,1.6204162154,0.0000000000,absorb
26100,1,0.0000000000,0.0000000000,4.7500000000,0.0000000000,exit_right
26200,1,0.0000000000,0.0000000000,0.7961870414,0.0000000000,absorb
26300,1,0.0000000000,0.0000000000,0.8568789971,0.0000000000,scatter
26300,2,0.8568789971,0.0000000000,1.1293565745,-0.2498398741,scatter
26300,3,1.1293565745,-0.2498398741,0.9194272054,-0.9576845314,scatter
26300,4,0.9194272054,-0.9576845314,1.4886920274,-1.8868361861,scatter
26300,5,1.4886920274,-1.8868361861,1.5057680437,-1.2307534858,absorb
26400,1,0.0000000000,0.0000000000,0.6439497608,0.0000000000,scatter
26400,2,0.6439497608,0.0000000000,0.8881255704,0.3996888937,scatter
26400,3,0.8881255704,0.3996888937,0.3042565607,-1.6258808611,scatter
26400,4,0.3042565607,-1.6258808611,4.7500000000,-3.5073744053,exit_right
26500,1,0.0000000000,0.0000000000,0.5452756641,0.0000000000,scatter
26500,2,0.5452756641,0.0000000000,0.8229134120,0.2446996292,absorb
26600,1,0.0000000000,0.0000000000,1.0636133226,0.0000000000,scatter
26600,2,1.0636133226,0.0000000000,0.8457790873,-1.8197474668,scatter
26600,3,0.8457790873,-1.8197474668,0.7522606270,-2.3980858002,scatter
26600,4,0.7522606270,-2.3980858002,1.1822783463,-2.0585697752,scatter
26600,5,1.1822783463,-2.0585697752,1.6079075853,0.0256760396,scatter
26600,6,1.6079075853,0.0256760396,3.7998509016,-0.3277833029,scatter
26600,7,3.7998509016,-0.3277833029,2.6721479956,-1.8156079552,scatter
26600,8,2.6721479956,-1.8156079552,2.8751215191,-4.5780522527,scatter
26600,9,2.8751215191,-4.5780522527,3.1949446523,-4.5177402343,scatter
26600,10,3.1949446523,-4.5177402343,4.1556674859,-4.6565458400,scatter
26600,11,4.1556674859,-4.6565458400,3.7582605561,-5.0246172135,scatter
26600,12,3.7582605561,-5.0246172135,4.3626803801,-3.7492620689,scatter
26600,13,4.3626803801,-3.7492620689,3.8399731971,-6.7481381819,absorb
26700,1,0.0000000000,0.0000000000,1.2995471098,0.0000000000,scatter
26700,2,1.2995471098,0.0000000000,1.9862678281,-1.2708482965,scatter
26700,3,1.9862678281,-1.2708482965,0.4111573880,-1.1514270532,scatter
26700,4,0.4111573880,-1.1514270532,0.3814893442,-1.0719474267,scatter
26700,5,0.3814893442,-1.0719474267,0.5477131286,-2.2504332102,scatter
26700,6,0.5477131286,-2.2504332102,0.5518642175,-2.2453665631,scatter
26700,7,0.5518642175,-2.2453665631,1.3605403325,-2.5225443907,scatter
26700,8,1.3605403325,-2.5225443907,0.0000000000,-1.9950556403,exit_left
26800,1,0.0000000000,0.0000000000,2.3957008013,0.0000000000,scatter
26800,2,2.3957008013,0.0000000000,2.5237638147,-0.5773424169,scatter
26800,3,2.5237638147,-0.5773424169,0.3480458963,-2.4547300838,scatter
26800,4,0.3480458963,-2.4547300838,0.0000000000,-1.3206152818,exit_left
26900,1,0.0000000000,0.0000000000,1.1708289389,0.0000000000,scatter
26900,2,1.1708289389,0.0000000000,0.9584672135,-0.6422855108,absorb
27000,1,0.0000000000,0.0000000000,0.3283127810,0.0000000000,absorb
27100,1,0.0000000000,0.0000000000,1.5091137093,0.0000000000,scatter
27100,2,1.5091137093,0.0000000000,1.1599771569,-0.1092699377,absorb
27200,1,0.0000000000,0.0000000000,0.3765180156,0.0000000000,scatter
27200,2,0.3765180156,0.0000000000,0.0000000000,-0.1119175893,exit_left
27300,1,0.0000000000,0.0000000000,1.4636558143,0.0000000000,scatter
27300,2,1.4636558143,0.0000000000,1.2106948236,1.4646413117,scatter
27300,3,1.2106948236,1.4646413117,4.7500000000,2.2150830905,exit_right
27400,1,0.0000000000,0.0000000000,4.7500000000,0.0000000000,exit_right
27500,1,0.0000000000,0.0000000000,1.2519041289,0.0000000000,absorb
27600,1,0.0000000000,0.0000000000,0.9132646654,0.0000000000,scatter
27600,2,0.9132646654,0.0000000000,0.7108806883,-2.8171051538,scatter
27600,3,0.7108806883,-2.8171051538,0.7152703044,-1.6502926632,absorb
27700,1,0.0000000000,0.0000000000,1.7006571300,0.0000000000,absorb
27800,1,0.0000000000,0.0000000000,0.8443503927,0.0000000000,scatter
27800,2,0.8443503927,0.0000000000,3.2274223331,5.2873668307,scatter
27800,3,3.2274223331,5.2873668307,1.2980012601,8.2621410565,absorb
27900,1,0.0000000000,0.0000000000,1.0991893033,0.0000000000,scatter
27900,2,1.0991893033,0.0000000000,0.1044363716,-0.6231089620,scatter
27900,3,0.1044363716,-0.6231089620,0.0000000000,-0.5264614139,exit_left
28000,1,0.0000000000,0.0000000000,2.1759705040,0.0000000000,scatter
28000,2,2.1759705040,0.0000000000,2.1058173351,0.4413987128,scatter
28000,3,2.1058173351,0.4413987128,2.2799242790,0.9499598327,scatter
28000,4,2.2799242790,0.9499598327,1.3310226533,6.1788948194,scatter
28000,5,1.3310226533,6.1788948194,1.6385090884,2.1221255913,scatter
28000,6,1.6385090884,2.1221255913,1.3238009831,2.0929709022,scatter
28000,7,1.3238009831,2.0929709022,1.3726922987,2.2017175241,scatter
28000,8,1.3726922987,2.2017175241,2.8380002741,-0.1109709053,scatter
28000,9,2.8380002741,-0.1109709053,4.6949223346,-1.8944093984,scatter
28000,10,4.6949223346,-1.8944093984,1.6636877432,-3.9529972007,scatter
28000,11,1.6636877432,-3.9529972007,0.7340679674,-7.0213094020,scatter
28000,12,0.7340679674,-7.0213094020,1.0445306207,-5.5710573866,scatter
28000,13,1.0445306207,-5.5710573866,0.2806162475,-5.7700971382,scatter
28000,14,0.2806162475,-5.7700971382,0.2855709813,-5.8674127652,scatter
28000,15,0.2855709813,-5.8674127652,0.0000000000,-6.0689233295,exit_left
28100,1,0.0000000000,0.0000000000,0.1446213984,0.0000000000,scatter
28100,2,0.1446213984,0.0000000000,0.0000000000,0.0239588926,exit_left
28200,1,0.0000000000,0.0000000000,1.6016245116,0.0000000000,scatter
28200,2,1.6016245116,0.0000000000,1.5842165003,0.0140861157,scatter
28200,3,1.5842165003,0.0140861157,1.9612079007,-0.0691693008,scatter
28200,4,1.9612079007,-0.0691693008,4.7500000000,-0.9505388245,exit_right
28300,1,0.0000000000,0.0000000000,0.4074266953,0.0000000000,scatter
28300,2,0.4074266953,0.0000000000,0.0000000000,0.1307950258,exit_left
28400,1,0.0000000000,0.0000000000,4.1854669204,0.0000000000,scatter
28400,2,4.1854669204,0.0000000000,4.7500000000,-0.3620875066,exit_right
28500,1,0.0000000000,0.0000000000,3.5507406048,0.0000000000,scatter
28500,2,3.5507406048,0.0000000000,3.2752871407,-1.4286061853,absorb
28600,1,0.0000000000,0.0000000000,4.7500000000,0.0000000000,exit_right
28700,1,0.0000000000,0.0000000000,4.1801106036,0.0000000000,scatter
28700,2,4.1801106036,0.0000000000,4.0502533732,0.0127329487,scatter
28700,3,4.0502533732,0.0127329487,3.2102325605,1.5219682452,scatter
28700,4,3.2102325605,1.5219682452,1.7680858802,0.3530865699,scatter
28700,5,1.7680858802,0.3530865699,1.6096253124,0.0666153650,scatter
28700,6,1.6096253124,0.0666153650,0.0000000000,-0.8418093367,exit_left
28800,1,0.0000000000,0.0000000000,1.5405815554,0.0000000000,scatter
28800,2,1.5405815554,0.0000000000,0.0000000000,4.6273579856,exit_left
28900,1,0.0000000000,0.0000000000,0.4367332164,0.0000000000,scatter
28900,2,0.4367332164,0.0000000000,0.0000000000,-2.1773426564,exit_left
29000,1,0.0000000000,0.0000000000,1.6088370336,0.0000000000,scatter
29000,2,1.6088370336,0.0000000000,1.6217531237,1.6436210209,scatter
29000,3,1.6217531237,1.6436210209,2.3599102998,1.3192289411,scatter
29000,4,2.3599102998,1.3192289411,2.1796165692,2.2739048537,scatter
29000,5,2.1796165692,2.2739048537,2.2237648206,2.2694790427,scatter
29000,6,2.2237648206,2.2694790427,2.9347618168,4.2680181578,scatter
29000,7,2.9347618168,4.2680181578,2.8330573846,2.8663514095,scatter
29000,8,2.8330573846,2.8663514095,2.7477722432,2.8626911408,scatter
29000,9,2.7477722432,2.8626911408,2.6966551188,2.8648899641,scatter
29000,10,2.6966551188,2.8648899641,0.7009913837,-1.8605545389,scatter
29000,11,0.7009913837,-1.8605545389,3.5310802910,-4.1388072671,absorb
29100,1,0.0000000000,0.0000000000,1.3654536022,0.0000000000,scatter
29100,2,1.3654536022,0.0000000000,0.0000000000,-0.7349403261,exit_left
29200,1,0.0000000000,0.0000000000,0.6419107491,0.0000000000,scatter
29200,2,0.6419107491,0.0000000000,1.6269880755,-0.3554385682,scatter
29200,3,1.6269880755,-0.3554385682,2.4656087784,0.6975710253,absorb
29300,1,0.0000000000,0.0000000000,4.7500000000,0.0000000000,exit_right
29400,1,0.0000000000,0.0000000000,2.2433480790,0.0000000000,scatter
29400,2,2.2433480790,0.0000000000,2.2190842855,0.1167667443,scatter
29400,3,2.2190842855,0.1167667443,0.1532412291,0.7098101421,scatter
29400,4,0.1532412291,0.7098101421,1.4935808463,1.2523220961,scatter
29400,5,1.4935808463,1.2523220961,1.5153353167,1.2671698079,scatter
29400,6,1.5153353167,1.2671698079,1.3728842738,0.5579457526,scatter
29400,7,1.3728842738,0.5579457526,2.3179927465,-0.6812887271,absorb
29500,1,0.0000000000,0.0000000000,4.4633933844,0.0000000000,scatter
29500,2,4.4633933844,0.0000000000,4.7500000000,-0.0080380997,exit_right
29600,1,0.0000000000,0.0000000000,0.3370550457,0.0000000000,absorb
29700,1,0.0000000000,0.0000000000,1.3562576275,0.0000000000,absorb
29800,1,0.0000000000,0.0000000000,4.4472444342,0.0000000000,scatter
29800,2,4.4472444342,0.0000000000,3.0339055871,1.1937255227,scatter
29800,3,3.0339055871,1.1937255227,2.0760495633,0.6075715344,scatter
29800,4,2.0760495633,0.6075715344,0.9247729301,-0.6968063886,scatter
29800,5,0.9247729301,-0.6968063886,0.0425810818,0.6486635092,scatter
29800,6,0.0425810818,0.6486635092,0.0000000000,0.5755435340,exit_left
29900,1,0.0000000000,0.0000000000,0.6911608840,0.0000000000,scatter
29900,2,0.6911608840,0.0000000000,1.0187411829,4.2307347599,scatter
29900,3,1.0187411829,4.2307347599,0.0199929934,4.3483723712,scatter
29900,4,0.0199929934,4.3483723712,0.0000000000,4.3737307774,exit_left
30000,1,0.0000000000,0.0000000000,0.0856859420,0.0000000000,scatter
30000,2,0.0856859420,0.0000000000,1.5348987354,-2.4158108314,scatter
30000,3,1.5348987354,-2.4158108314,2.6334555266,-3.5667748941,scatter
30000,4,2.6334555266,-3.5667748941,4.1588554721,-3.8033613709,scatter
30000,5,4.1588554721,-3.8033613709,3.7863493039,-3.4485653289,absorb
30100,1,0.0000000000,0.0000000000,0.3877490037,0.0000000000,absorb
30200,1,0.0000000000,0.0000000000,0.3833943699,0.0000000000,scatter
30200,2,0.3833943699,0.0000000000,3.3277375952,1.5711971713,scatter
30200,3,3.3277375952,1.5711971713,3.6160931999,1.3913740066,absorb
30300,1,0.0000000000,0.0000000000,1.9839307563,0.0000000000,scatter
30300,2,1.9839307563,0.0000000000,3.5169941978,-2.5488117004,scatter
30300,3,3.5169941978,-2.5488117004,2.7330908580,-1.3763633159,scatter
30300,4,2.7330908580,-1.3763633159,4.2093550925,0.1070664490,scatter
30300,5,4.2093550925,0.1070664490,4.7500000000,0.2571184187,exit_right
30400,1,0.0000000000,0.0000000000,1.3629370963,0.0000000000,scatter
30400,2,1.3629370963,0.0000000000,3.5372165671,0.1203382356,scatter
30400,3,3.5372165671,0.1203382356,0.0000000000,-0.4901979727,exit_left
30500,1,0.0000000000,0.0000000000,1.2641988843,0.0000000000,scatter
30500,2,1.2641988843,0.0000000000,0.0000000000,-0.4709052626,exit_left
30600,1,0.0000000000,0.0000000000,1.0048219469,0.0000000000,scatter
30600,2,1.0048219469,0.0000000000,0.0000000000,1.8606174447,exit_left
30700,1,0.0000000000,0.0000000000,4.7500000000,0.0000000000,exit_right
30800,1,0.0000000000,0.0000000000,2.0598590807,0.0000000000,absorb
30900,1,0.0000000000,0.0000000000,0.4810372499,0.0000000000,scatter
30900,2,0.4810372499,0.0000000000,3.4810130159,-0.1013392951,scatter
30900,3,3.4810130159,-0.1013392951,3.3443507600,-0.2895925092,scatter
30900,4,3.3443507600,-0.2895925092,1.7079994370,1.2717389769,scatter
30900,5,1.7079994370,1.2717389769,1.7776773065,1.1663466341,scatter
30900,6,1.7776773065,1.1663466341,2.5233767663,1.6000846970,scatter
30900,7,2.5233767663,1.6000846970,4.7500000000,0.1495566472,exit_right
31000,1,0.0000000000,0.0000000000,3.0191788093,0.0000000000,absorb
31100,1,0.0000000000,0.0000000000,1.7930548718,0.0000000000,absorb
31200,1,0.0000000000,0.0000000000,0.6508847255,0.0000000000,absorb
31300,1,0.0000000000,0.0000000000,2.3131121463,0.0000000000,scatter
31300,2,2.3131121463,0.0000000000,0.0000000000,-2.4538895071,exit_left
31400,1,0.0000000000,0.0000000000,0.4825796808,0.0000000000,absorb
31500,1,0.0000000000,0.0000000000,0.6611376301,0.0000000000,scatter
31500,2,0.6611376301,0.0000000000,0.0437060812,-2.2372646221,scatter
31500,3,0.0437060812,-2.2372646221,0.0000000000,-2.2252850093,exit_left
31600,1,0.0000000000,0.0000000000,0.4037246321,0.0000000000,absorb
31700,1,0.0000000000,0.0000000000,0.0027755144,0.0000000000,scatter
31700,2,0.0027755144,0.0000000000,0.0438960970,-0.3483490064,absorb
31800,1,0.0000000000,0.0000000000,1.3194679079,0.0000000000,scatter
31800,2,1.3194679079,0.0000000000,0.6849722314,0.6873154116,scatter
31800,3,0.6849722314,0.6873154116,0.7182768994,0.8669310509,scatter
31800,4,0.7182768994,0.8669310509,2.0604316253,0.1342980997,scatter
31800,5,2.0604316253,0.1342980997,2.1079643006,0.8353220234,absorb
31900,1,0.0000000000,0.0000000000,0.7726983705,0.0000000000,absorb
32000,1,0.0000000000,0.0000000000,2.0330292948,0.0000000000,scatter
32000,2,2.0330292948,0.0000000000,0.8566899442,0.5059627057,scatter
32000,3,0.8566899442,0.5059627057,1.0607664078,0.9044218889,scatter
32000,4,1.0607664078,0.9044218889,1.3004067991,0.8933877102,scatter
32000,5,1.3004067991,0.8933877102,3.2175713440,1.9026056483,scatter
32000,6,3.2175713440,1.9026056483,0.3174813199,3.1137877620,scatter
32000,7,0.3174813199,3.1137877620,0.0000000000,2.9239143416,exit_left
32100,1,0.0000000000,0.0000000000,2.8435838530,0.0000000000,scatter
32100,2,2.8435838530,0.0000000000,0.4274800445,-3.4573718556,scatter
32100,3,0.4274800445,-3.4573718556,0.5276278988,-4.5182876344,scatter
32100,4,0.5276278988,-4.5182876344,1.8265735539,-5.2533181697,absorb
32200,1,0.0000000000,0.0000000000,2.1534554939,0.0000000000,scatter
32200,2,2.1534554939,0.0000000000,1.6935665589,0.0008194871,absorb
32300,1,0.0000000000,0.0000000000,4.7500000000,0.0000000000,exit_right
32400,1,0.0000000000,0.0000000000,4.7500000000,0.0000000000,exit_right
32500,1,0.0000000000,0.0000000000,1.0178735606,0.0000000000,scatter
32500,2,1.0178735606,0.0000000000,0.1514312716,-0.4006820202,scatter
32500,3,0.1514312716,-0.4006820202,0.0000000000,-0.5471718479,exit_left
32600,1,0.0000000000,0.0000000000,1.4533244688,0.0000000000,scatter
32600,2,1.4533244688,0.0000000000,4.7500000000,-0.0311842614,exit_right
32700,1,0.0000000000,0.0000000000,1.2113229106,0.0000000000,scatter
32700,2,1.2113229106,0.0000000000,4.7500000000,0.7076156262,exit_right
32800,1,0.0000000000,0.0000000000,1.0171389921,0.0000000000,scatter
32800,2,1.0171389921,0.0000000000,2.7212758240,2.7480473973,scatter
32800,3,2.7212758240,2.7480473973,1.0833650159,4.3310894908,scatter
32800,4,1.0833650159,4.3310894908,0.0000000000,4.4176397588,exit_left
32900,1,0.0000000000,0.0000000000,0.1513728405,0.0000000000,scatter
32900,2,0.1513728405,0.0000000000,0.9765391805,0.8598620447,absorb
33000,1,0.0000000000,0.0000000000,0.0417648692,0.0000000000,scatter
33000,2,0.0417648692,0.0000000000,0.0000000000,-0.0825165171,exit_left
33100,1,0.0000000000,0.0000000000,2.1553737608,0.0000000000,absorb
33200,1,0.0000000000,0.0000000000,0.7886989333,0.0000000000,scatter
33200,2,0.7886989333,0.0000000000,4.3895348006,-1.0967313199,absorb
33300,1,0.0000000000,0.0000000000,1.5332366263,0.0000000000,scatter
33300,2,1.5332366263,0.0000000000,2.3186439578,-0.5791774535,scatter
33300,3,2.3186439578,-0.5791774535,0.9107410954,-0.1442220857,absorb
33400,1,0.0000000000,0.0000000000,1.4698376481,0.0000000000,scatter
33400,2,1.4698376481,0.0000000000,4.2615635554,-0.3782478936,scatter
33400,3,4.2615635554,-0.3782478936,3.5977592251,-0.5312706115,scatter
33400,4,3.5977592251,-0.5312706115,3.1447066535,-0.4538999169,scatter
33400,5,3.1447066535,-0.4538999169,3.6460052774,0.3788956618,scatter
33400,6,3.6460052774,0.3788956618,4.1456115982,-1.3562373041,scatter
33400,7,4.1456115982,-1.3562373041,4.2271925720,-1.1800780885,absorb
33500,1,0.0000000000,0.0000000000,1.2177119143,0.0000000000,scatter
33500,2,1.2177119143,0.0000000000,3.6039554259,2.2243497161,absorb
33600,1,0.0000000000,0.0000000000,0.8341541219,0.0000000000,scatter
33600,2,0.8341541219,0.0000000000,1.3848509260,1.2704493808,scatter
33600,3,1.3848509260,1.2704493808,0.9613320542,0.2519531493,scatter
33600,4,0.9613320542,0.2519531493,0.5351180336,0.3152695596,scatter
33600,5,0.5351180336,0.3152695596,0.8325304645,3.7906494004,scatter
33600,6,0.8325304645,3.7906494004,1.0013426995,14.0288885281,scatter
33600,7,1.0013426995,14.0288885281,2.5224280321,16.6619346466,scatter
33600,8,2.5224280321,16.6619346466,3.5738438830,17.0463772032,absorb
33700,1,0.0000000000,0.0000000000,4.0249222514,0.0000000000,scatter
33700,2,4.0249222514,0.0000000000,2.5567471657,1.5962286739,absorb
33800,1,0.0000000000,0.0000000000,0.6095696136,0.0000000000,scatter
33800,2,0.6095696136,0.0000000000,0.5934808001,0.0806469273,scatter
33800,3,0.5934808001,0.0806469273,0.0000000000,1.5582795977,exit_left
33900,1,0.0000000000,0.0000000000,0.3123877852,0.0000000000,scatter
33900,2,0.3123877852,0.0000000000,0.0116590741,0.6680606992,scatter
33900,3,0.0116590741,0.6680606992,0.0000000000,0.6676943108,exit_left
34000,1,0.0000000000,0.0000000000,0.1013640826,0.0000000000,scatter
34000,2,0.1013640826,0.0000000000,0.4249342280,0.3310106079,scatter
34000,3,0.4249342280,0.3310106079,0.7333519437,0.1732521384,scatter
34000,4,0.7333519437,0.1732521384,0.0000000000,-1.1442749694,exit_left
34100,1,0.0000000000,0.0000000000,1.8613164980,0.0000000000,scatter
34100,2,1.8613164980,0.0000000000,2.1784219496,0.0524886629,scatter
34100,3,2.1784219496,0.0524886629,2.5410663111,-0.1484860094,absorb
34200,1,0.0000000000,0.0000000000,2.9967939382,0.0000000000,scatter
34200,2,2.9967939382,0.0000000000,4.7500000000,1.1161219997,exit_right
34300,1,0.0000000000,0.0000000000,4.2136944913,0.0000000000,scatter
34300,2,4.2136944913,0.0000000000,4.7500000000,-1.1341378101,exit_right
34400,1,0.0000000000,0.0000000000,2.2668099013,0.0000000000,scatter
34400,2,2.2668099013,0.0000000000,1.4290384753,0.8571463226,absorb
34500,1,0.0000000000,0.0000000000,1.5948806589,0.0000000000,scatter
34500,2,1.5948806589,0.0000000000,1.6367610903,0.1127578871,scatter
34500,3,1.6367610903,0.1127578871,1.9859866176,0.3579764531,scatter
34500,4,1.9859866176,0.3579764531,0.5965312866,2.1688603252,absorb
34600,1,0.0000000000,0.0000000000,1.8857926736,0.0000000000,scatter
34600,2,1.8857926736,0.0000000000,0.7977649366,0.8011565987,scatter
34600,3,0.7977649366,0.8011565987,2.4640364825,-8.1553204848,scatter
34600,4,2.4640364825,-8.1553204848,2.5741717491,-8.4214367813,scatter
34600,5,2.5741717491,-8.4214367813,1.2073983685,-14.4242448218,scatter
34600,6,1.2073983685,-14.4242448218,1.1629755780,-14.4737769441,scatter
34600,7,1.1629755780,-14.4737769441,1.1239521368,-14.5163992285,scatter
34600,8,1.1239521368,-14.5163992285,0.7791913054,-14.7588490956,absorb
34700,1,0.0000000000,0.0000000000,0.2374955884,0.0000000000,scatter
34700,2,0.2374955884,0.0000000000,0.8358587673,4.3880028381,scatter
34700,3,0.8358587673,4.3880028381,0.4899024666,3.6896151105,scatter
34700,4,0.4899024666,3.6896151105,0.3671566231,3.4492895248,scatter
34700,5,0.3671566231,3.4492895248,0.0000000000,3.4031329426,exit_left
34800,1,0.0000000000,0.0000000000,0.8224917922,0.0000000000,scatter
34800,2,0.8224917922,0.0000000000,0.6638662085,-0.1375543376,scatter
34800,3,0.6638662085,-0.1375543376,4.7500000000,3.0406408081,exit_right
34900,1,0.0000000000,0.0000000000,2.1593179417,0.0000000000,scatter
34900,2,2.1593179417,0.0000000000,0.6410506515,-2.0024254599,scatter
34900,3,0.6410506515,-2.0024254599,0.0000000000,-1.5769441623,exit_left
35000,1,0.0000000000,0.0000000000,1.6176848375,0.0000000000,scatter
35000,2,1.6176848375,0.0000000000,2.0194950700,0.7339602142,absorb
35100,1,0.0000000000,0.0000000000,2.8252897700,0.0000000000,scatter
35100,2,2.8252897700,0.0000000000,1.6047387841,-1.1809305524,scatter
35100,3,1.6047387841,-1.1809305524,2.5382911856,-0.5473560102,scatter
35100,4,2.5382911856,-0.5473560102,2.8781679678,-1.0330510616,scatter
35100,5,2.8781679678,-1.0330510616,4.7500000000,-2.9085446747,exit_right
35200,1,0.0000000000,0.0000000000,3.7620993007,0.0000000000,absorb
35300,1,0.0000000000,0.0000000000,4.1270838598,0.0000000000,absorb
35400,1,0.0000000000,0.0000000000,0.2200729853,0.0000000000,scatter
35400,2,0.2200729853,0.0000000000,1.8585198903,0.4020597863,absorb
35500,1,0.0000000000,0.0000000000,0.5067102016,0.0000000000,absorb
35600,1,0.0000000000,0.0000000000,1.5797268049,0.0000000000,scatter
35600,2,1.5797268049,0.0000000000,1.3321966482,-0.0272157281,scatter
35600,3,1.3321966482,-0.0272157281,1.8708245450,-0.1524089650,scatter
35600,4,1.8708245450,-0.1524089650,2.2102302712,-1.5072950785,scatter
35600,5,2.2102302712,-1.5072950785,2.9099932308,-2.7187414601,scatter
35600,6,2.9099932308,-2.7187414601,4.7500000000,-3.7187149780,exit_right
35700,1,0.0000000000,0.0000000000,2.8018492231,0.0000000000,scatter
35700,2,2.8018492231,0.0000000000,3.8308811601,-0.4754852207,scatter
35700,3,3.8308811601,-0.4754852207,3.7249548954,1.3888592329,scatter
35700,4,3.7249548954,1.3888592329,3.8815483252,1.3753276045,scatter
35700,5,3.8815483252,1.3753276045,3.8815424995,1.3767448187,scatter
35700,6,3.8815424995,1.3767448187,3.9441811589,1.4021365510,absorb
35800,1,0.0000000000,0.0000000000,0.1519769288,0.0000000000,absorb
35900,1,0.0000000000,0.0000000000,0.4608044788,0.0000000000,scatter
35900,2,0.4608044788,0.0000000000,1.7799116822,2.2855761116,scatter
35900,3,1.7799116822,2.2855761116,2.6984186321,3.3767405882,scatter
35900,4,2.6984186321,3.3767405882,4.0993550851,3.4970325749,scatter
35900,5,4.0993550851,3.4970325749,3.5925867461,3.6682675578,scatter
35900,6,3.5925867461,3.6682675578,3.7010118390,3.6613993948,absorb
36000,1,0.0000000000,0.0000000000,3.2211835556,0.0000000000,scatter
36000,2,3.2211835556,0.0000000000,2.7265724045,0.0555136962,absorb
36100,1,0.0000000000,0.0000000000,2.5161561052,0.0000000000,absorb
36200,1,0.0000000000,0.0000000000,0.1165812890,0.0000000000,scatter
36200,2,0.1165812890,0.0000000000,0.1325925637,-0.2792077259,scatter
36200,3,0.1325925637,-0.2792077259,0.4384906982,-1.0545004514,scatter
36200,4,0.4384906982,-1.0545004514,1.9448351594,-1.7603919812,scatter
36200,5,1.9448351594,-1.7603919812,2.1598796179,-1.6204259588,scatter
36200,6,2.1598796179,-1.6204259588,2.8407038966,0.1565607637,scatter
36200,7,2.8407038966,0.1565607637,2.8528118047,0.1196299889,scatter
36200,8,2.8528118047,0.1196299889,2.5601195914,1.1940777469,scatter
36200,9,2.5601195914,1.1940777469,2.6915693441,1.5058662820,scatter
36200,10,2.6915693441,1.5058662820,1.1971663107,-3.2792981606,scatter
36200,11,1.1971663107,-3.2792981606,0.0000000000,-2.1210348299,exit_left
36300,1,0.0000000000,0.0000000000,4.7500000000,0.0000000000,exit_right
36400,1,0.0000000000,0.0000000000,0.8756276422,0.0000000000,absorb
36500,1,0.0000000000,0.0000000000,1.1479548443,0.0000000000,scatter
36500,2,1.1479548443,0.0000000000,1.5032398681,0.1584349807,absorb
36600,1,0.0000000000,0.0000000000,1.5337184795,0.0000000000,scatter
36600,2,1.5337184795,0.0000000000,1.3592718557,-1.5914393318,scatter
36600,3,1.3592718557,-1.5914393318,1.4438561233,-0.3795512778,scatter
36600,4,1.4438561233,-0.3795512778,1.7735664812,-1.3754650421,scatter
36600,5,1.7735664812,-1.3754650421,4.7345869247,0.6322722492,scatter
36600,6,4.7345869247,0.6322722492,4.7500000000,0.5561331616,exit_right
36700,1,0.0000000000,0.0000000000,0.7030378115,0.0000000000,absorb
36800,1,0.0000000000,0.0000000000,4.7500000000,0.0000000000,exit_right
36900,1,0.0000000000,0.0000000000,2.3407491134,0.0000000000,scatter
36900,2,2.3407491134,0.0000000000,2.2330470123,0.1074991757,scatter
36900,3,2.2330470123,0.1074991757,4.7500000000,0.9032007912,exit_right
37000,1,0.0000000000,0.0000000000,0.3786583555,0.0000000000,scatter
37000,2,0.3786583555,0.0000000000,3.2582991118,0.9476928004,scatter
37000,3,3.2582991118,0.9476928004,0.0000000000,3.1470992196,exit_left
37100,1,0.0000000000,0.0000000000,4.7500000000,0.0000000000,exit_right
37200,1,0.0000000000,0.0000000000,2.7685068022,0.0000000000,scatter
37200,2,2.7685068022,0.0000000000,3.1771547702,0.2023971049,scatter
37200,3,3.1771547702,0.2023971049,4.7500000000,-0.5351709715,exit_right
37300,1,0.0000000000,0.0000000000,0.7039308670,0.0000000000,scatter
37300,2,0.7039308670,0.0000000000,0.0000000000,-1.5521153102,exit_left
37400,1,0.0000000000,0.0000000000,1.4607325742,0.0000000000,absorb
37500,1,0.0000000000,0.0000000000,0.5663683446,0.0000000000,scatter
37500,2,0.5663683446,0.0000000000,0.6342034454,-0.1756930985,scatter
37500,3,0.6342034454,-0.1756930985,0.3663365696,-0.0335035185,scatter
37500,4,0.3663365696,-0.0335035185,0.0000000000,-0.0050326493,exit_left
37600,1,0.0000000000,0.0000000000,0.4992976496,0.0000000000,scatter
37600,2,0.4992976496,0.0000000000,0.0000000000,0.8141108774,exit_left
37700,1,0.0000000000,0.0000000000,2.4300678341,0.0000000000,scatter
37700,2,2.4300678341,0.0000000000,4.2737938919,2.9519197748,scatter
37700,3,4.2737938919,2.9519197748,4.7500000000,7.1215080610,exit_right
37800,1,0.0000000000,0.0000000000,1.8262820806,0.0000000000,scatter
37800,2,1.8262820806,0.0000000000,1.9259482948,0.8465784967,scatter
37800,3,1.9259482948,0.8465784967,1.6752140485,1.2013910328,scatter
37800,4,1.6752140485,1.2013910328,1.1491508040,1.8369187840,scatter
37800,5,1.1491508040,1.8369187840,1.0679221903,1.8717155354,scatter
37800,6,1.0679221903,1.8717155354,0.2518441162,0.1418092571,scatter
37800,7,0.2518441162,0.1418092571,0.0000000000,-2.3142878928,exit_left
37900,1,0.0000000000,0.0000000000,0.1015593681,0.0000000000,absorb
38000,1,0.0000000000,0.0000000000,1.7228987906,0.0000000000,absorb
38100,1,0.0000000000,0.0000000000,2.0419450184,0.0000000000,scatter
38100,2,2.0419450184,0.0000000000,3.0922165513,0.9912296543,scatter
38100,3,3.0922165513,0.9912296543,4.7500000000,2.0836998533,exit_right
38200,1,0.0000000000,0.0000000000,1.6883716963,0.0000000000,scatter
38200,2,1.6883716963,0.0000000000,1.9356004651,-6.9425936883,scatter
38200,3,1.9356004651,-6.9425936883,2.8747255903,-3.0824885679,absorb
38300,1,0.0000000000,0.0000000000,1.3150090881,0.0000000000,scatter
38300,2,1.3150090881,0.0000000000,2.0809812524,-4.4360363270,absorb
38400,1,0.0000000000,0.0000000000,2.3142081213,0.0000000000,scatter
38400,2,2.3142081213,0.0000000000,1.5643711068,0.3343730883,scatter
38400,3,1.5643711068,0.3343730883,1.2483798756,0.1191190483,scatter
38400,4,1.2483798756,0.1191190483,1.0842007941,-3.2011537568,scatter
38400,5,1.0842007941,-3.2011537568,4.3414053993,-3.8931509194,scatter
38400,6,4.3414053993,-3.8931509194,4.7500000000,-4.5977444653,exit_right
38500,1,0.0000000000,0.0000000000,1.6718717230,0.0000000000,scatter
38500,2,1.6718717230,0.0000000000,0.0000000000,-1.8365773064,exit_left
38600,1,0.0000000000,0.0000000000,3.0395550482,0.0000000000,scatter
38600,2,3.0395550482,0.0000000000,3.9073109246,0.4470696032,scatter
38600,3,3.9073109246,0.4470696032,4.3461848007,0.1527268442,scatter
38600,4,4.3461848007,0.1527268442,4.4347275850,0.0833441214,absorb
38700,1,0.0000000000,0.0000000000,2.1443873118,0.0000000000,scatter
38700,2,2.1443873118,0.0000000000,4.4359780454,-1.1972932481,absorb
38800,1,0.0000000000,0.0000000000,0.9725078076,0.0000000000,scatter
38800,2,0.9725078076,0.0000000000,0.8772408602,0.1724386474,scatter
38800,3,0.8772408602,0.1724386474,0.0000000000,-0.4082028388,exit_left
38900,1,0.0000000000,0.0000000000,4.7500000000,0.0000000000,exit_right
39000,1,0.0000000000,0.0000000000,1.0159374795,0.0000000000,absorb
39100,1,0.0000000000,0.0000000000,0.7016080800,0.0000000000,scatter
39100,2,0.7016080800,0.0000000000,0.4886281551,-0.1604261410,scatter
39100,3,0.4886281551,-0.1604261410,2.5981690814,0.6798577279,absorb
39200,1,0.0000000000,0.0000000000,2.4561778321,0.0000000000,scatter
39200,2,2.4561778321,0.0000000000,1.7105681213,-1.9960687222,scatter
39200,3,1.7105681213,-1.9960687222,2.8500173582,-1.0605055775,absorb
39300,1,0.0000000000,0.0000000000,1.3710845514,0.0000000000,absorb
39400,1,0.0000000000,0.0000000000,1.1069432346,0.0000000000,scatter
39400,2,1.1069432346,0.0000000000,1.0951165973,2.1048761286,absorb
39500,1,0.0000000000,0.0000000000,1.9891153428,0.0000000000,absorb
39600,1,0.0000000000,0.0000000000,1.3185441987,0.0000000000,scatter
39600,2,1.3185441987,0.0000000000,0.0000000000,-0.9564456503,exit_left
39700,1,0.0000000000,0.0000000000,1.8852312757,0.0000000000,scatter
39700,2,1.8852312757,0.0000000000,4.7500000000,-1.6632649670,exit_right
39800,1,0.0000000000,0.0000000000,0.3534914910,0.0000000000,scatter
39800,2,0.3534914910,0.0000000000,0.0000000000,0.4852378840,exit_left
39900,1,0.0000000000,0.0000000000,1.9418177146,0.0000000000,scatter
39900,2,1.9418177146,0.0000000000,3.0550285593,0.1048249490,absorb
40000,1,0.0000000000,0.0000000000,1.2595228206,0.0000000000,scatter
40000,2,1.2595228206,0.0000000000,1.2329841681,1.0696054643,scatter
40000,3,1.2329841681,1.0696054643,4.7500000000,1.8862829969,exit_right
40100,1,0.0000000000,0.0000000000,0.6601271809,0.0000000000,scatter
40100,2,0.6601271809,0.0000000000,1.5234284974,-0.4042214965,scatter
40100,3,1.5234284974,-0.4042214965,1.9818933095,-0.0888328016,scatter
40100,4,1.9818933095,-0.0888328016,1.9326989764,-0.1524579444,scatter
40100,5,1.9326989764,-0.1524579444,2.0454901686,-0.3113287194,scatter
40100,6,2.0454901686,-0.3113287194,1.2706083398,5.4739344556,absorb
40200,1,0.0000000000,0.0000000000,4.7500000000,0.0000000000,exit_right
40300,1,0.0000000000,0.0000000000,0.2697579619,0.0000000000,absorb
40400,1,0.0000000000,0.0000000000,0.4767782999,0.0000000000,scatter
40400,2,0.4767782999,0.0000000000,0.0000000000,0.0547424396,exit_left
40500,1,0.0000000000,0.0000000000,4.7500000000,0.0000000000,exit_right
40600,1,0.0000000000,0.0000000000,1.9299223527,0.0000000000,absorb
40700,1,0.0000000000,0.0000000000,2.1076855138,0.0000000000,scatter
40700,2,2.1076855138,0.0000000000,2.3069103841,-0.3029216963,scatter
40700,3,2.3069103841,-0.3029216963,2.0704073874,-1.3717890611,scatter
40700,4,2.0704073874,-1.3717890611,0.0000000000,-3.4106325567,exit_left
40800,1,0.0000000000,0.0000000000,0.7472492577,0.0000000000,scatter
40800,2,0.7472492577,0.0000000000,3.5391557742,0.6435581473,scatter
40800,3,3.5391557742,0.6435581473,3.0010674837,0.3067703113,absorb
40900,1,0.0000000000,0.0000000000,0.9607570973,0.0000000000,absorb
41000,1,0.0000000000,0.0000000000,1.7385365235,0.0000000000,scatter
41000,2,1.7385365235,0.0000000000,0.0000000000,0.4257475717,exit_left
41100,1,0.0000000000,0.0000000000,0.8551870709,0.0000000000,scatter
41100,2,0.8551870709,0.0000000000,0.8903283267,0.0165975496,scatter
41100,3,0.8903283267,0.0165975496,0.0000000000,0.6779741515,exit_left
41200,1,0.0000000000,0.0000000000,0.1187891943,0.0000000000,scatter
41200,2,0.1187891943,0.0000000000,4.3709739962,-2.5554703443,scatter
41200,3,4.3709739962,-2.5554703443,4.3943359018,-2.5948401551,scatter
41200,4,4.3943359018,-2.5948401551,2.1009644288,-3.0349904566,scatter
41200,5,2.1009644288,-3.0349904566,0.5461557485,-3.3403163360,absorb
41300,1,0.0000000000,0.0000000000,0.2743458520,0.0000000000,scatter
41300,2,0.2743458520,0.0000000000,0.4226541908,-0.2307746717,scatter
41300,3,0.4226541908,-0.2307746717,0.0000000000,-0.7509654773,exit_left
41400,1,0.0000000000,0.0000000000,1.1547396145,0.0000000000,scatter
41400,2,1.1547396145,0.0000000000,1.1107443366,-0.7828465894,absorb
41500,1,0.0000000000,0.0000000000,0.4738226396,0.0000000000,scatter
41500,2,0.4738226396,0.0000000000,0.7332750999,0.8600007898,scatter
41500,3,0.7332750999,0.8600007898,2.6419883542,1.3836903194,scatter
41500,4,2.6419883542,1.3836903194,0.0000000000,2.8106728256,exit_left
41600,1,0.0000000000,0.0000000000,4.7500000000,0.0000000000,exit_right
41700,1,0.0000000000,0.0000000000,0.4495794570,0.0000000000,scatter
41700,2,0.4495794570,0.0000000000,0.5817676665,1.7751612784,scatter
41700,3,0.5817676665,1.7751612784,0.0000000000,1.5044625006,exit_left
41800,1,0.0000000000,0.0000000000,0.4781345814,0.0000000000,scatter
41800,2,0.4781345814,0.0000000000,2.7677556690,-1.8894641811,scatter
41800,3,2.7677556690,-1.8894641811,3.3953509102,4.8020424403,scatter
41800,4,3.3953509102,4.8020424403,4.7500000000,6.4856748220,exit_right
41900,1,0.0000000000,0.0000000000,0.2223458576,0.0000000000,absorb
42000,1,0.0000000000,0.0000000000,1.3735234163,0.0000000000,scatter
42000,2,1.3735234163,0.0000000000,4.7500000000,-1.7651210220,exit_right
42100,1,0.0000000000,0.0000000000,0.2835793867,0.0000000000,scatter
42100,2,0.2835793867,0.0000000000,0.3194606116,0.1597142203,absorb
42200,1,0.0000000000,0.0000000000,1.1988744744,0.0000000000,scatter
42200,2,1.1988744744,0.0000000000,0.5864892461,0.0553224111,scatter
42200,3,0.5864892461,0.0553224111,2.8394229121,-3.9942785340,scatter
42200,4,2.8394229121,-3.9942785340,2.5541473246,-3.4319273771,absorb
42300,1,0.0000000000,0.0000000000,1.0864354535,0.0000000000,scatter
42300,2,1.0864354535,0.0000000000,4.4705382117,-1.2121760631,scatter
42300,3,4.4705382117,-1.2121760631,4.7500000000,-1.4127664391,exit_right
42400,1,0.0000000000,0.0000000000,0.4833561147,0.0000000000,absorb
42500,1,0.0000000000,0.0000000000,3.0204230137,0.0000000000,scatter
42500,2,3.0204230137,0.0000000000,3.8115722938,-0.0551994552,absorb
42600,1,0.0000000000,0.0000000000,3.1175361432,0.0000000000,scatter
42600,2,3.1175361432,0.0000000000,1.5332990517,0.5113323339,scatter
42600,3,1.5332990517,0.5113323339,1.8031685311,1.5660632751,scatter
42600,4,1.8031685311,1.5660632751,1.7934450845,1.5476589867,scatter
42600,5,1.7934450845,1.5476589867,1.3229387456,1.2948131439,scatter
42600,6,1.3229387456,1.2948131439,2.0070363427,3.2171858535,scatter
42600,7,2.0070363427,3.2171858535,2.4971492048,1.6961672490,scatter
42600,8,2.4971492048,1.6961672490,2.0743503488,0.5672070014,absorb
42700,1,0.0000000000,0.0000000000,1.4704382138,0.0000000000,scatter
42700,2,1.4704382138,0.0000000000,0.3838004553,-1.2216260191,scatter
42700,3,0.3838004553,-1.2216260191,0.0000000000,-0.8789373398,exit_left
42800,1,0.0000000000,0.0000000000,1.7113421084,0.0000000000,absorb
42900,1,0.0000000000,0.0000000000,0.3717139133,0.0000000000,scatter
42900,2,0.3717139133,0.0000000000,0.5595482664,0.2993750626,scatter
42900,3,0.5595482664,0.2993750626,1.1745204977,-0.8667335552,scatter
42900,4,1.1745204977,-0.8667335552,0.8585137300,-0.9487642638,absorb
43000,1,0.0000000000,0.0000000000,0.0015971060,0.0000000000,scatter
43000,2,0.0015971060,0.0000000000,0.1227047707,0.0226302102,scatter
43000,3,0.1227047707,0.0226302102,0.1883793595,0.2052839239,scatter
43000,4,0.1883793595,0.2052839239,0.0000000000,0.4090400814,exit_left
43100,1,0.0000000000,0.0000000000,3.2576695939,0.0000000000,absorb
43200,1,0.0000000000,0.0000000000,1.0574035831,0.0000000000,scatter
43200,2,1.0574035831,0.0000000000,4.7500000000,-1.4293890340,exit_right
43300,1,0.0000000000,0.0000000000,2.1593197703,0.0000000000,absorb
43400,1,0.0000000000,0.0000000000,2.1930686264,0.0000000000,absorb
43500,1,0.0000000000,0.0000000000,0.5866546554,0.0000000000,scatter
43500,2,0.5866546554,0.0000000000,0.0000000000,-1.4206674846,exit_left
43600,1,0.0000000000,0.0000000000,2.0680982174,0.0000000000,scatter
43600,2,2.0680982174,0.0000000000,4.7500000000,-1.2744273419,exit_right
43700,1,0.0000000000,0.0000000000,4.2878606917,0.0000000000,scatter
43700,2,4.2878606917,0.0000000000,3.6270519386,-0.1262091434,scatter
43700,3,3.6270519386,-0.1262091434,1.1649772621,-1.5364905864,scatter
43700,4,1.1649772621,-1.5364905864,0.6797621271,-2.1190625371,scatter
43700,5,0.6797621271,-2.1190625371,0.0000000000,-1.4648489781,exit_left
43800,1,0.0000000000,0.0000000000,1.3890010842,0.0000000000,scatter
43800,2,1.3890010842,0.0000000000,1.5148100513,1.6565971550,scatter
43800,3,1.5148100513,1.6565971550,3.8875281178,1.3170472586,scatter
43800,4,3.8875281178,1.3170472586,4.7500000000,1.6171980835,exit_right
43900,1,0.0000000000,0.0000000000,1.1168093805,0.0000000000,scatter
43900,2,1.1168093805,0.0000000000,2.0687252627,-0.0176542425,scatter
43900,3,2.0687252627,-0.0176542425,1.5472957003,-0.0354152252,scatter
43900,4,1.5472957003,-0.0354152252,2.9883689004,1.1626695929,scatter
43900,5,2.9883689004,1.1626695929,3.2211920729,1.4255116687,absorb
44000,1,0.0000000000,0.0000000000,1.8140133848,0.0000000000,scatter
44000,2,1.8140133848,0.0000000000,1.2147274525,0.8228596278,scatter
44000,3,1.2147274525,0.8228596278,0.0000000000,0.0163443435,exit_left
44100,1,0.0000000000,0.0000000000,2.2721504002,0.0000000000,scatter
44100,2,2.2721504002,0.0000000000,3.9905786701,2.2263721415,scatter
44100,3,3.9905786701,2.2263721415,3.1877777956,0.7572252287,scatter
44100,4,3.1877777956,0.7572252287,4.7500000000,1.0357903026,exit_right
44200,1,0.0000000000,0.0000000000,4.7500000000,0.0000000000,exit_right
44300,1,0.0000000000,0.0000000000,3.0732469213,0.0000000000,scatter
44300,2,3.0732469213,0.0000000000,3.6079251677,0.1447145387,absorb
44400,1,0.0000000000,0.0000000000,0.2372622522,0.0000000000,scatter
44400,2,0.2372622522,0.0000000000,0.6963935851,0.1098822341,scatter
44400,3,0.6963935851,0.1098822341,4.7500000000,0.7712688732,exit_right
44500,1,0.0000000000,0.0000000000,2.9218370648,0.0000000000,scatter
44500,2,2.9218370648,0.0000000000,2.5285011066,0.7776150050,absorb
44600,1,0.0000000000,0.0000000000,4.0184882807,0.0000000000,scatter
44600,2,4.0184882807,0.0000000000,0.7706953376,-8.6474298959,scatter
44600,3,0.7706953376,-8.6474298959,0.0000000000,-8.3366087970,exit_left
44700,1,0.0000000000,0.0000000000,0.3406145755,0.0000000000,scatter
44700,2,0.3406145755,0.0000000000,0.4749820927,-0.5148028424,scatter
44700,3,0.4749820927,-0.5148028424,3.1111899138,0.6561869829,scatter
44700,4,3.1111899138,0.6561869829,2.3527912651,-9.0419294528,scatter
44700,5,2.3527912651,-9.0419294528,3.0635134017,-8.3301723327,scatter
44700,6,3.0635134017,-8.3301723327,1.6337435564,-11.8601557419,scatter
44700,7,1.6337435564,-11.8601557419,0.0000000000,-12.8095849216,exit_left
44800,1,0.0000000000,0.0000000000,0.2552629848,0.0000000000,scatter
44800,2,0.2552629848,0.0000000000,0.0000000000,-0.1050629508,exit_left
44900,1,0.0000000000,0.0000000000,0.1116535302,0.0000000000,scatter
44900,2,0.1116535302,0.0000000000,0.0000000000,0.1028575342,exit_left
45000,1,0.0000000000,0.0000000000,1.4151915144,0.0000000000,scatter
45000,2,1.4151915144,0.0000000000,1.7497026181,-1.8707713863,scatter
45000,3,1.7497026181,-1.8707713863,0.0000000000,-3.2977841461,exit_left
45100,1,0.0000000000,0.0000000000,1.9370794396,0.0000000000,scatter
45100,2,1.9370794396,0.0000000000,4.7500000000,0.4759121268,exit_right
45200,1,0.0000000000,0.0000000000,0.2265880468,0.0000000000,scatter
45200,2,0.2265880468,0.0000000000,0.0000000000,-0.0122041901,exit_left
45300,1,0.0000000000,0.0000000000,1.8284642835,0.0000000000,scatter
45300,2,1.8284642835,0.0000000000,1.8596051503,-0.2922749874,scatter
45300,3,1.8596051503,-0.2922749874,0.0000000000,-3.6824620456,exit_left
45400,1,0.0000000000,0.0000000000,1.4533313528,0.0000000000,scatter
45400,2,1.4533313528,0.0000000000,1.4708836573,0.0233646766,scatter
45400,3,1.4708836573,0.0233646766,0.7493725821,0.0835315137,scatter
45400,4,0.7493725821,0.0835315137,0.7629443412,-0.2251831225,scatter
45400,5,0.7629443412,-0.2251831225,1.6799791460,0.7945770781,scatter
45400,6,1.6799791460,0.7945770781,0.5417468706,-1.6446535934,scatter
45400,7,0.5417468706,-1.6446535934,0.7063924214,-1.2996727807,scatter
45400,8,0.7063924214,-1.2996727807,0.9748363708,-1.5565481569,scatter
45400,9,0.9748363708,-1.5565481569,1.7990354240,-3.4393875383,scatter
45400,10,1.7990354240,-3.4393875383,1.2236276151,-9.7364471525,scatter
45400,11,1.2236276151,-9.7364471525,1.8326517987,-13.8145957328,scatter
45400,12,1.8326517987,-13.8145957328,0.0000000000,-14.9133557840,exit_left
45500,1,0.0000000000,0.0000000000,2.7072303569,0.0000000000,scatter
45500,2,2.7072303569,0.0000000000,2.1872644489,0.3835209047,scatter
45500,3,2.1872644489,0.3835209047,4.7500000000,3.3910393672,exit_right
45600,1,0.0000000000,0.0000000000,1.5000259798,0.0000000000,scatter
45600,2,1.5000259798,0.0000000000,0.8360444542,0.4066938163,scatter
45600,3,0.8360444542,0.4066938163,0.7383636069,1.7806683027,scatter
45600,4,0.7383636069,1.7806683027,1.0221645869,2.0925646342,scatter
45600,5,1.0221645869,2.0925646342,0.0000000000,1.8983619532,exit_left
45700,1,0.0000000000,0.0000000000,1.1753819669,0.0000000000,scatter
45700,2,1.1753819669,0.0000000000,1.0418796991,-0.4261016482,scatter
45700,3,1.0418796991,-0.4261016482,0.0000000000,0.4469542652,exit_left
45800,1,0.0000000000,0.0000000000,0.7264138785,0.0000000000,absorb
45900,1,0.0000000000,0.0000000000,4.2938739800,0.0000000000,scatter
45900,2,4.2938739800,0.0000000000,0.5457718775,1.1439185425,scatter
45900,3,0.5457718775,1.1439185425,0.0000000000,0.9652197533,exit_left
46000,1,0.0000000000,0.0000000000,0.2318118126,0.0000000000,scatter
46000,2,0.2318118126,0.0000000000,0.0958074358,-5.4323524697,scatter
46000,3,0.0958074358,-5.4323524697,0.5518477883,-4.8743321745,absorb
46100,1,0.0000000000,0.0000000000,0.8026445236,0.0000000000,scatter
46100,2,0.8026445236,0.0000000000,0.0000000000,-0.6232795984,exit_left
46200,1,0.0000000000,0.0000000000,0.0459300657,0.0000000000,scatter
46200,2,0.0459300657,0.0000000000,3.1746746075,-2.8532299800,scatter
46200,3,3.1746746075,-2.8532299800,4.7500000000,-2.3793454499,exit_right
46300,1,0.0000000000,0.0000000000,3.3635224917,0.0000000000,scatter
46300,2,3.3635224917,0.0000000000,4.1224060494,-2.9793904796,scatter
46300,3,4.1224060494,-2.9793904796,0.0000000000,-3.4285856603,exit_left
46400,1,0.0000000000,0.0000000000,0.5622651857,0.0000000000,absorb
46500,1,0.0000000000,0.0000000000,0.8170993110,0.0000000000,scatter
46500,2,0.8170993110,0.0000000000,2.5832316325,-0.6965199495,absorb
46600,1,0.0000000000,0.0000000000,3.2021866578,0.0000000000,scatter
46600,2,3.2021866578,0.0000000000,3.0504275133,0.0318382655,scatter
46600,3,3.0504275133,0.0318382655,2.3141916548,0.6133762100,scatter
46600,4,2.3141916548,0.6133762100,4.7500000000,3.9307456690,exit_right
46700,1,0.0000000000,0.0000000000,4.4116575145,0.0000000000,scatter
46700,2,4.4116575145,0.0000000000,4.7500000000,0.0438475323,exit_right
46800,1,0.0000000000,0.0000000000,2.3267474256,0.0000000000,absorb
46900,1,0.0000000000,0.0000000000,0.9461283525,0.0000000000,scatter
46900,2,0.9461283525,0.0000000000,3.0474600997,4.3553987118,absorb
47000,1,0.0000000000,0.0000000000,0.1323004390,0.0000000000,scatter
47000,2,0.1323004390,0.0000000000,0.0000000000,-0.0723368683,exit_left
47100,1,0.0000000000,0.0000000000,3.9060186075,0.0000000000,absorb
47200,1,0.0000000000,0.0000000000,0.0964609932,0.0000000000,scatter
47200,2,0.0964609932,0.0000000000,1.4238221027,-0.3801170132,scatter
47200,3,1.4238221027,-0.3801170132,2.6558576597,-0.5375381978,scatter
47200,4,2.6558576597,-0.5375381978,0.3442941128,-2.2515829090,scatter
47200,5,0.3442941128,-2.2515829090,0.5783804559,-2.5082421532,scatter
47200,6,0.5783804559,-2.5082421532,0.4051386145,-3.5732381534,scatter
47200,7,0.4051386145,-3.5732381534,0.0000000000,-4.0457894968,exit_left
47300,1,0.0000000000,0.0000000000,0.5110151263,0.0000000000,absorb
47400,1,0.0000000000,0.0000000000,0.9026326446,0.0000000000,scatter
47400,2,0.9026326446,0.0000000000,0.8339096681,0.2709357363,scatter
47400,3,0.8339096681,0.2709357363,1.6088580364,1.4024794094,scatter
47400,4,1.6088580364,1.4024794094,0.0000000000,1.3536423126,exit_left
47500,1,0.0000000000,0.0000000000,4.7500000000,0.0000000000,exit_right
47600,1,0.0000000000,0.0000000000,0.1578384571,0.0000000000,scatter
47600,2,0.1578384571,0.0000000000,0.0000000000,0.3256372001,exit_left
47700,1,0.0000000000,0.0000000000,2.3368071079,0.0000000000,scatter
47700,2,2.3368071079,0.0000000000,3.7030633140,0.9009046114,scatter
47700,3,3.7030633140,0.9009046114,4.7500000000,0.5346813467,exit_right
47800,1,0.0000000000,0.0000000000,0.4795581465,0.0000000000,scatter
47800,2,0.4795581465,0.0000000000,1.1976806190,0.2952172908,scatter
47800,3,1.1976806190,0.2952172908,1.8514950674,0.1565445635,scatter
47800,4,1.8514950674,0.1565445635,2.2487399970,1.6830951321,absorb
47900,1,0.0000000000,0.0000000000,0.2218933131,0.0000000000,scatter
47900,2,0.2218933131,0.0000000000,0.6339617479,0.3951966242,scatter
47900,3,0.6339617479,0.3951966242,0.0000000000,-0.6632188778,exit_left
48000,1,0.0000000000,0.0000000000,0.9575830977,0.0000000000,scatter
48000,2,0.9575830977,0.0000000000,1.6508498790,0.2706475250,scatter
48000,3,1.6508498790,0.2706475250,0.0000000000,0.2342383605,exit_left
48100,1,0.0000000000,0.0000000000,4.7500000000,0.0000000000,exit_right
48200,1,0.0000000000,0.0000000000,1.4171754065,0.0000000000,scatter
48200,2,1.4171754065,0.0000000000,1.8145736401,0.0977949260,absorb
48300,1,0.0000000000,0.0000000000,0.6572047310,0.0000000000,scatter
48300,2,0.6572047310,0.0000000000,0.0000000000,0.0402536437,exit_left
48400,1,0.0000000000,0.0000000000,4.7500000000,0.0000000000,exit_right
48500,1,0.0000000000,0.0000000000,2.4125330424,0.0000000000,scatter
48500,2,2.4125330424,0.0000000000,0.0000000000,0.1470717732,exit_left
48600,1,0.0000000000,0.0000000000,1.3953292286,0.0000000000,scatter
48600,2,1.3953292286,0.0000000000,0.0000000000,0.1181971062,exit_left
48700,1,0.0000000000,0.0000000000,0.8096173864,0.0000000000,absorb
48800,1,0.0000000000,0.0000000000,0.4220797579,0.0000000000,scatter
48800,2,0.4220797579,0.0000000000,1.0758153292,-2.1141431358,scatter
48800,3,1.0758153292,-2.1141431358,2.2511378240,-3.5066795795,scatter
48800,4,2.2511378240,-3.5066795795,2.5506784418,-3.1904992437,scatter
48800,5,2.5506784418,-3.1904992437,2.5399980354,-5.7530447677,scatter
48800,6,2.5399980354,-5.7530447677,2.5050615289,-5.7900535466,scatter
48800,7,2.5050615289,-5.7900535466,4.7500000000,-8.1597699466,exit_right
48900,1,0.0000000000,0.0000000000,4.7500000000,0.0000000000,exit_right
49000,1,0.0000000000,0.0000000000,1.5259406570,0.0000000000,scatter
49000,2,1.5259406570,0.0000000000,2.2253515933,-2.4909848809,scatter
49000,3,2.2253515933,-2.4909848809,1.6592582493,-2.5392576499,absorb
49100,1,0.0000000000,0.0000000000,1.9666677743,0.0000000000,absorb
49200,1,0.0000000000,0.0000000000,0.8626434452,0.0000000000,scatter
49200,2,0.8626434452,0.0000000000,1.4371890999,0.1620117671,scatter
49200,3,1.4371890999,0.1620117671,2.1989690721,-0.0620986007,scatter
49200,4,2.1989690721,-0.0620986007,1.9723242804,0.1165544094,absorb
49300,1,0.0000000000,0.0000000000,0.7548225197,0.0000000000,scatter
49300,2,0.7548225197,0.0000000000,0.0000000000,0.4679828273,exit_left
49400,1,0.0000000000,0.0000000000,1.8652600030,0.0000000000,scatter
49400,2,1.8652600030,0.0000000000,1.2947822848,-0.0289365288,scatter
49400,3,1.2947822848,-0.0289365288,0.4929503660,-0.2684396967,scatter
49400,4,0.4929503660,-0.2684396967,0.8570930790,-3.5285064741,scatter
49400,5,0.8570930790,-3.5285064741,4.7500000000,-2.5012462252,exit_right
49500,1,0.0000000000,0.0000000000,0.1162523830,0.0000000000,absorb
49600,1,0.0000000000,0.0000000000,2.3281881408,0.0000000000,scatter
49600,2,2.3281881408,0.0000000000,0.0000000000,-0.4025527122,exit_left
49700,1,0.0000000000,0.0000000000,4.2894669184,0.0000000000,scatter
49700,2,4.2894669184,0.0000000000,1.8325961886,0.8968235459,scatter
49700,3,1.8325961886,0.8968235459,4.0942917109,-1.2611423182,scatter
49700,4,4.0942917109,-1.2611423182,4.0887141456,-2.1895861660,scatter
49700,5,4.0887141456,-2.1895861660,4.7500000000,-2.2544880782,exit_right
49800,1,0.0000000000,0.0000000000,0.3519585750,0.0000000000,scatter
49800,2,0.3519585750,0.0000000000,0.0000000000,-0.2668426094,exit_left
49900,1,0.0000000000,0.0000000000,1.7515819375,0.0000000000,absorb
50000,1,0.0000000000,0.0000000000,1.5253547227,0.0000000000,scatter
50000,2,1.5253547227,0.0000000000,0.0000000000,2.2479303832,exit_left
50100,1,0.0000000000,0.0000000000,1.1266239815,0.0000000000,scatter
50100,2,1.1266239815,0.0000000000,1.5699638950,3.3301791635,scatter
50100,3,1.5699638950,3.3301791635,2.5276466182,4.1749016321,scatter
50100,4,2.5276466182,4.1749016321,2.5237522930,4.0634366486,scatter
50100,5,2.5237522930,4.0634366486,2.5338216187,4.1060784236,scatter
50100,6,2.5338216187,4.1060784236,2.0637650720,7.4222740577,scatter
50100,7,2.0637650720,7.4222740577,1.0831153176,7.4510760790,absorb
50200,1,0.0000000000,0.0000000000,0.0757177472,0.0000000000,scatter
50200,2,0.0757177472,0.0000000000,2.8975693226,-1.5865932188,scatter
50200,3,2.8975693226,-1.5865932188,1.6594254381,1.0964973024,absorb
50300,1,0.0000000000,0.0000000000,2.8533492773,0.0000000000,scatter
50300,2,2.8533492773,0.0000000000,2.9243205821,-0.0500043528,absorb
50400,1,0.0000000000,0.0000000000,2.5667201990,0.0000000000,absorb
50500,1,0.0000000000,0.0000000000,1.0712995918,0.0000000000,scatter
50500,2,1.0712995918,0.0000000000,1.2302970691,-0.2387270624,absorb
50600,1,0.0000000000,0.0000000000,1.5972729996,0.0000000000,scatter
50600,2,1.5972729996,0.0000000000,0.0688940988,1.4840092113,scatter
50600,3,0.0688940988,1.4840092113,0.0000000000,1.4206347024,exit_left
50700,1,0.0000000000,0.0000000000,2.1578131741,0.0000000000,scatter
50700,2,2.1578131741,0.0000000000,2.1933045444,-0.0637127531,scatter
50700,3,2.1933045444,-0.0637127531,2.4929523815,-0.4042395552,scatter
50700,4,2.4929523815,-0.4042395552,4.7500000000,-0.8002427978,exit_right
50800,1,0.0000000000,0.0000000000,2.0257360977,0.0000000000,scatter
50800,2,2.0257360977,0.0000000000,0.0000000000,-0.4839825606,exit_left
50900,1,0.0000000000,0.0000000000,0.4862266976,0.0000000000,scatter
50900,2,0.4862266976,0.0000000000,2.6249965568,1.9542424512,scatter
50900,3,2.6249965568,1.9542424512,4.5739370765,6.5516458592,scatter
50900,4,4.5739370765,6.5516458592,4.5705703682,6.2361971042,absorb
51000,1,0.0000000000,0.0000000000,1.1100478452,0.0000000000,scatter
51000,2,1.1100478452,0.0000000000,0.8434193270,-0.5337213575,scatter
51000,3,0.8434193270,-0.5337213575,0.0333721476,-3.7744623809,scatter
51000,4,0.0333721476,-3.7744623809,0.0000000000,-3.7764849289,exit_left
51100,1,0.0000000000,0.0000000000,1.4966055201,0.0000000000,scatter
51100,2,1.4966055201,0.0000000000,2.2178431612,0.3721756564,absorb
51200,1,0.0000000000,0.0000000000,2.0721070961,0.0000000000,scatter
51200,2,2.0721070961,0.0000000000,0.3860706091,1.3304158424,scatter
51200,3,0.3860706091,1.3304158424,0.8944950407,0.4497958861,scatter
51200,4,0.8944950407,0.4497958861,0.9681935687,0.5376901026,scatter
51200,5,0.9681935687,0.5376901026,0.0000000000,-0.1611756637,exit_left
51300,1,0.0000000000,0.0000000000,3.8811172806,0.0000000000,scatter
51300,2,3.8811172806,0.0000000000,4.4204287436,0.6887588836,scatter
51300,3,4.4204287436,0.6887588836,1.9019263392,2.4101455895,absorb
51400,1,0.0000000000,0.0000000000,0.2656455793,0.0000000000,absorb
51500,1,0.0000000000,0.0000000000,2.0331539533,0.0000000000,scatter
51500,2,2.0331539533,0.0000000000,3.0824724734,1.9788105767,scatter
51500,3,3.0824724734,1.9788105767,3.0390764855,1.9477855936,scatter
51500,4,3.0390764855,1.9477855936,3.8424734333,2.7622796493,absorb
51600,1,0.0000000000,0.0000000000,0.5795651792,0.0000000000,scatter
51600,2,0.5795651792,0.0000000000,3.8387870368,-1.1344637746,absorb
51700,1,0.0000000000,0.0000000000,3.5119311745,0.0000000000,scatter
51700,2,3.5119311745,0.0000000000,3.9650485936,-0.3150066759,scatter
51700,3,3.9650485936,-0.3150066759,4.3028603187,-0.2764081169,scatter
51700,4,4.3028603187,-0.2764081169,4.5103367334,-0.3100883805,scatter
51700,5,4.5103367334,-0.3100883805,3.3384450624,0.5353562456,scatter
51700,6,3.3384450624,0.5353562456,3.3234700106,0.2694562401,absorb
51800,1,0.0000000000,0.0000000000,2.2549033712,0.0000000000,scatter
51800,2,2.2549033712,0.0000000000,3.8787935712,0.8474321116,scatter
51800,3,3.8787935712,0.8474321116,3.7873628491,0.6688929128,scatter
51800,4,3.7873628491,0.6688929128,4.7500000000,1.4967319088,exit_right
51900,1,0.0000000000,0.0000000000,0.4845461441,0.0000000000,absorb
52000,1,0.0000000000,0.0000000000,0.7288530811,0.0000000000,absorb
52100,1,0.0000000000,0.0000000000,0.2758063807,0.0000000000,scatter
52100,2,0.2758063807,0.0000000000,0.6063879787,-1.7079031897,absorb
52200,1,0.0000000000,0.0000000000,0.0678473851,0.0000000000,scatter
52200,2,0.0678473851,0.0000000000,0.0000000000,0.0104032746,exit_left
52300,1,0.0000000000,0.0000000000,0.9171758128,0.0000000000,scatter
52300,2,0.9171758128,0.0000000000,0.5353128578,0.3118882067,absorb
52400,1,0.0000000000,0.0000000000,1.7344696097,0.0000000000,scatter
52400,2,1.7344696097,0.0000000000,2.7578840368,0.1401658627,scatter
52400,3,2.7578840368,0.1401658627,0.0000000000,3.0701460717,exit_left
52500,1,0.0000000000,0.0000000000,0.1790280770,0.0000000000,scatter
52500,2,0.1790280770,0.0000000000,0.0000000000,0.0780460460,exit_left
52600,1,0.0000000000,0.0000000000,0.9816492608,0.0000000000,scatter
52600,2,0.9816492608,0.0000000000,0.4493719464,1.2650471906,scatter
52600,3,0.4493719464,1.2650471906,0.4571774668,0.8275739608,scatter
52600,4,0.4571774668,0.8275739608,1.9873061320,1.0347172508,scatter
52600,5,1.9873061320,1.0347172508,0.8398134023,1.8081932664,absorb
52700,1,0.0000000000,0.0000000000,4.7500000000,0.0000000000,exit_right
52800,1,0.0000000000,0.0000000000,2.5951515236,0.0000000000,absorb
52900,1,0.0000000000,0.0000000000,3.7354974770,0.0000000000,absorb
53000,1,0.0000000000,0.0000000000,0.6852409580,0.0000000000,absorb
53100,1,0.0000000000,0.0000000000,2.9329233738,0.0000000000,scatter
53100,2,2.9329233738,0.0000000000,3.1855016604,-0.1823919136,scatter
53100,3,3.1855016604,-0.1823919136,3.2352279120,-0.2567910250,scatter
53100,4,3.2352279120,-0.2567910250,2.6480257474,-0.7669757514,scatter
53100,5,2.6480257474,-0.7669757514,2.5452351363,-0.0829896231,absorb
53200,1,0.0000000000,0.0000000000,4.7500000000,0.0000000000,exit_right
53300,1,0.0000000000,0.0000000000,1.3890504241,0.0000000000,scatter
53300,2,1.3890504241,0.0000000000,2.8784372688,0.3204764167,scatter
53300,3,2.8784372688,0.3204764167,3.6313210604,1.9599920815,scatter
53300,4,3.6313210604,1.9599920815,4.7101525240,2.3732872021,scatter
53300,5,4.7101525240,2.3732872021,4.7500000000,2.2724176625,exit_right
53400,1,0.0000000000,0.0000000000,3.6149253676,0.0000000000,scatter
53400,2,3.6149253676,0.0000000000,4.7500000000,-0.1536123925,exit_right
53500,1,0.0000000000,0.0000000000,4.1532179740,0.0000000000,scatter
53500,2,4.1532179740,0.0000000000,4.7500000000,-0.1119596499,exit_right
53600,1,0.0000000000,0.0000000000,4.5665008656,0.0000000000,absorb
53700,1,0.0000000000,0.0000000000,1.3494079019,0.0000000000,scatter
53700,2,1.3494079019,0.0000000000,0.7644218016,0.7254637559,scatter
53700,3,0.7644218016,0.7254637559,1.2412368221,7.8756823724,scatter
53700,4,1.2412368221,7.8756823724,3.0975098182,5.9881038023,scatter
53700,5,3.0975098182,5.9881038023,4.0337958505,1.9666144616,scatter
53700,6,4.0337958505,1.9666144616,4.7500000000,0.5708997980,exit_right
53800,1,0.0000000000,0.0000000000,0.3795909488,0.0000000000,scatter
53800,2,0.3795909488,0.0000000000,0.3283423946,0.3419706725,scatter
53800,3,0.3283423946,0.3419706725,0.0000000000,0.3479793333,exit_left
53900,1,0.0000000000,0.0000000000,1.5086872987,0.0000000000,scatter
53900,2,1.5086872987,0.0000000000,0.0000000000,5.5510019248,exit_left
54000,1,0.0000000000,0.0000000000,3.1717331085,0.0000000000,absorb
54100,1,0.0000000000,0.0000000000,2.1941984825,0.0000000000,scatter
54100,2,2.1941984825,0.0000000000,2.2992243668,-0.0877003546,scatter
54100,3,2.2992243668,-0.0877003546,2.2222919623,2.0963637037,scatter
54100,4,2.2222919623,2.0963637037,4.0670762164,0.8689948899,scatter
54100,5,4.0670762164,0.8689948899,3.8891642803,-6.3693167047,scatter
54100,6,3.8891642803,-6.3693167047,3.3944770874,-6.4057049532,absorb
54200,1,0.0000000000,0.0000000000,0.4842260411,0.0000000000,scatter
54200,2,0.4842260411,0.0000000000,0.3284231020,0.3889931767,scatter
54200,3,0.3284231020,0.3889931767,0.4866453461,0.2180615816,scatter
54200,4,0.4866453461,0.2180615816,0.0000000000,-0.7327853881,exit_left
54300,1,0.0000000000,0.0000000000,2.2743485862,0.0000000000,scatter
54300,2,2.2743485862,0.0000000000,2.2872785989,0.1876103764,scatter
54300,3,2.2872785989,0.1876103764,2.8492622228,-3.0022902820,scatter
54300,4,2.8492622228,-3.0022902820,4.7441337852,-5.8649589150,scatter
54300,5,4.7441337852,-5.8649589150,4.7500000000,-5.8661154863,exit_right
54400,1,0.0000000000,0.0000000000,2.5869882687,0.0000000000,absorb
54500,1,0.0000000000,0.0000000000,0.4957671862,0.0000000000,scatter
54500,2,0.4957671862,0.0000000000,0.3546804678,-0.8463702525,scatter
54500,3,0.3546804678,-0.8463702525,1.4097951351,-2.9118276243,scatter
54500,4,1.4097951351,-2.9118276243,1.0460760439,-2.9632143903,scatter
54500,5,1.0460760439,-2.9632143903,0.7228035139,-2.9839883522,scatter
54500,6,0.7228035139,-2.9839883522,0.3860616255,-4.4097202602,scatter
54500,7,0.3860616255,-4.4097202602,0.8065410681,-4.4933971441,scatter
54500,8,0.8065410681,-4.4933971441,2.2438119640,-5.7562005661,scatter
54500,9,2.2438119640,-5.7562005661,1.2561207543,-4.7676487623,scatter
54500,10,1.2561207543,-4.7676487623,0.9374703376,-2.0355694528,absorb
54600,1,0.0000000000,0.0000000000,0.7692693153,0.0000000000,scatter
54600,2,0.7692693153,0.0000000000,1.9821464782,-1.4773024525,scatter
54600,3,1.9821464782,-1.4773024525,1.9852098455,-1.3513623243,scatter
54600,4,1.9852098455,-1.3513623243,2.7094945948,-0.5165863302,scatter
54600,5,2.7094945948,-0.5165863302,4.7500000000,1.0096827065,exit_right
54700,1,0.0000000000,0.0000000000,0.6437039584,0.0000000000,absorb
54800,1,0.0000000000,0.0000000000,0.8048444321,0.0000000000,scatter
54800,2,0.8048444321,0.0000000000,1.7289425645,2.8182565480,absorb
54900,1,0.0000000000,0.0000000000,1.1575564787,0.0000000000,scatter
54900,2,1.1575564787,0.0000000000,0.5322359230,1.3796837689,scatter
54900,3,0.5322359230,1.3796837689,2.6210844508,0.1969180222,scatter
54900,4,2.6210844508,0.1969180222,2.3781973974,-0.0605626322,scatter
54900,5,2.3781973974,-0.0605626322,1.3512384863,-1.5617467460,scatter
54900,6,1.3512384863,-1.5617467460,0.7291028789,-2.1061751056,scatter
54900,7,0.7291028789,-2.1061751056,0.9136338636,-1.4383779633,absorb
55000,1,0.0000000000,0.0000000000,3.1169522614,0.0000000000,scatter
55000,2,3.1169522614,0.0000000000,2.8724307650,-2.2524871053,scatter
55000,3,2.8724307650,-2.2524871053,3.1626000401,-3.1255031156,scatter
55000,4,3.1626000401,-3.1255031156,4.7500000000,-3.6720843613,exit_right
55100,1,0.0000000000,0.0000000000,0.6062669177,0.0000000000,scatter
55100,2,0.6062669177,0.0000000000,1.0182159036,-0.9433422456,absorb
55200,1,0.0000000000,0.0000000000,3.1194914077,0.0000000000,absorb
55300,1,0.0000000000,0.0000000000,2.0698991597,0.0000000000,scatter
55300,2,2.0698991597,0.0000000000,0.0000000000,0.5414229080,exit_left
55400,1,0.0000000000,0.0000000000,0.4427122552,0.0000000000,scatter
55400,2,0.4427122552,0.0000000000,4.7500000000,-1.3056601284,exit_right
55500,1,0.0000000000,0.0000000000,0.6125888350,0.0000000000,scatter
55500,2,0.6125888350,0.0000000000,1.2383151465,-0.3212388948,absorb
55600,1,0.0000000000,0.0000000000,0.4627173875,0.0000000000,scatter
55600,2,0.4627173875,0.0000000000,0.0000000000,0.5502610172,exit_left
55700,1,0.0000000000,0.0000000000,1.7265261850,0.0000000000,scatter
55700,2,1.7265261850,0.0000000000,4.2093318239,0.5847996170,absorb
55800,1,0.0000000000,0.0000000000,1.9134919545,0.0000000000,scatter
55800,2,1.9134919545,0.0000000000,1.9010732516,-0.6188514697,scatter
55800,3,1.9010732516,-0.6188514697,2.6556603480,0.2465937280,scatter
55800,4,2.6556603480,0.2465937280,0.0000000000,-0.8993807393,exit_left
55900,1,0.0000000000,0.0000000000,0.9288536621,0.0000000000,scatter
55900,2,0.9288536621,0.0000000000,1.3351247779,-0.1157929906,scatter
55900,3,1.3351247779,-0.1157929906,1.4150297750,-0.1535769723,scatter
55900,4,1.4150297750,-0.1535769723,0.9601502481,-0.5909192910,scatter
55900,5,0.9601502481,-0.5909192910,0.0000000000,-1.1696334785,exit_left
56000,1,0.0000000000,0.0000000000,1.7657125574,0.0000000000,scatter
56000,2,1.7657125574,0.0000000000,1.4073601746,0.2376883067,scatter
56000,3,1.4073601746,0.2376883067,1.4404984667,0.2705652266,absorb
56100,1,0.0000000000,0.0000000000,1.0547143944,0.0000000000,scatter
56100,2,1.0547143944,0.0000000000,2.8861453617,1.6157818739,scatter
56100,3,2.8861453617,1.6157818739,2.6052102921,1.7407537855,scatter
56100,4,2.6052102921,1.7407537855,2.6022821252,1.7388043423,scatter
56100,5,2.6022821252,1.7388043423,0.0000000000,0.2228994265,exit_left
56200,1,0.0000000000,0.0000000000,1.2060823696,0.0000000000,scatter
56200,2,1.2060823696,0.0000000000,2.2143433964,-0.2727537481,absorb
56300,1,0.0000000000,0.0000000000,0.9323838686,0.0000000000,scatter
56300,2,0.9323838686,0.0000000000,0.0000000000,-0.1876077473,exit_left
56400,1,0.0000000000,0.0000000000,4.7500000000,0.0000000000,exit_right
56500,1,0.0000000000,0.0000000000,0.1313068429,0.0000000000,absorb
56600,1,0.0000000000,0.0000000000,4.7500000000,0.0000000000,exit_right
56700,1,0.0000000000,0.0000000000,0.2353269036,0.0000000000,scatter
56700,2,0.2353269036,0.0000000000,0.3015700920,-0.6292406819,scatter
56700,3,0.3015700920,-0.6292406819,0.0000000000,-1.4444044965,exit_left
56800,1,0.0000000000,0.0000000000,0.5344885349,0.0000000000,scatter
56800,2,0.5344885349,0.0000000000,0.4858414240,0.9048587090,scatter
56800,3,0.4858414240,0.9048587090,0.0000000000,1.4787135975,exit_left
56900,1,0.0000000000,0.0000000000,2.5402869557,0.0000000000,scatter
56900,2,2.5402869557,0.0000000000,2.8348011082,-1.8438670723,scatter
56900,3,2.8348011082,-1.8438670723,4.7500000000,-3.3945811650,exit_right
57000,1,0.0000000000,0.0000000000,3.2314733352,0.0000000000,scatter
57000,2,3.2314733352,0.0000000000,4.7500000000,-1.4279351518,exit_right
57100,1,0.0000000000,0.0000000000,0.0675947861,0.0000000000,absorb
57200,1,0.0000000000,0.0000000000,0.3546916393,0.0000000000,absorb
57300,1,0.0000000000,0.0000000000,3.4539480313,0.0000000000,scatter
57300,2,3.4539480313,0.0000000000,3.4961226946,0.0105835735,scatter
57300,3,3.4961226946,0.0105835735,4.7500000000,-0.4037463980,exit_right
57400,1,0.0000000000,0.0000000000,4.7500000000,0.0000000000,exit_right
57500,1,0.0000000000,0.0000000000,2.4020387355,0.0000000000,absorb
57600,1,0.0000000000,0.0000000000,3.7017508746,0.0000000000,scatter
57600,2,3.7017508746,0.0000000000,3.7072157663,0.6808530148,scatter
57600,3,3.7072157663,0.6808530148,4.7500000000,1.3583025012,exit_right
57700,1,0.0000000000,0.0000000000,4.2334425127,0.0000000000,scatter
57700,2,4.2334425127,0.0000000000,3.8109172032,-0.1781809216,scatter
57700,3,3.8109172032,-0.1781809216,2.8772867298,0.2261979589,scatter
57700,4,2.8772867298,0.2261979589,0.3237169213,4.7054807369,absorb
57800,1,0.0000000000,0.0000000000,4.7500000000,0.0000000000,exit_right
57900,1,0.0000000000,0.0000000000,2.4102090541,0.0000000000,scatter
57900,2,2.4102090541,0.0000000000,4.4613025646,-2.0236588908,scatter
57900,3,4.4613025646,-2.0236588908,1.8141986027,-1.0124072770,scatter
57900,4,1.8141986027,-1.0124072770,1.8485900571,-1.0335606944,scatter
57900,5,1.8485900571,-1.0335606944,0.5320777090,-0.6316744812,scatter
57900,6,0.5320777090,-0.6316744812,0.0000000000,-1.3560625181,exit_left
58000,1,0.0000000000,0.0000000000,0.9683158611,0.0000000000,scatter
58000,2,0.9683158611,0.0000000000,0.0000000000,-0.9810237231,exit_left
58100,1,0.0000000000,0.0000000000,1.6075981938,0.0000000000,absorb
58200,1,0.0000000000,0.0000000000,0.7668386962,0.0000000000,scatter
58200,2,0.7668386962,0.0000000000,1.8057880773,0.6888784126,scatter
58200,3,1.8057880773,0.6888784126,1.6941011045,-0.3167646866,absorb
58300,1,0.0000000000,0.0000000000,0.7911184918,0.0000000000,scatter
58300,2,0.7911184918,0.0000000000,0.0000000000,-0.2676491829,exit_left
58400,1,0.0000000000,0.0000000000,1.0575885242,0.0000000000,scatter
58400,2,1.0575885242,0.0000000000,1.1930620021,-0.4767659387,absorb
58500,1,0.0000000000,0.0000000000,4.6726037487,0.0000000000,scatter
58500,2,4.6726037487,0.0000000000,4.7500000000,0.0899091996,exit_right
58600,1,0.0000000000,0.0000000000,1.4691987103,0.0000000000,scatter
58600,2,1.4691987103,0.0000000000,0.0000000000,-1.7903664497,exit_left
58700,1,0.0000000000,0.0000000000,1.5361345879,0.0000000000,scatter
58700,2,1.5361345879,0.0000000000,1.8281277904,-2.5310707554,scatter
58700,3,1.8281277904,-2.5310707554,1.8579866442,-5.1233550963,scatter
58700,4,1.8579866442,-5.1233550963,2.8632776298,-4.8767120210,absorb
58800,1,0.0000000000,0.0000000000,4.1514537617,0.0000000000,scatter
58800,2,4.1514537617,0.0000000000,4.7500000000,-0.0210284838,exit_right
58900,1,0.0000000000,0.0000000000,0.3656424913,0.0000000000,scatter
58900,2,0.3656424913,0.0000000000,0.0000000000,-0.0830352751,exit_left
59000,1,0.0000000000,0.0000000000,4.6674909140,0.0000000000,scatter
59000,2,4.6674909140,0.0000000000,4.7500000000,0.0441792518,exit_right
59100,1,0.0000000000,0.0000000000,0.8226410612,0.0000000000,scatter
59100,2,0.8226410612,0.0000000000,4.7500000000,-4.8228759587,exit_right
59200,1,0.0000000000,0.0000000000,3.0575239127,0.0000000000,scatter
59200,2,3.0575239127,0.0000000000,3.3504271875,3.1810959146,scatter
59200,3,3.3504271875,3.1810959146,0.0754626158,0.5433436389,absorb
59300,1,0.0000000000,0.0000000000,1.4428359443,0.0000000000,scatter
59300,2,1.4428359443,0.0000000000,0.8766696544,-0.5041818766,absorb
59400,1,0.0000000000,0.0000000000,1.1174677393,0.0000000000,absorb
59500,1,0.0000000000,0.0000000000,4.7500000000,0.0000000000,exit_right
59600,1,0.0000000000,0.0000000000,1.5341854690,0.0000000000,scatter
59600,2,1.5341854690,0.0000000000,3.8023526733,-1.0833216739,scatter
59600,3,3.8023526733,-1.0833216739,0.7125052028,0.4128646554,scatter
59600,4,0.7125052028,0.4128646554,0.7945693026,1.2645431979,scatter
59600,5,0.7945693026,1.2645431979,0.0000000000,1.9593053240,exit_left
59700,1,0.0000000000,0.0000000000,0.3566751921,0.0000000000,scatter
59700,2,0.3566751921,0.0000000000,3.0715103374,-0.2306569309,absorb
59800,1,0.0000000000,0.0000000000,2.3337302582,0.0000000000,scatter
59800,2,2.3337302582,0.0000000000,2.3212338981,0.1031017781,scatter
59800,3,2.3212338981,0.1031017781,0.6578564278,-0.8604224823,scatter
59800,4,0.6578564278,-0.8604224823,0.6342578639,-0.7734019649,scatter
59800,5,0.6342578639,-0.7734019649,0.7347378515,0.0787127285,scatter
59800,6,0.7347378515,0.0787127285,0.0000000000,-0.5151162999,exit_left
59900,1,0.0000000000,0.0000000000,0.6297185284,0.0000000000,absorb
60000,1,0.0000000000,0.0000000000,0.7059489635,0.0000000000,scatter
60000,2,0.7059489635,0.0000000000,0.0000000000,0.0798674677,exit_left
60100,1,0.0000000000,0.0000000000,3.8332351007,0.0000000000,scatter
60100,2,3.8332351007,0.0000000000,4.7500000000,-1.1526936564,exit_right
60200,1,0.0000000000,0.0000000000,3.5112693099,0.0000000000,scatter
60200,2,3.5112693099,0.0000000000,3.2104990451,-0.4620623722,scatter
60200,3,3.2104990451,-0.4620623722,1.8387961748,0.2459659814,scatter
60200,4,1.8387961748,0.2459659814,0.0000000000,-0.3084427876,exit_left
60300,1,0.0000000000,0.0000000000,1.6948781134,0.0000000000,absorb
60400,1,0.0000000000,0.0000000000,0.5097017914,0.0000000000,scatter
60400,2,0.5097017914,0.0000000000,0.8520917062,-0.8132244379,scatter
60400,3,0.8520917062,-0.8132244379,0.1691831171,-4.6750605569,scatter
60400,4,0.1691831171,-4.6750605569,0.0000000000,-6.3220273829,exit_left
60500,1,0.0000000000,0.0000000000,0.8205410598,0.0000000000,scatter
60500,2,0.8205410598,0.0000000000,0.8054708741,-0.2673348835,scatter
60500,3,0.8054708741,-0.2673348835,0.5721570633,-0.3602094879,scatter
60500,4,0.5721570633,-0.3602094879,0.0000000000,0.9638399097,exit_left
60600,1,0.0000000000,0.0000000000,4.7500000000,0.0000000000,exit_right
60700,1,0.0000000000,0.0000000000,0.5086720083,0.0000000000,scatter
60700,2,0.5086720083,0.0000000000,0.0000000000,-0.6000701074,exit_left
60800,1,0.0000000000,0.0000000000,0.3388541367,0.0000000000,scatter
60800,2,0.3388541367,0.0000000000,2.6536528324,-1.0896057500,scatter
60800,3,2.6536528324,-1.0896057500,2.6868887106,-2.2414944275,scatter
60800,4,2.6868887106,-2.2414944275,4.7500000000,-3.4172847323,exit_right
60900,1,0.0000000000,0.0000000000,2.9278998058,0.0000000000,scatter
60900,2,2.9278998058,0.0000000000,4.3620973202,1.2349831596,scatter
60900,3,4.3620973202,1.2349831596,3.2411536564,2.3450713028,scatter
60900,4,3.2411536564,2.3450713028,3.2945315289,2.4177338844,scatter
60900,5,3.2945315289,2.4177338844,0.0000000000,0.1213251125,exit_left
61000,1,0.0000000000,0.0000000000,1.4530397897,0.0000000000,absorb
61100,1,0.0000000000,0.0000000000,1.3017170015,0.0000000000,scatter
61100,2,1.3017170015,0.0000000000,1.6973555587,0.0120400608,scatter
61100,3,1.6973555587,0.0120400608,0.9831738827,0.1058084433,scatter
61100,4,0.9831738827,0.1058084433,2.0067282659,0.5576244041,scatter
61100,5,2.0067282659,0.5576244041,1.5963595454,-0.2025378876,scatter
61100,6,1.5963595454,-0.2025378876,0.0000000000,0.8445462440,exit_left
61200,1,0.0000000000,0.0000000000,4.3964243212,0.0000000000,scatter
61200,2,4.3964243212,0.0000000000,4.7500000000,-0.5531618693,exit_right
61300,1,0.0000000000,0.0000000000,0.5863311941,0.0000000000,scatter
61300,2,0.5863311941,0.0000000000,0.8360664427,-0.1899595896,scatter
61300,3,0.8360664427,-0.1899595896,1.6709993881,-0.0987183537,scatter
61300,4,1.6709993881,-0.0987183537,1.4482691113,-0.8003604117,scatter
61300,5,1.4482691113,-0.8003604117,2.2624240031,-0.2977496216,scatter
61300,6,2.2624240031,-0.2977496216,2.7088893116,0.8309217778,scatter
61300,7,2.7088893116,0.8309217778,4.7500000000,-0.2883674864,exit_right
61400,1,0.0000000000,0.0000000000,1.1825792654,0.0000000000,scatter
61400,2,1.1825792654,0.0000000000,1.0562657814,-0.0696957679,absorb
61500,1,0.0000000000,0.0000000000,1.1591277764,0.0000000000,scatter
61500,2,1.1591277764,0.0000000000,1.5633770545,-0.0993310510,absorb
61600,1,0.0000000000,0.0000000000,0.2091028893,0.0000000000,absorb
61700,1,0.0000000000,0.0000000000,2.7850466844,0.0000000000,scatter
61700,2,2.7850466844,0.0000000000,2.3092739538,-0.9111409443,absorb
61800,1,0.0000000000,0.0000000000,0.3492477300,0.0000000000,scatter
61800,2,0.3492477300,0.0000000000,0.0000000000,0.9815923589,exit_left
61900,1,0.0000000000,0.0000000000,0.3964198652,0.0000000000,scatter
61900,2,0.3964198652,0.0000000000,0.0000000000,-0.5091564894,exit_left
62000,1,0.0000000000,0.0000000000,0.6715378688,0.0000000000,scatter
62000,2,0.6715378688,0.0000000000,0.0000000000,0.1706423325,exit_left
62100,1,0.0000000000,0.0000000000,1.4305077783,0.0000000000,scatter
62100,2,1.4305077783,0.0000000000,1.4265809751,0.0035764433,scatter
62100,3,1.4265809751,0.0035764433,0.1704834581,-3.1778771840,scatter
62100,4,0.1704834581,-3.1778771840,3.4785970454,-4.3567945773,scatter
62100,5,3.4785970454,-4.3567945773,3.5000148582,-3.9736960281,scatter
62100,6,3.5000148582,-3.9736960281,3.9122890896,-4.4911475084,scatter
62100,7,3.9122890896,-4.4911475084,2.4743946626,-1.9357301188,scatter
62100,8,2.4743946626,-1.9357301188,2.4885590459,-1.8485551635,scatter
62100,9,2.4885590459,-1.8485551635,0.5430408490,-0.6276669090,scatter
62100,10,0.5430408490,-0.6276669090,0.4054007329,-0.1578721924,scatter
62100,11,0.4054007329,-0.1578721924,0.1363809496,-0.3279754488,scatter
62100,12,0.1363809496,-0.3279754488,3.0251988527,-0.4974863561,scatter
62100,13,3.0251988527,-0.4974863561,2.8840132603,-0.4336556199,scatter
62100,14,2.8840132603,-0.4336556199,2.9401281955,-0.1631132600,scatter
62100,15,2.9401281955,-0.1631132600,4.7500000000,2.8374999459,exit_right
62200,1,0.0000000000,0.0000000000,1.6827952712,0.0000000000,scatter
62200,2,1.6827952712,0.0000000000,4.7500000000,-3.3690670008,exit_right
62300,1,0.0000000000,0.0000000000,1.1932127871,0.0000000000,absorb
62400,1,0.0000000000,0.0000000000,3.2092889290,0.0000000000,absorb
62500,1,0.0000000000,0.0000000000,4.2488653841,0.0000000000,scatter
62500,2,4.2488653841,0.0000000000,1.5635801427,4.4614747673,scatter
62500,3,1.5635801427,4.4614747673,2.5829584062,6.3520405308,scatter
62500,4,2.5829584062,6.3520405308,2.5727996917,6.3465861111,absorb
62600,1,0.0000000000,0.0000000000,0.2648335648,0.0000000000,absorb
62700,1,0.0000000000,0.0000000000,0.2242646496,0.0000000000,scatter
62700,2,0.2242646496,0.0000000000,0.9556175326,-1.1148468383,absorb
62800,1,0.0000000000,0.0000000000,0.2613920964,0.0000000000,scatter
62800,2,0.2613920964,0.0000000000,0.0000000000,-0.3923487641,exit_left
62900,1,0.0000000000,0.0000000000,0.6908002977,0.0000000000,scatter
62900,2,0.6908002977,0.0000000000,4.0403308660,1.9783427502,scatter
62900,3,4.0403308660,1.9783427502,0.4001691744,7.3756877207,absorb
63000,1,0.0000000000,0.0000000000,4.7500000000,0.0000000000,exit_right
63100,1,0.0000000000,0.0000000000,0.2904998108,0.0000000000,scatter
63100,2,0.2904998108,0.0000000000,4.7500000000,0.7301168097,exit_right
63200,1,0.0000000000,0.0000000000,1.6458982338,0.0000000000,scatter
63200,2,1.6458982338,0.0000000000,2.5597315591,1.8398258376,scatter
63200,3,2.5597315591,1.8398258376,1.5528624358,3.4014664139,scatter
63200,4,1.5528624358,3.4014664139,3.5594579876,3.9923438937,scatter
63200,5,3.5594579876,3.9923438937,2.8903174458,0.5948001188,absorb
63300,1,0.0000000000,0.0000000000,1.2327122283,0.0000000000,absorb
63400,1,0.0000000000,0.0000000000,2.5348710644,0.0000000000,scatter
63400,2,2.5348710644,0.0000000000,2.3055288892,-0.0707406264,scatter
63400,3,2.3055288892,-0.0707406264,3.2991344332,1.8169733303,absorb
63500,1,0.0000000000,0.0000000000,2.7212143885,0.0000000000,scatter
63500,2,2.7212143885,0.0000000000,0.0000000000,1.3408174430,exit_left
63600,1,0.0000000000,0.0000000000,0.3462026860,0.0000000000,scatter
63600,2,0.3462026860,0.0000000000,1.3961828384,0.9665593499,scatter
63600,3,1.3961828384,0.9665593499,0.0000000000,0.0174151754,exit_left
63700,1,0.0000000000,0.0000000000,2.3089101057,0.0000000000,absorb
63800,1,0.0000000000,0.0000000000,0.1435252675,0.0000000000,scatter
63800,2,0.1435252675,0.0000000000,0.0000000000,-0.3091814964,exit_left
63900,1,0.0000000000,0.0000000000,1.0185960128,0.0000000000,scatter
63900,2,1.0185960128,0.0000000000,1.0132792847,-0.2246887243,absorb
64000,1,0.0000000000,0.0000000000,0.8012061100,0.0000000000,scatter
64000,2,0.8012061100,0.0000000000,1.9416608455,0.9726290643,scatter
64000,3,1.9416608455,0.9726290643,2.1218962925,0.9630409142,absorb
64100,1,0.0000000000,0.0000000000,1.7246523157,0.0000000000,absorb
64200,1,0.0000000000,0.0000000000,4.7500000000,0.0000000000,exit_right
64300,1,0.0000000000,0.0000000000,1.9817906744,0.0000000000,scatter
64300,2,1.9817906744,0.0000000000,2.1710437538,0.4765537468,scatter
64300,3,2.1710437538,0.4765537468,0.9366113198,1.1240940153,scatter
64300,4,0.9366113198,1.1240940153,1.2614081309,1.0742338609,scatter
64300,5,1.2614081309,1.0742338609,2.5605133629,2.9241787517,scatter
64300,6,2.5605133629,2.9241787517,3.7739077295,2.2529424275,scatter
64300,7,3.7739077295,2.2529424275,0.4551043754,4.6144391290,scatter
64300,8,0.4551043754,4.6144391290,0.7923714009,5.3844417491,scatter
64300,9,0.7923714009,5.3844417491,0.5929042527,4.3622490269,scatter
64300,10,0.5929042527,4.3622490269,0.5433594790,4.3639481446,absorb
64400,1,0.0000000000,0.0000000000,3.7022485344,0.0000000000,scatter
64400,2,3.7022485344,0.0000000000,2.5226117520,-0.5591085249,scatter
64400,3,2.5226117520,-0.5591085249,3.1118112255,0.0149882301,absorb
64500,1,0.0000000000,0.0000000000,4.7500000000,0.0000000000,exit_right
64600,1,0.0000000000,0.0000000000,2.6941593906,0.0000000000,scatter
64600,2,2.6941593906,0.0000000000,4.1023119774,-0.1329406168,scatter
64600,3,4.1023119774,-0.1329406168,3.7481617419,-0.0686153006,scatter
64600,4,3.7481617419,-0.0686153006,3.5246821205,-3.8926295740,absorb
64700,1,0.0000000000,0.0000000000,0.4025003505,0.0000000000,scatter
64700,2,0.4025003505,0.0000000000,0.0000000000,-0.4818018495,exit_left
64800,1,0.0000000000,0.0000000000,0.5975524630,0.0000000000,scatter
64800,2,0.5975524630,0.0000000000,0.4373740171,-0.2595422713,scatter
64800,3,0.4373740171,-0.2595422713,0.3123064310,0.7049882216,scatter
64800,4,0.3123064310,0.7049882216,0.0771743010,2.1703558475,absorb
64900,1,0.0000000000,0.0000000000,4.7500000000,0.0000000000,exit_right
65000,1,0.0000000000,0.0000000000,2.2451343758,0.0000000000,scatter
65000,2,2.2451343758,0.0000000000,2.2546200172,-0.0103210940,scatter
65000,3,2.2546200172,-0.0103210940,3.2374078463,1.7019853362,scatter
65000,4,3.2374078463,1.7019853362,0.7039235160,3.3265758452,scatter
65000,5,0.7039235160,3.3265758452,0.8345241376,3.1424631281,scatter
65000,6,0.8345241376,3.1424631281,0.0000000000,2.2805558966,exit_left
65100,1,0.0000000000,0.0000000000,1.5361633744,0.0000000000,scatter
65100,2,1.5361633744,0.0000000000,1.8483233211,0.1600065522,scatter
65100,3,1.8483233211,0.1600065522,1.7739190277,0.0469767376,scatter
65100,4,1.7739190277,0.0469767376,2.0101403349,0.6865878714,scatter
65100,5,2.0101403349,0.6865878714,0.5972569873,1.6491068835,absorb
65200,1,0.0000000000,0.0000000000,0.1544873886,0.0000000000,scatter
65200,2,0.1544873886,0.0000000000,0.3444640186,0.0186055106,scatter
65200,3,0.3444640186,0.0186055106,0.0000000000,-2.1856844707,exit_left
65300,1,0.0000000000,0.0000000000,0.8351622483,0.0000000000,scatter
65300,2,0.8351622483,0.0000000000,1.2532320889,0.8773400129,scatter
65300,3,1.2532320889,0.8773400129,1.6537532372,1.7374449357,scatter
65300,4,1.6537532372,1.7374449357,1.5867071051,1.7603507858,scatter
65300,5,1.5867071051,1.7603507858,1.4782362561,1.7682731314,scatter
65300,6,1.4782362561,1.7682731314,2.2731742235,0.5485454339,scatter
65300,7,2.2731742235,0.5485454339,4.2211022068,-1.6751338758,scatter
65300,8,4.2211022068,-1.6751338758,4.6841517875,-5.4930377481,scatter
65300,9,4.6841517875,-5.4930377481,4.7500000000,-5.5940739019,exit_right
65400,1,0.0000000000,0.0000000000,4.7500000000,0.0000000000,exit_right
65500,1,0.0000000000,0.0000000000,0.2586267740,0.0000000000,scatter
65500,2,0.2586267740,0.0000000000,0.0000000000,0.1309101570,exit_left
65600,1,0.0000000000,0.0000000000,1.0630899115,0.0000000000,scatter
65600,2,1.0630899115,0.0000000000,0.0000000000,0.6731329770,exit_left
65700,1,0.0000000000,0.0000000000,1.2621572424,0.0000000000,scatter
65700,2,1.2621572424,0.0000000000,3.7748319143,4.3575506017,absorb
65800,1,0.0000000000,0.0000000000,4.7083209668,0.0000000000,absorb
65900,1,0.0000000000,0.0000000000,3.8650471153,0.0000000000,scatter
65900,2,3.8650471153,0.0000000000,4.4294457798,-0.5317135199,scatter
65900,3,4.4294457798,-0.5317135199,4.7500000000,0.0385458862,exit_right
66000,1,0.0000000000,0.0000000000,4.4742529880,0.0000000000,absorb
66100,1,0.0000000000,0.0000000000,0.7641165998,0.0000000000,scatter
66100,2,0.7641165998,0.0000000000,1.1943209441,-0.9769992440,scatter
66100,3,1.1943209441,-0.9769992440,4.7138331422,-1.0251886988,scatter
66100,4,4.7138331422,-1.0251886988,4.7500000000,-1.0255773265,exit_right
66200,1,0.0000000000,0.0000000000,3.3657988054,0.0000000000,scatter
66200,2,3.3657988054,0.0000000000,3.3916693501,0.0766095656,absorb
66300,1,0.0000000000,0.0000000000,4.7500000000,0.0000000000,exit_right
66400,1,0.0000000000,0.0000000000,1.1696003669,0.0000000000,scatter
66400,2,1.1696003669,0.0000000000,0.0000000000,-1.1797388453,exit_left
66500,1,0.0000000000,0.0000000000,1.3961459378,0.0000000000,scatter
66500,2,1.3961459378,0.0000000000,1.4491117488,-1.8932889681,scatter
66500,3,1.4491117488,-1.8932889681,0.0000000000,-1.5685872378,exit_left
66600,1,0.0000000000,0.0000000000,0.3382796953,0.0000000000,scatter
66600,2,0.3382796953,0.0000000000,0.0409073727,1.1532401396,scatter
66600,3,0.0409073727,1.1532401396,0.0000000000,1.1298223552,exit_left
66700,1,0.0000000000,0.0000000000,0.7089795598,0.0000000000,scatter
66700,2,0.7089795598,0.0000000000,3.0768357814,1.3528679017,absorb
66800,1,0.0000000000,0.0000000000,0.6488382780,0.0000000000,scatter
66800,2,0.6488382780,0.0000000000,2.7977446987,0.8208215657,absorb
66900,1,0.0000000000,0.0000000000,1.4068719659,0.0000000000,absorb
67000,1,0.0000000000,0.0000000000,0.0040631076,0.0000000000,scatter
67000,2,0.0040631076,0.0000000000,2.3345042058,-1.1723331396,scatter
67000,3,2.3345042058,-1.1723331396,2.9671055460,-1.4275495193,scatter
67000,4,2.9671055460,-1.4275495193,4.0491452980,1.1163364018,scatter
67000,5,4.0491452980,1.1163364018,4.7500000000,1.7184717374,exit_right
67100,1,0.0000000000,0.0000000000,0.3912609374,0.0000000000,scatter
67100,2,0.3912609374,0.0000000000,0.0000000000,-0.0932030478,exit_left
67200,1,0.0000000000,0.0000000000,0.9752252028,0.0000000000,scatter
67200,2,0.9752252028,0.0000000000,1.9715459810,1.1717025005,scatter
67200,3,1.9715459810,1.1717025005,1.1498266336,1.4847117984,scatter
67200,4,1.1498266336,1.4847117984,0.0000000000,-0.2738033599,exit_left
67300,1,0.0000000000,0.0000000000,0.3775630122,0.0000000000,absorb
67400,1,0.0000000000,0.0000000000,4.7500000000,0.0000000000,exit_right
67500,1,0.0000000000,0.0000000000,0.0045832549,0.0000000000,scatter
67500,2,0.0045832549,0.0000000000,0.2513941394,-0.0044372388,scatter
67500,3,0.2513941394,-0.0044372388,0.0000000000,-0.0390391009,exit_left
67600,1,0.0000000000,0.0000000000,0.8823319487,0.0000000000,scatter
67600,2,0.8823319487,0.0000000000,0.6447310378,-0.2104506303,scatter
67600,3,0.6447310378,-0.2104506303,0.7990099603,-0.7505199951,scatter
67600,4,0.7990099603,-0.7505199951,1.1400199093,-0.5348261822,scatter
67600,5,1.1400199093,-0.5348261822,0.9902366103,-1.2990530108,absorb
67700,1,0.0000000000,0.0000000000,0.6259778520,0.0000000000,scatter
67700,2,0.6259778520,0.0000000000,1.8220423876,2.6575567610,scatter
67700,3,1.8220423876,2.6575567610,4.7500000000,4.7504428325,exit_right
67800,1,0.0000000000,0.0000000000,0.2360855661,0.0000000000,scatter
67800,2,0.2360855661,0.0000000000,3.0968687921,0.8322168331,scatter
67800,3,3.0968687921,0.8322168331,3.8167782493,0.8747022643,absorb
67900,1,0.0000000000,0.0000000000,1.1156402335,0.0000000000,scatter
67900,2,1.1156402335,0.0000000000,0.3036433063,2.1024156450,scatter
67900,3,0.3036433063,2.1024156450,3.5212215711,5.4049724533,scatter
67900,4,3.5212215711,5.4049724533,3.2412149317,6.4879580991,scatter
67900,5,3.2412149317,6.4879580991,3.2066737637,6.3982916958,scatter
67900,6,3.2066737637,6.3982916958,2.8342500799,6.1950423985,scatter
67900,7,2.8342500799,6.1950423985,4.7500000000,6.6706871131,exit_right
68000,1,0.0000000000,0.0000000000,2.5472226961,0.0000000000,scatter
68000,2,2.5472226961,0.0000000000,2.3751672164,0.2481403400,scatter
68000,3,2.3751672164,0.2481403400,0.5879475456,1.4897353997,scatter
68000,4,0.5879475456,1.4897353997,1.6072590415,1.9304716666,absorb
68100,1,0.0000000000,0.0000000000,1.9788423747,0.0000000000,absorb
68200,1,0.0000000000,0.0000000000,1.5805425095,0.0000000000,scatter
68200,2,1.5805425095,0.0000000000,1.2411309210,-0.6928486514,absorb
68300,1,0.0000000000,0.0000000000,1.1455547341,0.0000000000,scatter
68300,2,1.1455547341,0.0000000000,1.7278372266,0.7542466820,scatter
68300,3,1.7278372266,0.7542466820,1.8730994927,0.7052924651,scatter
68300,4,1.8730994927,0.7052924651,4.7500000000,-0.3787031265,exit_right
68400,1,0.0000000000,0.0000000000,0.6579108171,0.0000000000,scatter
68400,2,0.6579108171,0.0000000000,2.9323083036,-3.9790246234,absorb
68500,1,0.0000000000,0.0000000000,2.0481349239,0.0000000000,scatter
68500,2,2.0481349239,0.0000000000,4.7500000000,4.0313578553,exit_right
68600,1,0.0000000000,0.0000000000,0.6003065831,0.0000000000,scatter
68600,2,0.6003065831,0.0000000000,2.0726605307,0.9817906542,scatter
68600,3,2.0726605307,0.9817906542,0.4018274074,1.1226021774,scatter
68600,4,0.4018274074,1.1226021774,0.6108445951,0.5555651602,scatter
68600,5,0.6108445951,0.5555651602,0.0000000000,0.6144853870,exit_left
68700,1,0.0000000000,0.0000000000,2.5284775819,0.0000000000,scatter
68700,2,2.5284775819,0.0000000000,3.9541004168,-0.0094844337,scatter
68700,3,3.9541004168,-0.0094844337,3.6912871945,-0.0344368561,scatter
68700,4,3.6912871945,-0.0344368561,1.6504749648,0.3403794162,scatter
68700,5,1.6504749648,0.3403794162,0.8894893031,1.4806964065,scatter
68700,6,0.8894893031,1.4806964065,2.2330123603,3.6773631467,scatter
68700,7,2.2330123603,3.6773631467,1.5175618581,0.8331160785,scatter
68700,8,1.5175618581,0.8331160785,1.7933400975,0.6290895215,scatter
68700,9,1.7933400975,0.6290895215,1.7509359846,0.6455959818,absorb
68800,1,0.0000000000,0.0000000000,4.5767227744,0.0000000000,absorb
68900,1,0.0000000000,0.0000000000,1.4362386987,0.0000000000,scatter
68900,2,1.4362386987,0.0000000000,2.3402091219,1.2059041592,scatter
68900,3,2.3402091219,1.2059041592,2.0428988177,1.4424638833,scatter
68900,4,2.0428988177,1.4424638833,3.9556160495,-0.0081629331,scatter
68900,5,3.9556160495,-0.0081629331,3.9528101547,-1.1744744123,absorb
69000,1,0.0000000000,0.0000000000,0.9277801857,0.0000000000,scatter
69000,2,0.9277801857,0.0000000000,0.9196138139,0.1823013402,scatter
69000,3,0.9196138139,0.1823013402,0.7625284872,0.4087894655,scatter
69000,4,0.7625284872,0.4087894655,0.0000000000,-0.3151409603,exit_left
69100,1,0.0000000000,0.0000000000,2.4410709707,0.0000000000,scatter
69100,2,2.4410709707,0.0000000000,2.3239617744,0.0607210458,scatter
69100,3,2.3239617744,0.0607210458,4.7500000000,0.6390093171,exit_right
69200,1,0.0000000000,0.0000000000,4.7500000000,0.0000000000,exit_right
69300,1,0.0000000000,0.0000000000,1.4561838636,0.0000000000,scatter
69300,2,1.4561838636,0.0000000000,1.6296753798,-0.4638457165,absorb
69400,1,0.0000000000,0.0000000000,0.8085892616,0.0000000000,scatter
69400,2,0.8085892616,0.0000000000,1.4915516483,-0.6534383938,absorb
69500,1,0.0000000000,0.0000000000,0.0083588900,0.0000000000,absorb
69600,1,0.0000000000,0.0000000000,0.6183565331,0.0000000000,scatter
69600,2,0.6183565331,0.0000000000,0.0000000000,0.4225920246,exit_left
69700,1,0.0000000000,0.0000000000,0.0464404560,0.0000000000,scatter
69700,2,0.0464404560,0.0000000000,0.0521413875,-0.6469618039,scatter
69700,3,0.0521413875,-0.6469618039,0.0000000000,-0.5688874559,exit_left
69800,1,0.0000000000,0.0000000000,0.7001927840,0.0000000000,scatter
69800,2,0.7001927840,0.0000000000,2.1973755794,1.5856012970,scatter
69800,3,2.1973755794,1.5856012970,0.7720258226,0.6227654122,absorb
69900,1,0.0000000000,0.0000000000,0.3164214402,0.0000000000,scatter
69900,2,0.3164214402,0.0000000000,0.3614868150,0.1830630666,absorb
70000,1,0.0000000000,0.0000000000,3.7268182322,0.0000000000,scatter
70000,2,3.7268182322,0.0000000000,3.4629962031,0.7336663734,absorb
70100,1,0.0000000000,0.0000000000,1.1763896190,0.0000000000,scatter
70100,2,1.1763896190,0.0000000000,1.0557269592,0.2204056403,scatter
70100,3,1.0557269592,0.2204056403,1.4476918774,0.4264987410,scatter
70100,4,1.4476918774,0.4264987410,0.0000000000,0.3177450532,exit_left
70200,1,0.0000000000,0.0000000000,2.8536062254,0.0000000000,scatter
70200,2,2.8536062254,0.0000000000,0.0000000000,-0.7280633534,exit_left
70300,1,0.0000000000,0.0000000000,2.3374557146,0.0000000000,scatter
70300,2,2.3374557146,0.0000000000,0.0779796977,1.8995178557,scatter
70300,3,0.0779796977,1.8995178557,2.3918934947,2.5969197128,scatter
70300,4,2.3918934947,2.5969197128,2.0235428844,2.1545735261,absorb
70400,1,0.0000000000,0.0000000000,0.4468513010,0.0000000000,scatter
70400,2,0.4468513010,0.0000000000,0.1575633243,1.2179612035,scatter
70400,3,0.1575633243,1.2179612035,0.0000000000,1.0773857553,exit_left
70500,1,0.0000000000,0.0000000000,2.7635954870,0.0000000000,scatter
70500,2,2.7635954870,0.0000000000,2.6402906004,-1.4859707482,scatter
70500,3,2.6402906004,-1.4859707482,2.4762048498,-1.1000613842,absorb
70600,1,0.0000000000,0.0000000000,0.5591642930,0.0000000000,absorb
70700,1,0.0000000000,0.0000000000,0.1186864578,0.0000000000,scatter
70700,2,0.1186864578,0.0000000000,3.9072071103,1.2642477210,absorb
70800,1,0.0000000000,0.0000000000,1.9824004502,0.0000000000,absorb
70900,1,0.0000000000,0.0000000000,4.7500000000,0.0000000000,exit_right
71000,1,0.0000000000,0.0000000000,1.7623976395,0.0000000000,scatter
71000,2,1.7623976395,0.0000000000,2.0639735682,-0.2246984342,scatter
71000,3,2.0639735682,-0.2246984342,2.4793574570,3.3004683960,scatter
71000,4,2.4793574570,3.3004683960,2.1822241441,3.8537735951,scatter
71000,5,2.1822241441,3.8537735951,0.8382383029,3.1603286669,scatter
71000,6,0.8382383029,3.1603286669,0.0295581178,3.9086000118,absorb
71100,1,0.0000000000,0.0000000000,1.2462605471,0.0000000000,scatter
71100,2,1.2462605471,0.0000000000,0.7471761623,1.5328363879,scatter
71100,3,0.7471761623,1.5328363879,0.0000000000,0.7408960190,exit_left
71200,1,0.0000000000,0.0000000000,1.5796700264,0.0000000000,scatter
71200,2,1.5796700264,0.0000000000,1.9291255148,-0.2029373760,scatter
71200,3,1.9291255148,-0.2029373760,3.2807999647,-1.8183190502,scatter
71200,4,3.2807999647,-1.8183190502,3.0667300881,-0.8214609075,scatter
71200,5,3.0667300881,-0.8214609075,3.1883704614,-0.5658917638,scatter
71200,6,3.1883704614,-0.5658917638,3.2356778179,-0.6848053105,scatter
71200,7,3.2356778179,-0.6848053105,1.8679489168,-1.4662743708,absorb
71300,1,0.0000000000,0.0000000000,0.9457057141,0.0000000000,absorb
71400,1,0.0000000000,0.0000000000,0.2222432422,0.0000000000,scatter
71400,2,0.2222432422,0.0000000000,0.0000000000,0.3511817114,exit_left
71500,1,0.0000000000,0.0000000000,0.3685196433,0.0000000000,scatter
71500,2,0.3685196433,0.0000000000,0.0000000000,0.2060374469,exit_left
71600,1,0.0000000000,0.0000000000,0.4250710192,0.0000000000,scatter
71600,2,0.4250710192,0.0000000000,0.0000000000,-0.2684496632,exit_left
71700,1,0.0000000000,0.0000000000,0.7201994920,0.0000000000,absorb
71800,1,0.0000000000,0.0000000000,1.9584302629,0.0000000000,scatter
71800,2,1.9584302629,0.0000000000,1.9520669482,-0.0087811952,scatter
71800,3,1.9520669482,-0.0087811952,0.5276057954,-0.2846142616,scatter
71800,4,0.5276057954,-0.2846142616,0.0000000000,0.4778800444,exit_left
71900,1,0.0000000000,0.0000000000,4.7500000000,0.0000000000,exit_right
72000,1,0.0000000000,0.0000000000,0.5229892051,0.0000000000,absorb
72100,1,0.0000000000,0.0000000000,4.7500000000,0.0000000000,exit_right
72200,1,0.0000000000,0.0000000000,0.9217061616,0.0000000000,scatter
72200,2,0.9217061616,0.0000000000,4.7500000000,1.8674324410,exit_right
72300,1,0.0000000000,0.0000000000,2.1377703800,0.0000000000,absorb
72400,1,0.0000000000,0.0000000000,1.2935105354,0.0000000000,scatter
72400,2,1.2935105354,0.0000000000,0.0000000000,0.4082898845,exit_left
72500,1,0.0000000000,0.0000000000,4.7500000000,0.0000000000,exit_right
72600,1,0.0000000000,0.0000000000,1.4898801376,0.0000000000,scatter
72600,2,1.4898801376,0.0000000000,1.4300977959,0.5452229298,scatter
72600,3,1.4300977959,0.5452229298,1.2480394086,0.3410671218,scatter
72600,4,1.2480394086,0.3410671218,0.0000000000,-0.4404693288,exit_left
72700,1,0.0000000000,0.0000000000,2.7704892265,0.0000000000,absorb
72800,1,0.0000000000,0.0000000000,0.7048580340,0.0000000000,scatter
72800,2,0.7048580340,0.0000000000,0.0000000000,0.3580662682,exit_left
72900,1,0.0000000000,0.0000000000,1.6712866722,0.0000000000,absorb
73000,1,0.0000000000,0.0000000000,2.6063223694,0.0000000000,absorb
73100,1,0.0000000000,0.0000000000,0.4960922497,0.0000000000,scatter
73100,2,0.4960922497,0.0000000000,0.2599076348,0.4837035368,scatter
73100,3,0.2599076348,0.4837035368,4.7500000000,-0.1346937063,exit_right
73200,1,0.0000000000,0.0000000000,4.7500000000,0.0000000000,exit_right
73300,1,0.0000000000,0.0000000000,1.2882279081,0.0000000000,absorb
73400,1,0.0000000000,0.0000000000,3.3897558720,0.0000000000,scatter
73400,2,3.3897558720,0.0000000000,3.5085402406,0.0862123263,scatter
73400,3,3.5085402406,0.0862123263,3.1052927114,-0.8461790607,scatter
73400,4,3.1052927114,-0.8461790607,0.0000000000,0.4997826546,exit_left
73500,1,0.0000000000,0.0000000000,3.5756693899,0.0000000000,scatter
73500,2,3.5756693899,0.0000000000,3.6065497423,2.3987042300,absorb
73600,1,0.0000000000,0.0000000000,1.4138775813,0.0000000000,scatter
73600,2,1.4138775813,0.0000000000,0.0000000000,-1.7241753002,exit_left
73700,1,0.0000000000,0.0000000000,2.0972166708,0.0000000000,scatter
73700,2,2.0972166708,0.0000000000,1.4441106700,2.2938831489,scatter
73700,3,1.4441106700,2.2938831489,2.5470087283,1.1368785740,scatter
73700,4,2.5470087283,1.1368785740,1.7881821117,2.3914739582,scatter
73700,5,1.7881821117,2.3914739582,0.0000000000,2.5758711636,exit_left
73800,1,0.0000000000,0.0000000000,0.0577775724,0.0000000000,scatter
73800,2,0.0577775724,0.0000000000,0.0000000000,0.0074371228,exit_left
73900,1,0.0000000000,0.0000000000,0.1557452630,0.0000000000,scatter
73900,2,0.1557452630,0.0000000000,0.0000000000,-0.2021460180,exit_left
74000,1,0.0000000000,0.0000000000,0.6793109077,0.0000000000,scatter
74000,2,0.6793109077,0.0000000000,4.7500000000,-2.8646891305,exit_right
74100,1,0.0000000000,0.0000000000,4.7500000000,0.0000000000,exit_right
74200,1,0.0000000000,0.0000000000,2.4629201503,0.0000000000,scatter
74200,2,2.4629201503,0.0000000000,1.7284046542,-0.5166577096,scatter
74200,3,1.7284046542,-0.5166577096,0.6122016324,-0.0107013999,scatter
74200,4,0.6122016324,-0.0107013999,1.2850249246,0.7251525431,scatter
74200,5,1.2850249246,0.7251525431,2.4762802436,0.4951412868,scatter
74200,6,2.4762802436,0.4951412868,2.0223406812,-2.2232202060,scatter
74200,7,2.0223406812,-2.2232202060,3.1670514211,-2.6798184086,absorb
74300,1,0.0000000000,0.0000000000,0.7544505464,0.0000000000,scatter
74300,2,0.7544505464,0.0000000000,2.3965856488,-1.2345667288,scatter
74300,3,2.3965856488,-1.2345667288,2.6994412519,-0.1804669906,scatter
74300,4,2.6994412519,-0.1804669906,3.2926986436,-0.4857910601,absorb
74400,1,0.0000000000,0.0000000000,1.8648977377,0.0000000000,scatter
74400,2,1.8648977377,0.0000000000,4.7500000000,-1.5702642273,exit_right
74500,1,0.0000000000,0.0000000000,0.3367525542,0.0000000000,absorb
74600,1,0.0000000000,0.0000000000,0.9865980529,0.0000000000,scatter
74600,2,0.9865980529,0.0000000000,4.5609030205,-1.6975310324,scatter
74600,3,4.5609030205,-1.6975310324,4.7500000000,-2.4578443170,exit_right
74700,1,0.0000000000,0.0000000000,0.1627828378,0.0000000000,scatter
74700,2,0.1627828378,0.0000000000,0.1650358364,-0.0465268535,scatter
74700,3,0.1650358364,-0.0465268535,0.0377544197,1.5324791015,scatter
74700,4,0.0377544197,1.5324791015,1.4317792146,2.6310803617,scatter
74700,5,1.4317792146,2.6310803617,0.9741085308,-0.1489125404,scatter
74700,6,0.9741085308,-0.1489125404,1.2220783571,-0.5231303383,scatter
74700,7,1.2220783571,-0.5231303383,1.1542307262,-0.5924113282,scatter
74700,8,1.1542307262,-0.5924113282,1.5910526987,-1.5572364884,scatter
74700,9,1.5910526987,-1.5572364884,1.7063558893,-2.1000347462,scatter
74700,10,1.7063558893,-2.1000347462,1.8545708558,-2.3794570996,scatter
74700,11,1.8545708558,-2.3794570996,4.7500000000,-3.0433989431,exit_right
74800,1,0.0000000000,0.0000000000,0.3823160761,0.0000000000,scatter
74800,2,0.3823160761,0.0000000000,0.0000000000,0.8579764768,exit_left
74900,1,0.0000000000,0.0000000000,4.7199066369,0.0000000000,scatter
74900,2,4.7199066369,0.0000000000,4.7500000000,-0.2791617971,exit_right
75000,1,0.0000000000,0.0000000000,0.3775019225,0.0000000000,scatter
75000,2,0.3775019225,0.0000000000,0.0000000000,0.7037989818,exit_left
75100,1,0.0000000000,0.0000000000,2.3560742524,0.0000000000,scatter
75100,2,2.3560742524,0.0000000000,1.3537796662,-3.8351785361,scatter
75100,3,1.3537796662,-3.8351785361,0.4472115393,-10.7971354703,scatter
75100,4,0.4472115393,-10.7971354703,3.8077310301,-10.1902810780,scatter
75100,5,3.8077310301,-10.1902810780,3.2871112237,-10.2746536595,scatter
75100,6,3.2871112237,-10.2746536595,3.2356222646,-10.2573113612,scatter
75100,7,3.2356222646,-10.2573113612,2.1471426681,-9.9204228266,scatter
75100,8,2.1471426681,-9.9204228266,2.8357965135,-10.7564450746,scatter
75100,9,2.8357965135,-10.7564450746,4.4057295757,-11.4521433162,absorb
75200,1,0.0000000000,0.0000000000,0.8681580090,0.0000000000,absorb
75300,1,0.0000000000,0.0000000000,4.7500000000,0.0000000000,exit_right
75400,1,0.0000000000,0.0000000000,4.3644219882,0.0000000000,scatter
75400,2,4.3644219882,0.0000000000,3.7595307466,1.1432793605,scatter
75400,3,3.7595307466,1.1432793605,4.4087578738,2.5262531829,scatter
75400,4,4.4087578738,2.5262531829,4.7094698495,2.8517135380,absorb
75500,1,0.0000000000,0.0000000000,3.0549893779,0.0000000000,scatter
75500,2,3.0549893779,0.0000000000,4.1947664634,-2.9978576575,scatter
75500,3,4.1947664634,-2.9978576575,4.7500000000,-3.3073787267,exit_right
75600,1,0.0000000000,0.0000000000,0.7479824700,0.0000000000,scatter
75600,2,0.7479824700,0.0000000000,0.8945635710,-0.0319826488,scatter
75600,3,0.8945635710,-0.0319826488,0.7623198888,1.0365117099,scatter
75600,4,0.7623198888,1.0365117099,0.8781854836,1.4827023256,absorb
75700,1,0.0000000000,0.0000000000,0.8343744180,0.0000000000,scatter
75700,2,0.8343744180,0.0000000000,0.0000000000,0.3863518546,exit_left
75800,1,0.0000000000,0.0000000000,2.2192829575,0.0000000000,absorb
75900,1,0.0000000000,0.0000000000,1.2947565043,0.0000000000,scatter
75900,2,1.2947565043,0.0000000000,1.0424481860,0.1722095350,absorb
76000,1,0.0000000000,0.0000000000,2.8303123873,0.0000000000,absorb
76100,1,0.0000000000,0.0000000000,4.5493423729,0.0000000000,scatter
76100,2,4.5493423729,0.0000000000,4.7500000000,-0.0638170571,exit_right
76200,1,0.0000000000,0.0000000000,0.1034007271,0.0000000000,scatter
76200,2,0.1034007271,0.0000000000,0.3866468399,0.1535656842,scatter
76200,3,0.3866468399,0.1535656842,1.0942386214,2.7830411745,scatter
76200,4,1.0942386214,2.7830411745,0.0000000000,3.2229642131,exit_left
76300,1,0.0000000000,0.0000000000,0.0716572641,0.0000000000,scatter
76300,2,0.0716572641,0.0000000000,0.0000000000,0.0238894745,exit_left
76400,1,0.0000000000,0.0000000000,0.4092234012,0.0000000000,scatter
76400,2,0.4092234012,0.0000000000,0.0000000000,0.6577645562,exit_left
76500,1,0.0000000000,0.0000000000,0.4877813658,0.0000000000,scatter
76500,2,0.4877813658,0.0000000000,1.1900509580,-0.6978668222,absorb
76600,1,0.0000000000,0.0000000000,0.5845236688,0.0000000000,scatter
76600,2,0.5845236688,0.0000000000,0.0000000000,-0.5057006831,exit_left
76700,1,0.0000000000,0.0000000000,1.1970028635,0.0000000000,scatter
76700,2,1.1970028635,0.0000000000,0.3772892795,-0.3917594608,scatter
76700,3,0.3772892795,-0.3917594608,0.0000000000,-0.3842852117,exit_left
76800,1,0.0000000000,0.0000000000,4.7500000000,0.0000000000,exit_right
76900,1,0.0000000000,0.0000000000,0.4708335428,0.0000000000,scatter
76900,2,0.4708335428,0.0000000000,1.1535830585,0.4806433585,scatter
76900,3,1.1535830585,0.4806433585,0.9420605452,0.6314867078,scatter
76900,4,0.9420605452,0.6314867078,1.1030278335,1.3800351878,scatter
76900,5,1.1030278335,1.3800351878,2.2727907096,2.4537158438,scatter
76900,6,2.2727907096,2.4537158438,2.0698538305,2.9897281861,absorb
77000,1,0.0000000000,0.0000000000,1.2340442944,0.0000000000,absorb
77100,1,0.0000000000,0.0000000000,2.6921627888,0.0000000000,absorb
77200,1,0.0000000000,0.0000000000,0.9719942847,0.0000000000,scatter
77200,2,0.9719942847,0.0000000000,0.0000000000,0.0965987681,exit_left
77300,1,0.0000000000,0.0000000000,0.9943103128,0.0000000000,absorb
77400,1,0.0000000000,0.0000000000,4.7500000000,0.0000000000,exit_right
77500,1,0.0000000000,0.0000000000,0.0426961526,0.0000000000,scatter
77500,2,0.0426961526,0.0000000000,3.6042483805,-0.1320341542,absorb
77600,1,0.0000000000,0.0000000000,1.4802244698,0.0000000000,absorb
77700,1,0.0000000000,0.0000000000,2.9107739400,0.0000000000,absorb
77800,1,0.0000000000,0.0000000000,1.1204440806,0.0000000000,absorb
77900,1,0.0000000000,0.0000000000,0.6197122754,0.0000000000,scatter
77900,2,0.6197122754,0.0000000000,0.4745670016,0.7501034570,scatter
77900,3,0.4745670016,0.7501034570,0.0507750073,0.4065740684,scatter
77900,4,0.0507750073,0.4065740684,3.3781215828,1.6653267684,scatter
77900,5,3.3781215828,1.6653267684,4.7319991371,1.0564544562,absorb
78000,1,0.0000000000,0.0000000000,3.0435318447,0.0000000000,absorb
78100,1,0.0000000000,0.0000000000,0.3415812359,0.0000000000,scatter
78100,2,0.3415812359,0.0000000000,0.0000000000,0.2467458405,exit_left
78200,1,0.0000000000,0.0000000000,0.3415780133,0.0000000000,scatter
78200,2,0.3415780133,0.0000000000,0.0000000000,-0.2631798622,exit_left
78300,1,0.0000000000,0.0000000000,0.9110092183,0.0000000000,absorb
78400,1,0.0000000000,0.0000000000,3.3597726113,0.0000000000,scatter
78400,2,3.3597726113,0.0000000000,0.0000000000,-2.4794923072,exit_left
78500,1,0.0000000000,0.0000000000,1.1078062661,0.0000000000,scatter
78500,2,1.1078062661,0.0000000000,1.3333334383,0.1829408243,scatter
78500,3,1.3333334383,0.1829408243,1.8094667691,0.7174636238,scatter
78500,4,1.8094667691,0.7174636238,0.1311492790,1.1292572692,absorb
78600,1,0.0000000000,0.0000000000,2.0775887185,0.0000000000,scatter
78600,2,2.0775887185,0.0000000000,2.5271446073,-1.5942547397,scatter
78600,3,2.5271446073,-1.5942547397,2.3911687747,-1.2239233742,scatter
78600,4,2.3911687747,-1.2239233742,2.0977018659,-0.5772357702,scatter
78600,5,2.0977018659,-0.5772357702,1.4972312939,-2.0118539542,scatter
78600,6,1.4972312939,-2.0118539542,1.4592419200,-1.6902983587,absorb
78700,1,0.0000000000,0.0000000000,2.2218171105,0.0000000000,scatter
78700,2,2.2218171105,0.0000000000,2.2926225729,0.0803279997,scatter
78700,3,2.2926225729,0.0803279997,1.8686672385,0.5633359770,scatter
78700,4,1.8686672385,0.5633359770,2.2358868029,0.1014100251,absorb
78800,1,0.0000000000,0.0000000000,0.5245175437,0.0000000000,absorb
78900,1,0.0000000000,0.0000000000,0.6512396074,0.0000000000,scatter
78900,2,0.6512396074,0.0000000000,1.0263415859,-0.0564043649,scatter
78900,3,1.0263415859,-0.0564043649,0.9470819484,0.0916067662,scatter
78900,4,0.9470819484,0.0916067662,0.0000000000,-1.3296547911,exit_left
79000,1,0.0000000000,0.0000000000,0.0613380482,0.0000000000,absorb
79100,1,0.0000000000,0.0000000000,2.1517957315,0.0000000000,scatter
79100,2,2.1517957315,0.0000000000,2.1774495723,0.0186975384,scatter
79100,3,2.1774495723,0.0186975384,4.7500000000,-0.2283821114,exit_right
79200,1,0.0000000000,0.0000000000,0.4879156358,0.0000000000,scatter
79200,2,0.4879156358,0.0000000000,0.0000000000,-0.4018988677,exit_left
79300,1,0.0000000000,0.0000000000,3.0264630560,0.0000000000,scatter
79300,2,3.0264630560,0.0000000000,3.1914505920,0.1122224244,absorb
79400,1,0.0000000000,0.0000000000,4.7500000000,0.0000000000,exit_right
79500,1,0.0000000000,0.0000000000,1.9744247104,0.0000000000,scatter
79500,2,1.9744247104,0.0000000000,2.0913971192,0.5075155806,scatter
79500,3,2.0913971192,0.5075155806,4.7500000000,-0.8390627544,exit_right
79600,1,0.0000000000,0.0000000000,2.7414735112,0.0000000000,scatter
79600,2,2.7414735112,0.0000000000,3.4318275200,-1.0569992795,absorb
79700,1,0.0000000000,0.0000000000,4.4574771141,0.0000000000,scatter
79700,2,4.4574771141,0.0000000000,4.4435115370,-0.0269683942,scatter
79700,3,4.4435115370,-0.0269683942,4.7500000000,-0.3287178031,exit_right
79800,1,0.0000000000,0.0000000000,1.8779251594,0.0000000000,scatter
79800,2,1.8779251594,0.0000000000,2.6485048971,-3.9268323537,scatter
79800,3,2.6485048971,-3.9268323537,2.4669483881,-3.8560078296,scatter
79800,4,2.4669483881,-3.8560078296,4.7500000000,-7.5076700034,exit_right
79900,1,0.0000000000,0.0000000000,0.8794651293,0.0000000000,scatter
79900,2,0.8794651293,0.0000000000,0.0772740184,-0.0223978785,scatter
79900,3,0.0772740184,-0.0223978785,0.0000000000,-0.0096504078,exit_left
80000,1,0.0000000000,0.0000000000,2.1907461934,0.0000000000,absorb
80100,1,0.0000000000,0.0000000000,1.0718316006,0.0000000000,scatter
80100,2,1.0718316006,0.0000000000,1.2022568758,1.9300223101,scatter
80100,3,1.2022568758,1.9300223101,0.9596889980,1.3853085390,scatter
80100,4,0.9596889980,1.3853085390,0.4180684042,1.7578003351,scatter
80100,5,0.4180684042,1.7578003351,0.8935874672,1.9933461143,scatter
80100,6,0.8935874672,1.9933461143,0.3505831703,1.5818490448,scatter
80100,7,0.3505831703,1.5818490448,4.7500000000,-0.3257999466,exit_right
80200,1,0.0000000000,0.0000000000,1.6516831142,0.0000000000,absorb
80300,1,0.0000000000,0.0000000000,1.7867127032,0.0000000000,scatter
80300,2,1.7867127032,0.0000000000,1.5184600056,0.7483457937,scatter
80300,3,1.5184600056,0.7483457937,1.9494172641,-0.5741362684,absorb
80400,1,0.0000000000,0.0000000000,2.4827534689,0.0000000000,scatter
80400,2,2.4827534689,0.0000000000,2.3483684956,-0.0527337392,scatter
80400,3,2.3483684956,-0.0527337392,4.7500000000,-1.6748384652,exit_right
80500,1,0.0000000000,0.0000000000,1.4048649111,0.0000000000,scatter
80500,2,1.4048649111,0.0000000000,1.5654975292,2.0244848760,scatter
80500,3,1.5654975292,2.0244848760,1.5021804845,2.3629490075,scatter
80500,4,1.5021804845,2.3629490075,2.7058064223,1.4213066281,absorb
80600,1,0.0000000000,0.0000000000,0.7195358062,0.0000000000,scatter
80600,2,0.7195358062,0.0000000000,2.2325746889,2.7643171826,absorb
80700,1,0.0000000000,0.0000000000,4.7500000000,0.0000000000,exit_right
80800,1,0.0000000000,0.0000000000,1.4039788148,0.0000000000,absorb
80900,1,0.0000000000,0.0000000000,4.7500000000,0.0000000000,exit_right
81000,1,0.0000000000,0.0000000000,0.4916334193,0.0000000000,scatter
81000,2,0.4916334193,0.0000000000,0.0000000000,-0.5659624157,exit_left
81100,1,0.0000000000,0.0000000000,0.1965375644,0.0000000000,scatter
81100,2,0.1965375644,0.0000000000,0.1744651047,0.0242954532,scatter
81100,3,0.1744651047,0.0242954532,0.0000000000,-0.0424595276,exit_left
81200,1,0.0000000000,0.0000000000,1.1906008308,0.0000000000,scatter
81200,2,1.1906008308,0.0000000000,2.8643289481,-1.8924167183,scatter
81200,3,2.8643289481,-1.8924167183,3.0117337633,-1.9652335225,scatter
81200,4,3.0117337633,-1.9652335225,2.8689251238,-1.8596518010,scatter
81200,5,2.8689251238,-1.8596518010,4.3630192797,-1.1782356896,scatter
81200,6,4.3630192797,-1.1782356896,4.7500000000,-1.6056288414,exit_right
81300,1,0.0000000000,0.0000000000,0.2809409631,0.0000000000,scatter
81300,2,0.2809409631,0.0000000000,1.3211651797,1.6206675830,absorb
81400,1,0.0000000000,0.0000000000,4.7500000000,0.0000000000,exit_right
81500,1,0.0000000000,0.0000000000,1.6412286729,0.0000000000,scatter
81500,2,1.6412286729,0.0000000000,4.7500000000,1.9591279128,exit_right
81600,1,0.0000000000,0.0000000000,3.1515599110,0.0000000000,scatter
81600,2,3.1515599110,0.0000000000,2.9461474237,-0.0860617990,scatter
81600,3,2.9461474237,-0.0860617990,4.0860596987,-0.1783663155,scatter
81600,4,4.0860596987,-0.1783663155,2.8935998926,0.4081207909,scatter
81600,5,2.8935998926,0.4081207909,4.6854044679,1.7696689054,scatter
81600,6,4.6854044679,1.7696689054,4.7500000000,1.7511200486,exit_right
81700,1,0.0000000000,0.0000000000,4.6600411976,0.0000000000,scatter
81700,2,4.6600411976,0.0000000000,4.5755901471,-0.0005207652,scatter
81700,3,4.5755901471,-0.0005207652,4.5616741452,1.3348606288,scatter
81700,4,4.5616741452,1.3348606288,4.7500000000,1.4494404442,exit_right
81800,1,0.0000000000,0.0000000000,0.0581389874,0.0000000000,absorb
81900,1,0.0000000000,0.0000000000,0.3429116122,0.0000000000,scatter
81900,2,0.3429116122,0.0000000000,0.0000000000,0.5923819407,exit_left
82000,1,0.0000000000,0.0000000000,1.6212662771,0.0000000000,absorb
82100,1,0.0000000000,0.0000000000,2.7461147342,0.0000000000,scatter
82100,2,2.7461147342,0.0000000000,2.0236086820,0.6813841918,absorb
82200,1,0.0000000000,0.0000000000,1.1300832946,0.0000000000,absorb
82300,1,0.0000000000,0.0000000000,0.5628167977,0.0000000000,scatter
82300,2,0.5628167977,0.0000000000,1.1360340985,0.3459383960,scatter
82300,3,1.1360340985,0.3459383960,0.1352262620,-3.5670733327,absorb
82400,1,0.0000000000,0.0000000000,0.4106936328,0.0000000000,absorb
82500,1,0.0000000000,0.0000000000,0.8604380610,0.0000000000,scatter
82500,2,0.8604380610,0.0000000000,2.8736186774,1.2861186404,scatter
82500,3,2.8736186774,1.2861186404,3.1492786674,0.9651630359,scatter
82500,4,3.1492786674,0.9651630359,4.3260843878,2.0545883426,absorb
82600,1,0.0000000000,0.0000000000,4.6218461684,0.0000000000,scatter
82600,2,4.6218461684,0.0000000000,3.8849802494,3.0738932861,absorb
82700,1,0.0000000000,0.0000000000,4.7500000000,0.0000000000,exit_right
82800,1,0.0000000000,0.0000000000,1.0178617552,0.0000000000,scatter
82800,2,1.0178617552,0.0000000000,0.0000000000,0.3240451858,exit_left
82900,1,0.0000000000,0.0000000000,0.0295785755,0.0000000000,scatter
82900,2,0.0295785755,0.0000000000,0.5054512297,-1.0044701028,scatter
82900,3,0.5054512297,-1.0044701028,3.9351375576,-4.4043274033,absorb
83000,1,0.0000000000,0.0000000000,4.7500000000,0.0000000000,exit_right
83100,1,0.0000000000,0.0000000000,0.1970171259,0.0000000000,absorb
83200,1,0.0000000000,0.0000000000,1.5856622782,0.0000000000,scatter
83200,2,1.5856622782,0.0000000000,1.2050169252,-0.3245586145,scatter
83200,3,1.2050169252,-0.3245586145,0.0000000000,-0.5715310886,exit_left
83300,1,0.0000000000,0.0000000000,2.8532916005,0.0000000000,scatter
83300,2,2.8532916005,0.0000000000,3.9797726405,-1.4644145331,absorb
83400,1,0.0000000000,0.0000000000,4.7500000000,0.0000000000,exit_right
83500,1,0.0000000000,0.0000000000,4.0921252174,0.0000000000,scatter
83500,2,4.0921252174,0.0000000000,4.1080838447,-0.0057814230,absorb
83600,1,0.0000000000,0.0000000000,0.4044429203,0.0000000000,absorb
83700,1,0.0000000000,0.0000000000,2.2943363943,0.0000000000,scatter
83700,2,2.2943363943,0.0000000000,2.6532681650,0.4972518594,scatter
83700,3,2.6532681650,0.4972518594,2.9397668736,-0.1070029896,absorb
83800,1,0.0000000000,0.0000000000,2.0522906805,0.0000000000,scatter
83800,2,2.0522906805,0.0000000000,1.9390769839,-0.3641737907,scatter
83800,3,1.9390769839,-0.3641737907,2.2351727704,-1.3739369875,scatter
83800,4,2.2351727704,-1.3739369875,2.6126861302,1.0657857523,scatter
83800,5,2.6126861302,1.0657857523,2.1213472198,5.0821767979,scatter
83800,6,2.1213472198,5.0821767979,2.0786474309,5.0240998535,scatter
83800,7,2.0786474309,5.0240998535,1.8402787649,5.0293939674,absorb
83900,1,0.0000000000,0.0000000000,4.5225122869,0.0000000000,scatter
83900,2,4.5225122869,0.0000000000,4.7500000000,-0.0800771101,exit_right
84000,1,0.0000000000,0.0000000000,4.7500000000,0.0000000000,exit_right
84100,1,0.0000000000,0.0000000000,0.2451843560,0.0000000000,scatter
84100,2,0.2451843560,0.0000000000,0.2454606104,0.0015075352,scatter
84100,3,0.2454606104,0.0015075352,0.9116447193,0.1516388827,scatter
84100,4,0.9116447193,0.1516388827,0.0000000000,0.3756296539,exit_left
84200,1,0.0000000000,0.0000000000,0.0987280505,0.0000000000,absorb
84300,1,0.0000000000,0.0000000000,2.5480779059,0.0000000000,scatter
84300,2,2.5480779059,0.0000000000,2.8377079848,0.2943714639,scatter
84300,3,2.8377079848,0.2943714639,2.7739138974,0.6733696413,scatter
84300,4,2.7739138974,0.6733696413,4.7500000000,-1.9964676189,exit_right
84400,1,0.0000000000,0.0000000000,4.0415215316,0.0000000000,scatter
84400,2,4.0415215316,0.0000000000,2.6566765526,0.2809154850,scatter
84400,3,2.6566765526,0.2809154850,2.7354452527,0.1135008847,scatter
84400,4,2.7354452527,0.1135008847,3.8819328113,1.0060952044,scatter
84400,5,3.8819328113,1.0060952044,2.2815607432,0.1455086211,absorb
84500,1,0.0000000000,0.0000000000,3.2221678971,0.0000000000,scatter
84500,2,3.2221678971,0.0000000000,0.1282296921,-2.2151777149,scatter
84500,3,0.1282296921,-2.2151777149,0.1693930576,-1.1364519435,scatter
84500,4,0.1693930576,-1.1364519435,1.7832986950,-5.3551333280,scatter
84500,5,1.7832986950,-5.3551333280,1.1263839102,-3.4588293167,absorb
84600,1,0.0000000000,0.0000000000,1.9842170192,0.0000000000,absorb
84700,1,0.0000000000,0.0000000000,2.5809900264,0.0000000000,scatter
84700,2,2.5809900264,0.0000000000,2.8719219694,-0.5421716067,scatter
84700,3,2.8719219694,-0.5421716067,2.4345401899,0.6251242531,scatter
84700,4,2.4345401899,0.6251242531,2.2472561741,0.8054106051,scatter
84700,5,2.2472561741,0.8054106051,2.0018599963,0.6892393016,absorb
84800,1,0.0000000000,0.0000000000,1.3691290197,0.0000000000,scatter
84800,2,1.3691290197,0.0000000000,4.7500000000,-1.1008223015,exit_right
84900,1,0.0000000000,0.0000000000,0.3967585002,0.0000000000,scatter
84900,2,0.3967585002,0.0000000000,0.0000000000,-0.6254361917,exit_left
85000,1,0.0000000000,0.0000000000,1.4981347194,0.0000000000,scatter
85000,2,1.4981347194,0.0000000000,1.6988419927,-2.4434510651,scatter
85000,3,1.6988419927,-2.4434510651,2.3805684821,-4.1748292682,scatter
85000,4,2.3805684821,-4.1748292682,3.0262002143,-4.5182168278,scatter
85000,5,3.0262002143,-4.5182168278,4.6675278921,-3.7920845920,scatter
85000,6,4.6675278921,-3.7920845920,2.6831072023,-4.1225914934,scatter
85000,7,2.6831072023,-4.1225914934,0.0000000000,-1.8088717415,exit_left
85100,1,0.0000000000,0.0000000000,3.3523938997,0.0000000000,scatter
85100,2,3.3523938997,0.0000000000,3.3932623633,0.0407483459,scatter
85100,3,3.3932623633,0.0407483459,2.7079524601,-0.4136071555,scatter
85100,4,2.7079524601,-0.4136071555,2.6121814539,-0.4103931689,scatter
85100,5,2.6121814539,-0.4103931689,2.6797694422,-0.1385569403,scatter
85100,6,2.6797694422,-0.1385569403,0.4091018357,1.3070800778,scatter
85100,7,0.4091018357,1.3070800778,0.0000000000,1.1357601992,exit_left
85200,1,0.0000000000,0.0000000000,2.7245943418,0.0000000000,scatter
85200,2,2.7245943418,0.0000000000,1.1630572513,0.3803505544,scatter
85200,3,1.1630572513,0.3803505544,1.3498949214,-0.4361600045,absorb
85300,1,0.0000000000,0.0000000000,2.0784499299,0.0000000000,scatter
85300,2,2.0784499299,0.0000000000,2.1025887985,-0.1813739531,scatter
85300,3,2.1025887985,-0.1813739531,2.8685510857,-0.4655880236,scatter
85300,4,2.8685510857,-0.4655880236,3.0275283220,-5.8729085614,scatter
85300,5,3.0275283220,-5.8729085614,2.6004900812,-7.6911120669,scatter
85300,6,2.6004900812,-7.6911120669,4.7500000000,-6.0414902791,exit_right
85400,1,0.0000000000,0.0000000000,0.6618980784,0.0000000000,absorb
85500,1,0.0000000000,0.0000000000,3.1551101706,0.0000000000,scatter
85500,2,3.1551101706,0.0000000000,3.9850890067,-0.5752805256,scatter
85500,3,3.9850890067,-0.5752805256,3.6761415812,0.0639131060,scatter
85500,4,3.6761415812,0.0639131060,4.7500000000,0.7936031324,exit_right
85600,1,0.0000000000,0.0000000000,1.6371594768,0.0000000000,scatter
85600,2,1.6371594768,0.0000000000,1.1949168185,0.1526995647,scatter
85600,3,1.1949168185,0.1526995647,1.3757194941,-3.6591096909,scatter
85600,4,1.3757194941,-3.6591096909,0.0000000000,-2.2680370844,exit_left
85700,1,0.0000000000,0.0000000000,0.6350137380,0.0000000000,absorb
85800,1,0.0000000000,0.0000000000,4.7500000000,0.0000000000,exit_right
85900,1,0.0000000000,0.0000000000,0.1404497760,0.0000000000,scatter
85900,2,0.1404497760,0.0000000000,0.4310154422,0.0390603064,scatter
85900,3,0.4310154422,0.0390603064,0.3251691342,-0.0900994976,scatter
85900,4,0.3251691342,-0.0900994976,2.7687959243,-0.2237254063,absorb
86000,1,0.0000000000,0.0000000000,2.2632741065,0.0000000000,scatter
86000,2,2.2632741065,0.0000000000,2.4715800460,-3.0795429845,scatter
86000,3,2.4715800460,-3.0795429845,0.0000000000,-6.5304993400,exit_left
86100,1,0.0000000000,0.0000000000,2.1285736339,0.0000000000,scatter
86100,2,2.1285736339,0.0000000000,0.0000000000,0.4468526948,exit_left
86200,1,0.0000000000,0.0000000000,2.7297403380,0.0000000000,scatter
86200,2,2.7297403380,0.0000000000,2.7231660006,-0.1461190018,scatter
86200,3,2.7231660006,-0.1461190018,4.3684692710,0.0175343545,absorb
86300,1,0.0000000000,0.0000000000,0.8288374615,0.0000000000,scatter
86300,2,0.8288374615,0.0000000000,1.4956743193,0.2581752843,scatter
86300,3,1.4956743193,0.2581752843,1.3823162754,-2.8917901591,absorb
86400,1,0.0000000000,0.0000000000,1.1642762388,0.0000000000,scatter
86400,2,1.1642762388,0.0000000000,0.0000000000,-0.5968004968,exit_left
86500,1,0.0000000000,0.0000000000,0.6188949026,0.0000000000,absorb
86600,1,0.0000000000,0.0000000000,0.1931735520,0.0000000000,scatter
86600,2,0.1931735520,0.0000000000,0.7221588018,-0.1703807567,scatter
86600,3,0.7221588018,-0.1703807567,0.0623231371,-0.4413891770,scatter
86600,4,0.0623231371,-0.4413891770,0.0000000000,-0.4271626681,exit_left
86700,1,0.0000000000,0.0000000000,3.9499354884,0.0000000000,scatter
86700,2,3.9499354884,0.0000000000,3.8849647069,-0.3107947875,scatter
86700,3,3.8849647069,-0.3107947875,4.7500000000,-1.0427529418,exit_right
86800,1,0.0000000000,0.0000000000,1.0885817826,0.0000000000,scatter
86800,2,1.0885817826,0.0000000000,0.7517150835,-0.0023975060,absorb
86900,1,0.0000000000,0.0000000000,0.3731593244,0.0000000000,scatter
86900,2,0.3731593244,0.0000000000,0.0000000000,-0.5189018161,exit_left
87000,1,0.0000000000,0.0000000000,4.7500000000,0.0000000000,exit_right
87100,1,0.0000000000,0.0000000000,4.7500000000,0.0000000000,exit_right
87200,1,0.0000000000,0.0000000000,0.5741079320,0.0000000000,scatter
87200,2,0.5741079320,0.0000000000,0.0000000000,-0.0213711511,exit_left
87300,1,0.0000000000,0.0000000000,1.2547153397,0.0000000000,scatter
87300,2,1.2547153397,0.0000000000,1.2521228790,0.0002533825,scatter
87300,3,1.2521228790,0.0002533825,1.6944539093,1.0508730408,absorb
87400,1,0.0000000000,0.0000000000,0.9555418303,0.0000000000,scatter
87400,2,0.9555418303,0.0000000000,0.7738593761,-0.5012604358,scatter
87400,3,0.7738593761,-0.5012604358,0.0000000000,-0.7278460371,exit_left
87500,1,0.0000000000,0.0000000000,0.5930523501,0.0000000000,scatter
87500,2,0.5930523501,0.0000000000,1.8584726755,0.9573670936,scatter
87500,3,1.8584726755,0.9573670936,4.7500000000,-1.4478988757,exit_right
87600,1,0.0000000000,0.0000000000,0.2263478720,0.0000000000,scatter
87600,2,0.2263478720,0.0000000000,0.0000000000,0.0369068375,exit_left
87700,1,0.0000000000,0.0000000000,1.0282393406,0.0000000000,absorb
87800,1,0.0000000000,0.0000000000,0.0791660657,0.0000000000,scatter
87800,2,0.0791660657,0.0000000000,1.7207300363,-0.7245802451,scatter
87800,3,1.7207300363,-0.7245802451,0.9879146692,-3.0551158571,absorb
87900,1,0.0000000000,0.0000000000,2.8902628086,0.0000000000,scatter
87900,2,2.8902628086,0.0000000000,3.0339723408,-0.0921025666,scatter
87900,3,3.0339723408,-0.0921025666,2.0720203996,-2.6052168830,absorb
88000,1,0.0000000000,0.0000000000,4.5316034205,0.0000000000,scatter
88000,2,4.5316034205,0.0000000000,4.7500000000,0.0602645701,exit_right
88100,1,0.0000000000,0.0000000000,1.2672317956,0.0000000000,scatter
88100,2,1.2672317956,0.0000000000,1.1641791990,-0.7953499138,scatter
88100,3,1.1641791990,-0.7953499138,3.6766050967,-1.9019733334,scatter
88100,4,3.6766050967,-1.9019733334,4.7500000000,-3.2832002085,exit_right
88200,1,0.0000000000,0.0000000000,4.7500000000,0.0000000000,exit_right
88300,1,0.0000000000,0.0000000000,0.7545114276,0.0000000000,absorb
88400,1,0.0000000000,0.0000000000,3.4044234547,0.0000000000,scatter
88400,2,3.4044234547,0.0000000000,3.1565872191,-0.1648227127,scatter
88400,3,3.1565872191,-0.1648227127,4.7500000000,-0.0602274070,exit_right
88500,1,0.0000000000,0.0000000000,1.8965816662,0.0000000000,scatter
88500,2,1.8965816662,0.0000000000,4.7500000000,1.5169353706,exit_right
88600,1,0.0000000000,0.0000000000,0.8336287754,0.0000000000,scatter
88600,2,0.8336287754,0.0000000000,0.0000000000,0.9551422849,exit_left
88700,1,0.0000000000,0.0000000000,2.8572690914,0.0000000000,scatter
88700,2,2.8572690914,0.0000000000,4.7500000000,0.5586552502,exit_right
88800,1,0.0000000000,0.0000000000,1.1807822198,0.0000000000,scatter
88800,2,1.1807822198,0.0000000000,0.0000000000,0.4001005591,exit_left
88900,1,0.0000000000,0.0000000000,4.7500000000,0.0000000000,exit_right
89000,1,0.0000000000,0.0000000000,0.4203638724,0.0000000000,scatter
89000,2,0.4203638724,0.0000000000,0.7115092113,-1.5952866397,scatter
89000,3,0.7115092113,-1.5952866397,1.6866947331,-1.2003047606,absorb
89100,1,0.0000000000,0.0000000000,1.2184807360,0.0000000000,scatter
89100,2,1.2184807360,0.0000000000,0.0000000000,1.2770151325,exit_left
89200,1,0.0000000000,0.0000000000,4.7500000000,0.0000000000,exit_right
89300,1,0.0000000000,0.0000000000,3.5255678034,0.0000000000,scatter
89300,2,3.5255678034,0.0000000000,2.2734152411,-1.2499806832,scatter
89300,3,2.2734152411,-1.2499806832,1.5155093163,-0.7293198369,absorb
89400,1,0.0000000000,0.0000000000,4.7500000000,0.0000000000,exit_right
89500,1,0.0000000000,0.0000000000,0.0956484860,0.0000000000,scatter
89500,2,0.0956484860,0.0000000000,0.6551407048,-0.7982624945,absorb
89600,1,0.0000000000,0.0000000000,1.3537806278,0.0000000000,scatter
89600,2,1.3537806278,0.0000000000,3.8351740768,0.4199281774,scatter
89600,3,3.8351740768,0.4199281774,1.8021364457,2.2594722488,scatter
89600,4,1.8021364457,2.2594722488,1.9612940305,1.8630921719,scatter
89600,5,1.9612940305,1.8630921719,3.5122705724,-1.4263302065,scatter
89600,6,3.5122705724,-1.4263302065,4.7500000000,-3.2672748398,exit_right
89700,1,0.0000000000,0.0000000000,3.7588126132,0.0000000000,absorb
89800,1,0.0000000000,0.0000000000,4.7500000000,0.0000000000,exit_right
89900,1,0.0000000000,0.0000000000,0.1250024538,0.0000000000,scatter
89900,2,0.1250024538,0.0000000000,0.2104900973,-0.9056047259,scatter
89900,3,0.2104900973,-0.9056047259,0.2615506318,-0.9041953907,scatter
89900,4,0.2615506318,-0.9041953907,0.2434922425,-1.4398970065,absorb
90000,1,0.0000000000,0.0000000000,0.5007264512,0.0000000000,scatter
90000,2,0.5007264512,0.0000000000,0.5053656805,0.0840851247,scatter
90000,3,0.5053656805,0.0840851247,4.5854445934,3.5554011821,scatter
90000,4,4.5854445934,3.5554011821,4.2926059141,2.1700575127,scatter
90000,5,4.2926059141,2.1700575127,4.5635533684,0.8497445146,scatter
90000,6,4.5635533684,0.8497445146,3.5642515540,1.2398162410,scatter
90000,7,3.5642515540,1.2398162410,4.7500000000,2.9860457569,exit_right
90100,1,0.0000000000,0.0000000000,2.9878387327,0.0000000000,scatter
90100,2,2.9878387327,0.0000000000,2.7699683332,0.0875855260,scatter
90100,3,2.7699683332,0.0875855260,4.7500000000,0.0015048927,exit_right
90200,1,0.0000000000,0.0000000000,0.8673218277,0.0000000000,scatter
90200,2,0.8673218277,0.0000000000,4.0202123768,2.5000136664,absorb
90300,1,0.0000000000,0.0000000000,3.3859923653,0.0000000000,absorb
90400,1,0.0000000000,0.0000000000,0.3891306481,0.0000000000,scatter
90400,2,0.3891306481,0.0000000000,0.0000000000,-0.2858509654,exit_left
90500,1,0.0000000000,0.0000000000,1.7649016288,0.0000000000,absorb
90600,1,0.0000000000,0.0000000000,2.4699702785,0.0000000000,scatter
90600,2,2.4699702785,0.0000000000,3.5667555421,0.8083203053,scatter
90600,3,3.5667555421,0.8083203053,3.7732885513,2.4608570173,scatter
90600,4,3.7732885513,2.4608570173,3.9779870909,2.4534346461,scatter
90600,5,3.9779870909,2.4534346461,3.4480851686,2.7556302277,scatter
90600,6,3.4480851686,2.7556302277,4.7500000000,3.0373589498,exit_right
90700,1,0.0000000000,0.0000000000,0.9548189624,0.0000000000,scatter
90700,2,0.9548189624,0.0000000000,0.8695897722,-1.0665965218,scatter
90700,3,0.8695897722,-1.0665965218,1.2462998651,-0.5880051446,scatter
90700,4,1.2462998651,-0.5880051446,0.5312272682,-3.1019360402,scatter
90700,5,0.5312272682,-3.1019360402,0.0000000000,-3.1255453570,exit_left
90800,1,0.0000000000,0.0000000000,2.3473928635,0.0000000000,scatter
90800,2,2.3473928635,0.0000000000,2.0632742084,0.5837940124,scatter
90800,3,2.0632742084,0.5837940124,2.7965045495,0.4628444608,scatter
90800,4,2.7965045495,0.4628444608,1.0621111705,-0.7843907140,absorb
90900,1,0.0000000000,0.0000000000,3.3069537036,0.0000000000,scatter
90900,2,3.3069537036,0.0000000000,1.6455684562,-1.5446763383,scatter
90900,3,1.6455684562,-1.5446763383,0.6792424567,-2.1367266284,scatter
90900,4,0.6792424567,-2.1367266284,0.6847181053,-2.0789888684,scatter
90900,5,0.6847181053,-2.0789888684,3.2573212067,-2.5529658817,scatter
90900,6,3.2573212067,-2.5529658817,4.7500000000,-7.9323396837,exit_right
91000,1,0.0000000000,0.0000000000,1.0799973213,0.0000000000,scatter
91000,2,1.0799973213,0.0000000000,1.7375377456,-0.1799426091,scatter
91000,3,1.7375377456,-0.1799426091,1.6734333549,-0.0372817086,scatter
91000,4,1.6734333549,-0.0372817086,0.0000000000,-1.1015331227,exit_left
91100,1,0.0000000000,0.0000000000,4.7500000000,0.0000000000,exit_right
91200,1,0.0000000000,0.0000000000,0.3857702054,0.0000000000,scatter
91200,2,0.3857702054,0.0000000000,0.0000000000,0.5095846614,exit_left
91300,1,0.0000000000,0.0000000000,1.5023952874,0.0000000000,scatter
91300,2,1.5023952874,0.0000000000,1.2375068183,-0.2340914760,absorb
91400,1,0.0000000000,0.0000000000,3.3938451220,0.0000000000,scatter
91400,2,3.3938451220,0.0000000000,3.0648096543,0.0958625431,scatter
91400,3,3.0648096543,0.0958625431,3.1302292850,2.3023538855,scatter
91400,4,3.1302292850,2.3023538855,3.3663157949,2.2018785739,scatter
91400,5,3.3663157949,2.2018785739,2.8851005671,1.7889509648,absorb
91500,1,0.0000000000,0.0000000000,3.1607231111,0.0000000000,scatter
91500,2,3.1607231111,0.0000000000,3.4380173601,-0.8791466852,absorb
91600,1,0.0000000000,0.0000000000,4.7500000000,0.0000000000,exit_right
91700,1,0.0000000000,0.0000000000,1.3481662592,0.0000000000,scatter
91700,2,1.3481662592,0.0000000000,0.9527996234,0.3500602026,absorb
91800,1,0.0000000000,0.0000000000,0.1865969187,0.0000000000,absorb
91900,1,0.0000000000,0.0000000000,0.6913445940,0.0000000000,scatter
91900,2,0.6913445940,0.0000000000,0.1491893629,-0.6303281164,scatter
91900,3,0.1491893629,-0.6303281164,0.7630691403,-1.8562030274,absorb
92000,1,0.0000000000,0.0000000000,0.8806967590,0.0000000000,absorb
92100,1,0.0000000000,0.0000000000,1.6725661835,0.0000000000,absorb
92200,1,0.0000000000,0.0000000000,0.4638300294,0.0000000000,absorb
92300,1,0.0000000000,0.0000000000,2.8538949550,0.0000000000,scatter
92300,2,2.8538949550,0.0000000000,3.2306777302,-0.1652936270,scatter
92300,3,3.2306777302,-0.1652936270,3.3929283479,-0.1419585538,scatter
92300,4,3.3929283479,-0.1419585538,4.7500000000,-1.3754476135,exit_right
92400,1,0.0000000000,0.0000000000,0.3615936508,0.0000000000,absorb
92500,1,0.0000000000,0.0000000000,0.2116929020,0.0000000000,scatter
92500,2,0.2116929020,0.0000000000,2.4568178234,0.0275303546,scatter
92500,3,2.4568178234,0.0275303546,2.9176808789,-1.6885360916,scatter
92500,4,2.9176808789,-1.6885360916,2.3415772542,-5.0915921300,scatter
92500,5,2.3415772542,-5.0915921300,0.5113089659,-4.6176042774,absorb
92600,1,0.0000000000,0.0000000000,0.4883896888,0.0000000000,scatter
92600,2,0.4883896888,0.0000000000,0.6360783630,0.0540011884,scatter
92600,3,0.6360783630,0.0540011884,4.7500000000,-0.0218726314,exit_right
92700,1,0.0000000000,0.0000000000,2.1910832126,0.0000000000,scatter
92700,2,2.1910832126,0.0000000000,3.2320614143,0.3643114344,scatter
92700,3,3.2320614143,0.3643114344,0.7753537567,3.1126150027,scatter
92700,4,0.7753537567,3.1126150027,3.3831818131,4.0090021610,scatter
92700,5,3.3831818131,4.0090021610,0.2617197915,2.4414841439,absorb
92800,1,0.0000000000,0.0000000000,2.3567178188,0.0000000000,scatter
92800,2,2.3567178188,0.0000000000,4.7500000000,-4.9969213913,exit_right
92900,1,0.0000000000,0.0000000000,2.3083806239,0.0000000000,scatter
92900,2,2.3083806239,0.0000000000,1.8764207317,-0.5138752977,scatter
92900,3,1.8764207317,-0.5138752977,2.8710540905,-0.2278814093,scatter
92900,4,2.8710540905,-0.2278814093,4.7268974413,-3.7774977501,scatter
92900,5,4.7268974413,-3.7774977501,4.4486500606,-3.7930175473,scatter
92900,6,4.4486500606,-3.7930175473,4.7500000000,-3.8546495306,exit_right
93000,1,0.0000000000,0.0000000000,1.3557078298,0.0000000000,scatter
93000,2,1.3557078298,0.0000000000,1.3196507192,-0.0310875706,scatter
93000,3,1.3196507192,-0.0310875706,1.2124945376,-0.1544603798,scatter
93000,4,1.2124945376,-0.1544603798,1.0087888990,-2.0922874845,scatter
93000,5,1.0087888990,-2.0922874845,0.0000000000,-2.2878280836,exit_left
93100,1,0.0000000000,0.0000000000,2.4685406746,0.0000000000,scatter
93100,2,2.4685406746,0.0000000000,2.3002219160,-0.1716496898,absorb
93200,1,0.0000000000,0.0000000000,4.7500000000,0.0000000000,exit_right
93300,1,0.0000000000,0.0000000000,1.1306886940,0.0000000000,scatter
93300,2,1.1306886940,0.0000000000,1.0343342929,0.0386059624,scatter
93300,3,1.0343342929,0.0386059624,0.8364122142,-0.0159410586,scatter
93300,4,0.8364122142,-0.0159410586,1.0867120247,-0.0095451040,scatter
93300,5,1.0867120247,-0.0095451040,1.0256808106,0.0735558436,scatter
93300,6,1.0256808106,0.0735558436,1.5519556031,0.3093531277,scatter
93300,7,1.5519556031,0.3093531277,2.2183738369,1.8072417239,scatter
93300,8,2.2183738369,1.8072417239,0.9426703232,-0.3870969091,absorb
93400,1,0.0000000000,0.0000000000,1.8185141420,0.0000000000,absorb
93500,1,0.0000000000,0.0000000000,1.4634183690,0.0000000000,scatter
93500,2,1.4634183690,0.0000000000,4.7500000000,-4.4005444656,exit_right
93600,1,0.0000000000,0.0000000000,1.2124374837,0.0000000000,scatter
93600,2,1.2124374837,0.0000000000,0.0000000000,-0.7867581667,exit_left
93700,1,0.0000000000,0.0000000000,0.9889047195,0.0000000000,scatter
93700,2,0.9889047195,0.0000000000,2.4606496022,-0.2169740634,scatter
93700,3,2.4606496022,-0.2169740634,2.5862254206,-0.4191580349,scatter
93700,4,2.5862254206,-0.4191580349,3.8694609221,-1.5790752683,scatter
93700,5,3.8694609221,-1.5790752683,2.7137909680,-2.4076919403,absorb
93800,1,0.0000000000,0.0000000000,4.0475868257,0.0000000000,scatter
93800,2,4.0475868257,0.0000000000,4.7500000000,-0.1532917642,exit_right
93900,1,0.0000000000,0.0000000000,1.4908121702,0.0000000000,scatter
93900,2,1.4908121702,0.0000000000,1.3074358457,0.8410915279,scatter
93900,3,1.3074358457,0.8410915279,1.4106958439,0.7084144482,scatter
93900,4,1.4106958439,0.7084144482,1.3694545004,0.6783283777,absorb
94000,1,0.0000000000,0.0000000000,3.7386032019,0.0000000000,scatter
94000,2,3.7386032019,0.0000000000,4.3260783241,-1.9058432254,scatter
94000,3,4.3260783241,-1.9058432254,4.7500000000,-1.1546004015,exit_right
94100,1,0.0000000000,0.0000000000,3.0652640651,0.0000000000,scatter
94100,2,3.0652640651,0.0000000000,3.7969783923,0.7182994394,absorb
94200,1,0.0000000000,0.0000000000,2.8453904593,0.0000000000,scatter
94200,2,2.8453904593,0.0000000000,2.3744698634,-2.4719271560,scatter
94200,3,2.3744698634,-2.4719271560,3.0780510088,-2.4276462152,scatter
94200,4,3.0780510088,-2.4276462152,2.8137558426,-2.2194807035,scatter
94200,5,2.8137558426,-2.2194807035,0.0000000000,-4.9117186895,exit_left
94300,1,0.0000000000,0.0000000000,0.0370281513,0.0000000000,absorb
94400,1,0.0000000000,0.0000000000,3.5404287826,0.0000000000,absorb
94500,1,0.0000000000,0.0000000000,0.9245301483,0.0000000000,scatter
94500,2,0.9245301483,0.0000000000,0.1196966267,1.3458497193,scatter
94500,3,0.1196966267,1.3458497193,0.0280092536,1.1571274099,scatter
94500,4,0.0280092536,1.1571274099,0.0000000000,1.5513672162,exit_left
94600,1,0.0000000000,0.0000000000,0.2074951582,0.0000000000,scatter
94600,2,0.2074951582,0.0000000000,0.1654656701,-0.1024914122,absorb
94700,1,0.0000000000,0.0000000000,4.7500000000,0.0000000000,exit_right
94800,1,0.0000000000,0.0000000000,1.6702626106,0.0000000000,absorb
94900,1,0.0000000000,0.0000000000,4.7307669626,0.0000000000,scatter
94900,2,4.7307669626,0.0000000000,4.7500000000,-0.0327431702,exit_right
95000,1,0.0000000000,0.0000000000,0.6690582927,0.0000000000,scatter
95000,2,0.6690582927,0.0000000000,1.8485642528,6.4448570468,scatter
95000,3,1.8485642528,6.4448570468,1.8598813330,6.4072517921,absorb
95100,1,0.0000000000,0.0000000000,1.6479148264,0.0000000000,scatter
95100,2,1.6479148264,0.0000000000,1.3926033044,0.0854099018,scatter
95100,3,1.3926033044,0.0854099018,1.4568796844,0.0523564166,scatter
95100,4,1.4568796844,0.0523564166,4.1939196901,0.5132427019,scatter
95100,5,4.1939196901,0.5132427019,4.2295118286,1.1133425226,scatter
95100,6,4.2295118286,1.1133425226,4.1787780446,1.1279174194,scatter
95100,7,4.1787780446,1.1279174194,2.9092286894,2.5208376521,absorb
95200,1,0.0000000000,0.0000000000,1.8007635277,0.0000000000,absorb
95300,1,0.0000000000,0.0000000000,2.0861543938,0.0000000000,scatter
95300,2,2.0861543938,0.0000000000,0.9258629113,0.2811675747,absorb
95400,1,0.0000000000,0.0000000000,1.0396567587,0.0000000000,scatter
95400,2,1.0396567587,0.0000000000,2.2985447295,-0.4784968780,scatter
95400,3,2.2985447295,-0.4784968780,1.9345807774,-1.1651787163,scatter
95400,4,1.9345807774,-1.1651787163,3.8839356926,-1.5203514238,scatter
95400,5,3.8839356926,-1.5203514238,1.5240160530,-3.4189633718,scatter
95400,6,1.5240160530,-3.4189633718,1.2975705716,-3.3182023221,scatter
95400,7,1.2975705716,-3.3182023221,1.2243133026,-3.3265559762,absorb
95500,1,0.0000000000,0.0000000000,2.1716911813,0.0000000000,scatter
95500,2,2.1716911813,0.0000000000,4.7500000000,0.2402950060,exit_right
95600,1,0.0000000000,0.0000000000,4.7500000000,0.0000000000,exit_right
95700,1,0.0000000000,0.0000000000,0.8521671018,0.0000000000,scatter
95700,2,0.8521671018,0.0000000000,0.9152825728,-0.0102343980,scatter
95700,3,0.9152825728,-0.0102343980,2.0466013422,0.1478136590,scatter
95700,4,2.0466013422,0.1478136590,2.4553787959,0.0479476561,scatter
95700,5,2.4553787959,0.0479476561,3.0086198953,-0.0213850156,scatter
95700,6,3.0086198953,-0.0213850156,3.8484467547,0.1348184468,scatter
95700,7,3.8484467547,0.1348184468,2.8091422018,-0.6192781777,scatter
95700,8,2.8091422018,-0.6192781777,2.5830154712,-1.6352869763,scatter
95700,9,2.5830154712,-1.6352869763,1.3073997761,-5.7653233249,absorb
95800,1,0.0000000000,0.0000000000,1.0106283980,0.0000000000,scatter
95800,2,1.0106283980,0.0000000000,1.9314600653,-0.3766232677,absorb
95900,1,0.0000000000,0.0000000000,0.3281834287,0.0000000000,scatter
95900,2,0.3281834287,0.0000000000,2.1508311915,0.0670766257,scatter
95900,3,2.1508311915,0.0670766257,2.5860464167,-2.1301031982,scatter
95900,4,2.5860464167,-2.1301031982,4.6721199077,-2.4827173141,absorb
96000,1,0.0000000000,0.0000000000,4.7500000000,0.0000000000,exit_right
96100,1,0.0000000000,0.0000000000,1.7031101089,0.0000000000,scatter
96100,2,1.7031101089,0.0000000000,2.2373453937,-1.7743886564,scatter
96100,3,2.2373453937,-1.7743886564,2.2035545599,-1.1419669928,scatter
96100,4,2.2035545599,-1.1419669928,4.7500000000,0.5379675862,exit_right
96200,1,0.0000000000,0.0000000000,1.7234709994,0.0000000000,scatter
96200,2,1.7234709994,0.0000000000,0.1585628804,0.6205582273,scatter
96200,3,0.1585628804,0.6205582273,1.7840744670,-2.7695264055,scatter
96200,4,1.7840744670,-2.7695264055,1.7023606616,-2.6189347816,scatter
96200,5,1.7023606616,-2.6189347816,1.6885905792,-2.4358152248,scatter
96200,6,1.6885905792,-2.4358152248,2.4629435550,-3.1374933037,scatter
96200,7,2.4629435550,-3.1374933037,3.5965417980,-1.1334007950,absorb
96300,1,0.0000000000,0.0000000000,0.7701898833,0.0000000000,scatter
96300,2,0.7701898833,0.0000000000,3.2340245814,-0.2194929888,scatter
96300,3,3.2340245814,-0.2194929888,4.7500000000,-0.4056597772,exit_right
96400,1,0.0000000000,0.0000000000,0.2954744446,0.0000000000,scatter
96400,2,0.2954744446,0.0000000000,1.2303645855,-0.1790119862,scatter
96400,3,1.2303645855,-0.1790119862,1.5596196890,-0.1267086647,absorb
96500,1,0.0000000000,0.0000000000,3.8155337846,0.0000000000,scatter
96500,2,3.8155337846,0.0000000000,2.8477876101,0.4642553376,scatter
96500,3,2.8477876101,0.4642553376,2.8409250914,0.4612642540,scatter
96500,4,2.8409250914,0.4612642540,2.4231720755,0.5672990609,absorb
96600,1,0.0000000000,0.0000000000,3.4730094475,0.0000000000,scatter
96600,2,3.4730094475,0.0000000000,3.3189268289,-1.0449242841,absorb
96700,1,0.0000000000,0.0000000000,4.7500000000,0.0000000000,exit_right
96800,1,0.0000000000,0.0000000000,1.8939090002,0.0000000000,scatter
96800,2,1.8939090002,0.0000000000,0.4730220120,1.4620868314,scatter
96800,3,0.4730220120,1.4620868314,0.4346698283,1.4297924225,scatter
96800,4,0.4346698283,1.4297924225,0.0000000000,0.7624846638,exit_left
96900,1,0.0000000000,0.0000000000,0.9858467055,0.0000000000,scatter
96900,2,0.9858467055,0.0000000000,0.0000000000,0.8206111773,exit_left
97000,1,0.0000000000,0.0000000000,0.0584241336,0.0000000000,absorb
97100,1,0.0000000000,0.0000000000,0.6548788371,0.0000000000,scatter
97100,2,0.6548788371,0.0000000000,0.1237188351,0.3088461842,absorb
97200,1,0.0000000000,0.0000000000,0.3002665249,0.0000000000,scatter
97200,2,0.3002665249,0.0000000000,0.0000000000,0.6047286665,exit_left
97300,1,0.0000000000,0.0000000000,2.0546466169,0.0000000000,scatter
97300,2,2.0546466169,0.0000000000,2.7744769911,2.2600139003,scatter
97300,3,2.7744769911,2.2600139003,2.0531747579,4.7289388780,scatter
97300,4,2.0531747579,4.7289388780,2.2203103696,4.0709616127,scatter
97300,5,2.2203103696,4.0709616127,3.8929943436,5.6340740277,scatter
97300,6,3.8929943436,5.6340740277,2.1109497871,0.1729573982,scatter
97300,7,2.1109497871,0.1729573982,2.1383513551,0.1027445334,scatter
97300,8,2.1383513551,0.1027445334,1.0474821982,0.4322035991,scatter
97300,9,1.0474821982,0.4322035991,0.4974335096,-1.4506100289,scatter
97300,10,0.4974335096,-1.4506100289,2.4544941769,-3.6784259560,absorb
97400,1,0.0000000000,0.0000000000,0.8004146168,0.0000000000,scatter
97400,2,0.8004146168,0.0000000000,0.8661746932,0.0766093935,scatter
97400,3,0.8661746932,0.0766093935,0.0000000000,0.2072388272,exit_left
97500,1,0.0000000000,0.0000000000,0.3026922103,0.0000000000,scatter
97500,2,0.3026922103,0.0000000000,0.5695252747,-0.9604208273,absorb
97600,1,0.0000000000,0.0000000000,3.7754719920,0.0000000000,absorb
97700,1,0.0000000000,0.0000000000,3.7282735889,0.0000000000,scatter
97700,2,3.7282735889,0.0000000000,4.7500000000,-0.7498106655,exit_right
97800,1,0.0000000000,0.0000000000,1.5625264649,0.0000000000,scatter
97800,2,1.5625264649,0.0000000000,1.3019764083,-0.6235834154,scatter
97800,3,1.3019764083,-0.6235834154,2.8243835330,-1.4760548194,scatter
97800,4,2.8243835330,-1.4760548194,2.1071939818,-1.2307762267,scatter
97800,5,2.1071939818,-1.2307762267,2.0956961868,-1.1011300651,absorb
97900,1,0.0000000000,0.0000000000,3.2334374955,0.0000000000,scatter
97900,2,3.2334374955,0.0000000000,4.7500000000,-0.0367099286,exit_right
98000,1,0.0000000000,0.0000000000,2.0106311633,0.0000000000,scatter
98000,2,2.0106311633,0.0000000000,1.9162048198,0.3075660736,scatter
98000,3,1.9162048198,0.3075660736,0.0882228406,1.7812179118,absorb
98100,1,0.0000000000,0.0000000000,0.7108193373,0.0000000000,scatter
98100,2,0.7108193373,0.0000000000,0.4409985602,-0.6506024410,scatter
98100,3,0.4409985602,-0.6506024410,0.6647118384,-2.4939059532,scatter
98100,4,0.6647118384,-2.4939059532,0.4987929132,-2.5356133279,scatter
98100,5,0.4987929132,-2.5356133279,2.7882697947,-0.5538042344,absorb
98200,1,0.0000000000,0.0000000000,1.7671862747,0.0000000000,scatter
98200,2,1.7671862747,0.0000000000,1.5190382209,-0.5355632003,scatter
98200,3,1.5190382209,-0.5355632003,0.3253218195,1.1344681601,scatter
98200,4,0.3253218195,1.1344681601,0.6075453386,0.3411520420,scatter
98200,5,0.6075453386,0.3411520420,0.0000000000,1.3893150350,exit_left
98300,1,0.0000000000,0.0000000000,0.8098018880,0.0000000000,scatter
98300,2,0.8098018880,0.0000000000,0.4252687816,1.3945857576,scatter
98300,3,0.4252687816,1.3945857576,0.0000000000,0.9930741796,exit_left
98400,1,0.0000000000,0.0000000000,1.3257081675,0.0000000000,scatter
98400,2,1.3257081675,0.0000000000,0.9862690051,-1.1190906470,scatter
98400,3,0.9862690051,-1.1190906470,0.0000000000,-0.6905080249,exit_left
98500,1,0.0000000000,0.0000000000,0.7768006283,0.0000000000,scatter
98500,2,0.7768006283,0.0000000000,3.5764810070,-2.4332885181,scatter
98500,3,3.5764810070,-2.4332885181,0.7404493756,-0.0197937540,scatter
98500,4,0.7404493756,-0.0197937540,0.3026194848,1.2305399877,absorb
98600,1,0.0000000000,0.0000000000,0.2049369702,0.0000000000,scatter
98600,2,0.2049369702,0.0000000000,0.0000000000,-0.3220777754,exit_left
98700,1,0.0000000000,0.0000000000,0.3102052475,0.0000000000,scatter
98700,2,0.3102052475,0.0000000000,0.0000000000,-0.0343257043,exit_left
98800,1,0.0000000000,0.0000000000,3.5668209105,0.0000000000,scatter
98800,2,3.5668209105,0.0000000000,4.1017181379,0.8756511942,scatter
98800,3,4.1017181379,0.8756511942,0.0000000000,2.3789368665,exit_left
98900,1,0.0000000000,0.0000000000,2.6620341326,0.0000000000,scatter
98900,2,2.6620341326,0.0000000000,2.7483728307,0.6925040419,scatter
98900,3,2.7483728307,0.6925040419,3.3899179729,0.7028214373,scatter
98900,4,3.3899179729,0.7028214373,3.5504992166,0.6480924431,scatter
98900,5,3.5504992166,0.6480924431,4.6244677088,0.6383284405,scatter
98900,6,4.6244677088,0.6383284405,3.9094122891,1.7241381838,scatter
98900,7,3.9094122891,1.7241381838,3.8079644932,1.9043789395,scatter
98900,8,3.8079644932,1.9043789395,3.3491286287,2.1436836545,scatter
98900,9,3.3491286287,2.1436836545,2.7109031550,2.9503943413,scatter
98900,10,2.7109031550,2.9503943413,0.0000000000,4.5037857289,exit_left
99000,1,0.0000000000,0.0000000000,0.9427608045,0.0000000000,scatter
99000,2,0.9427608045,0.0000000000,0.9638058728,0.2413862815,scatter
99000,3,0.9638058728,0.2413862815,1.5819508210,0.4640639816,absorb
99100,1,0.0000000000,0.0000000000,0.3416463645,0.0000000000,scatter
99100,2,0.3416463645,0.0000000000,0.0000000000,0.2101097828,exit_left
99200,1,0.0000000000,0.0000000000,1.4951768998,0.0000000000,scatter
99200,2,1.4951768998,0.0000000000,1.5126540106,1.1152718549,scatter
99200,3,1.5126540106,1.1152718549,0.5706480438,-2.0343096671,scatter
99200,4,0.5706480438,-2.0343096671,2.0383042912,0.4407725532,scatter
99200,5,2.0383042912,0.4407725532,4.7500000000,0.6243828543,exit_right
99300,1,0.0000000000,0.0000000000,0.3993798251,0.0000000000,scatter
99300,2,0.3993798251,0.0000000000,0.3204348867,0.7093408357,scatter
99300,3,0.3204348867,0.7093408357,0.1858594693,0.7614882342,scatter
99300,4,0.1858594693,0.7614882342,0.2646480353,0.6464043200,scatter
99300,5,0.2646480353,0.6464043200,0.0000000000,0.7408825927,exit_left
99400,1,0.0000000000,0.0000000000,0.2892429186,0.0000000000,scatter
99400,2,0.2892429186,0.0000000000,0.9026144950,2.7409055476,absorb
99500,1,0.0000000000,0.0000000000,1.2535314981,0.0000000000,scatter
99500,2,1.2535314981,0.0000000000,4.6623953891,-8.1062568185,scatter
99500,3,4.6623953891,-8.1062568185,3.6766895552,-8.6472392918,scatter
99500,4,3.6766895552,-8.6472392918,3.6142638202,-5.0725691408,scatter
99500,5,3.6142638202,-5.0725691408,4.7500000000,-6.4489940644,exit_right
99600,1,0.0000000000,0.0000000000,2.6254229045,0.0000000000,scatter
99600,2,2.6254229045,0.0000000000,2.7517218765,0.1113734132,absorb
99700,1,0.0000000000,0.0000000000,1.7917905542,0.0000000000,scatter
99700,2,1.7917905542,0.0000000000,4.7500000000,-3.7220980616,exit_right
99800,1,0.0000000000,0.0000000000,1.5711231121,0.0000000000,absorb
99900,1,0.0000000000,0.0000000000,2.5812103359,0.0000000000,scatter
99900,2,2.5812103359,0.0000000000,0.0000000000,1.9787284352,exit_left
100000,1,0.0000000000,0.0000000000,4.7500000000,0.0000000000,exit_right
