neutron_id,step,x_start,y_start,x_end,y_end,event
100,1,0.0000000000,0.0000000000,0.1589711377,0.0000000000,scatter
100,2,0.1589711377,0.0000000000,0.0000000000,0.1781946260,exit_left
200,1,0.0000000000,0.0000000000,0.4846915148,0.0000000000,scatter
200,2,0.4846915148,0.0000000000,1.5000000000,-2.1654669779,exit_right
300,1,0.0000000000,0.0000000000,0.8139671572,0.0000000000,scatter
300,2,0.8139671572,0.0000000000,0.0000000000,-0.1208867595,exit_left
400,1,0.0000000000,0.0000000000,1.1693252881,0.0000000000,scatter
400,2,1.1693252881,0.0000000000,0.0000000000,-0.5755743219,exit_left
500,1,0.0000000000,0.0000000000,1.5000000000,0.0000000000,exit_right
600,1,0.0000000000,0.0000000000,1.5000000000,0.0000000000,exit_right
700,1,0.0000000000,0.0000000000,0.3856362395,0.0000000000,scatter
700,2,0.3856362395,0.0000000000,0.6827377680,-2.1855912921,scatter
700,3,0.6827377680,-2.1855912921,0.6834540505,-2.3693838510,absorb
800,1,0.0000000000,0.0000000000,0.0119724289,0.0000000000,absorb
900,1,0.0000000000,0.0000000000,0.0169269320,0.0000000000,scatter
900,2,0.0169269320,0.0000000000,1.5000000000,-0.0406505030,exit_right
1000,1,0.0000000000,0.0000000000,1.5000000000,0.0000000000,exit_right
1100,1,0.0000000000,0.0000000000,0.0741645474,0.0000000000,scatter
1100,2,0.0741645474,0.0000000000,1.0052929698,-0.6068538284,scatter
1100,3,1.0052929698,-0.6068538284,0.0000000000,-1.8843346910,exit_left
1200,1,0.0000000000,0.0000000000,1.5000000000,0.0000000000,exit_right
1300,1,0.0000000000,0.0000000000,0.9680856251,0.0000000000,scatter
1300,2,0.9680856251,0.0000000000,0.5751728150,0.4277084302,scatter
1300,3,0.5751728150,0.4277084302,0.0000000000,-1.4572075867,exit_left
1400,1,0.0000000000,0.0000000000,1.5000000000,0.0000000000,exit_right
1500,1,0.0000000000,0.0000000000,0.7902051595,0.0000000000,scatter
1500,2,0.7902051595,0.0000000000,0.5563177331,-2.6816098228,scatter
1500,3,0.5563177331,-2.6816098228,1.5000000000,-3.3507309575,exit_right
1600,1,0.0000000000,0.0000000000,1.5000000000,0.0000000000,exit_right
1700,1,0.0000000000,0.0000000000,1.5000000000,0.0000000000,exit_right
1800,1,0.0000000000,0.0000000000,1.2670303832,0.0000000000,absorb
1900,1,0.0000000000,0.0000000000,0.7238178886,0.0000000000,absorb
2000,1,0.0000000000,0.0000000000,1.5000000000,0.0000000000,exit_right
2100,1,0.0000000000,0.0000000000,0.4260986675,0.0000000000,scatter
2100,2,0.4260986675,0.0000000000,0.3685847122,0.1243058901,scatter
2100,3,0.3685847122,0.1243058901,1.2301357964,1.3426449452,scatter
2100,4,1.2301357964,1.3426449452,1.5000000000,1.3967244661,exit_right
2200,1,0.0000000000,0.0000000000,0.9247685663,0.0000000000,scatter
2200,2,0.9247685663,0.0000000000,0.8675353779,0.2589104497,absorb
2300,1,0.0000000000,0.0000000000,1.5000000000,0.0000000000,exit_right
2400,1,0.0000000000,0.0000000000,0.3480496206,0.0000000000,scatter
2400,2,0.3480496206,0.0000000000,0.4585745368,0.0541978568,scatter
2400,3,0.4585745368,0.0541978568,0.0000000000,0.5679904605,exit_left
2500,1,0.0000000000,0.0000000000,0.1674095226,0.0000000000,scatter
2500,2,0.1674095226,0.0000000000,0.0630295231,0.2513709145,scatter
2500,3,0.0630295231,0.2513709145,1.5000000000,-0.0328716475,exit_right
2600,1,0.0000000000,0.0000000000,1.5000000000,0.0000000000,exit_right
2700,1,0.0000000000,0.0000000000,1.5000000000,0.0000000000,exit_right
2800,1,0.0000000000,0.0000000000,1.5000000000,0.0000000000,exit_right
2900,1,0.0000000000,0.0000000000,0.5215606476,0.0000000000,scatter
2900,2,0.5215606476,0.0000000000,0.0000000000,-0.2081239941,exit_left
3000,1,0.0000000000,0.0000000000,0.2424025002,0.0000000000,scatter
3000,2,0.2424025002,0.0000000000,0.1242685434,-2.3765548958,absorb
3100,1,0.0000000000,0.0000000000,0.6967367226,0.0000000000,scatter
3100,2,0.6967367226,0.0000000000,0.7423217756,0.0250597021,absorb
3200,1,0.0000000000,0.0000000000,0.8268197305,0.0000000000,scatter
3200,2,0.8268197305,0.0000000000,0.3422020077,-1.2248064782,scatter
3200,3,0.3422020077,-1.2248064782,0.0000000000,-1.5918999370,exit_left
3300,1,0.0000000000,0.0000000000,1.5000000000,0.0000000000,exit_right
3400,1,0.0000000000,0.0000000000,1.5000000000,0.0000000000,exit_right
3500,1,0.0000000000,0.0000000000,0.4743861573,0.0000000000,absorb
3600,1,0.0000000000,0.0000000000,1.5000000000,0.0000000000,exit_right
3700,1,0.0000000000,0.0000000000,1.5000000000,0.0000000000,exit_right
3800,1,0.0000000000,0.0000000000,0.4461285319,0.0000000000,scatter
3800,2,0.4461285319,0.0000000000,0.6803016595,-0.0295990352,scatter
3800,3,0.6803016595,-0.0295990352,0.7375240302,0.0573448633,scatter
3800,4,0.7375240302,0.0573448633,0.0000000000,-0.0237185386,exit_left
3900,1,0.0000000000,0.0000000000,1.5000000000,0.0000000000,exit_right
4000,1,0.0000000000,0.0000000000,1.5000000000,0.0000000000,exit_right
4100,1,0.0000000000,0.0000000000,1.0987757445,0.0000000000,scatter
4100,2,1.0987757445,0.0000000000,1.1049037985,0.0112496423,scatter
4100,3,1.1049037985,0.0112496423,1.5000000000,-0.0618425266,exit_right
4200,1,0.0000000000,0.0000000000,1.5000000000,0.0000000000,exit_right
4300,1,0.0000000000,0.0000000000,0.7502071687,0.0000000000,absorb
4400,1,0.0000000000,0.0000000000,1.5000000000,0.0000000000,exit_right
4500,1,0.0000000000,0.0000000000,0.0318489119,0.0000000000,absorb
4600,1,0.0000000000,0.0000000000,0.1000935698,0.0000000000,scatter
4600,2,0.1000935698,0.0000000000,0.0000000000,0.0402054641,exit_left
4700,1,0.0000000000,0.0000000000,0.8580251628,0.0000000000,scatter
4700,2,0.8580251628,0.0000000000,0.1307226271,-0.6560532717,scatter
4700,3,0.1307226271,-0.6560532717,1.5000000000,0.3760755135,exit_right
4800,1,0.0000000000,0.0000000000,1.5000000000,0.0000000000,exit_right
4900,1,0.0000000000,0.0000000000,0.5635984608,0.0000000000,absorb
5000,1,0.0000000000,0.0000000000,1.5000000000,0.0000000000,exit_right
5100,1,0.0000000000,0.0000000000,0.3220544205,0.0000000000,scatter
5100,2,0.3220544205,0.0000000000,0.0000000000,-0.0643582348,exit_left
5200,1,0.0000000000,0.0000000000,1.5000000000,0.0000000000,exit_right
5300,1,0.0000000000,0.0000000000,1.5000000000,0.0000000000,exit_right
5400,1,0.0000000000,0.0000000000,0.7542813959,0.0000000000,scatter
5400,2,0.7542813959,0.0000000000,0.7016787935,-0.2435524108,scatter
5400,3,0.7016787935,-0.2435524108,0.0287375057,0.3335611870,scatter
5400,4,0.0287375057,0.3335611870,0.0000000000,0.1502962700,exit_left
5500,1,0.0000000000,0.0000000000,1.5000000000,0.0000000000,exit_right
5600,1,0.0000000000,0.0000000000,1.5000000000,0.0000000000,exit_right
5700,1,0.0000000000,0.0000000000,1.1280337333,0.0000000000,scatter
5700,2,1.1280337333,0.0000000000,1.5000000000,0.1952030118,exit_right
5800,1,0.0000000000,0.0000000000,1.5000000000,0.0000000000,exit_right
5900,1,0.0000000000,0.0000000000,0.4826239219,0.0000000000,scatter
5900,2,0.4826239219,0.0000000000,1.5000000000,2.4037824789,exit_right
6000,1,0.0000000000,0.0000000000,1.5000000000,0.0000000000,exit_right
6100,1,0.0000000000,0.0000000000,0.0750817335,0.0000000000,scatter
6100,2,0.0750817335,0.0000000000,0.0000000000,-0.0370346029,exit_left
6200,1,0.0000000000,0.0000000000,0.2196435820,0.0000000000,scatter
6200,2,0.2196435820,0.0000000000,0.3588544630,0.3377263835,scatter
6200,3,0.3588544630,0.3377263835,0.1887423741,0.9970043439,scatter
6200,4,0.1887423741,0.9970043439,1.5000000000,-0.4055425927,exit_right
6300,1,0.0000000000,0.0000000000,0.3583360293,0.0000000000,absorb
6400,1,0.0000000000,0.0000000000,1.1498391315,0.0000000000,scatter
6400,2,1.1498391315,0.0000000000,0.9470562303,0.0810560696,scatter
6400,3,0.9470562303,0.0810560696,1.5000000000,-0.7921030624,exit_right
6500,1,0.0000000000,0.0000000000,1.3448905609,0.0000000000,scatter
6500,2,1.3448905609,0.0000000000,0.8480113092,1.2856335652,scatter
6500,3,0.8480113092,1.2856335652,0.0000000000,1.7914965747,exit_left
6600,1,0.0000000000,0.0000000000,1.5000000000,0.0000000000,exit_right
6700,1,0.0000000000,0.0000000000,1.5000000000,0.0000000000,exit_right
6800,1,0.0000000000,0.0000000000,0.6103788035,0.0000000000,scatter
6800,2,0.6103788035,0.0000000000,0.0000000000,-0.9825604390,exit_left
6900,1,0.0000000000,0.0000000000,0.4814663639,0.0000000000,absorb
7000,1,0.0000000000,0.0000000000,1.5000000000,0.0000000000,exit_right
7100,1,0.0000000000,0.0000000000,1.5000000000,0.0000000000,exit_right
7200,1,0.0000000000,0.0000000000,0.5459929762,0.0000000000,scatter
7200,2,0.5459929762,0.0000000000,0.0000000000,-0.5656283835,exit_left
7300,1,0.0000000000,0.0000000000,1.5000000000,0.0000000000,exit_right
7400,1,0.0000000000,0.0000000000,1.5000000000,0.0000000000,exit_right
7500,1,0.0000000000,0.0000000000,0.4321993546,0.0000000000,scatter
7500,2,0.4321993546,0.0000000000,0.4107949492,0.0014894757,scatter
7500,3,0.4107949492,0.0014894757,0.5894912251,0.0562461379,scatter
7500,4,0.5894912251,0.0562461379,0.6733268976,-0.0783596351,scatter
7500,5,0.6733268976,-0.0783596351,0.0000000000,-0.5833538744,exit_left
7600,1,0.0000000000,0.0000000000,1.5000000000,0.0000000000,exit_right
7700,1,0.0000000000,0.0000000000,0.2424318261,0.0000000000,scatter
7700,2,0.2424318261,0.0000000000,0.0000000000,0.2472734478,exit_left
7800,1,0.0000000000,0.0000000000,0.5129890185,0.0000000000,scatter
7800,2,0.5129890185,0.0000000000,0.7395802796,-0.2081594287,scatter
7800,3,0.7395802796,-0.2081594287,0.3004149678,-1.6792972637,absorb
7900,1,0.0000000000,0.0000000000,1.0890521593,0.0000000000,scatter
7900,2,1.0890521593,0.0000000000,1.3412731427,0.7301465055,scatter
7900,3,1.3412731427,0.7301465055,1.3819327267,0.7356878473,scatter
7900,4,1.3819327267,0.7356878473,0.6187074822,1.3080715987,scatter
7900,5,0.6187074822,1.3080715987,0.0000000000,1.3961581549,exit_left
8000,1,0.0000000000,0.0000000000,0.9241943044,0.0000000000,scatter
8000,2,0.9241943044,0.0000000000,0.8877724702,0.4461396940,absorb
8100,1,0.0000000000,0.0000000000,1.5000000000,0.0000000000,exit_right
8200,1,0.0000000000,0.0000000000,1.5000000000,0.0000000000,exit_right
8300,1,0.0000000000,0.0000000000,1.5000000000,0.0000000000,exit_right
8400,1,0.0000000000,0.0000000000,1.5000000000,0.0000000000,exit_right
8500,1,0.0000000000,0.0000000000,1.5000000000,0.0000000000,exit_right
8600,1,0.0000000000,0.0000000000,1.5000000000,0.0000000000,exit_right
8700,1,0.0000000000,0.0000000000,1.5000000000,0.0000000000,exit_right
8800,1,0.0000000000,0.0000000000,1.3289954938,0.0000000000,scatter
8800,2,1.3289954938,0.0000000000,0.0000000000,2.2136293877,exit_left
8900,1,0.0000000000,0.0000000000,1.5000000000,0.0000000000,exit_right
9000,1,0.0000000000,0.0000000000,1.5000000000,0.0000000000,exit_right
9100,1,0.0000000000,0.0000000000,0.9621053641,0.0000000000,scatter
9100,2,0.9621053641,0.0000000000,0.9331192301,-0.0694955316,scatter
9100,3,0.9331192301,-0.0694955316,0.5777741524,-0.2077539209,scatter
9100,4,0.5777741524,-0.2077539209,0.0000000000,0.1064691522,exit_left
9200,1,0.0000000000,0.0000000000,1.5000000000,0.0000000000,exit_right
9300,1,0.0000000000,0.0000000000,0.7100580629,0.0000000000,absorb
9400,1,0.0000000000,0.0000000000,0.3108175758,0.0000000000,absorb
9500,1,0.0000000000,0.0000000000,1.5000000000,0.0000000000,exit_right
9600,1,0.0000000000,0.0000000000,1.5000000000,0.0000000000,exit_right
9700,1,0.0000000000,0.0000000000,0.8005701395,0.0000000000,absorb
9800,1,0.0000000000,0.0000000000,0.2310252794,0.0000000000,scatter
9800,2,0.2310252794,0.0000000000,0.0000000000,-0.4297431802,exit_left
9900,1,0.0000000000,0.0000000000,1.2859767243,0.0000000000,scatter
9900,2,1.2859767243,0.0000000000,1.5000000000,0.5007948801,exit_right
10000,1,0.0000000000,0.0000000000,1.0286627741,0.0000000000,scatter
10000,2,1.0286627741,0.0000000000,1.0412255759,-0.0128031992,scatter
10000,3,1.0412255759,-0.0128031992,1.5000000000,-0.1618116830,exit_right
10100,1,0.0000000000,0.0000000000,0.3706879940,0.0000000000,scatter
10100,2,0.3706879940,0.0000000000,0.2335836565,0.0230849099,scatter
10100,3,0.2335836565,0.0230849099,0.0000000000,-0.3982772663,exit_left
10200,1,0.0000000000,0.0000000000,0.7927155655,0.0000000000,scatter
10200,2,0.7927155655,0.0000000000,1.5000000000,-2.1257721949,exit_right
10300,1,0.0000000000,0.0000000000,1.5000000000,0.0000000000,exit_right
10400,1,0.0000000000,0.0000000000,0.8950735935,0.0000000000,scatter
10400,2,0.8950735935,0.0000000000,1.0058599840,-0.8319763677,scatter
10400,3,1.0058599840,-0.8319763677,0.0942529903,-1.4990524584,scatter
10400,4,0.0942529903,-1.4990524584,0.6378088400,-0.3140351236,scatter
10400,5,0.6378088400,-0.3140351236,0.0000000000,0.3600676729,exit_left
10500,1,0.0000000000,0.0000000000,0.8689503422,0.0000000000,scatter
10500,2,0.8689503422,0.0000000000,0.4915953118,1.9121830298,absorb
10600,1,0.0000000000,0.0000000000,1.5000000000,0.0000000000,exit_right
10700,1,0.0000000000,0.0000000000,1.5000000000,0.0000000000,exit_right
10800,1,0.0000000000,0.0000000000,1.5000000000,0.0000000000,exit_right
10900,1,0.0000000000,0.0000000000,1.4888385091,0.0000000000,absorb
11000,1,0.0000000000,0.0000000000,1.5000000000,0.0000000000,exit_right
11100,1,0.0000000000,0.0000000000,1.5000000000,0.0000000000,exit_right
11200,1,0.0000000000,0.0000000000,1.5000000000,0.0000000000,exit_right
11300,1,0.0000000000,0.0000000000,1.3233969217,0.0000000000,scatter
11300,2,1.3233969217,0.0000000000,1.5000000000,-0.0939174168,exit_right
11400,1,0.0000000000,0.0000000000,1.5000000000,0.0000000000,exit_right
11500,1,0.0000000000,0.0000000000,0.2339470108,0.0000000000,absorb
11600,1,0.0000000000,0.0000000000,0.9678590450,0.0000000000,scatter
11600,2,0.9678590450,0.0000000000,0.7313025603,-0.0002916272,scatter
11600,3,0.7313025603,-0.0002916272,0.4835654602,-0.4662898096,scatter
11600,4,0.4835654602,-0.4662898096,0.5335076879,-1.7966380615,scatter
11600,5,0.5335076879,-1.7966380615,0.4547190127,-1.8230035988,scatter
11600,6,0.4547190127,-1.8230035988,1.5000000000,-3.1717692610,exit_right
11700,1,0.0000000000,0.0000000000,0.0705412151,0.0000000000,scatter
11700,2,0.0705412151,0.0000000000,0.0000000000,-0.0388643911,exit_left
11800,1,0.0000000000,0.0000000000,0.3706747184,0.0000000000,scatter
11800,2,0.3706747184,0.0000000000,0.5772443918,-0.1368945001,scatter
11800,3,0.5772443918,-0.1368945001,0.7550902129,0.3286532830,scatter
11800,4,0.7550902129,0.3286532830,0.6565491073,0.2456880463,scatter
11800,5,0.6565491073,0.2456880463,0.0000000000,0.5136849429,exit_left
11900,1,0.0000000000,0.0000000000,1.5000000000,0.0000000000,exit_right
12000,1,0.0000000000,0.0000000000,1.5000000000,0.0000000000,exit_right
12100,1,0.0000000000,0.0000000000,1.5000000000,0.0000000000,exit_right
12200,1,0.0000000000,0.0000000000,1.1364627435,0.0000000000,scatter
12200,2,1.1364627435,0.0000000000,0.0000000000,0.8527085808,exit_left
12300,1,0.0000000000,0.0000000000,1.5000000000,0.0000000000,exit_right
12400,1,0.0000000000,0.0000000000,1.5000000000,0.0000000000,exit_right
12500,1,0.0000000000,0.0000000000,1.3304156093,0.0000000000,scatter
12500,2,1.3304156093,0.0000000000,1.5000000000,-0.0710956335,exit_right
12600,1,0.0000000000,0.0000000000,0.4232535588,0.0000000000,scatter
12600,2,0.4232535588,0.0000000000,0.0000000000,-0.4213594185,exit_left
12700,1,0.0000000000,0.0000000000,1.5000000000,0.0000000000,exit_right
12800,1,0.0000000000,0.0000000000,1.5000000000,0.0000000000,exit_right
12900,1,0.0000000000,0.0000000000,0.3442867183,0.0000000000,scatter
12900,2,0.3442867183,0.0000000000,0.0000000000,0.3223744879,exit_left
13000,1,0.0000000000,0.0000000000,0.8895874204,0.0000000000,scatter
13000,2,0.8895874204,0.0000000000,0.0000000000,0.9059848316,exit_left
13100,1,0.0000000000,0.0000000000,1.5000000000,0.0000000000,exit_right
13200,1,0.0000000000,0.0000000000,0.1353949445,0.0000000000,scatter
13200,2,0.1353949445,0.0000000000,0.0000000000,0.0099574616,exit_left
13300,1,0.0000000000,0.0000000000,0.1039420818,0.0000000000,scatter
13300,2,0.1039420818,0.0000000000,1.5000000000,-0.0306693706,exit_right
13400,1,0.0000000000,0.0000000000,0.7612867449,0.0000000000,scatter
13400,2,0.7612867449,0.0000000000,0.4971320956,-0.1704501373,scatter
13400,3,0.4971320956,-0.1704501373,0.5657339112,-0.2491702017,scatter
13400,4,0.5657339112,-0.2491702017,0.3522718074,-0.4904168371,scatter
13400,5,0.3522718074,-0.4904168371,1.5000000000,-0.9929375434,exit_right
13500,1,0.0000000000,0.0000000000,0.6189383845,0.0000000000,absorb
13600,1,0.0000000000,0.0000000000,0.4822174704,0.0000000000,absorb
13700,1,0.0000000000,0.0000000000,1.5000000000,0.0000000000,exit_right
13800,1,0.0000000000,0.0000000000,0.0338174024,0.0000000000,scatter
13800,2,0.0338174024,0.0000000000,0.0789963283,-0.3253223056,scatter
13800,3,0.0789963283,-0.3253223056,0.7449348491,0.3182452632,absorb
13900,1,0.0000000000,0.0000000000,1.5000000000,0.0000000000,exit_right
14000,1,0.0000000000,0.0000000000,1.5000000000,0.0000000000,exit_right
14100,1,0.0000000000,0.0000000000,0.1652898933,0.0000000000,scatter
14100,2,0.1652898933,0.0000000000,0.8754137798,0.3495690237,scatter
14100,3,0.8754137798,0.3495690237,0.4951932299,0.4111791674,scatter
14100,4,0.4951932299,0.4111791674,0.0000000000,0.1296147693,exit_left
14200,1,0.0000000000,0.0000000000,0.1021797232,0.0000000000,scatter
14200,2,0.1021797232,0.0000000000,0.1191233707,-0.0046007996,absorb
14300,1,0.0000000000,0.0000000000,1.5000000000,0.0000000000,exit_right
14400,1,0.0000000000,0.0000000000,1.5000000000,0.0000000000,exit_right
14500,1,0.0000000000,0.0000000000,1.5000000000,0.0000000000,exit_right
14600,1,0.0000000000,0.0000000000,0.6664803965,0.0000000000,scatter
14600,2,0.6664803965,0.0000000000,0.0000000000,0.2558264316,exit_left
14700,1,0.0000000000,0.0000000000,1.5000000000,0.0000000000,exit_right
14800,1,0.0000000000,0.0000000000,0.4051322812,0.0000000000,scatter
14800,2,0.4051322812,0.0000000000,0.0000000000,-0.0448708686,exit_left
14900,1,0.0000000000,0.0000000000,0.3776750878,0.0000000000,scatter
14900,2,0.3776750878,0.0000000000,0.0000000000,1.5955230009,exit_left
15000,1,0.0000000000,0.0000000000,0.4191986820,0.0000000000,scatter
15000,2,0.4191986820,0.0000000000,0.3205286985,-0.0148077592,scatter
15000,3,0.3205286985,-0.0148077592,1.0508512314,1.0288820871,absorb
15100,1,0.0000000000,0.0000000000,1.5000000000,0.0000000000,exit_right
15200,1,0.0000000000,0.0000000000,1.5000000000,0.0000000000,exit_right
15300,1,0.0000000000,0.0000000000,0.3848782633,0.0000000000,absorb
15400,1,0.0000000000,0.0000000000,0.8876529511,0.0000000000,scatter
15400,2,0.8876529511,0.0000000000,0.0000000000,1.7277097741,exit_left
15500,1,0.0000000000,0.0000000000,0.4036346504,0.0000000000,scatter
15500,2,0.4036346504,0.0000000000,1.2491506413,0.8688525170,scatter
15500,3,1.2491506413,0.8688525170,0.0000000000,-0.5527130226,exit_left
15600,1,0.0000000000,0.0000000000,0.3893080682,0.0000000000,absorb
15700,1,0.0000000000,0.0000000000,0.5103075313,0.0000000000,scatter
15700,2,0.5103075313,0.0000000000,1.5000000000,-0.3280816874,exit_right
15800,1,0.0000000000,0.0000000000,1.4601723540,0.0000000000,scatter
15800,2,1.4601723540,0.0000000000,0.0000000000,2.1037262056,exit_left
15900,1,0.0000000000,0.0000000000,1.5000000000,0.0000000000,exit_right
16000,1,0.0000000000,0.0000000000,1.5000000000,0.0000000000,exit_right
16100,1,0.0000000000,0.0000000000,1.5000000000,0.0000000000,exit_right
16200,1,0.0000000000,0.0000000000,0.4904386954,0.0000000000,scatter
16200,2,0.4904386954,0.0000000000,1.5000000000,0.4003605726,exit_right
16300,1,0.0000000000,0.0000000000,0.5549793148,0.0000000000,scatter
16300,2,0.5549793148,0.0000000000,0.0000000000,0.1652132736,exit_left
16400,1,0.0000000000,0.0000000000,1.0763091103,0.0000000000,scatter
16400,2,1.0763091103,0.0000000000,0.8950897707,0.0557544122,scatter
16400,3,0.8950897707,0.0557544122,1.0420214329,-2.7106093367,scatter
16400,4,1.0420214329,-2.7106093367,0.8443840106,-5.0317722378,scatter
16400,5,0.8443840106,-5.0317722378,1.5000000000,-5.7550365909,exit_right
16500,1,0.0000000000,0.0000000000,1.5000000000,0.0000000000,exit_right
16600,1,0.0000000000,0.0000000000,0.4736452614,0.0000000000,scatter
16600,2,0.4736452614,0.0000000000,0.0000000000,0.3000678463,exit_left
16700,1,0.0000000000,0.0000000000,0.7523463624,0.0000000000,scatter
16700,2,0.7523463624,0.0000000000,0.0000000000,-0.4805920304,exit_left
16800,1,0.0000000000,0.0000000000,0.3767657151,0.0000000000,scatter
16800,2,0.3767657151,0.0000000000,1.5000000000,0.5626131853,exit_right
16900,1,0.0000000000,0.0000000000,0.9663410325,0.0000000000,scatter
16900,2,0.9663410325,0.0000000000,1.5000000000,0.5792047368,exit_right
17000,1,0.0000000000,0.0000000000,1.5000000000,0.0000000000,exit_right
17100,1,0.0000000000,0.0000000000,1.5000000000,0.0000000000,exit_right
17200,1,0.0000000000,0.0000000000,1.5000000000,0.0000000000,exit_right
17300,1,0.0000000000,0.0000000000,0.8967922543,0.0000000000,scatter
17300,2,0.8967922543,0.0000000000,0.0867016570,0.5923141290,scatter
17300,3,0.0867016570,0.5923141290,1.5000000000,0.6979228401,exit_right
17400,1,0.0000000000,0.0000000000,1.5000000000,0.0000000000,exit_right
17500,1,0.0000000000,0.0000000000,0.3333993256,0.0000000000,scatter
17500,2,0.3333993256,0.0000000000,0.0000000000,0.1954520287,exit_left
17600,1,0.0000000000,0.0000000000,1.5000000000,0.0000000000,exit_right
17700,1,0.0000000000,0.0000000000,1.5000000000,0.0000000000,exit_right
17800,1,0.0000000000,0.0000000000,1.5000000000,0.0000000000,exit_right
17900,1,0.0000000000,0.0000000000,1.3110502013,0.0000000000,scatter
17900,2,1.3110502013,0.0000000000,1.5000000000,0.1685646614,exit_right
18000,1,0.0000000000,0.0000000000,0.3068260186,0.0000000000,scatter
18000,2,0.3068260186,0.0000000000,1.5000000000,-2.2055097405,exit_right
18100,1,0.0000000000,0.0000000000,1.5000000000,0.0000000000,exit_right
18200,1,0.0000000000,0.0000000000,1.5000000000,0.0000000000,exit_right
18300,1,0.0000000000,0.0000000000,1.1811713837,0.0000000000,scatter
18300,2,1.1811713837,0.0000000000,1.1723607029,0.1209401034,absorb
18400,1,0.0000000000,0.0000000000,0.1704717135,0.0000000000,scatter
18400,2,0.1704717135,0.0000000000,0.0000000000,0.1972865098,exit_left
18500,1,0.0000000000,0.0000000000,0.5380405654,0.0000000000,scatter
18500,2,0.5380405654,0.0000000000,1.3788636164,-1.7487255474,scatter
18500,3,1.3788636164,-1.7487255474,1.5000000000,-1.5713194781,exit_right
18600,1,0.0000000000,0.0000000000,1.5000000000,0.0000000000,exit_right
18700,1,0.0000000000,0.0000000000,0.2167273646,0.0000000000,scatter
18700,2,0.2167273646,0.0000000000,0.0000000000,-0.0379617909,exit_left
18800,1,0.0000000000,0.0000000000,1.5000000000,0.0000000000,exit_right
18900,1,0.0000000000,0.0000000000,0.8789374156,0.0000000000,scatter
18900,2,0.8789374156,0.0000000000,0.1094635724,0.9127182550,absorb
19000,1,0.0000000000,0.0000000000,0.4968823097,0.0000000000,scatter
19000,2,0.4968823097,0.0000000000,0.0000000000,0.8618737863,exit_left
19100,1,0.0000000000,0.0000000000,1.5000000000,0.0000000000,exit_right
19200,1,0.0000000000,0.0000000000,0.0082161875,0.0000000000,scatter
19200,2,0.0082161875,0.0000000000,0.0000000000,-0.0066427305,exit_left
19300,1,0.0000000000,0.0000000000,1.5000000000,0.0000000000,exit_right
19400,1,0.0000000000,0.0000000000,0.4588174069,0.0000000000,scatter
19400,2,0.4588174069,0.0000000000,0.4559236160,-1.4036827602,absorb
19500,1,0.0000000000,0.0000000000,0.1907187116,0.0000000000,scatter
19500,2,0.1907187116,0.0000000000,1.5000000000,0.2376695862,exit_right
19600,1,0.0000000000,0.0000000000,1.5000000000,0.0000000000,exit_right
19700,1,0.0000000000,0.0000000000,1.4408674368,0.0000000000,absorb
19800,1,0.0000000000,0.0000000000,0.5627716537,0.0000000000,scatter
19800,2,0.5627716537,0.0000000000,0.3861284852,0.4624058927,scatter
19800,3,0.3861284852,0.4624058927,0.0437859269,1.5683103460,scatter
19800,4,0.0437859269,1.5683103460,0.0949453807,1.6310885895,absorb
19900,1,0.0000000000,0.0000000000,0.2191178025,0.0000000000,scatter
19900,2,0.2191178025,0.0000000000,0.0000000000,0.0776856346,exit_left
20000,1,0.0000000000,0.0000000000,0.4084947421,0.0000000000,absorb
20100,1,0.0000000000,0.0000000000,0.5443120610,0.0000000000,scatter
20100,2,0.5443120610,0.0000000000,0.7764252868,0.3419505622,scatter
20100,3,0.7764252868,0.3419505622,0.6981417434,0.3997982264,scatter
20100,4,0.6981417434,0.3997982264,0.0000000000,0.4287693652,exit_left
20200,1,0.0000000000,0.0000000000,0.3211290699,0.0000000000,absorb
20300,1,0.0000000000,0.0000000000,1.5000000000,0.0000000000,exit_right
20400,1,0.0000000000,0.0000000000,0.9932135977,0.0000000000,scatter
20400,2,0.9932135977,0.0000000000,1.5000000000,0.4136792154,exit_right
20500,1,0.0000000000,0.0000000000,1.5000000000,0.0000000000,exit_right
20600,1,0.0000000000,0.0000000000,1.5000000000,0.0000000000,exit_right
20700,1,0.0000000000,0.0000000000,1.5000000000,0.0000000000,exit_right
20800,1,0.0000000000,0.0000000000,0.4037535712,0.0000000000,scatter
20800,2,0.4037535712,0.0000000000,1.5000000000,-0.5049505965,exit_right
20900,1,0.0000000000,0.0000000000,1.0959829924,0.0000000000,scatter
20900,2,1.0959829924,0.0000000000,1.1925821888,1.5849799374,scatter
20900,3,1.1925821888,1.5849799374,1.4066111774,1.2623639400,scatter
20900,4,1.4066111774,1.2623639400,1.5000000000,1.6000931747,exit_right
21000,1,0.0000000000,0.0000000000,1.5000000000,0.0000000000,exit_right
21100,1,0.0000000000,0.0000000000,1.5000000000,0.0000000000,exit_right
21200,1,0.0000000000,0.0000000000,1.5000000000,0.0000000000,exit_right
21300,1,0.0000000000,0.0000000000,1.5000000000,0.0000000000,exit_right
21400,1,0.0000000000,0.0000000000,0.0891222802,0.0000000000,scatter
21400,2,0.0891222802,0.0000000000,0.0000000000,-0.5324594609,exit_left
21500,1,0.0000000000,0.0000000000,0.9837997993,0.0000000000,scatter
21500,2,0.9837997993,0.0000000000,1.5000000000,-0.1531852870,exit_right
21600,1,0.0000000000,0.0000000000,0.6779426141,0.0000000000,scatter
21600,2,0.6779426141,0.0000000000,0.8451002190,-0.5441955059,scatter
21600,3,0.8451002190,-0.5441955059,0.0000000000,0.6301641466,exit_left
21700,1,0.0000000000,0.0000000000,0.3178284977,0.0000000000,scatter
21700,2,0.3178284977,0.0000000000,0.5958399546,0.0098088962,scatter
21700,3,0.5958399546,0.0098088962,1.5000000000,-0.4155796437,exit_right
21800,1,0.0000000000,0.0000000000,0.8532368928,0.0000000000,scatter
21800,2,0.8532368928,0.0000000000,0.2288175891,1.1964812546,absorb
21900,1,0.0000000000,0.0000000000,0.2905483760,0.0000000000,absorb
22000,1,0.0000000000,0.0000000000,0.9244803102,0.0000000000,absorb
22100,1,0.0000000000,0.0000000000,1.5000000000,0.0000000000,exit_right
22200,1,0.0000000000,0.0000000000,1.5000000000,0.0000000000,exit_right
22300,1,0.0000000000,0.0000000000,1.5000000000,0.0000000000,exit_right
22400,1,0.0000000000,0.0000000000,1.5000000000,0.0000000000,exit_right
22500,1,0.0000000000,0.0000000000,1.5000000000,0.0000000000,exit_right
22600,1,0.0000000000,0.0000000000,1.5000000000,0.0000000000,exit_right
22700,1,0.0000000000,0.0000000000,1.5000000000,0.0000000000,exit_right
22800,1,0.0000000000,0.0000000000,0.2773745309,0.0000000000,scatter
22800,2,0.2773745309,0.0000000000,0.1536142418,-0.2139899848,scatter
22800,3,0.1536142418,-0.2139899848,0.5425280274,-1.1690427120,scatter
22800,4,0.5425280274,-1.1690427120,0.0000000000,-1.1990492956,exit_left
22900,1,0.0000000000,0.0000000000,1.5000000000,0.0000000000,exit_right
23000,1,0.0000000000,0.0000000000,0.8374520646,0.0000000000,scatter
23000,2,0.8374520646,0.0000000000,1.5000000000,2.7589089199,exit_right
23100,1,0.0000000000,0.0000000000,0.2236681770,0.0000000000,absorb
23200,1,0.0000000000,0.0000000000,0.6892979526,0.0000000000,scatter
23200,2,0.6892979526,0.0000000000,1.5000000000,-0.1554562480,exit_right
23300,1,0.0000000000,0.0000000000,1.5000000000,0.0000000000,exit_right
23400,1,0.0000000000,0.0000000000,0.1189062210,0.0000000000,scatter
23400,2,0.1189062210,0.0000000000,0.0000000000,-3.8964593234,exit_left
23500,1,0.0000000000,0.0000000000,0.1568641127,0.0000000000,scatter
23500,2,0.1568641127,0.0000000000,1.5000000000,-3.6574300616,exit_right
23600,1,0.0000000000,0.0000000000,1.1663293749,0.0000000000,scatter
23600,2,1.1663293749,0.0000000000,0.4315139711,-0.6531895424,absorb
23700,1,0.0000000000,0.0000000000,0.1147007339,0.0000000000,scatter
23700,2,0.1147007339,0.0000000000,0.0000000000,-0.0381803707,exit_left
23800,1,0.0000000000,0.0000000000,1.3228792324,0.0000000000,scatter
23800,2,1.3228792324,0.0000000000,1.5000000000,-0.2264687146,exit_right
23900,1,0.0000000000,0.0000000000,0.4655121738,0.0000000000,absorb
24000,1,0.0000000000,0.0000000000,0.1347684424,0.0000000000,scatter
24000,2,0.1347684424,0.0000000000,1.5000000000,0.3239598505,exit_right
24100,1,0.0000000000,0.0000000000,1.5000000000,0.0000000000,exit_right
24200,1,0.0000000000,0.0000000000,0.3734598196,0.0000000000,scatter
24200,2,0.3734598196,0.0000000000,0.0000000000,-0.0962425578,exit_left
24300,1,0.0000000000,0.0000000000,1.5000000000,0.0000000000,exit_right
24400,1,0.0000000000,0.0000000000,1.1302297211,0.0000000000,scatter
24400,2,1.1302297211,0.0000000000,1.5000000000,-1.5281961562,exit_right
24500,1,0.0000000000,0.0000000000,0.4915667114,0.0000000000,scatter
24500,2,0.4915667114,0.0000000000,1.4755834765,3.7626085306,scatter
24500,3,1.4755834765,3.7626085306,1.5000000000,3.7515980262,exit_right
24600,1,0.0000000000,0.0000000000,1.5000000000,0.0000000000,exit_right
24700,1,0.0000000000,0.0000000000,0.0985323026,0.0000000000,scatter
24700,2,0.0985323026,0.0000000000,0.0000000000,-0.1056569910,exit_left
24800,1,0.0000000000,0.0000000000,1.5000000000,0.0000000000,exit_right
24900,1,0.0000000000,0.0000000000,1.5000000000,0.0000000000,exit_right
25000,1,0.0000000000,0.0000000000,1.5000000000,0.0000000000,exit_right
25100,1,0.0000000000,0.0000000000,0.5599755832,0.0000000000,scatter
25100,2,0.5599755832,0.0000000000,0.9635216559,-0.7071931156,scatter
25100,3,0.9635216559,-0.7071931156,1.2525617388,-0.2131828889,scatter
25100,4,1.2525617388,-0.2131828889,1.5000000000,-0.3724590620,exit_right
25200,1,0.0000000000,0.0000000000,1.5000000000,0.0000000000,exit_right
25300,1,0.0000000000,0.0000000000,1.0955031345,0.0000000000,scatter
25300,2,1.0955031345,0.0000000000,1.5000000000,0.1860112159,exit_right
25400,1,0.0000000000,0.0000000000,0.5762549670,0.0000000000,scatter
25400,2,0.5762549670,0.0000000000,0.6329942825,1.7358468091,scatter
25400,3,0.6329942825,1.7358468091,1.5000000000,1.9941107313,exit_right
25500,1,0.0000000000,0.0000000000,1.5000000000,0.0000000000,exit_right
25600,1,0.0000000000,0.0000000000,0.5378297074,0.0000000000,absorb
25700,1,0.0000000000,0.0000000000,0.4500883533,0.0000000000,scatter
25700,2,0.4500883533,0.0000000000,1.3640178510,3.4454037385,scatter
25700,3,1.3640178510,3.4454037385,0.0000000000,4.3853371392,exit_left
25800,1,0.0000000000,0.0000000000,1.5000000000,0.0000000000,exit_right
25900,1,0.0000000000,0.0000000000,1.5000000000,0.0000000000,exit_right
26000,1,0.0000000000,0.0000000000,1.5000000000,0.0000000000,exit_right
26100,1,0.0000000000,0.0000000000,1.5000000000,0.0000000000,exit_right
26200,1,0.0000000000,0.0000000000,1.0430884325,0.0000000000,scatter
26200,2,1.0430884325,0.0000000000,0.9813710686,1.0516345193,scatter
26200,3,0.9813710686,1.0516345193,1.0421007163,0.9972307542,scatter
26200,4,1.0421007163,0.9972307542,1.5000000000,0.5787981464,exit_right
26300,1,0.0000000000,0.0000000000,0.8490614429,0.0000000000,scatter
26300,2,0.8490614429,0.0000000000,0.0000000000,-0.0169275769,exit_left
26400,1,0.0000000000,0.0000000000,0.6612878808,0.0000000000,absorb
26500,1,0.0000000000,0.0000000000,0.1211254567,0.0000000000,scatter
26500,2,0.1211254567,0.0000000000,0.0000000000,0.2460108374,exit_left
26600,1,0.0000000000,0.0000000000,0.3924824891,0.0000000000,scatter
26600,2,0.3924824891,0.0000000000,0.0000000000,-0.4407529001,exit_left
26700,1,0.0000000000,0.0000000000,1.5000000000,0.0000000000,exit_right
26800,1,0.0000000000,0.0000000000,1.5000000000,0.0000000000,exit_right
26900,1,0.0000000000,0.0000000000,1.5000000000,0.0000000000,exit_right
27000,1,0.0000000000,0.0000000000,0.2166691862,0.0000000000,scatter
27000,2,0.2166691862,0.0000000000,0.0000000000,0.0027071199,exit_left
27100,1,0.0000000000,0.0000000000,1.5000000000,0.0000000000,exit_right
27200,1,0.0000000000,0.0000000000,0.7498195643,0.0000000000,absorb
27300,1,0.0000000000,0.0000000000,1.5000000000,0.0000000000,exit_right
27400,1,0.0000000000,0.0000000000,0.4316633491,0.0000000000,scatter
27400,2,0.4316633491,0.0000000000,0.9529704474,7.5243580446,scatter
27400,3,0.9529704474,7.5243580446,1.4157426551,2.7295922896,scatter
27400,4,1.4157426551,2.7295922896,0.0000000000,3.0424942166,exit_left
27500,1,0.0000000000,0.0000000000,1.5000000000,0.0000000000,exit_right
27600,1,0.0000000000,0.0000000000,0.6424851712,0.0000000000,scatter
27600,2,0.6424851712,0.0000000000,1.5000000000,-0.1843956084,exit_right
27700,1,0.0000000000,0.0000000000,1.5000000000,0.0000000000,exit_right
27800,1,0.0000000000,0.0000000000,1.5000000000,0.0000000000,exit_right
27900,1,0.0000000000,0.0000000000,0.5778217220,0.0000000000,scatter
27900,2,0.5778217220,0.0000000000,0.5749130125,-0.3597647842,scatter
27900,3,0.5749130125,-0.3597647842,0.5142141676,0.4404676487,scatter
27900,4,0.5142141676,0.4404676487,0.9105209969,1.1925932746,scatter
27900,5,0.9105209969,1.1925932746,0.8187850556,1.2941132352,scatter
27900,6,0.8187850556,1.2941132352,1.0544083454,1.5341854688,scatter
27900,7,1.0544083454,1.5341854688,1.5000000000,2.6287311064,exit_right
28000,1,0.0000000000,0.0000000000,0.6949932648,0.0000000000,scatter
28000,2,0.6949932648,0.0000000000,0.6961731784,0.0005917457,absorb
28100,1,0.0000000000,0.0000000000,1.5000000000,0.0000000000,exit_right
28200,1,0.0000000000,0.0000000000,1.5000000000,0.0000000000,exit_right
28300,1,0.0000000000,0.0000000000,1.5000000000,0.0000000000,exit_right
28400,1,0.0000000000,0.0000000000,1.5000000000,0.0000000000,exit_right
28500,1,0.0000000000,0.0000000000,1.4215458413,0.0000000000,scatter
28500,2,1.4215458413,0.0000000000,0.4064637237,0.5704764626,scatter
28500,3,0.4064637237,0.5704764626,0.8047313902,0.6211646884,scatter
28500,4,0.8047313902,0.6211646884,0.0000000000,1.1392325944,exit_left
28600,1,0.0000000000,0.0000000000,1.5000000000,0.0000000000,exit_right
28700,1,0.0000000000,0.0000000000,1.5000000000,0.0000000000,exit_right
28800,1,0.0000000000,0.0000000000,0.0156739431,0.0000000000,absorb
28900,1,0.0000000000,0.0000000000,1.5000000000,0.0000000000,exit_right
29000,1,0.0000000000,0.0000000000,0.4504066676,0.0000000000,scatter
29000,2,0.4504066676,0.0000000000,0.4455004575,-0.0176622733,scatter
29000,3,0.4455004575,-0.0176622733,0.3518389582,-0.0129953166,absorb
29100,1,0.0000000000,0.0000000000,1.5000000000,0.0000000000,exit_right
29200,1,0.0000000000,0.0000000000,0.4249357137,0.0000000000,scatter
29200,2,0.4249357137,0.0000000000,0.0000000000,-0.7009341111,exit_left
29300,1,0.0000000000,0.0000000000,1.1227892776,0.0000000000,absorb
29400,1,0.0000000000,0.0000000000,1.5000000000,0.0000000000,exit_right
29500,1,0.0000000000,0.0000000000,1.3992504837,0.0000000000,absorb
29600,1,0.0000000000,0.0000000000,1.5000000000,0.0000000000,exit_right
29700,1,0.0000000000,0.0000000000,1.5000000000,0.0000000000,exit_right
29800,1,0.0000000000,0.0000000000,1.5000000000,0.0000000000,exit_right
29900,1,0.0000000000,0.0000000000,0.9849814966,0.0000000000,scatter
29900,2,0.9849814966,0.0000000000,1.5000000000,0.3665542145,exit_right
30000,1,0.0000000000,0.0000000000,0.6515165742,0.0000000000,scatter
30000,2,0.6515165742,0.0000000000,0.6197400683,0.1411547523,scatter
30000,3,0.6197400683,0.1411547523,0.2879404636,0.2761376905,scatter
30000,4,0.2879404636,0.2761376905,1.5000000000,0.5002546109,exit_right
30100,1,0.0000000000,0.0000000000,1.5000000000,0.0000000000,exit_right
30200,1,0.0000000000,0.0000000000,0.0512114977,0.0000000000,scatter
30200,2,0.0512114977,0.0000000000,0.0000000000,-0.0661992758,exit_left
30300,1,0.0000000000,0.0000000000,1.5000000000,0.0000000000,exit_right
30400,1,0.0000000000,0.0000000000,1.5000000000,0.0000000000,exit_right
30500,1,0.0000000000,0.0000000000,1.5000000000,0.0000000000,exit_right
30600,1,0.0000000000,0.0000000000,0.1876335236,0.0000000000,scatter
30600,2,0.1876335236,0.0000000000,0.0000000000,0.1739495499,exit_left
30700,1,0.0000000000,0.0000000000,1.5000000000,0.0000000000,exit_right
30800,1,0.0000000000,0.0000000000,1.5000000000,0.0000000000,exit_right
30900,1,0.0000000000,0.0000000000,1.5000000000,0.0000000000,exit_right
31000,1,0.0000000000,0.0000000000,0.2447723875,0.0000000000,scatter
31000,2,0.2447723875,0.0000000000,0.4772138601,-0.5148232001,scatter
31000,3,0.4772138601,-0.5148232001,1.5000000000,-0.2309690126,exit_right
31100,1,0.0000000000,0.0000000000,0.1392412007,0.0000000000,scatter
31100,2,0.1392412007,0.0000000000,0.0000000000,-0.0173818214,exit_left
31200,1,0.0000000000,0.0000000000,0.7655000771,0.0000000000,scatter
31200,2,0.7655000771,0.0000000000,0.9250004508,0.0235135122,scatter
31200,3,0.9250004508,0.0235135122,1.3449775573,1.9809084126,scatter
31200,4,1.3449775573,1.9809084126,1.5000000000,1.8198010535,exit_right
31300,1,0.0000000000,0.0000000000,1.5000000000,0.0000000000,exit_right
31400,1,0.0000000000,0.0000000000,0.6024047918,0.0000000000,scatter
31400,2,0.6024047918,0.0000000000,0.5782888346,-1.1199009640,scatter
31400,3,0.5782888346,-1.1199009640,0.6303228500,-1.3633435007,absorb
31500,1,0.0000000000,0.0000000000,0.4829384804,0.0000000000,scatter
31500,2,0.4829384804,0.0000000000,0.3720566511,-0.3195327526,scatter
31500,3,0.3720566511,-0.3195327526,0.0000000000,-0.6735938896,exit_left
31600,1,0.0000000000,0.0000000000,1.5000000000,0.0000000000,exit_right
31700,1,0.0000000000,0.0000000000,1.1847502500,0.0000000000,absorb
31800,1,0.0000000000,0.0000000000,0.7433917832,0.0000000000,scatter
31800,2,0.7433917832,0.0000000000,0.4192559081,-0.1531338881,scatter
31800,3,0.4192559081,-0.1531338881,0.3175208360,-0.6778710416,scatter
31800,4,0.3175208360,-0.6778710416,0.0000000000,2.4730487880,exit_left
31900,1,0.0000000000,0.0000000000,1.5000000000,0.0000000000,exit_right
32000,1,0.0000000000,0.0000000000,0.1892236312,0.0000000000,scatter
32000,2,0.1892236312,0.0000000000,0.1530468018,-0.0446247491,scatter
32000,3,0.1530468018,-0.0446247491,0.0000000000,0.0375919122,exit_left
32100,1,0.0000000000,0.0000000000,1.2847904650,0.0000000000,scatter
32100,2,1.2847904650,0.0000000000,0.0000000000,0.5982272550,exit_left
32200,1,0.0000000000,0.0000000000,0.7628875007,0.0000000000,scatter
32200,2,0.7628875007,0.0000000000,0.6303346760,4.0365442569,scatter
32200,3,0.6303346760,4.0365442569,1.1316084224,7.4862898971,scatter
32200,4,1.1316084224,7.4862898971,0.9899577567,8.4219342869,scatter
32200,5,0.9899577567,8.4219342869,0.4004439640,8.7278088136,absorb
32300,1,0.0000000000,0.0000000000,1.5000000000,0.0000000000,exit_right
32400,1,0.0000000000,0.0000000000,1.5000000000,0.0000000000,exit_right
32500,1,0.0000000000,0.0000000000,0.5342205716,0.0000000000,scatter
32500,2,0.5342205716,0.0000000000,0.4581523196,3.3838555424,scatter
32500,3,0.4581523196,3.3838555424,1.5000000000,3.6047677441,exit_right
32600,1,0.0000000000,0.0000000000,0.2540184050,0.0000000000,scatter
32600,2,0.2540184050,0.0000000000,0.6728367120,0.8925047336,scatter
32600,3,0.6728367120,0.8925047336,0.0000000000,0.5809225737,exit_left
32700,1,0.0000000000,0.0000000000,0.1807898340,0.0000000000,scatter
32700,2,0.1807898340,0.0000000000,0.0000000000,-0.0996210127,exit_left
32800,1,0.0000000000,0.0000000000,0.8971950367,0.0000000000,scatter
32800,2,0.8971950367,0.0000000000,1.2978821452,-0.7823223646,scatter
32800,3,1.2978821452,-0.7823223646,1.4078955796,-1.4243105872,scatter
32800,4,1.4078955796,-1.4243105872,0.0239624073,-0.3319833898,scatter
32800,5,0.0239624073,-0.3319833898,1.5000000000,0.0412330611,exit_right
32900,1,0.0000000000,0.0000000000,0.5639814429,0.0000000000,scatter
32900,2,0.5639814429,0.0000000000,0.9145095530,-0.1512550538,scatter
32900,3,0.9145095530,-0.1512550538,0.9308361552,1.3831384537,scatter
32900,4,0.9308361552,1.3831384537,0.5379812015,0.8116475065,scatter
32900,5,0.5379812015,0.8116475065,0.1997142685,0.7050473612,absorb
33000,1,0.0000000000,0.0000000000,1.5000000000,0.0000000000,exit_right
33100,1,0.0000000000,0.0000000000,0.4190584928,0.0000000000,scatter
33100,2,0.4190584928,0.0000000000,1.5000000000,0.3810830860,exit_right
33200,1,0.0000000000,0.0000000000,0.3080429603,0.0000000000,scatter
33200,2,0.3080429603,0.0000000000,0.0000000000,0.6391820252,exit_left
33300,1,0.0000000000,0.0000000000,1.5000000000,0.0000000000,exit_right
33400,1,0.0000000000,0.0000000000,1.5000000000,0.0000000000,exit_right
33500,1,0.0000000000,0.0000000000,1.5000000000,0.0000000000,exit_right
33600,1,0.0000000000,0.0000000000,0.6363404818,0.0000000000,scatter
33600,2,0.6363404818,0.0000000000,1.5000000000,0.3165359913,exit_right
33700,1,0.0000000000,0.0000000000,0.1273627330,0.0000000000,scatter
33700,2,0.1273627330,0.0000000000,0.0000000000,0.1013150352,exit_left
33800,1,0.0000000000,0.0000000000,1.5000000000,0.0000000000,exit_right
33900,1,0.0000000000,0.0000000000,0.5882386138,0.0000000000,scatter
33900,2,0.5882386138,0.0000000000,0.0000000000,-0.0785044599,exit_left
34000,1,0.0000000000,0.0000000000,0.2084831641,0.0000000000,scatter
34000,2,0.2084831641,0.0000000000,0.0000000000,0.9831894527,exit_left
34100,1,0.0000000000,0.0000000000,1.2875349131,0.0000000000,scatter
34100,2,1.2875349131,0.0000000000,1.5000000000,0.6777415657,exit_right
34200,1,0.0000000000,0.0000000000,0.0671178246,0.0000000000,scatter
34200,2,0.0671178246,0.0000000000,1.5000000000,0.1359204481,exit_right
34300,1,0.0000000000,0.0000000000,1.5000000000,0.0000000000,exit_right
34400,1,0.0000000000,0.0000000000,0.3581174778,0.0000000000,scatter
34400,2,0.3581174778,0.0000000000,0.1021213008,-3.9566392379,absorb
34500,1,0.0000000000,0.0000000000,1.5000000000,0.0000000000,exit_right
34600,1,0.0000000000,0.0000000000,0.8718889546,0.0000000000,scatter
34600,2,0.8718889546,0.0000000000,1.0523439470,-1.1180259396,scatter
34600,3,1.0523439470,-1.1180259396,0.5047891134,-0.9489445685,scatter
34600,4,0.5047891134,-0.9489445685,0.4348690583,-0.7587318236,scatter
34600,5,0.4348690583,-0.7587318236,0.3400449682,-0.8286055855,scatter
34600,6,0.3400449682,-0.8286055855,1.3883426466,-1.3539725649,scatter
34600,7,1.3883426466,-1.3539725649,0.5182727057,-1.6466785769,scatter
34600,8,0.5182727057,-1.6466785769,1.1760707464,-1.0126895371,scatter
34600,9,1.1760707464,-1.0126895371,1.1757537759,-0.8712809545,scatter
34600,10,1.1757537759,-0.8712809545,1.5000000000,-1.0647988600,exit_right
34700,1,0.0000000000,0.0000000000,1.5000000000,0.0000000000,exit_right
34800,1,0.0000000000,0.0000000000,1.5000000000,0.0000000000,exit_right
34900,1,0.0000000000,0.0000000000,0.0075677794,0.0000000000,scatter
34900,2,0.0075677794,0.0000000000,0.1017004227,0.0311305602,scatter
34900,3,0.1017004227,0.0311305602,0.4521515569,-0.8220454080,scatter
34900,4,0.4521515569,-0.8220454080,0.0808265720,-0.2959439137,absorb
35000,1,0.0000000000,0.0000000000,0.9145698464,0.0000000000,scatter
35000,2,0.9145698464,0.0000000000,1.5000000000,0.3602739363,exit_right
35100,1,0.0000000000,0.0000000000,1.5000000000,0.0000000000,exit_right
35200,1,0.0000000000,0.0000000000,0.3492114699,0.0000000000,absorb
35300,1,0.0000000000,0.0000000000,0.0153279200,0.0000000000,scatter
35300,2,0.0153279200,0.0000000000,0.0000000000,0.0194979642,exit_left
35400,1,0.0000000000,0.0000000000,0.5697491940,0.0000000000,absorb
35500,1,0.0000000000,0.0000000000,1.5000000000,0.0000000000,exit_right
35600,1,0.0000000000,0.0000000000,1.5000000000,0.0000000000,exit_right
35700,1,0.0000000000,0.0000000000,1.5000000000,0.0000000000,exit_right
35800,1,0.0000000000,0.0000000000,0.8589667521,0.0000000000,absorb
35900,1,0.0000000000,0.0000000000,0.4424861516,0.0000000000,scatter
35900,2,0.4424861516,0.0000000000,1.5000000000,2.0576513362,exit_right
36000,1,0.0000000000,0.0000000000,0.3135579873,0.0000000000,scatter
36000,2,0.3135579873,0.0000000000,1.5000000000,-0.7200171202,exit_right
36100,1,0.0000000000,0.0000000000,1.5000000000,0.0000000000,exit_right
36200,1,0.0000000000,0.0000000000,1.2412133163,0.0000000000,scatter
36200,2,1.2412133163,0.0000000000,0.9205481377,2.4037229670,scatter
36200,3,0.9205481377,2.4037229670,1.3531048247,-0.1373316443,scatter
36200,4,1.3531048247,-0.1373316443,0.8435086025,0.1415054045,scatter
36200,5,0.8435086025,0.1415054045,1.5000000000,-0.8367312706,exit_right
36300,1,0.0000000000,0.0000000000,0.3743452509,0.0000000000,absorb
36400,1,0.0000000000,0.0000000000,1.5000000000,0.0000000000,exit_right
36500,1,0.0000000000,0.0000000000,1.5000000000,0.0000000000,exit_right
36600,1,0.0000000000,0.0000000000,0.7423837792,0.0000000000,scatter
36600,2,0.7423837792,0.0000000000,1.5000000000,1.0594651700,exit_right
36700,1,0.0000000000,0.0000000000,0.6804443685,0.0000000000,absorb
36800,1,0.0000000000,0.0000000000,1.5000000000,0.0000000000,exit_right
36900,1,0.0000000000,0.0000000000,0.8414066539,0.0000000000,scatter
36900,2,0.8414066539,0.0000000000,1.5000000000,-0.1810289826,exit_right
37000,1,0.0000000000,0.0000000000,0.8201237528,0.0000000000,scatter
37000,2,0.8201237528,0.0000000000,0.6270364888,0.8402205974,scatter
37000,3,0.6270364888,0.8402205974,0.0000000000,1.2693920508,exit_left
37100,1,0.0000000000,0.0000000000,0.6518305808,0.0000000000,absorb
37200,1,0.0000000000,0.0000000000,1.5000000000,0.0000000000,exit_right
37300,1,0.0000000000,0.0000000000,0.5289879814,0.0000000000,scatter
37300,2,0.5289879814,0.0000000000,1.5000000000,-0.3412232678,exit_right
37400,1,0.0000000000,0.0000000000,0.1907262140,0.0000000000,scatter
37400,2,0.1907262140,0.0000000000,0.6698417311,-2.4617257166,scatter
37400,3,0.6698417311,-2.4617257166,1.5000000000,-4.1284941318,exit_right
37500,1,0.0000000000,0.0000000000,1.5000000000,0.0000000000,exit_right
37600,1,0.0000000000,0.0000000000,0.3177680451,0.0000000000,scatter
37600,2,0.3177680451,0.0000000000,0.0000000000,-0.0203315400,exit_left
37700,1,0.0000000000,0.0000000000,0.3832004328,0.0000000000,absorb
37800,1,0.0000000000,0.0000000000,0.8702458247,0.0000000000,scatter
37800,2,0.8702458247,0.0000000000,0.3611454951,-5.8211542646,absorb
37900,1,0.0000000000,0.0000000000,0.9637843157,0.0000000000,absorb
38000,1,0.0000000000,0.0000000000,1.5000000000,0.0000000000,exit_right
38100,1,0.0000000000,0.0000000000,1.5000000000,0.0000000000,exit_right
38200,1,0.0000000000,0.0000000000,1.5000000000,0.0000000000,exit_right
38300,1,0.0000000000,0.0000000000,1.0493368497,0.0000000000,scatter
38300,2,1.0493368497,0.0000000000,1.5000000000,1.6549551745,exit_right
38400,1,0.0000000000,0.0000000000,0.8774602009,0.0000000000,scatter
38400,2,0.8774602009,0.0000000000,0.0000000000,0.9339917231,exit_left
38500,1,0.0000000000,0.0000000000,1.5000000000,0.0000000000,exit_right
38600,1,0.0000000000,0.0000000000,0.6087998526,0.0000000000,scatter
38600,2,0.6087998526,0.0000000000,0.0000000000,0.0268713648,exit_left
38700,1,0.0000000000,0.0000000000,0.7829238593,0.0000000000,scatter
38700,2,0.7829238593,0.0000000000,0.0000000000,0.7115145078,exit_left
38800,1,0.0000000000,0.0000000000,1.5000000000,0.0000000000,exit_right
38900,1,0.0000000000,0.0000000000,0.3300261791,0.0000000000,scatter
38900,2,0.3300261791,0.0000000000,0.0000000000,0.8981385963,exit_left
39000,1,0.0000000000,0.0000000000,0.2043273609,0.0000000000,absorb
39100,1,0.0000000000,0.0000000000,0.1515522758,0.0000000000,scatter
39100,2,0.1515522758,0.0000000000,0.0000000000,-0.0171051318,exit_left
39200,1,0.0000000000,0.0000000000,1.5000000000,0.0000000000,exit_right
39300,1,0.0000000000,0.0000000000,0.4119848046,0.0000000000,absorb
39400,1,0.0000000000,0.0000000000,1.0604083131,0.0000000000,scatter
39400,2,1.0604083131,0.0000000000,1.5000000000,-0.3199852668,exit_right
39500,1,0.0000000000,0.0000000000,0.5455350614,0.0000000000,scatter
39500,2,0.5455350614,0.0000000000,0.5506236013,-0.0062996338,scatter
39500,3,0.5506236013,-0.0062996338,1.4728546493,0.4766910940,scatter
39500,4,1.4728546493,0.4766910940,1.5000000000,0.4575310050,exit_right
39600,1,0.0000000000,0.0000000000,0.2429654033,0.0000000000,scatter
39600,2,0.2429654033,0.0000000000,0.5585872900,0.1019181438,scatter
39600,3,0.5585872900,0.1019181438,0.0000000000,-0.4105321242,exit_left
39700,1,0.0000000000,0.0000000000,0.6632041931,0.0000000000,scatter
39700,2,0.6632041931,0.0000000000,0.0000000000,-0.9625649725,exit_left
39800,1,0.0000000000,0.0000000000,0.2300715284,0.0000000000,scatter
39800,2,0.2300715284,0.0000000000,0.0000000000,0.1212210367,exit_left
39900,1,0.0000000000,0.0000000000,1.1401174093,0.0000000000,absorb
40000,1,0.0000000000,0.0000000000,1.5000000000,0.0000000000,exit_right
40100,1,0.0000000000,0.0000000000,0.3867996797,0.0000000000,scatter
40100,2,0.3867996797,0.0000000000,0.4246475823,-0.0916068810,scatter
40100,3,0.4246475823,-0.0916068810,1.5000000000,2.3057058963,exit_right
40200,1,0.0000000000,0.0000000000,1.5000000000,0.0000000000,exit_right
40300,1,0.0000000000,0.0000000000,0.2649575836,0.0000000000,absorb
40400,1,0.0000000000,0.0000000000,1.5000000000,0.0000000000,exit_right
40500,1,0.0000000000,0.0000000000,0.4942853366,0.0000000000,scatter
40500,2,0.4942853366,0.0000000000,0.9894889796,0.7798996523,scatter
40500,3,0.9894889796,0.7798996523,1.5000000000,1.6924045525,exit_right
40600,1,0.0000000000,0.0000000000,1.5000000000,0.0000000000,exit_right
40700,1,0.0000000000,0.0000000000,0.5220446154,0.0000000000,scatter
40700,2,0.5220446154,0.0000000000,1.3094797901,-2.3190779329,scatter
40700,3,1.3094797901,-2.3190779329,1.5000000000,-2.4349791115,exit_right
40800,1,0.0000000000,0.0000000000,0.1814179730,0.0000000000,scatter
40800,2,0.1814179730,0.0000000000,0.7198497406,0.1495376110,scatter
40800,3,0.7198497406,0.1495376110,0.7219779697,3.7445601830,scatter
40800,4,0.7219779697,3.7445601830,1.0378140917,2.0567128426,absorb
40900,1,0.0000000000,0.0000000000,1.5000000000,0.0000000000,exit_right
41000,1,0.0000000000,0.0000000000,1.5000000000,0.0000000000,exit_right
41100,1,0.0000000000,0.0000000000,1.5000000000,0.0000000000,exit_right
41200,1,0.0000000000,0.0000000000,0.6359224590,0.0000000000,absorb
41300,1,0.0000000000,0.0000000000,0.2684807703,0.0000000000,absorb
41400,1,0.0000000000,0.0000000000,1.5000000000,0.0000000000,exit_right
41500,1,0.0000000000,0.0000000000,0.3608411496,0.0000000000,scatter
41500,2,0.3608411496,0.0000000000,0.3531745059,0.0310174307,scatter
41500,3,0.3531745059,0.0310174307,0.0000000000,0.0465682372,exit_left
41600,1,0.0000000000,0.0000000000,0.4430594945,0.0000000000,scatter
41600,2,0.4430594945,0.0000000000,1.0023155940,-0.5803950136,scatter
41600,3,1.0023155940,-0.5803950136,0.0000000000,-0.5193635819,exit_left
41700,1,0.0000000000,0.0000000000,1.5000000000,0.0000000000,exit_right
41800,1,0.0000000000,0.0000000000,1.5000000000,0.0000000000,exit_right
41900,1,0.0000000000,0.0000000000,0.2705899384,0.0000000000,scatter
41900,2,0.2705899384,0.0000000000,0.4619513436,0.8387143161,scatter
41900,3,0.4619513436,0.8387143161,1.5000000000,1.1150515909,exit_right
42000,1,0.0000000000,0.0000000000,1.5000000000,0.0000000000,exit_right
42100,1,0.0000000000,0.0000000000,1.5000000000,0.0000000000,exit_right
42200,1,0.0000000000,0.0000000000,0.0371786931,0.0000000000,scatter
42200,2,0.0371786931,0.0000000000,0.8471703723,-1.3033688397,scatter
42200,3,0.8471703723,-1.3033688397,1.5000000000,-2.0336915862,exit_right
42300,1,0.0000000000,0.0000000000,0.5334496075,0.0000000000,scatter
42300,2,0.5334496075,0.0000000000,0.0504354356,-3.3186795240,absorb
42400,1,0.0000000000,0.0000000000,1.5000000000,0.0000000000,exit_right
42500,1,0.0000000000,0.0000000000,0.1988650112,0.0000000000,scatter
42500,2,0.1988650112,0.0000000000,1.5000000000,-1.0079275946,exit_right
42600,1,0.0000000000,0.0000000000,1.5000000000,0.0000000000,exit_right
42700,1,0.0000000000,0.0000000000,0.3511961553,0.0000000000,absorb
42800,1,0.0000000000,0.0000000000,1.5000000000,0.0000000000,exit_right
42900,1,0.0000000000,0.0000000000,1.5000000000,0.0000000000,exit_right
43000,1,0.0000000000,0.0000000000,0.3092906450,0.0000000000,scatter
43000,2,0.3092906450,0.0000000000,0.4630391711,0.0060868065,scatter
43000,3,0.4630391711,0.0060868065,0.6804465529,0.5558664428,scatter
43000,4,0.6804465529,0.5558664428,0.8904984138,0.3697129610,scatter
43000,5,0.8904984138,0.3697129610,1.5000000000,0.4377922181,exit_right
43100,1,0.0000000000,0.0000000000,1.5000000000,0.0000000000,exit_right
43200,1,0.0000000000,0.0000000000,0.3341216131,0.0000000000,scatter
43200,2,0.3341216131,0.0000000000,0.8443789043,-1.1555604739,scatter
43200,3,0.8443789043,-1.1555604739,0.5546761119,-0.2799441398,scatter
43200,4,0.5546761119,-0.2799441398,0.2575797866,-2.7434946993,scatter
43200,5,0.2575797866,-2.7434946993,0.0000000000,-2.3955581028,exit_left
43300,1,0.0000000000,0.0000000000,1.2655079766,0.0000000000,scatter
43300,2,1.2655079766,0.0000000000,0.0000000000,-0.9697033101,exit_left
43400,1,0.0000000000,0.0000000000,1.5000000000,0.0000000000,exit_right
43500,1,0.0000000000,0.0000000000,0.4885238367,0.0000000000,absorb
43600,1,0.0000000000,0.0000000000,0.3031877562,0.0000000000,scatter
43600,2,0.3031877562,0.0000000000,0.8434257956,0.4295552397,scatter
43600,3,0.8434257956,0.4295552397,1.3714516774,3.0425995522,absorb
43700,1,0.0000000000,0.0000000000,0.7008876309,0.0000000000,absorb
43800,1,0.0000000000,0.0000000000,0.6592270097,0.0000000000,scatter
43800,2,0.6592270097,0.0000000000,1.5000000000,-0.2998252706,exit_right
43900,1,0.0000000000,0.0000000000,0.2078576438,0.0000000000,scatter
43900,2,0.2078576438,0.0000000000,0.1542254817,2.4883967911,scatter
43900,3,0.1542254817,2.4883967911,1.5000000000,1.3120689283,exit_right
44000,1,0.0000000000,0.0000000000,1.5000000000,0.0000000000,exit_right
44100,1,0.0000000000,0.0000000000,1.5000000000,0.0000000000,exit_right
44200,1,0.0000000000,0.0000000000,1.5000000000,0.0000000000,exit_right
44300,1,0.0000000000,0.0000000000,0.7240318561,0.0000000000,scatter
44300,2,0.7240318561,0.0000000000,0.0000000000,-0.3356640097,exit_left
44400,1,0.0000000000,0.0000000000,1.5000000000,0.0000000000,exit_right
44500,1,0.0000000000,0.0000000000,1.5000000000,0.0000000000,exit_right
44600,1,0.0000000000,0.0000000000,1.5000000000,0.0000000000,exit_right
44700,1,0.0000000000,0.0000000000,1.0515150031,0.0000000000,scatter
44700,2,1.0515150031,0.0000000000,1.5000000000,-0.0974162060,exit_right
44800,1,0.0000000000,0.0000000000,0.4356521104,0.0000000000,scatter
44800,2,0.4356521104,0.0000000000,1.5000000000,-0.9549747452,exit_right
44900,1,0.0000000000,0.0000000000,1.2958520191,0.0000000000,scatter
44900,2,1.2958520191,0.0000000000,1.5000000000,0.0893277217,exit_right
45000,1,0.0000000000,0.0000000000,0.6456877973,0.0000000000,absorb
45100,1,0.0000000000,0.0000000000,0.9057122385,0.0000000000,scatter
45100,2,0.9057122385,0.0000000000,1.2072213837,-0.2719468910,scatter
45100,3,1.2072213837,-0.2719468910,0.0000000000,0.2751589224,exit_left
45200,1,0.0000000000,0.0000000000,1.5000000000,0.0000000000,exit_right
45300,1,0.0000000000,0.0000000000,1.5000000000,0.0000000000,exit_right
45400,1,0.0000000000,0.0000000000,1.5000000000,0.0000000000,exit_right
45500,1,0.0000000000,0.0000000000,1.5000000000,0.0000000000,exit_right
45600,1,0.0000000000,0.0000000000,1.5000000000,0.0000000000,exit_right
45700,1,0.0000000000,0.0000000000,1.2883765024,0.0000000000,scatter
45700,2,1.2883765024,0.0000000000,1.5000000000,0.2350609939,exit_right
45800,1,0.0000000000,0.0000000000,1.5000000000,0.0000000000,exit_right
45900,1,0.0000000000,0.0000000000,0.2208675346,0.0000000000,scatter
45900,2,0.2208675346,0.0000000000,0.0000000000,0.2334272165,exit_left
46000,1,0.0000000000,0.0000000000,1.5000000000,0.0000000000,exit_right
46100,1,0.0000000000,0.0000000000,1.2461571612,0.0000000000,absorb
46200,1,0.0000000000,0.0000000000,1.5000000000,0.0000000000,exit_right
46300,1,0.0000000000,0.0000000000,0.7352039306,0.0000000000,scatter
46300,2,0.7352039306,0.0000000000,1.5000000000,0.3895932488,exit_right
46400,1,0.0000000000,0.0000000000,1.5000000000,0.0000000000,exit_right
46500,1,0.0000000000,0.0000000000,0.5216192295,0.0000000000,scatter
46500,2,0.5216192295,0.0000000000,0.5443849274,0.0263032247,absorb
46600,1,0.0000000000,0.0000000000,0.2133756908,0.0000000000,scatter
46600,2,0.2133756908,0.0000000000,1.2789901994,-0.1525148351,absorb
46700,1,0.0000000000,0.0000000000,1.5000000000,0.0000000000,exit_right
46800,1,0.0000000000,0.0000000000,1.5000000000,0.0000000000,exit_right
46900,1,0.0000000000,0.0000000000,0.6335687445,0.0000000000,scatter
46900,2,0.6335687445,0.0000000000,1.5000000000,0.8677203113,exit_right
47000,1,0.0000000000,0.0000000000,0.6220445665,0.0000000000,scatter
47000,2,0.6220445665,0.0000000000,1.3180237404,-0.1162579032,scatter
47000,3,1.3180237404,-0.1162579032,0.0000000000,-0.0301600351,exit_left
47100,1,0.0000000000,0.0000000000,0.6602855544,0.0000000000,absorb
47200,1,0.0000000000,0.0000000000,1.0167820456,0.0000000000,scatter
47200,2,1.0167820456,0.0000000000,0.9958321271,-0.4371170009,scatter
47200,3,0.9958321271,-0.4371170009,0.0000000000,-0.6666643468,exit_left
47300,1,0.0000000000,0.0000000000,0.5934898237,0.0000000000,scatter
47300,2,0.5934898237,0.0000000000,1.5000000000,0.6964408873,exit_right
47400,1,0.0000000000,0.0000000000,1.0242149285,0.0000000000,scatter
47400,2,1.0242149285,0.0000000000,1.5000000000,-0.6491753465,exit_right
47500,1,0.0000000000,0.0000000000,1.0868682183,0.0000000000,scatter
47500,2,1.0868682183,0.0000000000,1.1686463066,-0.0083506343,scatter
47500,3,1.1686463066,-0.0083506343,1.4803020637,0.1336017647,scatter
47500,4,1.4803020637,0.1336017647,0.9810632724,-0.0188792380,scatter
47500,5,0.9810632724,-0.0188792380,0.8378811476,0.9160567566,absorb
47600,1,0.0000000000,0.0000000000,1.1538902547,0.0000000000,scatter
47600,2,1.1538902547,0.0000000000,0.0000000000,0.5960558945,exit_left
47700,1,0.0000000000,0.0000000000,0.8399739286,0.0000000000,absorb
47800,1,0.0000000000,0.0000000000,0.3306259436,0.0000000000,scatter
47800,2,0.3306259436,0.0000000000,1.5000000000,0.8516651777,exit_right
47900,1,0.0000000000,0.0000000000,1.5000000000,0.0000000000,exit_right
48000,1,0.0000000000,0.0000000000,1.1948711161,0.0000000000,scatter
48000,2,1.1948711161,0.0000000000,1.1953145259,-0.0403860144,scatter
48000,3,1.1953145259,-0.0403860144,1.5000000000,-0.0000676126,exit_right
48100,1,0.0000000000,0.0000000000,0.2398150524,0.0000000000,scatter
48100,2,0.2398150524,0.0000000000,0.2173665734,0.5501385349,scatter
48100,3,0.2173665734,0.5501385349,0.5736409734,0.6247892043,scatter
48100,4,0.5736409734,0.6247892043,0.8694877224,2.6804141029,scatter
48100,5,0.8694877224,2.6804141029,1.5000000000,2.3622488153,exit_right
48200,1,0.0000000000,0.0000000000,1.5000000000,0.0000000000,exit_right
48300,1,0.0000000000,0.0000000000,1.4349503185,0.0000000000,absorb
48400,1,0.0000000000,0.0000000000,1.5000000000,0.0000000000,exit_right
48500,1,0.0000000000,0.0000000000,0.4052273428,0.0000000000,absorb
48600,1,0.0000000000,0.0000000000,1.5000000000,0.0000000000,exit_right
48700,1,0.0000000000,0.0000000000,1.5000000000,0.0000000000,exit_right
48800,1,0.0000000000,0.0000000000,1.4196234173,0.0000000000,absorb
48900,1,0.0000000000,0.0000000000,1.2799674898,0.0000000000,scatter
48900,2,1.2799674898,0.0000000000,0.0000000000,0.1762454031,exit_left
49000,1,0.0000000000,0.0000000000,1.5000000000,0.0000000000,exit_right
49100,1,0.0000000000,0.0000000000,1.5000000000,0.0000000000,exit_right
49200,1,0.0000000000,0.0000000000,1.1153344812,0.0000000000,absorb
49300,1,0.0000000000,0.0000000000,1.5000000000,0.0000000000,exit_right
49400,1,0.0000000000,0.0000000000,0.8790767838,0.0000000000,scatter
49400,2,0.8790767838,0.0000000000,1.5000000000,0.1844397876,exit_right
49500,1,0.0000000000,0.0000000000,0.9255640498,0.0000000000,scatter
49500,2,0.9255640498,0.0000000000,0.7320595724,0.6264718678,scatter
49500,3,0.7320595724,0.6264718678,0.9524855321,0.7769773121,scatter
49500,4,0.9524855321,0.7769773121,0.4731398065,1.0182249999,scatter
49500,5,0.4731398065,1.0182249999,0.0000000000,1.2442479685,exit_left
49600,1,0.0000000000,0.0000000000,1.5000000000,0.0000000000,exit_right
49700,1,0.0000000000,0.0000000000,0.8446324121,0.0000000000,scatter
49700,2,0.8446324121,0.0000000000,1.5000000000,-0.3202589298,exit_right
49800,1,0.0000000000,0.0000000000,1.4791467805,0.0000000000,scatter
49800,2,1.4791467805,0.0000000000,1.5000000000,-0.0025856827,exit_right
49900,1,0.0000000000,0.0000000000,0.5767036614,0.0000000000,absorb
50000,1,0.0000000000,0.0000000000,1.5000000000,0.0000000000,exit_right
50100,1,0.0000000000,0.0000000000,1.2080241602,0.0000000000,scatter
50100,2,1.2080241602,0.0000000000,1.4021520829,0.3565617463,scatter
50100,3,1.4021520829,0.3565617463,1.5000000000,0.4590227893,exit_right
50200,1,0.0000000000,0.0000000000,1.5000000000,0.0000000000,exit_right
50300,1,0.0000000000,0.0000000000,0.0034696569,0.0000000000,scatter
50300,2,0.0034696569,0.0000000000,0.0000000000,0.0492221827,exit_left
50400,1,0.0000000000,0.0000000000,1.5000000000,0.0000000000,exit_right
50500,1,0.0000000000,0.0000000000,1.5000000000,0.0000000000,exit_right
50600,1,0.0000000000,0.0000000000,0.4446938061,0.0000000000,scatter
50600,2,0.4446938061,0.0000000000,0.4479189499,-0.0168605804,scatter
50600,3,0.4479189499,-0.0168605804,1.4252798402,-0.3430205697,scatter
50600,4,1.4252798402,-0.3430205697,0.0000000000,0.3174781662,exit_left
50700,1,0.0000000000,0.0000000000,0.3581139265,0.0000000000,scatter
50700,2,0.3581139265,0.0000000000,0.6887786154,-0.2225377699,scatter
50700,3,0.6887786154,-0.2225377699,0.6747921844,-0.2161602443,scatter
50700,4,0.6747921844,-0.2161602443,0.4835113365,0.0027441205,scatter
50700,5,0.4835113365,0.0027441205,0.0904899134,-0.5184326854,scatter
50700,6,0.0904899134,-0.5184326854,0.0000000000,-0.5065806518,exit_left
50800,1,0.0000000000,0.0000000000,1.0359783139,0.0000000000,scatter
50800,2,1.0359783139,0.0000000000,1.5000000000,-2.6511676093,exit_right
50900,1,0.0000000000,0.0000000000,1.5000000000,0.0000000000,exit_right
51000,1,0.0000000000,0.0000000000,0.4763469217,0.0000000000,absorb
51100,1,0.0000000000,0.0000000000,1.5000000000,0.0000000000,exit_right
51200,1,0.0000000000,0.0000000000,1.5000000000,0.0000000000,exit_right
51300,1,0.0000000000,0.0000000000,1.5000000000,0.0000000000,exit_right
51400,1,0.0000000000,0.0000000000,1.5000000000,0.0000000000,exit_right
51500,1,0.0000000000,0.0000000000,0.7906287626,0.0000000000,scatter
51500,2,0.7906287626,0.0000000000,0.0000000000,-0.5807925054,exit_left
51600,1,0.0000000000,0.0000000000,0.1411050752,0.0000000000,scatter
51600,2,0.1411050752,0.0000000000,1.5000000000,-1.2548731391,exit_right
51700,1,0.0000000000,0.0000000000,0.3665442442,0.0000000000,scatter
51700,2,0.3665442442,0.0000000000,0.0000000000,0.2171751861,exit_left
51800,1,0.0000000000,0.0000000000,1.5000000000,0.0000000000,exit_right
51900,1,0.0000000000,0.0000000000,0.0783422719,0.0000000000,scatter
51900,2,0.0783422719,0.0000000000,0.0000000000,-0.2184045915,exit_left
52000,1,0.0000000000,0.0000000000,1.5000000000,0.0000000000,exit_right
52100,1,0.0000000000,0.0000000000,1.5000000000,0.0000000000,exit_right
52200,1,0.0000000000,0.0000000000,1.1758375517,0.0000000000,scatter
52200,2,1.1758375517,0.0000000000,0.0000000000,-0.1942702444,exit_left
52300,1,0.0000000000,0.0000000000,1.5000000000,0.0000000000,exit_right
52400,1,0.0000000000,0.0000000000,0.4767337742,0.0000000000,scatter
52400,2,0.4767337742,0.0000000000,1.3028572061,0.8218157612,scatter
52400,3,1.3028572061,0.8218157612,1.5000000000,0.8721799660,exit_right
52500,1,0.0000000000,0.0000000000,1.4390928335,0.0000000000,scatter
52500,2,1.4390928335,0.0000000000,1.5000000000,0.0444829905,exit_right
52600,1,0.0000000000,0.0000000000,1.5000000000,0.0000000000,exit_right
52700,1,0.0000000000,0.0000000000,0.4496057358,0.0000000000,scatter
52700,2,0.4496057358,0.0000000000,0.2873504445,-0.0900464373,scatter
52700,3,0.2873504445,-0.0900464373,0.0000000000,-0.3936528957,exit_left
52800,1,0.0000000000,0.0000000000,1.5000000000,0.0000000000,exit_right
52900,1,0.0000000000,0.0000000000,1.5000000000,0.0000000000,exit_right
53000,1,0.0000000000,0.0000000000,0.8289500523,0.0000000000,scatter
53000,2,0.8289500523,0.0000000000,0.0000000000,0.0167131890,exit_left
53100,1,0.0000000000,0.0000000000,1.5000000000,0.0000000000,exit_right
53200,1,0.0000000000,0.0000000000,1.5000000000,0.0000000000,exit_right
53300,1,0.0000000000,0.0000000000,0.4031328076,0.0000000000,absorb
53400,1,0.0000000000,0.0000000000,1.5000000000,0.0000000000,exit_right
53500,1,0.0000000000,0.0000000000,1.5000000000,0.0000000000,exit_right
53600,1,0.0000000000,0.0000000000,1.5000000000,0.0000000000,exit_right
53700,1,0.0000000000,0.0000000000,1.4345299130,0.0000000000,scatter
53700,2,1.4345299130,0.0000000000,1.5000000000,0.2839633307,exit_right
53800,1,0.0000000000,0.0000000000,0.7416571030,0.0000000000,scatter
53800,2,0.7416571030,0.0000000000,0.6960579981,-0.0851900041,scatter
53800,3,0.6960579981,-0.0851900041,1.5000000000,-1.1033488794,exit_right
53900,1,0.0000000000,0.0000000000,1.5000000000,0.0000000000,exit_right
54000,1,0.0000000000,0.0000000000,0.8591136353,0.0000000000,absorb
54100,1,0.0000000000,0.0000000000,1.5000000000,0.0000000000,exit_right
54200,1,0.0000000000,0.0000000000,0.0110956374,0.0000000000,scatter
54200,2,0.0110956374,0.0000000000,0.0000000000,0.0038867527,exit_left
54300,1,0.0000000000,0.0000000000,0.5475410765,0.0000000000,absorb
54400,1,0.0000000000,0.0000000000,1.5000000000,0.0000000000,exit_right
54500,1,0.0000000000,0.0000000000,1.3610311919,0.0000000000,scatter
54500,2,1.3610311919,0.0000000000,1.5000000000,-0.0626237875,exit_right
54600,1,0.0000000000,0.0000000000,1.5000000000,0.0000000000,exit_right
54700,1,0.0000000000,0.0000000000,0.2226809971,0.0000000000,scatter
54700,2,0.2226809971,0.0000000000,0.0000000000,-0.0921093504,exit_left
54800,1,0.0000000000,0.0000000000,0.0216004624,0.0000000000,scatter
54800,2,0.0216004624,0.0000000000,0.3433814603,-0.0231451754,scatter
54800,3,0.3433814603,-0.0231451754,1.4499024958,1.0574445098,scatter
54800,4,1.4499024958,1.0574445098,1.5000000000,1.1178337852,exit_right
54900,1,0.0000000000,0.0000000000,1.5000000000,0.0000000000,exit_right
55000,1,0.0000000000,0.0000000000,1.5000000000,0.0000000000,exit_right
55100,1,0.0000000000,0.0000000000,1.5000000000,0.0000000000,exit_right
55200,1,0.0000000000,0.0000000000,0.1030830214,0.0000000000,scatter
55200,2,0.1030830214,0.0000000000,0.0000000000,-0.0200719552,exit_left
55300,1,0.0000000000,0.0000000000,0.0176356819,0.0000000000,absorb
55400,1,0.0000000000,0.0000000000,0.0787603456,0.0000000000,scatter
55400,2,0.0787603456,0.0000000000,0.5541618154,-0.4814284847,absorb
55500,1,0.0000000000,0.0000000000,0.2060899394,0.0000000000,absorb
55600,1,0.0000000000,0.0000000000,1.5000000000,0.0000000000,exit_right
55700,1,0.0000000000,0.0000000000,0.9998924705,0.0000000000,scatter
55700,2,0.9998924705,0.0000000000,1.5000000000,1.9712464956,exit_right
55800,1,0.0000000000,0.0000000000,1.5000000000,0.0000000000,exit_right
55900,1,0.0000000000,0.0000000000,0.8483382729,0.0000000000,scatter
55900,2,0.8483382729,0.0000000000,0.7521974280,0.1806142707,scatter
55900,3,0.7521974280,0.1806142707,0.6206777802,-0.1043155231,absorb
56000,1,0.0000000000,0.0000000000,1.2835226396,0.0000000000,scatter
56000,2,1.2835226396,0.0000000000,0.7943915970,0.1737109824,absorb
56100,1,0.0000000000,0.0000000000,1.5000000000,0.0000000000,exit_right
56200,1,0.0000000000,0.0000000000,1.5000000000,0.0000000000,exit_right
56300,1,0.0000000000,0.0000000000,1.5000000000,0.0000000000,exit_right
56400,1,0.0000000000,0.0000000000,1.5000000000,0.0000000000,exit_right
56500,1,0.0000000000,0.0000000000,0.5506080554,0.0000000000,scatter
56500,2,0.5506080554,0.0000000000,0.2315165495,0.0386340232,scatter
56500,3,0.2315165495,0.0386340232,0.0000000000,-0.1291410440,exit_left
56600,1,0.0000000000,0.0000000000,0.1500427201,0.0000000000,scatter
56600,2,0.1500427201,0.0000000000,0.0000000000,-0.0507253438,exit_left
56700,1,0.0000000000,0.0000000000,1.4807929096,0.0000000000,absorb
56800,1,0.0000000000,0.0000000000,0.5010854824,0.0000000000,scatter
56800,2,0.5010854824,0.0000000000,0.0000000000,0.8837283345,exit_left
56900,1,0.0000000000,0.0000000000,0.1037933798,0.0000000000,scatter
56900,2,0.1037933798,0.0000000000,0.3033716439,0.6982840766,scatter
56900,3,0.3033716439,0.6982840766,0.0000000000,0.8959762497,exit_left
57000,1,0.0000000000,0.0000000000,1.5000000000,0.0000000000,exit_right
57100,1,0.0000000000,0.0000000000,0.2090851910,0.0000000000,scatter
57100,2,0.2090851910,0.0000000000,0.0416700120,0.2650681995,absorb
57200,1,0.0000000000,0.0000000000,0.3514881069,0.0000000000,scatter
57200,2,0.3514881069,0.0000000000,0.0000000000,0.6049812342,exit_left
57300,1,0.0000000000,0.0000000000,1.5000000000,0.0000000000,exit_right
57400,1,0.0000000000,0.0000000000,1.4888463340,0.0000000000,scatter
57400,2,1.4888463340,0.0000000000,1.5000000000,0.0042920489,exit_right
57500,1,0.0000000000,0.0000000000,1.5000000000,0.0000000000,exit_right
57600,1,0.0000000000,0.0000000000,1.5000000000,0.0000000000,exit_right
57700,1,0.0000000000,0.0000000000,1.5000000000,0.0000000000,exit_right
57800,1,0.0000000000,0.0000000000,0.2836058422,0.0000000000,scatter
57800,2,0.2836058422,0.0000000000,0.7569669913,0.4798443266,scatter
57800,3,0.7569669913,0.4798443266,1.4544438901,0.7965768272,scatter
57800,4,1.4544438901,0.7965768272,1.3565790241,-2.0880299473,scatter
57800,5,1.3565790241,-2.0880299473,1.4643480561,-2.5673615611,scatter
57800,6,1.4643480561,-2.5673615611,1.2375515007,-2.5326656502,absorb
57900,1,0.0000000000,0.0000000000,0.3125742896,0.0000000000,absorb
58000,1,0.0000000000,0.0000000000,0.1906928153,0.0000000000,scatter
58000,2,0.1906928153,0.0000000000,0.9568443095,1.6009257968,absorb
58100,1,0.0000000000,0.0000000000,1.5000000000,0.0000000000,exit_right
58200,1,0.0000000000,0.0000000000,1.3414255064,0.0000000000,absorb
58300,1,0.0000000000,0.0000000000,0.4899692265,0.0000000000,scatter
58300,2,0.4899692265,0.0000000000,0.6956642057,-0.6717982624,scatter
58300,3,0.6956642057,-0.6717982624,1.0598946767,-0.0762590467,scatter
58300,4,1.0598946767,-0.0762590467,0.0000000000,1.0085502335,exit_left
58400,1,0.0000000000,0.0000000000,1.5000000000,0.0000000000,exit_right
58500,1,0.0000000000,0.0000000000,0.3648607092,0.0000000000,scatter
58500,2,0.3648607092,0.0000000000,0.1714833449,-0.2390499064,scatter
58500,3,0.1714833449,-0.2390499064,0.1994268348,-0.0227832636,scatter
58500,4,0.1994268348,-0.0227832636,0.1082913020,0.1303232043,scatter
58500,5,0.1082913020,0.1303232043,0.6297152100,0.2781988371,scatter
58500,6,0.6297152100,0.2781988371,0.8823913557,0.4055016427,scatter
58500,7,0.8823913557,0.4055016427,1.5000000000,0.2227361661,exit_right
58600,1,0.0000000000,0.0000000000,0.9726402681,0.0000000000,scatter
58600,2,0.9726402681,0.0000000000,1.5000000000,0.3499877118,exit_right
58700,1,0.0000000000,0.0000000000,1.5000000000,0.0000000000,exit_right
58800,1,0.0000000000,0.0000000000,0.9826087029,0.0000000000,scatter
58800,2,0.9826087029,0.0000000000,1.5000000000,-0.2449340736,exit_right
58900,1,0.0000000000,0.0000000000,1.5000000000,0.0000000000,exit_right
59000,1,0.0000000000,0.0000000000,1.1734445965,0.0000000000,scatter
59000,2,1.1734445965,0.0000000000,1.2055013157,0.0828413285,scatter
59000,3,1.2055013157,0.0828413285,1.5000000000,0.3326236427,exit_right
59100,1,0.0000000000,0.0000000000,1.1899233564,0.0000000000,scatter
59100,2,1.1899233564,0.0000000000,1.5000000000,0.4117382691,exit_right
59200,1,0.0000000000,0.0000000000,0.6047071501,0.0000000000,scatter
59200,2,0.6047071501,0.0000000000,0.3624057354,5.7863146812,scatter
59200,3,0.3624057354,5.7863146812,0.5357149659,4.8316214174,scatter
59200,4,0.5357149659,4.8316214174,0.2562060794,4.1839357396,scatter
59200,5,0.2562060794,4.1839357396,1.5000000000,6.2753983068,exit_right
59300,1,0.0000000000,0.0000000000,1.5000000000,0.0000000000,exit_right
59400,1,0.0000000000,0.0000000000,1.4120334481,0.0000000000,scatter
59400,2,1.4120334481,0.0000000000,0.9681772932,-0.5855177484,scatter
59400,3,0.9681772932,-0.5855177484,1.5000000000,-0.2484572318,exit_right
59500,1,0.0000000000,0.0000000000,1.3275927895,0.0000000000,absorb
59600,1,0.0000000000,0.0000000000,0.4165040766,0.0000000000,scatter
59600,2,0.4165040766,0.0000000000,0.2428707157,-0.7736452509,scatter
59600,3,0.2428707157,-0.7736452509,0.0000000000,-0.5734323661,exit_left
59700,1,0.0000000000,0.0000000000,1.5000000000,0.0000000000,exit_right
59800,1,0.0000000000,0.0000000000,1.5000000000,0.0000000000,exit_right
59900,1,0.0000000000,0.0000000000,1.5000000000,0.0000000000,exit_right
60000,1,0.0000000000,0.0000000000,0.9407059007,0.0000000000,scatter
60000,2,0.9407059007,0.0000000000,0.0000000000,-0.3674061976,exit_left
60100,1,0.0000000000,0.0000000000,0.0443485076,0.0000000000,scatter
60100,2,0.0443485076,0.0000000000,0.0000000000,-0.0068690382,exit_left
60200,1,0.0000000000,0.0000000000,1.1683362911,0.0000000000,absorb
60300,1,0.0000000000,0.0000000000,1.5000000000,0.0000000000,exit_right
60400,1,0.0000000000,0.0000000000,0.2495982835,0.0000000000,scatter
60400,2,0.2495982835,0.0000000000,0.9512153001,-0.2355064882,scatter
60400,3,0.9512153001,-0.2355064882,1.5000000000,-0.1726161668,exit_right
60500,1,0.0000000000,0.0000000000,1.5000000000,0.0000000000,exit_right
60600,1,0.0000000000,0.0000000000,1.5000000000,0.0000000000,exit_right
60700,1,0.0000000000,0.0000000000,1.1681568527,0.0000000000,scatter
60700,2,1.1681568527,0.0000000000,0.0000000000,-0.9552289625,exit_left
60800,1,0.0000000000,0.0000000000,0.0782576999,0.0000000000,scatter
60800,2,0.0782576999,0.0000000000,0.0000000000,0.0607822127,exit_left
60900,1,0.0000000000,0.0000000000,1.5000000000,0.0000000000,exit_right
61000,1,0.0000000000,0.0000000000,0.1616658085,0.0000000000,scatter
61000,2,0.1616658085,0.0000000000,1.5000000000,1.0981465833,exit_right
61100,1,0.0000000000,0.0000000000,1.5000000000,0.0000000000,exit_right
61200,1,0.0000000000,0.0000000000,1.5000000000,0.0000000000,exit_right
61300,1,0.0000000000,0.0000000000,1.5000000000,0.0000000000,exit_right
61400,1,0.0000000000,0.0000000000,0.1633869810,0.0000000000,scatter
61400,2,0.1633869810,0.0000000000,0.5464435724,-0.9185544331,scatter
61400,3,0.5464435724,-0.9185544331,0.6898506942,-1.2541925714,scatter
61400,4,0.6898506942,-1.2541925714,1.0465900352,-0.1522676957,scatter
61400,5,1.0465900352,-0.1522676957,1.0964653138,-1.6014976485,absorb
61500,1,0.0000000000,0.0000000000,1.5000000000,0.0000000000,exit_right
61600,1,0.0000000000,0.0000000000,1.4564069285,0.0000000000,scatter
61600,2,1.4564069285,0.0000000000,1.5000000000,-0.0851032377,exit_right
61700,1,0.0000000000,0.0000000000,0.5862618798,0.0000000000,absorb
61800,1,0.0000000000,0.0000000000,1.5000000000,0.0000000000,exit_right
61900,1,0.0000000000,0.0000000000,1.2144417566,0.0000000000,scatter
61900,2,1.2144417566,0.0000000000,0.0000000000,-0.9163181184,exit_left
62000,1,0.0000000000,0.0000000000,1.5000000000,0.0000000000,exit_right
62100,1,0.0000000000,0.0000000000,1.5000000000,0.0000000000,exit_right
62200,1,0.0000000000,0.0000000000,1.0770047952,0.0000000000,scatter
62200,2,1.0770047952,0.0000000000,0.9562394850,-1.2540726283,scatter
62200,3,0.9562394850,-1.2540726283,1.1171228584,-0.0253920952,scatter
62200,4,1.1171228584,-0.0253920952,0.9409139480,-0.3304856791,absorb
62300,1,0.0000000000,0.0000000000,1.5000000000,0.0000000000,exit_right
62400,1,0.0000000000,0.0000000000,1.5000000000,0.0000000000,exit_right
62500,1,0.0000000000,0.0000000000,1.0418004394,0.0000000000,absorb
62600,1,0.0000000000,0.0000000000,1.5000000000,0.0000000000,exit_right
62700,1,0.0000000000,0.0000000000,1.5000000000,0.0000000000,exit_right
62800,1,0.0000000000,0.0000000000,0.5540707261,0.0000000000,scatter
62800,2,0.5540707261,0.0000000000,0.5528265288,0.0306982199,scatter
62800,3,0.5528265288,0.0306982199,0.6953256619,-1.2979370253,scatter
62800,4,0.6953256619,-1.2979370253,0.9950887939,-1.9717016514,scatter
62800,5,0.9950887939,-1.9717016514,0.5248165616,0.1567746853,absorb
62900,1,0.0000000000,0.0000000000,0.0374070513,0.0000000000,scatter
62900,2,0.0374070513,0.0000000000,0.1133355183,-1.2765186838,absorb
63000,1,0.0000000000,0.0000000000,1.3499364921,0.0000000000,scatter
63000,2,1.3499364921,0.0000000000,1.5000000000,0.2351919894,exit_right
63100,1,0.0000000000,0.0000000000,1.5000000000,0.0000000000,exit_right
63200,1,0.0000000000,0.0000000000,1.5000000000,0.0000000000,exit_right
63300,1,0.0000000000,0.0000000000,1.5000000000,0.0000000000,exit_right
63400,1,0.0000000000,0.0000000000,0.1849251260,0.0000000000,scatter
63400,2,0.1849251260,0.0000000000,1.5000000000,-3.9704369488,exit_right
63500,1,0.0000000000,0.0000000000,1.5000000000,0.0000000000,exit_right
63600,1,0.0000000000,0.0000000000,1.5000000000,0.0000000000,exit_right
63700,1,0.0000000000,0.0000000000,1.5000000000,0.0000000000,exit_right
63800,1,0.0000000000,0.0000000000,0.4830599823,0.0000000000,scatter
63800,2,0.4830599823,0.0000000000,1.5000000000,1.5304676468,exit_right
63900,1,0.0000000000,0.0000000000,1.2161301405,0.0000000000,absorb
64000,1,0.0000000000,0.0000000000,0.4551804334,0.0000000000,scatter
64000,2,0.4551804334,0.0000000000,1.5000000000,1.4299722761,exit_right
64100,1,0.0000000000,0.0000000000,1.5000000000,0.0000000000,exit_right
64200,1,0.0000000000,0.0000000000,1.5000000000,0.0000000000,exit_right
64300,1,0.0000000000,0.0000000000,0.3740106633,0.0000000000,scatter
64300,2,0.3740106633,0.0000000000,0.0000000000,0.4196658265,exit_left
64400,1,0.0000000000,0.0000000000,1.5000000000,0.0000000000,exit_right
64500,1,0.0000000000,0.0000000000,0.2896949456,0.0000000000,scatter
64500,2,0.2896949456,0.0000000000,0.0000000000,0.0622865641,exit_left
64600,1,0.0000000000,0.0000000000,1.5000000000,0.0000000000,exit_right
64700,1,0.0000000000,0.0000000000,0.3591173866,0.0000000000,scatter
64700,2,0.3591173866,0.0000000000,0.0000000000,0.1379982549,exit_left
64800,1,0.0000000000,0.0000000000,0.1829221025,0.0000000000,absorb
64900,1,0.0000000000,0.0000000000,1.5000000000,0.0000000000,exit_right
65000,1,0.0000000000,0.0000000000,0.2993387348,0.0000000000,scatter
65000,2,0.2993387348,0.0000000000,0.0000000000,-0.1011023277,exit_left
65100,1,0.0000000000,0.0000000000,0.3575637258,0.0000000000,scatter
65100,2,0.3575637258,0.0000000000,0.5556944389,2.3762340306,scatter
65100,3,0.5556944389,2.3762340306,0.0000000000,3.2562596669,exit_left
65200,1,0.0000000000,0.0000000000,0.8654613199,0.0000000000,absorb
65300,1,0.0000000000,0.0000000000,0.7163737937,0.0000000000,scatter
65300,2,0.7163737937,0.0000000000,0.0000000000,0.2424288999,exit_left
65400,1,0.0000000000,0.0000000000,0.2804567347,0.0000000000,scatter
65400,2,0.2804567347,0.0000000000,0.0087549524,0.2564476809,scatter
65400,3,0.0087549524,0.2564476809,0.0000000000,0.3807260092,exit_left
65500,1,0.0000000000,0.0000000000,0.0368734030,0.0000000000,scatter
65500,2,0.0368734030,0.0000000000,0.5627006844,1.9828315557,absorb
65600,1,0.0000000000,0.0000000000,0.2055524453,0.0000000000,scatter
65600,2,0.2055524453,0.0000000000,1.5000000000,0.1457820794,exit_right
65700,1,0.0000000000,0.0000000000,1.5000000000,0.0000000000,exit_right
65800,1,0.0000000000,0.0000000000,0.3676055026,0.0000000000,absorb
65900,1,0.0000000000,0.0000000000,1.1406821944,0.0000000000,scatter
65900,2,1.1406821944,0.0000000000,0.0000000000,1.3666504731,exit_left
66000,1,0.0000000000,0.0000000000,0.1301738608,0.0000000000,absorb
66100,1,0.0000000000,0.0000000000,1.5000000000,0.0000000000,exit_right
66200,1,0.0000000000,0.0000000000,0.0248686503,0.0000000000,scatter
66200,2,0.0248686503,0.0000000000,0.0000000000,-0.0135836817,exit_left
66300,1,0.0000000000,0.0000000000,0.0975788399,0.0000000000,scatter
66300,2,0.0975788399,0.0000000000,1.4709672679,3.0130957948,scatter
66300,3,1.4709672679,3.0130957948,1.5000000000,3.0099346294,exit_right
66400,1,0.0000000000,0.0000000000,0.4945838169,0.0000000000,absorb
66500,1,0.0000000000,0.0000000000,1.5000000000,0.0000000000,exit_right
66600,1,0.0000000000,0.0000000000,1.5000000000,0.0000000000,exit_right
66700,1,0.0000000000,0.0000000000,0.6301711573,0.0000000000,scatter
66700,2,0.6301711573,0.0000000000,0.0000000000,-0.0683190522,exit_left
66800,1,0.0000000000,0.0000000000,0.6628742047,0.0000000000,scatter
66800,2,0.6628742047,0.0000000000,0.6003855928,-0.0881081229,scatter
66800,3,0.6003855928,-0.0881081229,0.0000000000,0.4297125381,exit_left
66900,1,0.0000000000,0.0000000000,0.5612528463,0.0000000000,scatter
66900,2,0.5612528463,0.0000000000,1.0669897868,-0.1231955765,scatter
66900,3,1.0669897868,-0.1231955765,1.5000000000,0.1032364251,exit_right
67000,1,0.0000000000,0.0000000000,0.9836923654,0.0000000000,absorb
67100,1,0.0000000000,0.0000000000,1.5000000000,0.0000000000,exit_right
67200,1,0.0000000000,0.0000000000,1.5000000000,0.0000000000,exit_right
67300,1,0.0000000000,0.0000000000,1.5000000000,0.0000000000,exit_right
67400,1,0.0000000000,0.0000000000,0.8397056037,0.0000000000,scatter
67400,2,0.8397056037,0.0000000000,0.0000000000,1.0574447698,exit_left
67500,1,0.0000000000,0.0000000000,1.5000000000,0.0000000000,exit_right
67600,1,0.0000000000,0.0000000000,1.5000000000,0.0000000000,exit_right
67700,1,0.0000000000,0.0000000000,1.2425743079,0.0000000000,absorb
67800,1,0.0000000000,0.0000000000,1.5000000000,0.0000000000,exit_right
67900,1,0.0000000000,0.0000000000,0.3295786568,0.0000000000,scatter
67900,2,0.3295786568,0.0000000000,0.0000000000,-0.0665962565,exit_left
68000,1,0.0000000000,0.0000000000,1.5000000000,0.0000000000,exit_right
68100,1,0.0000000000,0.0000000000,1.5000000000,0.0000000000,exit_right
68200,1,0.0000000000,0.0000000000,1.5000000000,0.0000000000,exit_right
68300,1,0.0000000000,0.0000000000,1.5000000000,0.0000000000,exit_right
68400,1,0.0000000000,0.0000000000,1.5000000000,0.0000000000,exit_right
68500,1,0.0000000000,0.0000000000,0.2692837993,0.0000000000,scatter
68500,2,0.2692837993,0.0000000000,1.5000000000,-1.8191461775,exit_right
68600,1,0.0000000000,0.0000000000,0.4155002602,0.0000000000,scatter
68600,2,0.4155002602,0.0000000000,0.0000000000,-0.7309009871,exit_left
68700,1,0.0000000000,0.0000000000,1.5000000000,0.0000000000,exit_right
68800,1,0.0000000000,0.0000000000,1.4045632883,0.0000000000,scatter
68800,2,1.4045632883,0.0000000000,1.5000000000,-0.0030904393,exit_right
68900,1,0.0000000000,0.0000000000,1.5000000000,0.0000000000,exit_right
69000,1,0.0000000000,0.0000000000,1.5000000000,0.0000000000,exit_right
69100,1,0.0000000000,0.0000000000,1.1956732199,0.0000000000,scatter
69100,2,1.1956732199,0.0000000000,1.2790879302,-1.1170894238,absorb
69200,1,0.0000000000,0.0000000000,1.5000000000,0.0000000000,exit_right
69300,1,0.0000000000,0.0000000000,1.3324325103,0.0000000000,absorb
69400,1,0.0000000000,0.0000000000,0.0715327989,0.0000000000,absorb
69500,1,0.0000000000,0.0000000000,0.9477686122,0.0000000000,scatter
69500,2,0.9477686122,0.0000000000,0.8655438283,-0.0501845264,absorb
69600,1,0.0000000000,0.0000000000,1.4720604166,0.0000000000,scatter
69600,2,1.4720604166,0.0000000000,1.5000000000,-0.0823245505,exit_right
69700,1,0.0000000000,0.0000000000,1.5000000000,0.0000000000,exit_right
69800,1,0.0000000000,0.0000000000,1.5000000000,0.0000000000,exit_right
69900,1,0.0000000000,0.0000000000,1.5000000000,0.0000000000,exit_right
70000,1,0.0000000000,0.0000000000,0.0147085916,0.0000000000,scatter
70000,2,0.0147085916,0.0000000000,0.0312903430,0.3245422225,scatter
70000,3,0.0312903430,0.3245422225,0.0000000000,0.3240781520,exit_left
70100,1,0.0000000000,0.0000000000,1.5000000000,0.0000000000,exit_right
70200,1,0.0000000000,0.0000000000,0.0123510681,0.0000000000,scatter
70200,2,0.0123510681,0.0000000000,0.0000000000,-0.1745027863,exit_left
70300,1,0.0000000000,0.0000000000,1.5000000000,0.0000000000,exit_right
70400,1,0.0000000000,0.0000000000,1.1877013120,0.0000000000,absorb
70500,1,0.0000000000,0.0000000000,1.5000000000,0.0000000000,exit_right
70600,1,0.0000000000,0.0000000000,1.5000000000,0.0000000000,exit_right
70700,1,0.0000000000,0.0000000000,1.5000000000,0.0000000000,exit_right
70800,1,0.0000000000,0.0000000000,0.9988156451,0.0000000000,scatter
70800,2,0.9988156451,0.0000000000,0.2928671435,0.7344073224,scatter
70800,3,0.2928671435,0.7344073224,0.2216721116,1.1000748322,scatter
70800,4,0.2216721116,1.1000748322,0.1802657782,1.0989614433,absorb
70900,1,0.0000000000,0.0000000000,1.5000000000,0.0000000000,exit_right
71000,1,0.0000000000,0.0000000000,1.5000000000,0.0000000000,exit_right
71100,1,0.0000000000,0.0000000000,0.3517732432,0.0000000000,scatter
71100,2,0.3517732432,0.0000000000,0.6067393503,0.4093639171,scatter
71100,3,0.6067393503,0.4093639171,1.0582347155,-0.4431111082,scatter
71100,4,1.0582347155,-0.4431111082,1.2718509374,-0.4608937764,absorb
71200,1,0.0000000000,0.0000000000,1.5000000000,0.0000000000,exit_right
71300,1,0.0000000000,0.0000000000,1.5000000000,0.0000000000,exit_right
71400,1,0.0000000000,0.0000000000,1.1888178627,0.0000000000,scatter
71400,2,1.1888178627,0.0000000000,0.2943077175,1.7406920038,absorb
71500,1,0.0000000000,0.0000000000,1.5000000000,0.0000000000,exit_right
71600,1,0.0000000000,0.0000000000,0.8922919627,0.0000000000,scatter
71600,2,0.8922919627,0.0000000000,0.5329616966,4.8538296051,scatter
71600,3,0.5329616966,4.8538296051,0.0000000000,4.7370323986,exit_left
71700,1,0.0000000000,0.0000000000,1.5000000000,0.0000000000,exit_right
71800,1,0.0000000000,0.0000000000,1.5000000000,0.0000000000,exit_right
71900,1,0.0000000000,0.0000000000,1.0551113488,0.0000000000,scatter
71900,2,1.0551113488,0.0000000000,1.4317270888,-0.1970017349,absorb
72000,1,0.0000000000,0.0000000000,1.5000000000,0.0000000000,exit_right
72100,1,0.0000000000,0.0000000000,1.5000000000,0.0000000000,exit_right
72200,1,0.0000000000,0.0000000000,1.5000000000,0.0000000000,exit_right
72300,1,0.0000000000,0.0000000000,1.5000000000,0.0000000000,exit_right
72400,1,0.0000000000,0.0000000000,1.5000000000,0.0000000000,exit_right
72500,1,0.0000000000,0.0000000000,1.1152525359,0.0000000000,scatter
72500,2,1.1152525359,0.0000000000,1.5000000000,-0.5304083492,exit_right
72600,1,0.0000000000,0.0000000000,1.5000000000,0.0000000000,exit_right
72700,1,0.0000000000,0.0000000000,0.3117013494,0.0000000000,scatter
72700,2,0.3117013494,0.0000000000,0.3253046934,1.4875362011,absorb
72800,1,0.0000000000,0.0000000000,1.5000000000,0.0000000000,exit_right
72900,1,0.0000000000,0.0000000000,0.2319512494,0.0000000000,scatter
72900,2,0.2319512494,0.0000000000,0.0000000000,0.5977305607,exit_left
73000,1,0.0000000000,0.0000000000,0.3151792765,0.0000000000,absorb
73100,1,0.0000000000,0.0000000000,1.5000000000,0.0000000000,exit_right
73200,1,0.0000000000,0.0000000000,0.1919036641,0.0000000000,absorb
73300,1,0.0000000000,0.0000000000,1.5000000000,0.0000000000,exit_right
73400,1,0.0000000000,0.0000000000,1.5000000000,0.0000000000,exit_right
73500,1,0.0000000000,0.0000000000,1.5000000000,0.0000000000,exit_right
73600,1,0.0000000000,0.0000000000,1.5000000000,0.0000000000,exit_right
73700,1,0.0000000000,0.0000000000,0.0193513453,0.0000000000,scatter
73700,2,0.0193513453,0.0000000000,0.0000000000,-0.0158623599,exit_left
73800,1,0.0000000000,0.0000000000,0.2167103294,0.0000000000,scatter
73800,2,0.2167103294,0.0000000000,1.5000000000,-0.2120966945,exit_right
73900,1,0.0000000000,0.0000000000,1.5000000000,0.0000000000,exit_right
74000,1,0.0000000000,0.0000000000,1.5000000000,0.0000000000,exit_right
74100,1,0.0000000000,0.0000000000,0.5129795062,0.0000000000,scatter
74100,2,0.5129795062,0.0000000000,0.0094534067,-1.1146129639,scatter
74100,3,0.0094534067,-1.1146129639,0.0000000000,-0.8043916165,exit_left
74200,1,0.0000000000,0.0000000000,1.5000000000,0.0000000000,exit_right
74300,1,0.0000000000,0.0000000000,0.5456061900,0.0000000000,scatter
74300,2,0.5456061900,0.0000000000,0.8230045539,-0.2163872495,scatter
74300,3,0.8230045539,-0.2163872495,0.7481318166,-0.0507012927,scatter
74300,4,0.7481318166,-0.0507012927,0.2253720002,1.5441775845,scatter
74300,5,0.2253720002,1.5441775845,0.1328377229,2.5884670075,absorb
74400,1,0.0000000000,0.0000000000,0.0881197496,0.0000000000,scatter
74400,2,0.0881197496,0.0000000000,0.0000000000,0.0242743168,exit_left
74500,1,0.0000000000,0.0000000000,0.9896083336,0.0000000000,absorb
74600,1,0.0000000000,0.0000000000,1.5000000000,0.0000000000,exit_right
74700,1,0.0000000000,0.0000000000,1.1026680184,0.0000000000,scatter
74700,2,1.1026680184,0.0000000000,0.9747008537,2.1089196705,scatter
74700,3,0.9747008537,2.1089196705,1.5000000000,1.7769191254,exit_right
74800,1,0.0000000000,0.0000000000,1.5000000000,0.0000000000,exit_right
74900,1,0.0000000000,0.0000000000,0.6778383915,0.0000000000,scatter
74900,2,0.6778383915,0.0000000000,1.5000000000,0.7055833904,exit_right
75000,1,0.0000000000,0.0000000000,0.1727910325,0.0000000000,scatter
75000,2,0.1727910325,0.0000000000,0.4377404808,0.0631203629,absorb
75100,1,0.0000000000,0.0000000000,0.9536246985,0.0000000000,scatter
75100,2,0.9536246985,0.0000000000,1.5000000000,-0.2702665069,exit_right
75200,1,0.0000000000,0.0000000000,0.0565762756,0.0000000000,scatter
75200,2,0.0565762756,0.0000000000,0.6614450019,0.3059961233,scatter
75200,3,0.6614450019,0.3059961233,0.0000000000,0.8961053372,exit_left
75300,1,0.0000000000,0.0000000000,0.0998368380,0.0000000000,scatter
75300,2,0.0998368380,0.0000000000,0.8799524830,-0.7156093991,absorb
75400,1,0.0000000000,0.0000000000,0.9517367241,0.0000000000,absorb
75500,1,0.0000000000,0.0000000000,1.5000000000,0.0000000000,exit_right
75600,1,0.0000000000,0.0000000000,1.5000000000,0.0000000000,exit_right
75700,1,0.0000000000,0.0000000000,1.5000000000,0.0000000000,exit_right
75800,1,0.0000000000,0.0000000000,1.5000000000,0.0000000000,exit_right
75900,1,0.0000000000,0.0000000000,0.0291526406,0.0000000000,scatter
75900,2,0.0291526406,0.0000000000,0.0000000000,-0.0602362546,exit_left
76000,1,0.0000000000,0.0000000000,1.5000000000,0.0000000000,exit_right
76100,1,0.0000000000,0.0000000000,1.5000000000,0.0000000000,exit_right
76200,1,0.0000000000,0.0000000000,1.5000000000,0.0000000000,exit_right
76300,1,0.0000000000,0.0000000000,1.1116350547,0.0000000000,scatter
76300,2,1.1116350547,0.0000000000,1.5000000000,0.2198407971,exit_right
76400,1,0.0000000000,0.0000000000,0.2461251177,0.0000000000,scatter
76400,2,0.2461251177,0.0000000000,1.5000000000,-1.6700919043,exit_right
76500,1,0.0000000000,0.0000000000,1.5000000000,0.0000000000,exit_right
76600,1,0.0000000000,0.0000000000,0.8271508240,0.0000000000,scatter
76600,2,0.8271508240,0.0000000000,0.0000000000,-0.8727142779,exit_left
76700,1,0.0000000000,0.0000000000,1.5000000000,0.0000000000,exit_right
76800,1,0.0000000000,0.0000000000,0.9079796893,0.0000000000,scatter
76800,2,0.9079796893,0.0000000000,0.2012250638,0.1238988500,scatter
76800,3,0.2012250638,0.1238988500,0.3965091221,0.2794416653,scatter
76800,4,0.3965091221,0.2794416653,1.5000000000,-2.1609583865,exit_right
76900,1,0.0000000000,0.0000000000,0.2112891010,0.0000000000,scatter
76900,2,0.2112891010,0.0000000000,0.2572559113,-0.0591809308,absorb
77000,1,0.0000000000,0.0000000000,1.4351302328,0.0000000000,scatter
77000,2,1.4351302328,0.0000000000,1.2306474235,-0.1572951384,scatter
77000,3,1.2306474235,-0.1572951384,1.5000000000,-0.2860267589,exit_right
77100,1,0.0000000000,0.0000000000,0.1072459314,0.0000000000,absorb
77200,1,0.0000000000,0.0000000000,1.5000000000,0.0000000000,exit_right
77300,1,0.0000000000,0.0000000000,1.5000000000,0.0000000000,exit_right
77400,1,0.0000000000,0.0000000000,1.5000000000,0.0000000000,exit_right
77500,1,0.0000000000,0.0000000000,0.4053363544,0.0000000000,scatter
77500,2,0.4053363544,0.0000000000,1.5000000000,0.5757942240,exit_right
77600,1,0.0000000000,0.0000000000,1.5000000000,0.0000000000,exit_right
77700,1,0.0000000000,0.0000000000,1.5000000000,0.0000000000,exit_right
77800,1,0.0000000000,0.0000000000,1.5000000000,0.0000000000,exit_right
77900,1,0.0000000000,0.0000000000,1.5000000000,0.0000000000,exit_right
78000,1,0.0000000000,0.0000000000,1.5000000000,0.0000000000,exit_right
78100,1,0.0000000000,0.0000000000,1.5000000000,0.0000000000,exit_right
78200,1,0.0000000000,0.0000000000,1.5000000000,0.0000000000,exit_right
78300,1,0.0000000000,0.0000000000,1.5000000000,0.0000000000,exit_right
78400,1,0.0000000000,0.0000000000,1.1676343380,0.0000000000,scatter
78400,2,1.1676343380,0.0000000000,0.0000000000,-0.0162923412,exit_left
78500,1,0.0000000000,0.0000000000,1.5000000000,0.0000000000,exit_right
78600,1,0.0000000000,0.0000000000,0.0756992795,0.0000000000,scatter
78600,2,0.0756992795,0.0000000000,1.5000000000,1.8110042074,exit_right
78700,1,0.0000000000,0.0000000000,1.0070376439,0.0000000000,scatter
78700,2,1.0070376439,0.0000000000,1.3604082282,-1.3008863945,scatter
78700,3,1.3604082282,-1.3008863945,1.5000000000,-1.3049441511,exit_right
78800,1,0.0000000000,0.0000000000,1.3889025423,0.0000000000,scatter
78800,2,1.3889025423,0.0000000000,1.5000000000,0.0398578007,exit_right
78900,1,0.0000000000,0.0000000000,0.6161197412,0.0000000000,scatter
78900,2,0.6161197412,0.0000000000,0.1616787522,-1.2551246215,scatter
78900,3,0.1616787522,-1.2551246215,0.0000000000,-1.3503615851,exit_left
79000,1,0.0000000000,0.0000000000,1.5000000000,0.0000000000,exit_right
79100,1,0.0000000000,0.0000000000,0.0957696455,0.0000000000,scatter
79100,2,0.0957696455,0.0000000000,1.3692863862,-1.2248312247,scatter
79100,3,1.3692863862,-1.2248312247,1.1041078718,-1.9489012237,absorb
79200,1,0.0000000000,0.0000000000,0.5325598793,0.0000000000,scatter
79200,2,0.5325598793,0.0000000000,0.7185307972,-1.1946098815,scatter
79200,3,0.7185307972,-1.1946098815,0.6228161072,-1.4883144149,scatter
79200,4,0.6228161072,-1.4883144149,0.6271856574,-1.4886266857,absorb
79300,1,0.0000000000,0.0000000000,0.8022573419,0.0000000000,scatter
79300,2,0.8022573419,0.0000000000,0.9138227093,-1.4261510669,scatter
79300,3,0.9138227093,-1.4261510669,0.9327450203,-2.1389604994,scatter
79300,4,0.9327450203,-2.1389604994,0.0000000000,-1.6376816072,exit_left
79400,1,0.0000000000,0.0000000000,1.5000000000,0.0000000000,exit_right
79500,1,0.0000000000,0.0000000000,0.9053037291,0.0000000000,scatter
79500,2,0.9053037291,0.0000000000,1.3297848250,-0.1559980888,absorb
79600,1,0.0000000000,0.0000000000,0.4841851708,0.0000000000,scatter
79600,2,0.4841851708,0.0000000000,0.5903797093,-0.3931697481,absorb
79700,1,0.0000000000,0.0000000000,1.5000000000,0.0000000000,exit_right
79800,1,0.0000000000,0.0000000000,1.5000000000,0.0000000000,exit_right
79900,1,0.0000000000,0.0000000000,0.9576661806,0.0000000000,scatter
79900,2,0.9576661806,0.0000000000,1.5000000000,-0.2160711441,exit_right
80000,1,0.0000000000,0.0000000000,0.6231429515,0.0000000000,absorb
80100,1,0.0000000000,0.0000000000,0.0523649830,0.0000000000,scatter
80100,2,0.0523649830,0.0000000000,1.2562248762,5.1491239922,scatter
80100,3,1.2562248762,5.1491239922,1.5000000000,4.9830961745,exit_right
80200,1,0.0000000000,0.0000000000,1.5000000000,0.0000000000,exit_right
80300,1,0.0000000000,0.0000000000,0.0434856021,0.0000000000,scatter
80300,2,0.0434856021,0.0000000000,0.0433943932,-0.0011459986,scatter
80300,3,0.0433943932,-0.0011459986,0.0000000000,-0.0125891931,exit_left
80400,1,0.0000000000,0.0000000000,0.2167509348,0.0000000000,absorb
80500,1,0.0000000000,0.0000000000,1.5000000000,0.0000000000,exit_right
80600,1,0.0000000000,0.0000000000,0.4039779583,0.0000000000,absorb
80700,1,0.0000000000,0.0000000000,1.5000000000,0.0000000000,exit_right
80800,1,0.0000000000,0.0000000000,1.5000000000,0.0000000000,exit_right
80900,1,0.0000000000,0.0000000000,1.5000000000,0.0000000000,exit_right
81000,1,0.0000000000,0.0000000000,0.1620812325,0.0000000000,scatter
81000,2,0.1620812325,0.0000000000,1.0240213250,-2.5427933170,scatter
81000,3,1.0240213250,-2.5427933170,1.5000000000,-2.5310777249,exit_right
81100,1,0.0000000000,0.0000000000,1.5000000000,0.0000000000,exit_right
81200,1,0.0000000000,0.0000000000,1.2834051282,0.0000000000,scatter
81200,2,1.2834051282,0.0000000000,1.5000000000,0.1039623373,exit_right
81300,1,0.0000000000,0.0000000000,0.3532837628,0.0000000000,scatter
81300,2,0.3532837628,0.0000000000,0.0000000000,0.1384061596,exit_left
81400,1,0.0000000000,0.0000000000,0.3379394073,0.0000000000,scatter
81400,2,0.3379394073,0.0000000000,0.0000000000,0.3225138650,exit_left
81500,1,0.0000000000,0.0000000000,0.6854337958,0.0000000000,absorb
81600,1,0.0000000000,0.0000000000,0.8364767717,0.0000000000,scatter
81600,2,0.8364767717,0.0000000000,1.5000000000,-1.0195134999,exit_right
81700,1,0.0000000000,0.0000000000,0.3545876740,0.0000000000,scatter
81700,2,0.3545876740,0.0000000000,0.0000000000,0.1447807602,exit_left
81800,1,0.0000000000,0.0000000000,1.2589464779,0.0000000000,scatter
81800,2,1.2589464779,0.0000000000,1.3549746434,-0.0393025825,scatter
81800,3,1.3549746434,-0.0393025825,1.1766007439,-0.5360003562,scatter
81800,4,1.1766007439,-0.5360003562,1.3287306028,-0.2409878954,scatter
81800,5,1.3287306028,-0.2409878954,1.3858127576,-0.7243646252,scatter
81800,6,1.3858127576,-0.7243646252,1.5000000000,-0.3271408584,exit_right
81900,1,0.0000000000,0.0000000000,0.7876316983,0.0000000000,absorb
82000,1,0.0000000000,0.0000000000,1.0007976007,0.0000000000,scatter
82000,2,1.0007976007,0.0000000000,0.0000000000,0.5052902183,exit_left
82100,1,0.0000000000,0.0000000000,1.5000000000,0.0000000000,exit_right
82200,1,0.0000000000,0.0000000000,0.9936548167,0.0000000000,scatter
82200,2,0.9936548167,0.0000000000,1.4413868030,-0.0715515955,scatter
82200,3,1.4413868030,-0.0715515955,1.2631944131,-0.0930697870,absorb
82300,1,0.0000000000,0.0000000000,0.6210157576,0.0000000000,scatter
82300,2,0.6210157576,0.0000000000,0.5709145667,0.0799959522,scatter
82300,3,0.5709145667,0.0799959522,0.0000000000,0.3747548180,exit_left
82400,1,0.0000000000,0.0000000000,1.5000000000,0.0000000000,exit_right
82500,1,0.0000000000,0.0000000000,1.5000000000,0.0000000000,exit_right
82600,1,0.0000000000,0.0000000000,1.1834618459,0.0000000000,scatter
82600,2,1.1834618459,0.0000000000,1.5000000000,-0.2065112945,exit_right
82700,1,0.0000000000,0.0000000000,0.5962130320,0.0000000000,scatter
82700,2,0.5962130320,0.0000000000,0.0000000000,0.5066673017,exit_left
82800,1,0.0000000000,0.0000000000,0.7613872164,0.0000000000,scatter
82800,2,0.7613872164,0.0000000000,0.6727377373,0.0851096415,scatter
82800,3,0.6727377373,0.0851096415,0.7730100819,0.1079143292,scatter
82800,4,0.7730100819,0.1079143292,1.2397403997,-4.4076675803,scatter
82800,5,1.2397403997,-4.4076675803,1.5000000000,-4.3194467704,exit_right
82900,1,0.0000000000,0.0000000000,1.5000000000,0.0000000000,exit_right
83000,1,0.0000000000,0.0000000000,0.2167422712,0.0000000000,absorb
83100,1,0.0000000000,0.0000000000,0.6406495826,0.0000000000,scatter
83100,2,0.6406495826,0.0000000000,1.5000000000,-1.0296625041,exit_right
83200,1,0.0000000000,0.0000000000,1.5000000000,0.0000000000,exit_right
83300,1,0.0000000000,0.0000000000,1.5000000000,0.0000000000,exit_right
83400,1,0.0000000000,0.0000000000,0.6383178006,0.0000000000,scatter
83400,2,0.6383178006,0.0000000000,0.0000000000,-0.3194653883,exit_left
83500,1,0.0000000000,0.0000000000,1.5000000000,0.0000000000,exit_right
83600,1,0.0000000000,0.0000000000,0.7203174810,0.0000000000,scatter
83600,2,0.7203174810,0.0000000000,0.8687999791,0.1568584045,scatter
83600,3,0.8687999791,0.1568584045,0.8714812134,0.1477139054,scatter
83600,4,0.8714812134,0.1477139054,1.2095472118,-0.1614441388,absorb
83700,1,0.0000000000,0.0000000000,0.5538151394,0.0000000000,scatter
83700,2,0.5538151394,0.0000000000,1.3187802552,-0.2985211408,scatter
83700,3,1.3187802552,-0.2985211408,1.5000000000,-0.3470448668,exit_right
83800,1,0.0000000000,0.0000000000,0.2149717213,0.0000000000,scatter
83800,2,0.2149717213,0.0000000000,1.1003055444,-0.1951423313,scatter
83800,3,1.1003055444,-0.1951423313,1.1695651363,-0.2316510244,scatter
83800,4,1.1695651363,-0.2316510244,0.0000000000,-3.3456842769,exit_left
83900,1,0.0000000000,0.0000000000,1.5000000000,0.0000000000,exit_right
84000,1,0.0000000000,0.0000000000,0.7528816583,0.0000000000,scatter
84000,2,0.7528816583,0.0000000000,0.6867483438,-0.0026801449,scatter
84000,3,0.6867483438,-0.0026801449,1.5000000000,-0.5574002025,exit_right
84100,1,0.0000000000,0.0000000000,1.5000000000,0.0000000000,exit_right
84200,1,0.0000000000,0.0000000000,0.3545621353,0.0000000000,scatter
84200,2,0.3545621353,0.0000000000,0.2948219955,1.5954911515,scatter
84200,3,0.2948219955,1.5954911515,0.8909235411,0.7952936011,scatter
84200,4,0.8909235411,0.7952936011,0.0000000000,1.0243523168,exit_left
84300,1,0.0000000000,0.0000000000,0.3115265472,0.0000000000,absorb
84400,1,0.0000000000,0.0000000000,0.0053944247,0.0000000000,scatter
84400,2,0.0053944247,0.0000000000,0.0000000000,0.0064686273,exit_left
84500,1,0.0000000000,0.0000000000,0.4952905977,0.0000000000,scatter
84500,2,0.4952905977,0.0000000000,0.0000000000,-1.6656493569,exit_left
84600,1,0.0000000000,0.0000000000,1.4955260973,0.0000000000,scatter
84600,2,1.4955260973,0.0000000000,0.5744508545,-2.4255383893,scatter
84600,3,0.5744508545,-2.4255383893,0.0000000000,-2.3887087401,exit_left
84700,1,0.0000000000,0.0000000000,1.5000000000,0.0000000000,exit_right
84800,1,0.0000000000,0.0000000000,1.5000000000,0.0000000000,exit_right
84900,1,0.0000000000,0.0000000000,1.2917039728,0.0000000000,scatter
84900,2,1.2917039728,0.0000000000,1.5000000000,-0.0869366796,exit_right
85000,1,0.0000000000,0.0000000000,1.5000000000,0.0000000000,exit_right
85100,1,0.0000000000,0.0000000000,0.2856433187,0.0000000000,absorb
85200,1,0.0000000000,0.0000000000,1.5000000000,0.0000000000,exit_right
85300,1,0.0000000000,0.0000000000,1.5000000000,0.0000000000,exit_right
85400,1,0.0000000000,0.0000000000,1.5000000000,0.0000000000,exit_right
85500,1,0.0000000000,0.0000000000,0.4773357815,0.0000000000,scatter
85500,2,0.4773357815,0.0000000000,0.4382280550,0.4775585844,scatter
85500,3,0.4382280550,0.4775585844,0.0000000000,0.7221679397,exit_left
85600,1,0.0000000000,0.0000000000,1.0158788506,0.0000000000,scatter
85600,2,1.0158788506,0.0000000000,1.5000000000,-0.4371508968,exit_right
85700,1,0.0000000000,0.0000000000,1.0065399353,0.0000000000,absorb
85800,1,0.0000000000,0.0000000000,1.5000000000,0.0000000000,exit_right
85900,1,0.0000000000,0.0000000000,1.5000000000,0.0000000000,exit_right
86000,1,0.0000000000,0.0000000000,1.5000000000,0.0000000000,exit_right
86100,1,0.0000000000,0.0000000000,1.5000000000,0.0000000000,exit_right
86200,1,0.0000000000,0.0000000000,0.3308685995,0.0000000000,scatter
86200,2,0.3308685995,0.0000000000,1.5000000000,1.6076412922,exit_right
86300,1,0.0000000000,0.0000000000,1.0472549541,0.0000000000,scatter
86300,2,1.0472549541,0.0000000000,0.0000000000,-0.2427476023,exit_left
86400,1,0.0000000000,0.0000000000,0.9089754193,0.0000000000,absorb
86500,1,0.0000000000,0.0000000000,1.5000000000,0.0000000000,exit_right
86600,1,0.0000000000,0.0000000000,0.8342641206,0.0000000000,absorb
86700,1,0.0000000000,0.0000000000,0.2194079384,0.0000000000,scatter
86700,2,0.2194079384,0.0000000000,0.0000000000,-0.1883798339,exit_left
86800,1,0.0000000000,0.0000000000,1.5000000000,0.0000000000,exit_right
86900,1,0.0000000000,0.0000000000,1.5000000000,0.0000000000,exit_right
87000,1,0.0000000000,0.0000000000,0.2606069029,0.0000000000,scatter
87000,2,0.2606069029,0.0000000000,1.5000000000,-0.7420341351,exit_right
87100,1,0.0000000000,0.0000000000,1.5000000000,0.0000000000,exit_right
87200,1,0.0000000000,0.0000000000,0.6243685423,0.0000000000,scatter
87200,2,0.6243685423,0.0000000000,0.0000000000,-0.5739406445,exit_left
87300,1,0.0000000000,0.0000000000,1.2994872198,0.0000000000,scatter
87300,2,1.2994872198,0.0000000000,1.3541304854,-0.0177840331,scatter
87300,3,1.3541304854,-0.0177840331,0.9948932768,-2.6501058177,absorb
87400,1,0.0000000000,0.0000000000,1.4966794437,0.0000000000,scatter
87400,2,1.4966794437,0.0000000000,1.4985106015,-0.0127064344,scatter
87400,3,1.4985106015,-0.0127064344,1.5000000000,-0.0128230767,exit_right
87500,1,0.0000000000,0.0000000000,1.5000000000,0.0000000000,exit_right
87600,1,0.0000000000,0.0000000000,1.5000000000,0.0000000000,exit_right
87700,1,0.0000000000,0.0000000000,1.5000000000,0.0000000000,exit_right
87800,1,0.0000000000,0.0000000000,0.2159998291,0.0000000000,scatter
87800,2,0.2159998291,0.0000000000,0.0000000000,-0.1963053277,exit_left
87900,1,0.0000000000,0.0000000000,1.5000000000,0.0000000000,exit_right
88000,1,0.0000000000,0.0000000000,1.5000000000,0.0000000000,exit_right
88100,1,0.0000000000,0.0000000000,0.2611409435,0.0000000000,scatter
88100,2,0.2611409435,0.0000000000,0.8717456024,0.2047001684,absorb
88200,1,0.0000000000,0.0000000000,0.5496867389,0.0000000000,scatter
88200,2,0.5496867389,0.0000000000,0.0000000000,-0.0562552026,exit_left
88300,1,0.0000000000,0.0000000000,0.0460621090,0.0000000000,scatter
88300,2,0.0460621090,0.0000000000,0.2731180211,-0.3673321262,scatter
88300,3,0.2731180211,-0.3673321262,1.5000000000,-0.6657636700,exit_right
88400,1,0.0000000000,0.0000000000,1.5000000000,0.0000000000,exit_right
88500,1,0.0000000000,0.0000000000,1.5000000000,0.0000000000,exit_right
88600,1,0.0000000000,0.0000000000,1.5000000000,0.0000000000,exit_right
88700,1,0.0000000000,0.0000000000,1.5000000000,0.0000000000,exit_right
88800,1,0.0000000000,0.0000000000,1.5000000000,0.0000000000,exit_right
88900,1,0.0000000000,0.0000000000,0.1467999873,0.0000000000,absorb
89000,1,0.0000000000,0.0000000000,0.1910524607,0.0000000000,scatter
89000,2,0.1910524607,0.0000000000,0.1377127797,0.0435766710,scatter
89000,3,0.1377127797,0.0435766710,0.3354037149,-0.1273550225,scatter
89000,4,0.3354037149,-0.1273550225,0.5122789694,-1.1874138861,absorb
89100,1,0.0000000000,0.0000000000,1.5000000000,0.0000000000,exit_right
89200,1,0.0000000000,0.0000000000,0.5132535681,0.0000000000,scatter
89200,2,0.5132535681,0.0000000000,0.3408544500,-0.5295628460,scatter
89200,3,0.3408544500,-0.5295628460,0.2020953157,-0.4336143981,absorb
89300,1,0.0000000000,0.0000000000,0.0667735714,0.0000000000,absorb
89400,1,0.0000000000,0.0000000000,0.0222599969,0.0000000000,scatter
89400,2,0.0222599969,0.0000000000,1.0935894434,0.4868132104,scatter
89400,3,1.0935894434,0.4868132104,1.5000000000,1.1521339377,exit_right
89500,1,0.0000000000,0.0000000000,0.3614977552,0.0000000000,scatter
89500,2,0.3614977552,0.0000000000,0.3337057053,2.0584402655,scatter
89500,3,0.3337057053,2.0584402655,0.0000000000,1.8615826966,exit_left
89600,1,0.0000000000,0.0000000000,1.5000000000,0.0000000000,exit_right
89700,1,0.0000000000,0.0000000000,0.3346959348,0.0000000000,scatter
89700,2,0.3346959348,0.0000000000,1.5000000000,0.6519855042,exit_right
89800,1,0.0000000000,0.0000000000,1.5000000000,0.0000000000,exit_right
89900,1,0.0000000000,0.0000000000,1.5000000000,0.0000000000,exit_right
90000,1,0.0000000000,0.0000000000,1.5000000000,0.0000000000,exit_right
90100,1,0.0000000000,0.0000000000,0.9208301330,0.0000000000,scatter
90100,2,0.9208301330,0.0000000000,0.0000000000,2.6854612612,exit_left
90200,1,0.0000000000,0.0000000000,1.5000000000,0.0000000000,exit_right
90300,1,0.0000000000,0.0000000000,1.5000000000,0.0000000000,exit_right
90400,1,0.0000000000,0.0000000000,1.5000000000,0.0000000000,exit_right
90500,1,0.0000000000,0.0000000000,1.3250784283,0.0000000000,absorb
90600,1,0.0000000000,0.0000000000,0.2048917020,0.0000000000,scatter
90600,2,0.2048917020,0.0000000000,0.4336971328,-0.2154609045,absorb
90700,1,0.0000000000,0.0000000000,1.5000000000,0.0000000000,exit_right
90800,1,0.0000000000,0.0000000000,1.5000000000,0.0000000000,exit_right
90900,1,0.0000000000,0.0000000000,0.0326385596,0.0000000000,scatter
90900,2,0.0326385596,0.0000000000,1.5000000000,-0.1298075481,exit_right
91000,1,0.0000000000,0.0000000000,1.5000000000,0.0000000000,exit_right
91100,1,0.0000000000,0.0000000000,1.5000000000,0.0000000000,exit_right
91200,1,0.0000000000,0.0000000000,1.5000000000,0.0000000000,exit_right
91300,1,0.0000000000,0.0000000000,0.6135802322,0.0000000000,absorb
91400,1,0.0000000000,0.0000000000,0.1726485954,0.0000000000,scatter
91400,2,0.1726485954,0.0000000000,0.0000000000,0.3386895959,exit_left
91500,1,0.0000000000,0.0000000000,0.5055899954,0.0000000000,scatter
91500,2,0.5055899954,0.0000000000,0.4258745303,-0.0774760875,scatter
91500,3,0.4258745303,-0.0774760875,0.3524292841,-0.2719076765,absorb
91600,1,0.0000000000,0.0000000000,1.5000000000,0.0000000000,exit_right
91700,1,0.0000000000,0.0000000000,0.2087077114,0.0000000000,absorb
91800,1,0.0000000000,0.0000000000,0.3926317836,0.0000000000,absorb
91900,1,0.0000000000,0.0000000000,1.5000000000,0.0000000000,exit_right
92000,1,0.0000000000,0.0000000000,1.5000000000,0.0000000000,exit_right
92100,1,0.0000000000,0.0000000000,0.6389809620,0.0000000000,scatter
92100,2,0.6389809620,0.0000000000,0.5147926915,-0.3871367118,scatter
92100,3,0.5147926915,-0.3871367118,1.3810313246,-1.5628174183,absorb
92200,1,0.0000000000,0.0000000000,1.5000000000,0.0000000000,exit_right
92300,1,0.0000000000,0.0000000000,0.6376891171,0.0000000000,scatter
92300,2,0.6376891171,0.0000000000,0.2140976451,-0.5414630254,scatter
92300,3,0.2140976451,-0.5414630254,1.5000000000,-0.2668019055,exit_right
92400,1,0.0000000000,0.0000000000,0.5531024561,0.0000000000,absorb
92500,1,0.0000000000,0.0000000000,0.6201977097,0.0000000000,scatter
92500,2,0.6201977097,0.0000000000,1.5000000000,0.3349960645,exit_right
92600,1,0.0000000000,0.0000000000,1.0889037129,0.0000000000,scatter
92600,2,1.0889037129,0.0000000000,0.2898913768,-1.1336719667,scatter
92600,3,0.2898913768,-1.1336719667,0.0000000000,-0.3620582377,exit_left
92700,1,0.0000000000,0.0000000000,1.5000000000,0.0000000000,exit_right
92800,1,0.0000000000,0.0000000000,0.8826858078,0.0000000000,scatter
92800,2,0.8826858078,0.0000000000,1.5000000000,0.0222838784,exit_right
92900,1,0.0000000000,0.0000000000,0.3702196795,0.0000000000,absorb
93000,1,0.0000000000,0.0000000000,1.5000000000,0.0000000000,exit_right
93100,1,0.0000000000,0.0000000000,0.5379157551,0.0000000000,absorb
93200,1,0.0000000000,0.0000000000,1.2685001048,0.0000000000,scatter
93200,2,1.2685001048,0.0000000000,1.5000000000,0.2683620837,exit_right
93300,1,0.0000000000,0.0000000000,0.2850895739,0.0000000000,scatter
93300,2,0.2850895739,0.0000000000,0.0000000000,-0.2581722571,exit_left
93400,1,0.0000000000,0.0000000000,1.5000000000,0.0000000000,exit_right
93500,1,0.0000000000,0.0000000000,1.5000000000,0.0000000000,exit_right
93600,1,0.0000000000,0.0000000000,1.5000000000,0.0000000000,exit_right
93700,1,0.0000000000,0.0000000000,1.1298021773,0.0000000000,scatter
93700,2,1.1298021773,0.0000000000,0.0000000000,0.0271519627,exit_left
93800,1,0.0000000000,0.0000000000,0.5476918522,0.0000000000,scatter
93800,2,0.5476918522,0.0000000000,0.6042582091,2.7760538700,scatter
93800,3,0.6042582091,2.7760538700,0.6551907333,2.4089963652,scatter
93800,4,0.6551907333,2.4089963652,1.5000000000,1.7548373892,exit_right
93900,1,0.0000000000,0.0000000000,1.5000000000,0.0000000000,exit_right
94000,1,0.0000000000,0.0000000000,1.0904173725,0.0000000000,scatter
94000,2,1.0904173725,0.0000000000,1.2202186196,0.1583606230,scatter
94000,3,1.2202186196,0.1583606230,1.5000000000,0.3344975940,exit_right
94100,1,0.0000000000,0.0000000000,1.5000000000,0.0000000000,exit_right
94200,1,0.0000000000,0.0000000000,1.5000000000,0.0000000000,exit_right
94300,1,0.0000000000,0.0000000000,1.5000000000,0.0000000000,exit_right
94400,1,0.0000000000,0.0000000000,1.5000000000,0.0000000000,exit_right
94500,1,0.0000000000,0.0000000000,1.5000000000,0.0000000000,exit_right
94600,1,0.0000000000,0.0000000000,1.2022250560,0.0000000000,scatter
94600,2,1.2022250560,0.0000000000,1.2390267204,-0.0453829594,scatter
94600,3,1.2390267204,-0.0453829594,1.1710565552,-1.1773380015,absorb
94700,1,0.0000000000,0.0000000000,1.5000000000,0.0000000000,exit_right
94800,1,0.0000000000,0.0000000000,1.5000000000,0.0000000000,exit_right
94900,1,0.0000000000,0.0000000000,1.4892941739,0.0000000000,scatter
94900,2,1.4892941739,0.0000000000,0.7446918913,0.7358069494,scatter
94900,3,0.7446918913,0.7358069494,0.0626193641,-0.4109441473,scatter
94900,4,0.0626193641,-0.4109441473,0.7053962209,-0.5672010820,scatter
94900,5,0.7053962209,-0.5672010820,0.8514128430,-0.3344464677,scatter
94900,6,0.8514128430,-0.3344464677,0.0000000000,-0.0278242373,exit_left
95000,1,0.0000000000,0.0000000000,1.5000000000,0.0000000000,exit_right
95100,1,0.0000000000,0.0000000000,1.5000000000,0.0000000000,exit_right
95200,1,0.0000000000,0.0000000000,1.5000000000,0.0000000000,exit_right
95300,1,0.0000000000,0.0000000000,0.4361875772,0.0000000000,scatter
95300,2,0.4361875772,0.0000000000,0.0000000000,-0.5122205070,exit_left
95400,1,0.0000000000,0.0000000000,1.0691597760,0.0000000000,scatter
95400,2,1.0691597760,0.0000000000,1.3175293667,-1.7651002005,scatter
95400,3,1.3175293667,-1.7651002005,1.5000000000,-1.6074170485,exit_right
95500,1,0.0000000000,0.0000000000,1.5000000000,0.0000000000,exit_right
95600,1,0.0000000000,0.0000000000,0.6145101039,0.0000000000,absorb
95700,1,0.0000000000,0.0000000000,0.7526416226,0.0000000000,absorb
95800,1,0.0000000000,0.0000000000,1.5000000000,0.0000000000,exit_right
95900,1,0.0000000000,0.0000000000,1.5000000000,0.0000000000,exit_right
96000,1,0.0000000000,0.0000000000,1.5000000000,0.0000000000,exit_right
96100,1,0.0000000000,0.0000000000,0.5062746239,0.0000000000,scatter
96100,2,0.5062746239,0.0000000000,0.2742350636,-0.0657517094,scatter
96100,3,0.2742350636,-0.0657517094,0.0000000000,-0.0157903376,exit_left
96200,1,0.0000000000,0.0000000000,1.5000000000,0.0000000000,exit_right
96300,1,0.0000000000,0.0000000000,1.5000000000,0.0000000000,exit_right
96400,1,0.0000000000,0.0000000000,1.4116786948,0.0000000000,scatter
96400,2,1.4116786948,0.0000000000,0.0000000000,-2.3404091972,exit_left
96500,1,0.0000000000,0.0000000000,1.3599937073,0.0000000000,scatter
96500,2,1.3599937073,0.0000000000,1.5000000000,0.0536059840,exit_right
96600,1,0.0000000000,0.0000000000,0.3691900009,0.0000000000,scatter
96600,2,0.3691900009,0.0000000000,1.2719892619,1.2336937709,scatter
96600,3,1.2719892619,1.2336937709,1.5000000000,1.2358467158,exit_right
96700,1,0.0000000000,0.0000000000,0.1003474067,0.0000000000,scatter
96700,2,0.1003474067,0.0000000000,0.0000000000,0.0026849540,exit_left
96800,1,0.0000000000,0.0000000000,1.5000000000,0.0000000000,exit_right
96900,1,0.0000000000,0.0000000000,1.5000000000,0.0000000000,exit_right
97000,1,0.0000000000,0.0000000000,1.2670611594,0.0000000000,scatter
97000,2,1.2670611594,0.0000000000,0.7741289920,-0.0715612187,scatter
97000,3,0.7741289920,-0.0715612187,1.5000000000,-2.3399798977,exit_right
97100,1,0.0000000000,0.0000000000,1.5000000000,0.0000000000,exit_right
97200,1,0.0000000000,0.0000000000,0.0442109397,0.0000000000,scatter
97200,2,0.0442109397,0.0000000000,0.1288107746,-0.1508347228,scatter
97200,3,0.1288107746,-0.1508347228,0.0000000000,0.1443791884,exit_left
97300,1,0.0000000000,0.0000000000,1.5000000000,0.0000000000,exit_right
97400,1,0.0000000000,0.0000000000,1.5000000000,0.0000000000,exit_right
97500,1,0.0000000000,0.0000000000,1.1954753423,0.0000000000,scatter
97500,2,1.1954753423,0.0000000000,1.5000000000,-0.1539158904,exit_right
97600,1,0.0000000000,0.0000000000,1.5000000000,0.0000000000,exit_right
97700,1,0.0000000000,0.0000000000,1.5000000000,0.0000000000,exit_right
97800,1,0.0000000000,0.0000000000,0.0634549115,0.0000000000,scatter
97800,2,0.0634549115,0.0000000000,0.0000000000,0.0131828150,exit_left
97900,1,0.0000000000,0.0000000000,0.6555072753,0.0000000000,scatter
97900,2,0.6555072753,0.0000000000,0.0000000000,-0.0858474438,exit_left
98000,1,0.0000000000,0.0000000000,0.8573782907,0.0000000000,scatter
98000,2,0.8573782907,0.0000000000,0.7997893183,0.5633876751,absorb
98100,1,0.0000000000,0.0000000000,1.5000000000,0.0000000000,exit_right
98200,1,0.0000000000,0.0000000000,1.2563741187,0.0000000000,scatter
98200,2,1.2563741187,0.0000000000,1.5000000000,-0.0786723411,exit_right
98300,1,0.0000000000,0.0000000000,0.8131757845,0.0000000000,scatter
98300,2,0.8131757845,0.0000000000,0.2994860154,-0.0853620620,absorb
98400,1,0.0000000000,0.0000000000,1.5000000000,0.0000000000,exit_right
98500,1,0.0000000000,0.0000000000,0.4391875959,0.0000000000,scatter
98500,2,0.4391875959,0.0000000000,0.6220160473,0.9608077640,scatter
98500,3,0.6220160473,0.9608077640,1.5000000000,0.3496429941,exit_right
98600,1,0.0000000000,0.0000000000,1.5000000000,0.0000000000,exit_right
98700,1,0.0000000000,0.0000000000,1.0376531427,0.0000000000,scatter
98700,2,1.0376531427,0.0000000000,1.5000000000,-0.3940039651,exit_right
98800,1,0.0000000000,0.0000000000,1.5000000000,0.0000000000,exit_right
98900,1,0.0000000000,0.0000000000,1.5000000000,0.0000000000,exit_right
99000,1,0.0000000000,0.0000000000,1.5000000000,0.0000000000,exit_right
99100,1,0.0000000000,0.0000000000,0.9595513247,0.0000000000,scatter
99100,2,0.9595513247,0.0000000000,1.1001403846,1.8399069713,scatter
99100,3,1.1001403846,1.8399069713,0.0000000000,1.8830041917,exit_left
99200,1,0.0000000000,0.0000000000,1.5000000000,0.0000000000,exit_right
99300,1,0.0000000000,0.0000000000,1.5000000000,0.0000000000,exit_right
99400,1,0.0000000000,0.0000000000,1.5000000000,0.0000000000,exit_right
99500,1,0.0000000000,0.0000000000,1.5000000000,0.0000000000,exit_right
99600,1,0.0000000000,0.0000000000,0.2409054119,0.0000000000,absorb
99700,1,0.0000000000,0.0000000000,1.1486308876,0.0000000000,absorb
99800,1,0.0000000000,0.0000000000,1.2090079493,0.0000000000,scatter
99800,2,1.2090079493,0.0000000000,1.5000000000,-1.1167386889,exit_right
99900,1,0.0000000000,0.0000000000,0.7015394807,0.0000000000,scatter
99900,2,0.7015394807,0.0000000000,0.9888644073,0.4487954219,scatter
99900,3,0.9888644073,0.4487954219,0.6289400368,0.1398015898,absorb
100000,1,0.0000000000,0.0000000000,1.1432748857,0.0000000000,scatter
100000,2,1.1432748857,0.0000000000,0.0200872848,1.5620234690,scatter
100000,3,0.0200872848,1.5620234690,1.5000000000,-1.1555165124,exit_right
