neutron_id,step,x_start,y_start,x_end,y_end,event
100,1,0.0000000000,0.0000000000,1.1614970992,0.0000000000,scatter
100,2,1.1614970992,0.0000000000,2.0000000000,-0.5854139620,exit_right
200,1,0.0000000000,0.0000000000,2.0000000000,0.0000000000,exit_right
300,1,0.0000000000,0.0000000000,2.0000000000,0.0000000000,exit_right
400,1,0.0000000000,0.0000000000,0.7916718788,0.0000000000,scatter
400,2,0.7916718788,0.0000000000,0.0000000000,1.1279937484,exit_left
500,1,0.0000000000,0.0000000000,1.1655188921,0.0000000000,absorb
600,1,0.0000000000,0.0000000000,1.3104684853,0.0000000000,absorb
700,1,0.0000000000,0.0000000000,1.1502428424,0.0000000000,scatter
700,2,1.1502428424,0.0000000000,0.5272327132,-1.2933584479,scatter
700,3,0.5272327132,-1.2933584479,0.1083444506,-1.9235046828,scatter
700,4,0.1083444506,-1.9235046828,2.0000000000,-2.5198652883,exit_right
800,1,0.0000000000,0.0000000000,2.0000000000,0.0000000000,exit_right
900,1,0.0000000000,0.0000000000,0.1262836652,0.0000000000,absorb
1000,1,0.0000000000,0.0000000000,1.0524370889,0.0000000000,scatter
1000,2,1.0524370889,0.0000000000,0.2509636296,-0.0923127995,scatter
1000,3,0.2509636296,-0.0923127995,0.0000000000,-1.2495968254,exit_left
1100,1,0.0000000000,0.0000000000,1.0990286069,0.0000000000,scatter
1100,2,1.0990286069,0.0000000000,0.0000000000,1.4120693110,exit_left
1200,1,0.0000000000,0.0000000000,2.0000000000,0.0000000000,exit_right
1300,1,0.0000000000,0.0000000000,2.0000000000,0.0000000000,exit_right
1400,1,0.0000000000,0.0000000000,1.2435500647,0.0000000000,scatter
1400,2,1.2435500647,0.0000000000,1.3530801606,-0.0632699061,scatter
1400,3,1.3530801606,-0.0632699061,0.5088998441,-0.5455102850,scatter
1400,4,0.5088998441,-0.5455102850,0.5007713606,-0.5280903160,absorb
1500,1,0.0000000000,0.0000000000,2.0000000000,0.0000000000,exit_right
1600,1,0.0000000000,0.0000000000,1.7013866565,0.0000000000,scatter
1600,2,1.7013866565,0.0000000000,2.0000000000,0.4924519776,exit_right
1700,1,0.0000000000,0.0000000000,2.0000000000,0.0000000000,exit_right
1800,1,0.0000000000,0.0000000000,2.0000000000,0.0000000000,exit_right
1900,1,0.0000000000,0.0000000000,0.6231732037,0.0000000000,scatter
1900,2,0.6231732037,0.0000000000,0.5406455332,0.1198706531,scatter
1900,3,0.5406455332,0.1198706531,1.9923577319,1.4009884475,scatter
1900,4,1.9923577319,1.4009884475,1.2835512153,4.0372605468,scatter
1900,5,1.2835512153,4.0372605468,0.0000000000,4.3660468832,exit_left
2000,1,0.0000000000,0.0000000000,0.8618026947,0.0000000000,absorb
2100,1,0.0000000000,0.0000000000,1.4646715361,0.0000000000,scatter
2100,2,1.4646715361,0.0000000000,1.6998838262,1.0017865000,scatter
2100,3,1.6998838262,1.0017865000,2.0000000000,1.2669859530,exit_right
2200,1,0.0000000000,0.0000000000,2.0000000000,0.0000000000,exit_right
2300,1,0.0000000000,0.0000000000,0.9618959673,0.0000000000,scatter
2300,2,0.9618959673,0.0000000000,0.8634378378,-2.2473586826,scatter
2300,3,0.8634378378,-2.2473586826,0.0000000000,-2.6604338683,exit_left
2400,1,0.0000000000,0.0000000000,0.8058791082,0.0000000000,scatter
2400,2,0.8058791082,0.0000000000,0.5773886255,-0.1142212090,scatter
2400,3,0.5773886255,-0.1142212090,0.0484092451,-1.2447874176,scatter
2400,4,0.0484092451,-1.2447874176,0.3091878876,-1.4467193252,scatter
2400,5,0.3091878876,-1.4467193252,1.1771942493,-2.1378395042,scatter
2400,6,1.1771942493,-2.1378395042,1.2499959111,-5.0767089074,absorb
2500,1,0.0000000000,0.0000000000,0.3742106411,0.0000000000,scatter
2500,2,0.3742106411,0.0000000000,0.4822609101,0.9010319569,scatter
2500,3,0.4822609101,0.9010319569,0.6019034629,0.8889171447,absorb
2600,1,0.0000000000,0.0000000000,2.0000000000,0.0000000000,exit_right
2700,1,0.0000000000,0.0000000000,0.6173307895,0.0000000000,absorb
2800,1,0.0000000000,0.0000000000,1.7066618780,0.0000000000,scatter
2800,2,1.7066618780,0.0000000000,1.2081746636,0.0021199570,scatter
2800,3,1.2081746636,0.0021199570,0.7404101009,0.1813520543,scatter
2800,4,0.7404101009,0.1813520543,0.0000000000,0.2544615855,exit_left
2900,1,0.0000000000,0.0000000000,2.0000000000,0.0000000000,exit_right
3000,1,0.0000000000,0.0000000000,1.8801256994,0.0000000000,scatter
3000,2,1.8801256994,0.0000000000,0.0000000000,0.8218581805,exit_left
3100,1,0.0000000000,0.0000000000,2.0000000000,0.0000000000,exit_right
3200,1,0.0000000000,0.0000000000,0.2690849240,0.0000000000,scatter
3200,2,0.2690849240,0.0000000000,2.0000000000,4.2135993905,exit_right
3300,1,0.0000000000,0.0000000000,1.0273627335,0.0000000000,scatter
3300,2,1.0273627335,0.0000000000,2.0000000000,0.1390379588,exit_right
3400,1,0.0000000000,0.0000000000,0.0002302837,0.0000000000,scatter
3400,2,0.0002302837,0.0000000000,0.0190864109,-0.7071762210,scatter
3400,3,0.0190864109,-0.7071762210,0.1309292433,-0.3130944000,scatter
3400,4,0.1309292433,-0.3130944000,0.9148211639,0.0296405390,scatter
3400,5,0.9148211639,0.0296405390,1.8645769697,0.9354096618,scatter
3400,6,1.8645769697,0.9354096618,1.5072943236,0.9015950148,scatter
3400,7,1.5072943236,0.9015950148,1.4582345597,0.4845463936,scatter
3400,8,1.4582345597,0.4845463936,2.0000000000,0.2970206134,exit_right
3500,1,0.0000000000,0.0000000000,0.5124019060,0.0000000000,scatter
3500,2,0.5124019060,0.0000000000,0.0000000000,-0.3852129121,exit_left
3600,1,0.0000000000,0.0000000000,0.3881666370,0.0000000000,scatter
3600,2,0.3881666370,0.0000000000,0.0000000000,-0.0877760557,exit_left
3700,1,0.0000000000,0.0000000000,0.6782484042,0.0000000000,absorb
3800,1,0.0000000000,0.0000000000,0.5653371157,0.0000000000,scatter
3800,2,0.5653371157,0.0000000000,2.0000000000,-0.6431849372,exit_right
3900,1,0.0000000000,0.0000000000,0.4655277491,0.0000000000,scatter
3900,2,0.4655277491,0.0000000000,0.0609351536,0.3380485518,scatter
3900,3,0.0609351536,0.3380485518,0.4475446455,0.0138757471,absorb
4000,1,0.0000000000,0.0000000000,0.8142265754,0.0000000000,absorb
4100,1,0.0000000000,0.0000000000,0.3325715318,0.0000000000,absorb
4200,1,0.0000000000,0.0000000000,2.0000000000,0.0000000000,exit_right
4300,1,0.0000000000,0.0000000000,2.0000000000,0.0000000000,exit_right
4400,1,0.0000000000,0.0000000000,0.8374184691,0.0000000000,absorb
4500,1,0.0000000000,0.0000000000,2.0000000000,0.0000000000,exit_right
4600,1,0.0000000000,0.0000000000,1.5716637120,0.0000000000,absorb
4700,1,0.0000000000,0.0000000000,0.9252560977,0.0000000000,scatter
4700,2,0.9252560977,0.0000000000,0.6980153660,0.7496185244,scatter
4700,3,0.6980153660,0.7496185244,0.0000000000,-0.0311302628,exit_left
4800,1,0.0000000000,0.0000000000,1.2307067811,0.0000000000,scatter
4800,2,1.2307067811,0.0000000000,2.0000000000,1.6485027176,exit_right
4900,1,0.0000000000,0.0000000000,0.5408923277,0.0000000000,scatter
4900,2,0.5408923277,0.0000000000,2.0000000000,-0.1952175892,exit_right
5000,1,0.0000000000,0.0000000000,0.5198547471,0.0000000000,scatter
5000,2,0.5198547471,0.0000000000,0.0728814247,-0.1247241063,absorb
5100,1,0.0000000000,0.0000000000,2.0000000000,0.0000000000,exit_right
5200,1,0.0000000000,0.0000000000,2.0000000000,0.0000000000,exit_right
5300,1,0.0000000000,0.0000000000,0.9241687921,0.0000000000,scatter
5300,2,0.9241687921,0.0000000000,2.0000000000,3.1534981249,exit_right
5400,1,0.0000000000,0.0000000000,1.1077254697,0.0000000000,scatter
5400,2,1.1077254697,0.0000000000,2.0000000000,-0.9364452515,exit_right
5500,1,0.0000000000,0.0000000000,0.1531115390,0.0000000000,scatter
5500,2,0.1531115390,0.0000000000,0.0000000000,-0.1927335691,exit_left
5600,1,0.0000000000,0.0000000000,2.0000000000,0.0000000000,exit_right
5700,1,0.0000000000,0.0000000000,1.9741430945,0.0000000000,scatter
5700,2,1.9741430945,0.0000000000,2.0000000000,-0.0032523294,exit_right
5800,1,0.0000000000,0.0000000000,2.0000000000,0.0000000000,exit_right
5900,1,0.0000000000,0.0000000000,1.5868282773,0.0000000000,scatter
5900,2,1.5868282773,0.0000000000,1.3262006002,0.4564709305,scatter
5900,3,1.3262006002,0.4564709305,1.3012902759,0.4619305625,scatter
5900,4,1.3012902759,0.4619305625,0.0000000000,-1.1247146735,exit_left
6000,1,0.0000000000,0.0000000000,1.5628912403,0.0000000000,scatter
6000,2,1.5628912403,0.0000000000,1.3735613977,0.7741968542,scatter
6000,3,1.3735613977,0.7741968542,0.0000000000,0.3025836577,exit_left
6100,1,0.0000000000,0.0000000000,2.0000000000,0.0000000000,exit_right
6200,1,0.0000000000,0.0000000000,0.2898669284,0.0000000000,scatter
6200,2,0.2898669284,0.0000000000,0.1895826028,-0.5576674801,scatter
6200,3,0.1895826028,-0.5576674801,0.2860322765,-0.7550156429,absorb
6300,1,0.0000000000,0.0000000000,0.2552517985,0.0000000000,scatter
6300,2,0.2552517985,0.0000000000,2.0000000000,1.5866471196,exit_right
6400,1,0.0000000000,0.0000000000,2.0000000000,0.0000000000,exit_right
6500,1,0.0000000000,0.0000000000,0.3394336156,0.0000000000,scatter
6500,2,0.3394336156,0.0000000000,0.4941118720,-0.1395538641,scatter
6500,3,0.4941118720,-0.1395538641,2.0000000000,-0.0797603834,exit_right
6600,1,0.0000000000,0.0000000000,0.0531420135,0.0000000000,scatter
6600,2,0.0531420135,0.0000000000,1.1981865337,0.6870322739,scatter
6600,3,1.1981865337,0.6870322739,1.3382654554,0.1133494808,absorb
6700,1,0.0000000000,0.0000000000,2.0000000000,0.0000000000,exit_right
6800,1,0.0000000000,0.0000000000,2.0000000000,0.0000000000,exit_right
6900,1,0.0000000000,0.0000000000,0.0230011386,0.0000000000,scatter
6900,2,0.0230011386,0.0000000000,0.0000000000,-0.0297507505,exit_left
7000,1,0.0000000000,0.0000000000,2.0000000000,0.0000000000,exit_right
7100,1,0.0000000000,0.0000000000,1.3234032356,0.0000000000,scatter
7100,2,1.3234032356,0.0000000000,1.7204006587,-0.2361238559,scatter
7100,3,1.7204006587,-0.2361238559,2.0000000000,-0.9813809916,exit_right
7200,1,0.0000000000,0.0000000000,1.5971820929,0.0000000000,absorb
7300,1,0.0000000000,0.0000000000,2.0000000000,0.0000000000,exit_right
7400,1,0.0000000000,0.0000000000,2.0000000000,0.0000000000,exit_right
7500,1,0.0000000000,0.0000000000,1.3372482126,0.0000000000,scatter
7500,2,1.3372482126,0.0000000000,0.5153518270,1.5412966605,scatter
7500,3,0.5153518270,1.5412966605,0.4557257491,1.5586255295,scatter
7500,4,0.4557257491,1.5586255295,0.0000000000,1.8151588164,exit_left
7600,1,0.0000000000,0.0000000000,2.0000000000,0.0000000000,exit_right
7700,1,0.0000000000,0.0000000000,2.0000000000,0.0000000000,exit_right
7800,1,0.0000000000,0.0000000000,1.7919543720,0.0000000000,scatter
7800,2,1.7919543720,0.0000000000,1.5099987648,-0.9193849429,scatter
7800,3,1.5099987648,-0.9193849429,1.6809014970,-0.9695068295,scatter
7800,4,1.6809014970,-0.9695068295,2.0000000000,-1.4284471735,exit_right
7900,1,0.0000000000,0.0000000000,2.0000000000,0.0000000000,exit_right
8000,1,0.0000000000,0.0000000000,1.8046260036,0.0000000000,scatter
8000,2,1.8046260036,0.0000000000,0.6517719466,0.6837353205,scatter
8000,3,0.6517719466,0.6837353205,2.0000000000,2.3018679577,exit_right
8100,1,0.0000000000,0.0000000000,0.1729581459,0.0000000000,scatter
8100,2,0.1729581459,0.0000000000,0.0043977940,-2.6463476961,scatter
8100,3,0.0043977940,-2.6463476961,2.0000000000,-2.7881743825,exit_right
8200,1,0.0000000000,0.0000000000,0.1466860073,0.0000000000,scatter
8200,2,0.1466860073,0.0000000000,2.0000000000,-0.5731982994,exit_right
8300,1,0.0000000000,0.0000000000,1.5868929297,0.0000000000,scatter
8300,2,1.5868929297,0.0000000000,2.0000000000,0.2362002008,exit_right
8400,1,0.0000000000,0.0000000000,2.0000000000,0.0000000000,exit_right
8500,1,0.0000000000,0.0000000000,0.4993807630,0.0000000000,scatter
8500,2,0.4993807630,0.0000000000,0.5290379322,0.0515476847,scatter
8500,3,0.5290379322,0.0515476847,2.0000000000,0.2607037667,exit_right
8600,1,0.0000000000,0.0000000000,0.1007710014,0.0000000000,scatter
8600,2,0.1007710014,0.0000000000,0.9991370079,-0.0725143113,scatter
8600,3,0.9991370079,-0.0725143113,1.1280238566,-0.1668038351,scatter
8600,4,1.1280238566,-0.1668038351,0.9256859604,-0.3491749067,scatter
8600,5,0.9256859604,-0.3491749067,1.6731877547,-0.4335803035,scatter
8600,6,1.6731877547,-0.4335803035,1.6920736682,-0.4813000224,scatter
8600,7,1.6920736682,-0.4813000224,1.4504052527,-0.5592760674,scatter
8600,8,1.4504052527,-0.5592760674,1.5749945550,-0.2887455218,scatter
8600,9,1.5749945550,-0.2887455218,2.0000000000,0.0764418468,exit_right
8700,1,0.0000000000,0.0000000000,0.1754868801,0.0000000000,scatter
8700,2,0.1754868801,0.0000000000,0.3918242576,0.6114574953,scatter
8700,3,0.3918242576,0.6114574953,0.1376595525,1.9115172661,scatter
8700,4,0.1376595525,1.9115172661,0.0000000000,2.0973390353,exit_left
8800,1,0.0000000000,0.0000000000,0.5442357335,0.0000000000,scatter
8800,2,0.5442357335,0.0000000000,0.0558026136,-0.5391424035,scatter
8800,3,0.0558026136,-0.5391424035,2.0000000000,1.9606436773,exit_right
8900,1,0.0000000000,0.0000000000,1.1577320094,0.0000000000,scatter
8900,2,1.1577320094,0.0000000000,2.0000000000,0.0863488560,exit_right
9000,1,0.0000000000,0.0000000000,0.3559822289,0.0000000000,scatter
9000,2,0.3559822289,0.0000000000,0.9738060783,-0.0537864866,absorb
9100,1,0.0000000000,0.0000000000,2.0000000000,0.0000000000,exit_right
9200,1,0.0000000000,0.0000000000,0.4930356386,0.0000000000,scatter
9200,2,0.4930356386,0.0000000000,0.0000000000,0.5059934870,exit_left
9300,1,0.0000000000,0.0000000000,0.5648105958,0.0000000000,scatter
9300,2,0.5648105958,0.0000000000,1.5480938942,-2.9462695688,absorb
9400,1,0.0000000000,0.0000000000,0.0897053165,0.0000000000,absorb
9500,1,0.0000000000,0.0000000000,2.0000000000,0.0000000000,exit_right
9600,1,0.0000000000,0.0000000000,0.2789256593,0.0000000000,scatter
9600,2,0.2789256593,0.0000000000,0.0000000000,2.6095444012,exit_left
9700,1,0.0000000000,0.0000000000,0.6172801437,0.0000000000,scatter
9700,2,0.6172801437,0.0000000000,2.0000000000,-0.0723483017,exit_right
9800,1,0.0000000000,0.0000000000,2.0000000000,0.0000000000,exit_right
9900,1,0.0000000000,0.0000000000,0.6724389041,0.0000000000,absorb
10000,1,0.0000000000,0.0000000000,2.0000000000,0.0000000000,exit_right
10100,1,0.0000000000,0.0000000000,0.9304567812,0.0000000000,scatter
10100,2,0.9304567812,0.0000000000,1.9682788273,-0.7589577899,scatter
10100,3,1.9682788273,-0.7589577899,0.4473413804,-0.0555238872,scatter
10100,4,0.4473413804,-0.0555238872,0.8304470459,0.6302757152,absorb
10200,1,0.0000000000,0.0000000000,1.6739058686,0.0000000000,scatter
10200,2,1.6739058686,0.0000000000,1.8012164206,-0.9262555681,scatter
10200,3,1.8012164206,-0.9262555681,2.0000000000,-0.5588359436,exit_right
10300,1,0.0000000000,0.0000000000,2.0000000000,0.0000000000,exit_right
10400,1,0.0000000000,0.0000000000,0.8184070697,0.0000000000,absorb
10500,1,0.0000000000,0.0000000000,0.0207394009,0.0000000000,scatter
10500,2,0.0207394009,0.0000000000,0.0574214283,0.5504076703,scatter
10500,3,0.0574214283,0.5504076703,1.3705309308,2.6070091889,scatter
10500,4,1.3705309308,2.6070091889,0.7614768515,2.9580109517,scatter
10500,5,0.7614768515,2.9580109517,0.0000000000,3.0812729297,exit_left
10600,1,0.0000000000,0.0000000000,0.3183328953,0.0000000000,scatter
10600,2,0.3183328953,0.0000000000,0.3832525822,0.5040546154,scatter
10600,3,0.3832525822,0.5040546154,2.0000000000,4.4703757280,exit_right
10700,1,0.0000000000,0.0000000000,0.7433580726,0.0000000000,scatter
10700,2,0.7433580726,0.0000000000,0.0000000000,0.9559732903,exit_left
10800,1,0.0000000000,0.0000000000,2.0000000000,0.0000000000,exit_right
10900,1,0.0000000000,0.0000000000,2.0000000000,0.0000000000,exit_right
11000,1,0.0000000000,0.0000000000,2.0000000000,0.0000000000,exit_right
11100,1,0.0000000000,0.0000000000,0.2045550703,0.0000000000,scatter
11100,2,0.2045550703,0.0000000000,2.0000000000,-0.3489165708,exit_right
11200,1,0.0000000000,0.0000000000,2.0000000000,0.0000000000,exit_right
11300,1,0.0000000000,0.0000000000,0.2397803125,0.0000000000,scatter
11300,2,0.2397803125,0.0000000000,2.0000000000,-1.1241859544,exit_right
11400,1,0.0000000000,0.0000000000,0.8564044331,0.0000000000,scatter
11400,2,0.8564044331,0.0000000000,2.0000000000,-1.1420538987,exit_right
11500,1,0.0000000000,0.0000000000,2.0000000000,0.0000000000,exit_right
11600,1,0.0000000000,0.0000000000,1.4518798906,0.0000000000,scatter
11600,2,1.4518798906,0.0000000000,1.7702757016,0.7924851834,scatter
11600,3,1.7702757016,0.7924851834,1.4390638066,0.0037996929,absorb
11700,1,0.0000000000,0.0000000000,0.7955306159,0.0000000000,scatter
11700,2,0.7955306159,0.0000000000,2.0000000000,-1.1596486978,exit_right
11800,1,0.0000000000,0.0000000000,0.6236183061,0.0000000000,scatter
11800,2,0.6236183061,0.0000000000,0.1183536034,-1.5558082701,scatter
11800,3,0.1183536034,-1.5558082701,0.0000000000,-2.0815436882,exit_left
11900,1,0.0000000000,0.0000000000,0.0549998768,0.0000000000,scatter
11900,2,0.0549998768,0.0000000000,0.0000000000,0.0042068609,exit_left
12000,1,0.0000000000,0.0000000000,0.2061058406,0.0000000000,scatter
12000,2,0.2061058406,0.0000000000,0.0000000000,0.2383017194,exit_left
12100,1,0.0000000000,0.0000000000,0.5349281743,0.0000000000,scatter
12100,2,0.5349281743,0.0000000000,0.7603072606,-0.0275518680,scatter
12100,3,0.7603072606,-0.0275518680,2.0000000000,0.8511232567,exit_right
12200,1,0.0000000000,0.0000000000,2.0000000000,0.0000000000,exit_right
12300,1,0.0000000000,0.0000000000,2.0000000000,0.0000000000,exit_right
12400,1,0.0000000000,0.0000000000,0.6674592539,0.0000000000,scatter
12400,2,0.6674592539,0.0000000000,0.0681856674,2.1494090944,scatter
12400,3,0.0681856674,2.1494090944,0.0000000000,2.0783959688,exit_left
12500,1,0.0000000000,0.0000000000,2.0000000000,0.0000000000,exit_right
12600,1,0.0000000000,0.0000000000,2.0000000000,0.0000000000,exit_right
12700,1,0.0000000000,0.0000000000,2.0000000000,0.0000000000,exit_right
12800,1,0.0000000000,0.0000000000,2.0000000000,0.0000000000,exit_right
12900,1,0.0000000000,0.0000000000,2.0000000000,0.0000000000,exit_right
13000,1,0.0000000000,0.0000000000,1.6543224210,0.0000000000,scatter
13000,2,1.6543224210,0.0000000000,2.0000000000,4.8563351239,exit_right
13100,1,0.0000000000,0.0000000000,0.7904853816,0.0000000000,scatter
13100,2,0.7904853816,0.0000000000,0.8528348819,-0.1753118532,scatter
13100,3,0.8528348819,-0.1753118532,0.6913150161,-0.2288505936,scatter
13100,4,0.6913150161,-0.2288505936,0.5034624028,0.0557757810,scatter
13100,5,0.5034624028,0.0557757810,2.0000000000,0.1559832423,exit_right
13200,1,0.0000000000,0.0000000000,0.7421968381,0.0000000000,scatter
13200,2,0.7421968381,0.0000000000,0.0000000000,0.3854381239,exit_left
13300,1,0.0000000000,0.0000000000,0.3362888180,0.0000000000,scatter
13300,2,0.3362888180,0.0000000000,1.8108558885,-0.4444334959,scatter
13300,3,1.8108558885,-0.4444334959,2.0000000000,-1.6210485533,exit_right
13400,1,0.0000000000,0.0000000000,0.4715521952,0.0000000000,scatter
13400,2,0.4715521952,0.0000000000,0.4058376459,0.1211953426,scatter
13400,3,0.4058376459,0.1211953426,0.5330011803,0.5492187267,scatter
13400,4,0.5330011803,0.5492187267,2.0000000000,0.1927970978,exit_right
13500,1,0.0000000000,0.0000000000,1.4141498232,0.0000000000,scatter
13500,2,1.4141498232,0.0000000000,0.9223706626,2.6661254746,scatter
13500,3,0.9223706626,2.6661254746,1.0483021531,2.3131810487,scatter
13500,4,1.0483021531,2.3131810487,2.0000000000,3.1348507907,exit_right
13600,1,0.0000000000,0.0000000000,2.0000000000,0.0000000000,exit_right
13700,1,0.0000000000,0.0000000000,2.0000000000,0.0000000000,exit_right
13800,1,0.0000000000,0.0000000000,0.9973355389,0.0000000000,scatter
13800,2,0.9973355389,0.0000000000,1.7507462705,-2.9496730012,scatter
13800,3,1.7507462705,-2.9496730012,0.0000000000,-2.5244960651,exit_left
13900,1,0.0000000000,0.0000000000,0.2159598978,0.0000000000,scatter
13900,2,0.2159598978,0.0000000000,0.0000000000,-0.3729162470,exit_left
14000,1,0.0000000000,0.0000000000,1.5574231184,0.0000000000,scatter
14000,2,1.5574231184,0.0000000000,0.0547225881,-0.2079949820,scatter
14000,3,0.0547225881,-0.2079949820,0.5919672960,-1.4172055158,scatter
14000,4,0.5919672960,-1.4172055158,0.0000000000,-1.5440588603,exit_left
14100,1,0.0000000000,0.0000000000,2.0000000000,0.0000000000,exit_right
14200,1,0.0000000000,0.0000000000,0.0520370288,0.0000000000,scatter
14200,2,0.0520370288,0.0000000000,0.0208033559,0.1688383020,scatter
14200,3,0.0208033559,0.1688383020,0.6782601807,0.1827772475,scatter
14200,4,0.6782601807,0.1827772475,0.9142493279,0.0192987059,scatter
14200,5,0.9142493279,0.0192987059,0.7298144340,-3.4524798389,absorb
14300,1,0.0000000000,0.0000000000,0.0964314728,0.0000000000,absorb
14400,1,0.0000000000,0.0000000000,0.5122891486,0.0000000000,scatter
14400,2,0.5122891486,0.0000000000,0.1228563733,-1.0971564320,scatter
14400,3,0.1228563733,-1.0971564320,2.0000000000,-2.9589141691,exit_right
14500,1,0.0000000000,0.0000000000,0.2430592543,0.0000000000,scatter
14500,2,0.2430592543,0.0000000000,0.2139149067,-0.1397732200,absorb
14600,1,0.0000000000,0.0000000000,1.3324222044,0.0000000000,scatter
14600,2,1.3324222044,0.0000000000,1.9622850206,0.7933999849,scatter
14600,3,1.9622850206,0.7933999849,2.0000000000,0.7819228861,exit_right
14700,1,0.0000000000,0.0000000000,0.7114849960,0.0000000000,scatter
14700,2,0.7114849960,0.0000000000,0.0000000000,-2.4371799117,exit_left
14800,1,0.0000000000,0.0000000000,1.6504568468,0.0000000000,absorb
14900,1,0.0000000000,0.0000000000,0.4331235352,0.0000000000,scatter
14900,2,0.4331235352,0.0000000000,2.0000000000,-0.0764895002,exit_right
15000,1,0.0000000000,0.0000000000,0.3246294640,0.0000000000,scatter
15000,2,0.3246294640,0.0000000000,0.3450972030,-0.0985144509,absorb
15100,1,0.0000000000,0.0000000000,1.4260799864,0.0000000000,absorb
15200,1,0.0000000000,0.0000000000,0.4430562715,0.0000000000,scatter
15200,2,0.4430562715,0.0000000000,1.1911122691,-1.2940750743,scatter
15200,3,1.1911122691,-1.2940750743,2.0000000000,-1.5265605048,exit_right
15300,1,0.0000000000,0.0000000000,2.0000000000,0.0000000000,exit_right
15400,1,0.0000000000,0.0000000000,1.5050771097,0.0000000000,scatter
15400,2,1.5050771097,0.0000000000,2.0000000000,-0.7539293429,exit_right
15500,1,0.0000000000,0.0000000000,1.7722507772,0.0000000000,scatter
15500,2,1.7722507772,0.0000000000,0.2510479995,0.8289754178,scatter
15500,3,0.2510479995,0.8289754178,0.4473098687,0.9657912018,scatter
15500,4,0.4473098687,0.9657912018,0.0000000000,0.5439766793,exit_left
15600,1,0.0000000000,0.0000000000,2.0000000000,0.0000000000,exit_right
15700,1,0.0000000000,0.0000000000,0.0980914656,0.0000000000,scatter
15700,2,0.0980914656,0.0000000000,0.8167444123,1.2935567289,scatter
15700,3,0.8167444123,1.2935567289,0.1766900226,-2.0404079291,scatter
15700,4,0.1766900226,-2.0404079291,0.0000000000,-2.3198992976,exit_left
15800,1,0.0000000000,0.0000000000,2.0000000000,0.0000000000,exit_right
15900,1,0.0000000000,0.0000000000,0.6495616858,0.0000000000,scatter
15900,2,0.6495616858,0.0000000000,0.5188126909,-1.1704018842,scatter
15900,3,0.5188126909,-1.1704018842,0.2005812222,-1.1390574327,scatter
15900,4,0.2005812222,-1.1390574327,0.4026959935,-7.2446471163,scatter
15900,5,0.4026959935,-7.2446471163,0.0143585509,-7.0914139616,scatter
15900,6,0.0143585509,-7.0914139616,0.2539806902,-6.1040685292,scatter
15900,7,0.2539806902,-6.1040685292,2.0000000000,-5.8090959062,exit_right
16000,1,0.0000000000,0.0000000000,1.2030939887,0.0000000000,scatter
16000,2,1.2030939887,0.0000000000,1.5938716039,0.0349109204,scatter
16000,3,1.5938716039,0.0349109204,2.0000000000,5.4345328464,exit_right
16100,1,0.0000000000,0.0000000000,1.4117172974,0.0000000000,scatter
16100,2,1.4117172974,0.0000000000,2.0000000000,-0.0226474432,exit_right
16200,1,0.0000000000,0.0000000000,0.4560899727,0.0000000000,scatter
16200,2,0.4560899727,0.0000000000,0.3940767640,-0.5668525148,absorb
16300,1,0.0000000000,0.0000000000,2.0000000000,0.0000000000,exit_right
16400,1,0.0000000000,0.0000000000,0.4601707130,0.0000000000,absorb
16500,1,0.0000000000,0.0000000000,2.0000000000,0.0000000000,exit_right
16600,1,0.0000000000,0.0000000000,2.0000000000,0.0000000000,exit_right
16700,1,0.0000000000,0.0000000000,0.1322461180,0.0000000000,scatter
16700,2,0.1322461180,0.0000000000,0.0000000000,0.0174794171,exit_left
16800,1,0.0000000000,0.0000000000,2.0000000000,0.0000000000,exit_right
16900,1,0.0000000000,0.0000000000,0.3553828727,0.0000000000,scatter
16900,2,0.3553828727,0.0000000000,2.0000000000,-0.0455449112,exit_right
17000,1,0.0000000000,0.0000000000,2.0000000000,0.0000000000,exit_right
17100,1,0.0000000000,0.0000000000,0.3960016528,0.0000000000,scatter
17100,2,0.3960016528,0.0000000000,0.1343798670,-0.5217506635,absorb
17200,1,0.0000000000,0.0000000000,1.5843146698,0.0000000000,scatter
17200,2,1.5843146698,0.0000000000,1.6722270671,3.9646431166,scatter
17200,3,1.6722270671,3.9646431166,0.0000000000,4.1934872913,exit_left
17300,1,0.0000000000,0.0000000000,1.8508212561,0.0000000000,scatter
17300,2,1.8508212561,0.0000000000,2.0000000000,0.0853072245,exit_right
17400,1,0.0000000000,0.0000000000,0.6711808718,0.0000000000,absorb
17500,1,0.0000000000,0.0000000000,1.5090458249,0.0000000000,scatter
17500,2,1.5090458249,0.0000000000,1.5352506793,-0.0398058227,scatter
17500,3,1.5352506793,-0.0398058227,2.0000000000,0.1061382604,exit_right
17600,1,0.0000000000,0.0000000000,0.0420429851,0.0000000000,scatter
17600,2,0.0420429851,0.0000000000,0.0000000000,-0.0409893844,exit_left
17700,1,0.0000000000,0.0000000000,1.7299878705,0.0000000000,scatter
17700,2,1.7299878705,0.0000000000,2.0000000000,0.1992478069,exit_right
17800,1,0.0000000000,0.0000000000,1.3199972075,0.0000000000,scatter
17800,2,1.3199972075,0.0000000000,1.4226136704,2.8887400681,absorb
17900,1,0.0000000000,0.0000000000,0.5984122315,0.0000000000,scatter
17900,2,0.5984122315,0.0000000000,0.6282533029,-0.0705289028,scatter
17900,3,0.6282533029,-0.0705289028,0.0000000000,-0.4809426082,exit_left
18000,1,0.0000000000,0.0000000000,0.4339889133,0.0000000000,scatter
18000,2,0.4339889133,0.0000000000,1.1053430664,0.2683695264,scatter
18000,3,1.1053430664,0.2683695264,1.2368606577,0.6102457654,scatter
18000,4,1.2368606577,0.6102457654,1.9109377155,3.5303258583,scatter
18000,5,1.9109377155,3.5303258583,0.0000000000,1.6511457759,exit_left
18100,1,0.0000000000,0.0000000000,2.0000000000,0.0000000000,exit_right
18200,1,0.0000000000,0.0000000000,0.3593718373,0.0000000000,scatter
18200,2,0.3593718373,0.0000000000,0.0000000000,-0.0521750094,exit_left
18300,1,0.0000000000,0.0000000000,1.1290608122,0.0000000000,scatter
18300,2,1.1290608122,0.0000000000,0.9224703567,0.0005050497,scatter
18300,3,0.9224703567,0.0005050497,0.0000000000,-0.2658482339,exit_left
18400,1,0.0000000000,0.0000000000,0.2411098981,0.0000000000,scatter
18400,2,0.2411098981,0.0000000000,0.0000000000,0.4024827474,exit_left
18500,1,0.0000000000,0.0000000000,0.1768005717,0.0000000000,scatter
18500,2,0.1768005717,0.0000000000,2.0000000000,-1.7278894519,exit_right
18600,1,0.0000000000,0.0000000000,2.0000000000,0.0000000000,exit_right
18700,1,0.0000000000,0.0000000000,0.9432267438,0.0000000000,absorb
18800,1,0.0000000000,0.0000000000,2.0000000000,0.0000000000,exit_right
18900,1,0.0000000000,0.0000000000,1.7993242709,0.0000000000,scatter
18900,2,1.7993242709,0.0000000000,0.0000000000,-0.0717519607,exit_left
19000,1,0.0000000000,0.0000000000,2.0000000000,0.0000000000,exit_right
19100,1,0.0000000000,0.0000000000,2.0000000000,0.0000000000,exit_right
19200,1,0.0000000000,0.0000000000,1.3144938651,0.0000000000,scatter
19200,2,1.3144938651,0.0000000000,1.3140746019,-0.0089893518,scatter
19200,3,1.3140746019,-0.0089893518,1.7816575920,-0.3480483262,scatter
19200,4,1.7816575920,-0.3480483262,0.9701388680,-0.6131866515,absorb
19300,1,0.0000000000,0.0000000000,1.0091945050,0.0000000000,scatter
19300,2,1.0091945050,0.0000000000,0.4944206760,-0.2849616429,absorb
19400,1,0.0000000000,0.0000000000,2.0000000000,0.0000000000,exit_right
19500,1,0.0000000000,0.0000000000,1.5831455740,0.0000000000,scatter
19500,2,1.5831455740,0.0000000000,1.3904955284,0.0427619313,scatter
19500,3,1.3904955284,0.0427619313,1.1944267136,-0.8713839104,scatter
19500,4,1.1944267136,-0.8713839104,2.0000000000,-0.8529737062,exit_right
19600,1,0.0000000000,0.0000000000,2.0000000000,0.0000000000,exit_right
19700,1,0.0000000000,0.0000000000,2.0000000000,0.0000000000,exit_right
19800,1,0.0000000000,0.0000000000,0.9185726795,0.0000000000,absorb
19900,1,0.0000000000,0.0000000000,2.0000000000,0.0000000000,exit_right
20000,1,0.0000000000,0.0000000000,1.2924079419,0.0000000000,scatter
20000,2,1.2924079419,0.0000000000,1.6206203643,-1.6693858863,absorb
20100,1,0.0000000000,0.0000000000,0.3627284031,0.0000000000,scatter
20100,2,0.3627284031,0.0000000000,0.0000000000,-0.3850796063,exit_left
20200,1,0.0000000000,0.0000000000,2.0000000000,0.0000000000,exit_right
20300,1,0.0000000000,0.0000000000,2.0000000000,0.0000000000,exit_right
20400,1,0.0000000000,0.0000000000,1.7651084327,0.0000000000,scatter
20400,2,1.7651084327,0.0000000000,0.0000000000,0.6249991175,exit_left
20500,1,0.0000000000,0.0000000000,0.6988145102,0.0000000000,scatter
20500,2,0.6988145102,0.0000000000,2.0000000000,1.9954725091,exit_right
20600,1,0.0000000000,0.0000000000,0.6060800126,0.0000000000,scatter
20600,2,0.6060800126,0.0000000000,0.7227878713,1.5698966835,scatter
20600,3,0.7227878713,1.5698966835,1.8923576316,2.8445950992,scatter
20600,4,1.8923576316,2.8445950992,2.0000000000,2.8414011824,exit_right
20700,1,0.0000000000,0.0000000000,0.9649472159,0.0000000000,scatter
20700,2,0.9649472159,0.0000000000,0.0000000000,-1.8475228247,exit_left
20800,1,0.0000000000,0.0000000000,0.2462209941,0.0000000000,scatter
20800,2,0.2462209941,0.0000000000,1.2389000014,-3.3956869733,scatter
20800,3,1.2389000014,-3.3956869733,2.0000000000,-3.0110899659,exit_right
20900,1,0.0000000000,0.0000000000,2.0000000000,0.0000000000,exit_right
21000,1,0.0000000000,0.0000000000,0.6520475844,0.0000000000,scatter
21000,2,0.6520475844,0.0000000000,0.0000000000,1.3322625061,exit_left
21100,1,0.0000000000,0.0000000000,2.0000000000,0.0000000000,exit_right
21200,1,0.0000000000,0.0000000000,1.9789522677,0.0000000000,scatter
21200,2,1.9789522677,0.0000000000,1.8324778734,0.2024741491,scatter
21200,3,1.8324778734,0.2024741491,2.0000000000,0.1861414447,exit_right
21300,1,0.0000000000,0.0000000000,1.1339760146,0.0000000000,scatter
21300,2,1.1339760146,0.0000000000,2.0000000000,-0.5004346083,exit_right
21400,1,0.0000000000,0.0000000000,0.0919007766,0.0000000000,scatter
21400,2,0.0919007766,0.0000000000,0.0000000000,0.0750249376,exit_left
21500,1,0.0000000000,0.0000000000,2.0000000000,0.0000000000,exit_right
21600,1,0.0000000000,0.0000000000,0.4212723942,0.0000000000,scatter
21600,2,0.4212723942,0.0000000000,0.0000000000,1.0381728092,exit_left
21700,1,0.0000000000,0.0000000000,2.0000000000,0.0000000000,exit_right
21800,1,0.0000000000,0.0000000000,2.0000000000,0.0000000000,exit_right
21900,1,0.0000000000,0.0000000000,2.0000000000,0.0000000000,exit_right
22000,1,0.0000000000,0.0000000000,0.8542465080,0.0000000000,scatter
22000,2,0.8542465080,0.0000000000,0.0000000000,0.6350575646,exit_left
22100,1,0.0000000000,0.0000000000,1.3820139112,0.0000000000,scatter
22100,2,1.3820139112,0.0000000000,0.1287986313,3.0492284854,scatter
22100,3,0.1287986313,3.0492284854,0.1051536259,3.1045137716,scatter
22100,4,0.1051536259,3.1045137716,0.6509967090,1.1988018270,scatter
22100,5,0.6509967090,1.1988018270,0.5651307433,1.2358003935,scatter
22100,6,0.5651307433,1.2358003935,0.0000000000,1.3863275583,exit_left
22200,1,0.0000000000,0.0000000000,1.8727469798,0.0000000000,scatter
22200,2,1.8727469798,0.0000000000,1.3196787712,-1.9833874192,scatter
22200,3,1.3196787712,-1.9833874192,1.8198299138,1.2120153658,scatter
22200,4,1.8198299138,1.2120153658,2.0000000000,1.1463134368,exit_right
22300,1,0.0000000000,0.0000000000,0.0175242180,0.0000000000,absorb
22400,1,0.0000000000,0.0000000000,1.8430446186,0.0000000000,scatter
22400,2,1.8430446186,0.0000000000,2.0000000000,0.0103172205,exit_right
22500,1,0.0000000000,0.0000000000,0.5247135469,0.0000000000,scatter
22500,2,0.5247135469,0.0000000000,0.5633049864,0.0143549571,absorb
22600,1,0.0000000000,0.0000000000,2.0000000000,0.0000000000,exit_right
22700,1,0.0000000000,0.0000000000,2.0000000000,0.0000000000,exit_right
22800,1,0.0000000000,0.0000000000,0.5744739192,0.0000000000,absorb
22900,1,0.0000000000,0.0000000000,0.0869326824,0.0000000000,scatter
22900,2,0.0869326824,0.0000000000,2.0000000000,-0.2479492779,exit_right
23000,1,0.0000000000,0.0000000000,2.0000000000,0.0000000000,exit_right
23100,1,0.0000000000,0.0000000000,1.7858193577,0.0000000000,scatter
23100,2,1.7858193577,0.0000000000,2.0000000000,0.3455298954,exit_right
23200,1,0.0000000000,0.0000000000,2.0000000000,0.0000000000,exit_right
23300,1,0.0000000000,0.0000000000,1.3031026028,0.0000000000,scatter
23300,2,1.3031026028,0.0000000000,2.0000000000,0.1801521358,exit_right
23400,1,0.0000000000,0.0000000000,0.1316663719,0.0000000000,scatter
23400,2,0.1316663719,0.0000000000,0.7004955925,0.3138967872,scatter
23400,3,0.7004955925,0.3138967872,0.0000000000,-0.4975257244,exit_left
23500,1,0.0000000000,0.0000000000,2.0000000000,0.0000000000,exit_right
23600,1,0.0000000000,0.0000000000,1.5303174676,0.0000000000,scatter
23600,2,1.5303174676,0.0000000000,1.2308975219,-0.3018292485,scatter
23600,3,1.2308975219,-0.3018292485,1.6625727510,-0.5717396410,scatter
23600,4,1.6625727510,-0.5717396410,2.0000000000,-1.7345142002,exit_right
23700,1,0.0000000000,0.0000000000,0.4687477444,0.0000000000,scatter
23700,2,0.4687477444,0.0000000000,0.0000000000,-0.5652197317,exit_left
23800,1,0.0000000000,0.0000000000,0.3375927216,0.0000000000,scatter
23800,2,0.3375927216,0.0000000000,0.1841059503,-1.7756963153,absorb
23900,1,0.0000000000,0.0000000000,2.0000000000,0.0000000000,exit_right
24000,1,0.0000000000,0.0000000000,0.8847739976,0.0000000000,scatter
24000,2,0.8847739976,0.0000000000,0.6739329083,-1.4714754963,scatter
24000,3,0.6739329083,-1.4714754963,0.7493703712,-1.6750645392,scatter
24000,4,0.7493703712,-1.6750645392,0.7990875082,-1.7252740630,scatter
24000,5,0.7990875082,-1.7252740630,0.0000000000,-1.4709390002,exit_left
24100,1,0.0000000000,0.0000000000,1.2344921624,0.0000000000,scatter
24100,2,1.2344921624,0.0000000000,0.0000000000,-0.4661951613,exit_left
24200,1,0.0000000000,0.0000000000,0.0012546288,0.0000000000,scatter
24200,2,0.0012546288,0.0000000000,0.2848149329,0.2738723581,scatter
24200,3,0.2848149329,0.2738723581,0.0000000000,0.0825775965,exit_left
24300,1,0.0000000000,0.0000000000,1.4258655161,0.0000000000,scatter
24300,2,1.4258655161,0.0000000000,1.7023386790,0.6304869651,scatter
24300,3,1.7023386790,0.6304869651,1.6760727548,-0.3899699296,absorb
24400,1,0.0000000000,0.0000000000,0.2947146996,0.0000000000,scatter
24400,2,0.2947146996,0.0000000000,0.0000000000,0.1401608906,exit_left
24500,1,0.0000000000,0.0000000000,0.0355220812,0.0000000000,scatter
24500,2,0.0355220812,0.0000000000,0.0000000000,0.0354622891,exit_left
24600,1,0.0000000000,0.0000000000,1.2174431006,0.0000000000,scatter
24600,2,1.2174431006,0.0000000000,2.0000000000,2.7201326946,exit_right
24700,1,0.0000000000,0.0000000000,0.2888680213,0.0000000000,absorb
24800,1,0.0000000000,0.0000000000,1.9706259123,0.0000000000,scatter
24800,2,1.9706259123,0.0000000000,0.6652616991,-0.4294686076,scatter
24800,3,0.6652616991,-0.4294686076,0.1757776530,-0.3146284399,scatter
24800,4,0.1757776530,-0.3146284399,0.9391912299,-0.5668749613,scatter
24800,5,0.9391912299,-0.5668749613,0.0000000000,0.0414098784,exit_left
24900,1,0.0000000000,0.0000000000,1.7169014076,0.0000000000,absorb
25000,1,0.0000000000,0.0000000000,2.0000000000,0.0000000000,exit_right
25100,1,0.0000000000,0.0000000000,2.0000000000,0.0000000000,exit_right
25200,1,0.0000000000,0.0000000000,1.9398245117,0.0000000000,scatter
25200,2,1.9398245117,0.0000000000,2.0000000000,-0.1981687545,exit_right
25300,1,0.0000000000,0.0000000000,2.0000000000,0.0000000000,exit_right
25400,1,0.0000000000,0.0000000000,1.0066493692,0.0000000000,scatter
25400,2,1.0066493692,0.0000000000,0.0000000000,-2.2947689505,exit_left
25500,1,0.0000000000,0.0000000000,2.0000000000,0.0000000000,exit_right
25600,1,0.0000000000,0.0000000000,2.0000000000,0.0000000000,exit_right
25700,1,0.0000000000,0.0000000000,1.6518217923,0.0000000000,scatter
25700,2,1.6518217923,0.0000000000,0.0000000000,3.3825399564,exit_left
25800,1,0.0000000000,0.0000000000,2.0000000000,0.0000000000,exit_right
25900,1,0.0000000000,0.0000000000,0.8269631477,0.0000000000,scatter
25900,2,0.8269631477,0.0000000000,0.7915314747,-0.1187158778,scatter
25900,3,0.7915314747,-0.1187158778,2.0000000000,-0.5056882397,exit_right
26000,1,0.0000000000,0.0000000000,1.5508323472,0.0000000000,scatter
26000,2,1.5508323472,0.0000000000,2.0000000000,-0.3165212493,exit_right
26100,1,0.0000000000,0.0000000000,0.6761631545,0.0000000000,scatter
26100,2,0.6761631545,0.0000000000,0.0000000000,-0.2065589105,exit_left
26200,1,0.0000000000,0.0000000000,1.7555027457,0.0000000000,scatter
26200,2,1.7555027457,0.0000000000,2.0000000000,0.3580487359,exit_right
26300,1,0.0000000000,0.0000000000,2.0000000000,0.0000000000,exit_right
26400,1,0.0000000000,0.0000000000,2.0000000000,0.0000000000,exit_right
26500,1,0.0000000000,0.0000000000,0.2644421923,0.0000000000,scatter
26500,2,0.2644421923,0.0000000000,0.0000000000,1.1673806224,exit_left
26600,1,0.0000000000,0.0000000000,2.0000000000,0.0000000000,exit_right
26700,1,0.0000000000,0.0000000000,1.1777919272,0.0000000000,scatter
26700,2,1.1777919272,0.0000000000,0.0000000000,-0.0267364502,exit_left
26800,1,0.0000000000,0.0000000000,0.9725548161,0.0000000000,scatter
26800,2,0.9725548161,0.0000000000,0.0000000000,-4.3136921573,exit_left
26900,1,0.0000000000,0.0000000000,2.0000000000,0.0000000000,exit_right
27000,1,0.0000000000,0.0000000000,0.1022100538,0.0000000000,absorb
27100,1,0.0000000000,0.0000000000,2.0000000000,0.0000000000,exit_right
27200,1,0.0000000000,0.0000000000,0.0961833233,0.0000000000,scatter
27200,2,0.0961833233,0.0000000000,0.0000000000,0.3905646463,exit_left
27300,1,0.0000000000,0.0000000000,2.0000000000,0.0000000000,exit_right
27400,1,0.0000000000,0.0000000000,0.3834407721,0.0000000000,scatter
27400,2,0.3834407721,0.0000000000,2.0000000000,1.9774582189,exit_right
27500,1,0.0000000000,0.0000000000,2.0000000000,0.0000000000,exit_right
27600,1,0.0000000000,0.0000000000,1.2415084946,0.0000000000,scatter
27600,2,1.2415084946,0.0000000000,0.7118118891,1.5060856050,scatter
27600,3,0.7118118891,1.5060856050,0.0000000000,2.0230356229,exit_left
27700,1,0.0000000000,0.0000000000,2.0000000000,0.0000000000,exit_right
27800,1,0.0000000000,0.0000000000,2.0000000000,0.0000000000,exit_right
27900,1,0.0000000000,0.0000000000,2.0000000000,0.0000000000,exit_right
28000,1,0.0000000000,0.0000000000,1.6773031608,0.0000000000,scatter
28000,2,1.6773031608,0.0000000000,2.0000000000,-0.4046001007,exit_right
28100,1,0.0000000000,0.0000000000,2.0000000000,0.0000000000,exit_right
28200,1,0.0000000000,0.0000000000,1.9664075172,0.0000000000,scatter
28200,2,1.9664075172,0.0000000000,2.0000000000,-0.1446885732,exit_right
28300,1,0.0000000000,0.0000000000,0.8553398601,0.0000000000,absorb
28400,1,0.0000000000,0.0000000000,0.0480944776,0.0000000000,absorb
28500,1,0.0000000000,0.0000000000,1.1063267295,0.0000000000,scatter
28500,2,1.1063267295,0.0000000000,1.1566823283,0.5957010456,absorb
28600,1,0.0000000000,0.0000000000,2.0000000000,0.0000000000,exit_right
28700,1,0.0000000000,0.0000000000,1.0596866884,0.0000000000,scatter
28700,2,1.0596866884,0.0000000000,1.5773646811,-0.1415609468,scatter
28700,3,1.5773646811,-0.1415609468,0.0883602091,2.4846133714,scatter
28700,4,0.0883602091,2.4846133714,0.6534348844,3.9153672483,scatter
28700,5,0.6534348844,3.9153672483,0.7285114709,5.5919690054,scatter
28700,6,0.7285114709,5.5919690054,2.0000000000,5.9055624095,exit_right
28800,1,0.0000000000,0.0000000000,1.3578362547,0.0000000000,scatter
28800,2,1.3578362547,0.0000000000,0.9327823400,0.4429245411,scatter
28800,3,0.9327823400,0.4429245411,1.2479930093,0.7433344311,scatter
28800,4,1.2479930093,0.7433344311,1.4209250330,0.8949409999,scatter
28800,5,1.4209250330,0.8949409999,0.7018822953,1.7274849260,scatter
28800,6,0.7018822953,1.7274849260,1.7180347298,2.5643648880,scatter
28800,7,1.7180347298,2.5643648880,1.4343260743,3.4868195243,scatter
28800,8,1.4343260743,3.4868195243,0.0000000000,3.9337529183,exit_left
28900,1,0.0000000000,0.0000000000,1.7883832425,0.0000000000,scatter
28900,2,1.7883832425,0.0000000000,0.0000000000,0.4099795495,exit_left
29000,1,0.0000000000,0.0000000000,1.8082264547,0.0000000000,scatter
29000,2,1.8082264547,0.0000000000,1.7779234265,0.0823449259,scatter
29000,3,1.7779234265,0.0823449259,2.0000000000,-0.0494154234,exit_right
29100,1,0.0000000000,0.0000000000,1.1381198833,0.0000000000,absorb
29200,1,0.0000000000,0.0000000000,0.7821445984,0.0000000000,scatter
29200,2,0.7821445984,0.0000000000,1.1419567039,-3.0480310617,scatter
29200,3,1.1419567039,-3.0480310617,0.6640012318,1.6820448514,scatter
29200,4,0.6640012318,1.6820448514,0.0000000000,-1.0580279708,exit_left
29300,1,0.0000000000,0.0000000000,2.0000000000,0.0000000000,exit_right
29400,1,0.0000000000,0.0000000000,0.3916918811,0.0000000000,scatter
29400,2,0.3916918811,0.0000000000,0.0000000000,0.1206830059,exit_left
29500,1,0.0000000000,0.0000000000,0.8243240388,0.0000000000,scatter
29500,2,0.8243240388,0.0000000000,1.7204303785,1.3238239582,scatter
29500,3,1.7204303785,1.3238239582,0.6711974943,1.6712041618,scatter
29500,4,0.6711974943,1.6712041618,1.7358695873,1.7577096689,scatter
29500,5,1.7358695873,1.7577096689,1.1351993891,2.3114537136,absorb
29600,1,0.0000000000,0.0000000000,0.4071500999,0.0000000000,absorb
29700,1,0.0000000000,0.0000000000,2.0000000000,0.0000000000,exit_right
29800,1,0.0000000000,0.0000000000,2.0000000000,0.0000000000,exit_right
29900,1,0.0000000000,0.0000000000,1.1600115351,0.0000000000,scatter
29900,2,1.1600115351,0.0000000000,1.0476907536,0.5176375939,scatter
29900,3,1.0476907536,0.5176375939,1.1761323795,0.4165926417,scatter
29900,4,1.1761323795,0.4165926417,1.1743421764,0.4165862819,scatter
29900,5,1.1743421764,0.4165862819,0.0998399990,-0.0520182967,scatter
29900,6,0.0998399990,-0.0520182967,2.0000000000,0.2867911824,exit_right
30000,1,0.0000000000,0.0000000000,0.5738763766,0.0000000000,scatter
30000,2,0.5738763766,0.0000000000,1.5415647549,0.3274870348,scatter
30000,3,1.5415647549,0.3274870348,1.8467291510,0.6507436558,absorb
30100,1,0.0000000000,0.0000000000,0.2558752603,0.0000000000,scatter
30100,2,0.2558752603,0.0000000000,1.1365091476,3.2214291774,scatter
30100,3,1.1365091476,3.2214291774,0.8851106219,2.8633323698,absorb
30200,1,0.0000000000,0.0000000000,2.0000000000,0.0000000000,exit_right
30300,1,0.0000000000,0.0000000000,1.0091447594,0.0000000000,absorb
30400,1,0.0000000000,0.0000000000,2.0000000000,0.0000000000,exit_right
30500,1,0.0000000000,0.0000000000,1.5869294142,0.0000000000,scatter
30500,2,1.5869294142,0.0000000000,0.8072574352,0.7562246461,scatter
30500,3,0.8072574352,0.7562246461,0.6943606664,0.3974401984,absorb
30600,1,0.0000000000,0.0000000000,0.6504773519,0.0000000000,scatter
30600,2,0.6504773519,0.0000000000,0.7506725785,1.4387024476,scatter
30600,3,0.7506725785,1.4387024476,1.0489646629,2.2734995195,absorb
30700,1,0.0000000000,0.0000000000,0.1506925694,0.0000000000,scatter
30700,2,0.1506925694,0.0000000000,0.4715043458,-2.6083398454,scatter
30700,3,0.4715043458,-2.6083398454,1.4673897426,-3.5997817280,scatter
30700,4,1.4673897426,-3.5997817280,2.0000000000,-3.3101030823,exit_right
30800,1,0.0000000000,0.0000000000,0.7678593627,0.0000000000,scatter
30800,2,0.7678593627,0.0000000000,1.0185662833,0.0669397121,absorb
30900,1,0.0000000000,0.0000000000,2.0000000000,0.0000000000,exit_right
31000,1,0.0000000000,0.0000000000,0.2096962401,0.0000000000,scatter
31000,2,0.2096962401,0.0000000000,0.0337350981,0.8565256417,scatter
31000,3,0.0337350981,0.8565256417,1.1353698421,-0.3076987867,scatter
31000,4,1.1353698421,-0.3076987867,1.6991394983,0.7306745506,scatter
31000,5,1.6991394983,0.7306745506,1.0716698598,1.0826754017,scatter
31000,6,1.0716698598,1.0826754017,2.0000000000,-0.5337543503,exit_right
31100,1,0.0000000000,0.0000000000,1.4732841514,0.0000000000,scatter
31100,2,1.4732841514,0.0000000000,0.1999797780,-0.9715203542,absorb
31200,1,0.0000000000,0.0000000000,1.5368737658,0.0000000000,scatter
31200,2,1.5368737658,0.0000000000,0.0000000000,0.4858252681,exit_left
31300,1,0.0000000000,0.0000000000,0.3241078186,0.0000000000,scatter
31300,2,0.3241078186,0.0000000000,0.5456280848,-0.6070721146,scatter
31300,3,0.5456280848,-0.6070721146,0.8304780215,0.6658748191,scatter
31300,4,0.8304780215,0.6658748191,2.0000000000,-0.3887292852,exit_right
31400,1,0.0000000000,0.0000000000,1.7832066073,0.0000000000,scatter
31400,2,1.7832066073,0.0000000000,1.8079255076,0.1102984510,scatter
31400,3,1.8079255076,0.1102984510,1.3804603932,-1.2625727514,scatter
31400,4,1.3804603932,-1.2625727514,0.0000000000,-1.2571341762,exit_left
31500,1,0.0000000000,0.0000000000,1.5531473465,0.0000000000,scatter
31500,2,1.5531473465,0.0000000000,1.4347929744,-0.2131718539,scatter
31500,3,1.4347929744,-0.2131718539,2.0000000000,0.0629152352,exit_right
31600,1,0.0000000000,0.0000000000,0.5151264846,0.0000000000,absorb
31700,1,0.0000000000,0.0000000000,0.7584430128,0.0000000000,scatter
31700,2,0.7584430128,0.0000000000,1.0981585316,0.1460198045,scatter
31700,3,1.0981585316,0.1460198045,0.0000000000,1.9817264877,exit_left
31800,1,0.0000000000,0.0000000000,2.0000000000,0.0000000000,exit_right
31900,1,0.0000000000,0.0000000000,1.5761498859,0.0000000000,scatter
31900,2,1.5761498859,0.0000000000,2.0000000000,-0.0110769960,exit_right
32000,1,0.0000000000,0.0000000000,0.3858099479,0.0000000000,scatter
32000,2,0.3858099479,0.0000000000,1.9993337225,0.4531281229,scatter
32000,3,1.9993337225,0.4531281229,0.0000000000,0.6508692216,exit_left
32100,1,0.0000000000,0.0000000000,0.5847592761,0.0000000000,scatter
32100,2,0.5847592761,0.0000000000,2.0000000000,0.0318055186,exit_right
32200,1,0.0000000000,0.0000000000,0.0784605442,0.0000000000,scatter
32200,2,0.0784605442,0.0000000000,1.0608317937,-1.5033375491,scatter
32200,3,1.0608317937,-1.5033375491,2.0000000000,-1.2226977174,exit_right
32300,1,0.0000000000,0.0000000000,1.4652773458,0.0000000000,absorb
32400,1,0.0000000000,0.0000000000,2.0000000000,0.0000000000,exit_right
32500,1,0.0000000000,0.0000000000,2.0000000000,0.0000000000,exit_right
32600,1,0.0000000000,0.0000000000,1.1670293076,0.0000000000,absorb
32700,1,0.0000000000,0.0000000000,2.0000000000,0.0000000000,exit_right
32800,1,0.0000000000,0.0000000000,0.7583160760,0.0000000000,scatter
32800,2,0.7583160760,0.0000000000,0.2275985670,-0.4644955066,scatter
32800,3,0.2275985670,-0.4644955066,2.0000000000,-0.1117838469,exit_right
32900,1,0.0000000000,0.0000000000,2.0000000000,0.0000000000,exit_right
33000,1,0.0000000000,0.0000000000,2.0000000000,0.0000000000,exit_right
33100,1,0.0000000000,0.0000000000,1.0892926009,0.0000000000,scatter
33100,2,1.0892926009,0.0000000000,0.0000000000,-1.0492802663,exit_left
33200,1,0.0000000000,0.0000000000,0.9416874262,0.0000000000,scatter
33200,2,0.9416874262,0.0000000000,2.0000000000,-2.6859407834,exit_right
33300,1,0.0000000000,0.0000000000,1.9872452508,0.0000000000,scatter
33300,2,1.9872452508,0.0000000000,0.0000000000,0.6649316905,exit_left
33400,1,0.0000000000,0.0000000000,0.1366015591,0.0000000000,scatter
33400,2,0.1366015591,0.0000000000,1.0161651847,1.2332117746,scatter
33400,3,1.0161651847,1.2332117746,1.0799836110,0.9205318404,scatter
33400,4,1.0799836110,0.9205318404,0.8326832952,1.0430761341,absorb
33500,1,0.0000000000,0.0000000000,1.4811720125,0.0000000000,scatter
33500,2,1.4811720125,0.0000000000,1.2889387177,0.8895441563,scatter
33500,3,1.2889387177,0.8895441563,1.1415217699,-0.6877044734,scatter
33500,4,1.1415217699,-0.6877044734,1.6192413399,-0.5727652724,absorb
33600,1,0.0000000000,0.0000000000,0.3604583410,0.0000000000,scatter
33600,2,0.3604583410,0.0000000000,0.3160993038,0.0922781024,scatter
33600,3,0.3160993038,0.0922781024,0.4386880098,-0.4206268841,scatter
33600,4,0.4386880098,-0.4206268841,0.6098703424,-1.9848717566,scatter
33600,5,0.6098703424,-1.9848717566,0.6111577339,-2.1416059003,absorb
33700,1,0.0000000000,0.0000000000,0.5850325265,0.0000000000,scatter
33700,2,0.5850325265,0.0000000000,0.0000000000,0.6959344390,exit_left
33800,1,0.0000000000,0.0000000000,1.6201559674,0.0000000000,scatter
33800,2,1.6201559674,0.0000000000,1.9023375095,-0.5000296901,absorb
33900,1,0.0000000000,0.0000000000,2.0000000000,0.0000000000,exit_right
34000,1,0.0000000000,0.0000000000,2.0000000000,0.0000000000,exit_right
34100,1,0.0000000000,0.0000000000,0.1946578623,0.0000000000,scatter
34100,2,0.1946578623,0.0000000000,0.0000000000,0.0102124292,exit_left
34200,1,0.0000000000,0.0000000000,2.0000000000,0.0000000000,exit_right
34300,1,0.0000000000,0.0000000000,2.0000000000,0.0000000000,exit_right
34400,1,0.0000000000,0.0000000000,2.0000000000,0.0000000000,exit_right
34500,1,0.0000000000,0.0000000000,1.4602055201,0.0000000000,scatter
34500,2,1.4602055201,0.0000000000,0.2122428186,-1.3416796985,absorb
34600,1,0.0000000000,0.0000000000,0.0139458552,0.0000000000,absorb
34700,1,0.0000000000,0.0000000000,0.9666636460,0.0000000000,scatter
34700,2,0.9666636460,0.0000000000,2.0000000000,-0.0817102002,exit_right
34800,1,0.0000000000,0.0000000000,1.9351355943,0.0000000000,scatter
34800,2,1.9351355943,0.0000000000,0.0019288312,1.2474338667,scatter
34800,3,0.0019288312,1.2474338667,0.0000000000,1.2485476506,exit_left
34900,1,0.0000000000,0.0000000000,0.7984238693,0.0000000000,scatter
34900,2,0.7984238693,0.0000000000,2.0000000000,0.1768847470,exit_right
35000,1,0.0000000000,0.0000000000,0.0687826604,0.0000000000,scatter
35000,2,0.0687826604,0.0000000000,0.1298986877,-0.0277226994,scatter
35000,3,0.1298986877,-0.0277226994,0.0000000000,0.0070958667,exit_left
35100,1,0.0000000000,0.0000000000,0.6645395854,0.0000000000,scatter
35100,2,0.6645395854,0.0000000000,0.5486937319,0.6300573700,scatter
35100,3,0.5486937319,0.6300573700,2.0000000000,-0.6033327388,exit_right
35200,1,0.0000000000,0.0000000000,2.0000000000,0.0000000000,exit_right
35300,1,0.0000000000,0.0000000000,2.0000000000,0.0000000000,exit_right
35400,1,0.0000000000,0.0000000000,0.0253622408,0.0000000000,scatter
35400,2,0.0253622408,0.0000000000,0.1236316396,-0.0818986308,absorb
35500,1,0.0000000000,0.0000000000,2.0000000000,0.0000000000,exit_right
35600,1,0.0000000000,0.0000000000,0.0376589361,0.0000000000,scatter
35600,2,0.0376589361,0.0000000000,0.0000000000,0.0355497205,exit_left
35700,1,0.0000000000,0.0000000000,1.8061835311,0.0000000000,scatter
35700,2,1.8061835311,0.0000000000,1.4289242297,0.2180872755,scatter
35700,3,1.4289242297,0.2180872755,1.1727933816,0.8365219359,scatter
35700,4,1.1727933816,0.8365219359,0.0000000000,1.0626242044,exit_left
35800,1,0.0000000000,0.0000000000,0.1938302992,0.0000000000,scatter
35800,2,0.1938302992,0.0000000000,0.0000000000,1.9692317931,exit_left
35900,1,0.0000000000,0.0000000000,0.1171960860,0.0000000000,scatter
35900,2,0.1171960860,0.0000000000,0.0000000000,-0.0365393180,exit_left
36000,1,0.0000000000,0.0000000000,1.1722714398,0.0000000000,scatter
36000,2,1.1722714398,0.0000000000,2.0000000000,0.2790336407,exit_right
36100,1,0.0000000000,0.0000000000,1.0690572802,0.0000000000,scatter
36100,2,1.0690572802,0.0000000000,0.0000000000,2.4624986753,exit_left
36200,1,0.0000000000,0.0000000000,2.0000000000,0.0000000000,exit_right
36300,1,0.0000000000,0.0000000000,2.0000000000,0.0000000000,exit_right
36400,1,0.0000000000,0.0000000000,1.3773650906,0.0000000000,scatter
36400,2,1.3773650906,0.0000000000,1.3105289940,-0.5951742720,absorb
36500,1,0.0000000000,0.0000000000,0.2068313365,0.0000000000,scatter
36500,2,0.2068313365,0.0000000000,0.7499227698,-0.7052721933,scatter
36500,3,0.7499227698,-0.7052721933,2.0000000000,-1.8271586422,exit_right
36600,1,0.0000000000,0.0000000000,2.0000000000,0.0000000000,exit_right
36700,1,0.0000000000,0.0000000000,2.0000000000,0.0000000000,exit_right
36800,1,0.0000000000,0.0000000000,1.8426136819,0.0000000000,absorb
36900,1,0.0000000000,0.0000000000,2.0000000000,0.0000000000,exit_right
37000,1,0.0000000000,0.0000000000,2.0000000000,0.0000000000,exit_right
37100,1,0.0000000000,0.0000000000,2.0000000000,0.0000000000,exit_right
37200,1,0.0000000000,0.0000000000,1.5835954544,0.0000000000,scatter
37200,2,1.5835954544,0.0000000000,2.0000000000,-0.2346181836,exit_right
37300,1,0.0000000000,0.0000000000,2.0000000000,0.0000000000,exit_right
37400,1,0.0000000000,0.0000000000,2.0000000000,0.0000000000,exit_right
37500,1,0.0000000000,0.0000000000,2.0000000000,0.0000000000,exit_right
37600,1,0.0000000000,0.0000000000,1.5750871785,0.0000000000,scatter
37600,2,1.5750871785,0.0000000000,2.0000000000,0.1414420318,exit_right
37700,1,0.0000000000,0.0000000000,1.5074610425,0.0000000000,scatter
37700,2,1.5074610425,0.0000000000,0.3625457865,1.1945892606,absorb
37800,1,0.0000000000,0.0000000000,2.0000000000,0.0000000000,exit_right
37900,1,0.0000000000,0.0000000000,2.0000000000,0.0000000000,exit_right
38000,1,0.0000000000,0.0000000000,0.6580843669,0.0000000000,scatter
38000,2,0.6580843669,0.0000000000,2.0000000000,0.1753620873,exit_right
38100,1,0.0000000000,0.0000000000,2.0000000000,0.0000000000,exit_right
38200,1,0.0000000000,0.0000000000,2.0000000000,0.0000000000,exit_right
38300,1,0.0000000000,0.0000000000,1.7285024967,0.0000000000,scatter
38300,2,1.7285024967,0.0000000000,0.6775046219,0.0927517133,scatter
38300,3,0.6775046219,0.0927517133,1.4494289122,1.1231734549,scatter
38300,4,1.4494289122,1.1231734549,1.5567606972,1.1873576298,scatter
38300,5,1.5567606972,1.1873576298,1.6199433532,-0.2483405069,scatter
38300,6,1.6199433532,-0.2483405069,2.0000000000,0.0605437301,exit_right
38400,1,0.0000000000,0.0000000000,2.0000000000,0.0000000000,exit_right
38500,1,0.0000000000,0.0000000000,1.1235459039,0.0000000000,scatter
38500,2,1.1235459039,0.0000000000,2.0000000000,-0.0374451845,exit_right
38600,1,0.0000000000,0.0000000000,0.7379001116,0.0000000000,scatter
38600,2,0.7379001116,0.0000000000,2.0000000000,1.1073053658,exit_right
38700,1,0.0000000000,0.0000000000,2.0000000000,0.0000000000,exit_right
38800,1,0.0000000000,0.0000000000,0.5759700980,0.0000000000,scatter
38800,2,0.5759700980,0.0000000000,1.2958807868,4.6142051231,scatter
38800,3,1.2958807868,4.6142051231,2.0000000000,4.5485712247,exit_right
38900,1,0.0000000000,0.0000000000,0.3460062797,0.0000000000,absorb
39000,1,0.0000000000,0.0000000000,2.0000000000,0.0000000000,exit_right
39100,1,0.0000000000,0.0000000000,0.1436040293,0.0000000000,scatter
39100,2,0.1436040293,0.0000000000,0.0000000000,0.3901090117,exit_left
39200,1,0.0000000000,0.0000000000,2.0000000000,0.0000000000,exit_right
39300,1,0.0000000000,0.0000000000,0.5139801854,0.0000000000,scatter
39300,2,0.5139801854,0.0000000000,0.4270693740,0.0125769996,scatter
39300,3,0.4270693740,0.0125769996,0.3183121101,-0.0230167134,scatter
39300,4,0.3183121101,-0.0230167134,1.0497467558,-1.0297183463,scatter
39300,5,1.0497467558,-1.0297183463,0.4937050857,-0.5041051452,absorb
39400,1,0.0000000000,0.0000000000,0.2996614555,0.0000000000,scatter
39400,2,0.2996614555,0.0000000000,0.2109777534,1.2277386069,scatter
39400,3,0.2109777534,1.2277386069,0.0000000000,1.3295438008,exit_left
39500,1,0.0000000000,0.0000000000,2.0000000000,0.0000000000,exit_right
39600,1,0.0000000000,0.0000000000,0.3106946195,0.0000000000,scatter
39600,2,0.3106946195,0.0000000000,0.0000000000,-0.0170862394,exit_left
39700,1,0.0000000000,0.0000000000,2.0000000000,0.0000000000,exit_right
39800,1,0.0000000000,0.0000000000,2.0000000000,0.0000000000,exit_right
39900,1,0.0000000000,0.0000000000,2.0000000000,0.0000000000,exit_right
40000,1,0.0000000000,0.0000000000,1.2574112947,0.0000000000,scatter
40000,2,1.2574112947,0.0000000000,1.2846731761,-0.0267033192,scatter
40000,3,1.2846731761,-0.0267033192,1.7729136724,-1.4110820329,scatter
40000,4,1.7729136724,-1.4110820329,2.0000000000,-1.7305615752,exit_right
40100,1,0.0000000000,0.0000000000,2.0000000000,0.0000000000,exit_right
40200,1,0.0000000000,0.0000000000,1.4431421782,0.0000000000,absorb
40300,1,0.0000000000,0.0000000000,0.5429721085,0.0000000000,scatter
40300,2,0.5429721085,0.0000000000,1.2462982203,-0.2719893439,scatter
40300,3,1.2462982203,-0.2719893439,2.0000000000,0.8138679408,exit_right
40400,1,0.0000000000,0.0000000000,2.0000000000,0.0000000000,exit_right
40500,1,0.0000000000,0.0000000000,0.0924122267,0.0000000000,scatter
40500,2,0.0924122267,0.0000000000,0.0000000000,0.0051063498,exit_left
40600,1,0.0000000000,0.0000000000,1.3610619170,0.0000000000,scatter
40600,2,1.3610619170,0.0000000000,2.0000000000,0.7606751894,exit_right
40700,1,0.0000000000,0.0000000000,0.1449516969,0.0000000000,scatter
40700,2,0.1449516969,0.0000000000,0.0000000000,0.4307899456,exit_left
40800,1,0.0000000000,0.0000000000,0.2649874388,0.0000000000,scatter
40800,2,0.2649874388,0.0000000000,0.0000000000,0.4123169098,exit_left
40900,1,0.0000000000,0.0000000000,2.0000000000,0.0000000000,exit_right
41000,1,0.0000000000,0.0000000000,0.2734226107,0.0000000000,scatter
41000,2,0.2734226107,0.0000000000,2.0000000000,-0.4982901627,exit_right
41100,1,0.0000000000,0.0000000000,0.9787805254,0.0000000000,scatter
41100,2,0.9787805254,0.0000000000,2.0000000000,-0.1447985842,exit_right
41200,1,0.0000000000,0.0000000000,0.0413172913,0.0000000000,scatter
41200,2,0.0413172913,0.0000000000,0.0000000000,0.0197159812,exit_left
41300,1,0.0000000000,0.0000000000,0.1624306983,0.0000000000,absorb
41400,1,0.0000000000,0.0000000000,2.0000000000,0.0000000000,exit_right
41500,1,0.0000000000,0.0000000000,1.2954862973,0.0000000000,scatter
41500,2,1.2954862973,0.0000000000,1.1842392609,-1.0553316246,scatter
41500,3,1.1842392609,-1.0553316246,0.0000000000,-0.3621389239,exit_left
41600,1,0.0000000000,0.0000000000,2.0000000000,0.0000000000,exit_right
41700,1,0.0000000000,0.0000000000,1.5946218188,0.0000000000,scatter
41700,2,1.5946218188,0.0000000000,1.4067425268,0.5662883703,absorb
41800,1,0.0000000000,0.0000000000,2.0000000000,0.0000000000,exit_right
41900,1,0.0000000000,0.0000000000,0.7965997064,0.0000000000,scatter
41900,2,0.7965997064,0.0000000000,2.0000000000,-0.7980763043,exit_right
42000,1,0.0000000000,0.0000000000,1.5256504193,0.0000000000,scatter
42000,2,1.5256504193,0.0000000000,0.0000000000,-0.4621441585,exit_left
42100,1,0.0000000000,0.0000000000,1.3022387302,0.0000000000,absorb
42200,1,0.0000000000,0.0000000000,2.0000000000,0.0000000000,exit_right
42300,1,0.0000000000,0.0000000000,0.4905398788,0.0000000000,absorb
42400,1,0.0000000000,0.0000000000,2.0000000000,0.0000000000,exit_right
42500,1,0.0000000000,0.0000000000,2.0000000000,0.0000000000,exit_right
42600,1,0.0000000000,0.0000000000,0.5759993829,0.0000000000,absorb
42700,1,0.0000000000,0.0000000000,2.0000000000,0.0000000000,exit_right
42800,1,0.0000000000,0.0000000000,1.1840003658,0.0000000000,absorb
42900,1,0.0000000000,0.0000000000,0.9239042863,0.0000000000,absorb
43000,1,0.0000000000,0.0000000000,1.3036630366,0.0000000000,scatter
43000,2,1.3036630366,0.0000000000,2.0000000000,0.3298100078,exit_right
43100,1,0.0000000000,0.0000000000,2.0000000000,0.0000000000,exit_right
43200,1,0.0000000000,0.0000000000,2.0000000000,0.0000000000,exit_right
43300,1,0.0000000000,0.0000000000,0.1479150950,0.0000000000,scatter
43300,2,0.1479150950,0.0000000000,0.1324027018,0.6102935442,scatter
43300,3,0.1324027018,0.6102935442,0.0000000000,0.2697585879,exit_left
43400,1,0.0000000000,0.0000000000,1.0787543360,0.0000000000,scatter
43400,2,1.0787543360,0.0000000000,1.0710933883,0.6416828046,scatter
43400,3,1.0710933883,0.6416828046,1.1931581683,2.1272463995,scatter
43400,4,1.1931581683,2.1272463995,2.0000000000,1.8856835491,exit_right
43500,1,0.0000000000,0.0000000000,1.8964115795,0.0000000000,scatter
43500,2,1.8964115795,0.0000000000,0.6767578181,1.1904825509,scatter
43500,3,0.6767578181,1.1904825509,0.9530373631,1.0792589161,absorb
43600,1,0.0000000000,0.0000000000,0.0658968995,0.0000000000,scatter
43600,2,0.0658968995,0.0000000000,0.0212124600,-0.0679194536,scatter
43600,3,0.0212124600,-0.0679194536,0.2399184936,-0.2278125912,scatter
43600,4,0.2399184936,-0.2278125912,0.0000000000,-0.2884572057,exit_left
43700,1,0.0000000000,0.0000000000,0.8271195868,0.0000000000,absorb
43800,1,0.0000000000,0.0000000000,0.0915939322,0.0000000000,absorb
43900,1,0.0000000000,0.0000000000,1.6897463174,0.0000000000,scatter
43900,2,1.6897463174,0.0000000000,0.0000000000,-0.8286253214,exit_left
44000,1,0.0000000000,0.0000000000,1.7699204942,0.0000000000,scatter
44000,2,1.7699204942,0.0000000000,2.0000000000,-0.0143754740,exit_right
44100,1,0.0000000000,0.0000000000,1.7710712562,0.0000000000,scatter
44100,2,1.7710712562,0.0000000000,2.0000000000,0.0535171336,exit_right
44200,1,0.0000000000,0.0000000000,0.6969089321,0.0000000000,scatter
44200,2,0.6969089321,0.0000000000,0.7889975249,0.2099427572,scatter
44200,3,0.7889975249,0.2099427572,1.3498976208,-1.0416415858,absorb
44300,1,0.0000000000,0.0000000000,0.8278339741,0.0000000000,scatter
44300,2,0.8278339741,0.0000000000,0.0000000000,1.6928075901,exit_left
44400,1,0.0000000000,0.0000000000,0.6673012565,0.0000000000,scatter
44400,2,0.6673012565,0.0000000000,2.0000000000,-1.1371665068,exit_right
44500,1,0.0000000000,0.0000000000,0.4124333879,0.0000000000,absorb
44600,1,0.0000000000,0.0000000000,1.2337619446,0.0000000000,scatter
44600,2,1.2337619446,0.0000000000,0.0000000000,0.5179837573,exit_left
44700,1,0.0000000000,0.0000000000,0.4705992826,0.0000000000,scatter
44700,2,0.4705992826,0.0000000000,0.1954479779,2.8983719930,scatter
44700,3,0.1954479779,2.8983719930,0.0000000000,3.1551226509,exit_left
44800,1,0.0000000000,0.0000000000,2.0000000000,0.0000000000,exit_right
44900,1,0.0000000000,0.0000000000,2.0000000000,0.0000000000,exit_right
45000,1,0.0000000000,0.0000000000,0.5084508421,0.0000000000,scatter
45000,2,0.5084508421,0.0000000000,1.8765340870,-0.4225313889,scatter
45000,3,1.8765340870,-0.4225313889,0.0000000000,-5.2338594494,exit_left
45100,1,0.0000000000,0.0000000000,2.0000000000,0.0000000000,exit_right
45200,1,0.0000000000,0.0000000000,1.6058753849,0.0000000000,scatter
45200,2,1.6058753849,0.0000000000,2.0000000000,0.5000526149,exit_right
45300,1,0.0000000000,0.0000000000,2.0000000000,0.0000000000,exit_right
45400,1,0.0000000000,0.0000000000,2.0000000000,0.0000000000,exit_right
45500,1,0.0000000000,0.0000000000,1.1061299725,0.0000000000,scatter
45500,2,1.1061299725,0.0000000000,1.2645532587,0.0765449858,absorb
45600,1,0.0000000000,0.0000000000,2.0000000000,0.0000000000,exit_right
45700,1,0.0000000000,0.0000000000,1.0589505883,0.0000000000,absorb
45800,1,0.0000000000,0.0000000000,0.1346899491,0.0000000000,scatter
45800,2,0.1346899491,0.0000000000,0.0000000000,0.2949764400,exit_left
45900,1,0.0000000000,0.0000000000,1.7237425582,0.0000000000,absorb
46000,1,0.0000000000,0.0000000000,2.0000000000,0.0000000000,exit_right
46100,1,0.0000000000,0.0000000000,2.0000000000,0.0000000000,exit_right
46200,1,0.0000000000,0.0000000000,2.0000000000,0.0000000000,exit_right
46300,1,0.0000000000,0.0000000000,1.2636485757,0.0000000000,scatter
46300,2,1.2636485757,0.0000000000,1.6859372808,-4.2991179586,scatter
46300,3,1.6859372808,-4.2991179586,2.0000000000,-6.8677149255,exit_right
46400,1,0.0000000000,0.0000000000,0.4029574867,0.0000000000,scatter
46400,2,0.4029574867,0.0000000000,2.0000000000,0.6111482920,exit_right
46500,1,0.0000000000,0.0000000000,0.6962082042,0.0000000000,absorb
46600,1,0.0000000000,0.0000000000,1.4694579921,0.0000000000,scatter
46600,2,1.4694579921,0.0000000000,2.0000000000,-0.5120459994,exit_right
46700,1,0.0000000000,0.0000000000,2.0000000000,0.0000000000,exit_right
46800,1,0.0000000000,0.0000000000,2.0000000000,0.0000000000,exit_right
46900,1,0.0000000000,0.0000000000,0.5955509939,0.0000000000,scatter
46900,2,0.5955509939,0.0000000000,1.3012374211,0.8652155645,scatter
46900,3,1.3012374211,0.8652155645,0.4559487635,-1.1595892801,scatter
46900,4,0.4559487635,-1.1595892801,1.2426378626,1.2753297169,scatter
46900,5,1.2426378626,1.2753297169,1.0454392191,0.2061417803,scatter
46900,6,1.0454392191,0.2061417803,1.5018754080,0.1464176726,scatter
46900,7,1.5018754080,0.1464176726,0.0000000000,0.9660064363,exit_left
47000,1,0.0000000000,0.0000000000,0.1289911071,0.0000000000,absorb
47100,1,0.0000000000,0.0000000000,0.8349296737,0.0000000000,scatter
47100,2,0.8349296737,0.0000000000,0.0000000000,-2.3226763882,exit_left
47200,1,0.0000000000,0.0000000000,1.3034063619,0.0000000000,absorb
47300,1,0.0000000000,0.0000000000,2.0000000000,0.0000000000,exit_right
47400,1,0.0000000000,0.0000000000,0.2728809834,0.0000000000,scatter
47400,2,0.2728809834,0.0000000000,1.9090654264,3.2314239722,scatter
47400,3,1.9090654264,3.2314239722,0.4549397052,4.1666038896,scatter
47400,4,0.4549397052,4.1666038896,0.4027104378,3.6779762149,scatter
47400,5,0.4027104378,3.6779762149,0.2181869994,3.8079129164,scatter
47400,6,0.2181869994,3.8079129164,0.5076180953,2.9702922691,scatter
47400,7,0.5076180953,2.9702922691,0.0000000000,2.5137021356,exit_left
47500,1,0.0000000000,0.0000000000,2.0000000000,0.0000000000,exit_right
47600,1,0.0000000000,0.0000000000,0.1300032347,0.0000000000,scatter
47600,2,0.1300032347,0.0000000000,1.9093985456,-1.7202786673,scatter
47600,3,1.9093985456,-1.7202786673,2.0000000000,-1.7759833785,exit_right
47700,1,0.0000000000,0.0000000000,2.0000000000,0.0000000000,exit_right
47800,1,0.0000000000,0.0000000000,0.4436880510,0.0000000000,scatter
47800,2,0.4436880510,0.0000000000,0.0000000000,-0.0820197108,exit_left
47900,1,0.0000000000,0.0000000000,1.4221907467,0.0000000000,scatter
47900,2,1.4221907467,0.0000000000,1.5279096841,3.0849989093,scatter
47900,3,1.5279096841,3.0849989093,1.0013386179,3.2572773398,scatter
47900,4,1.0013386179,3.2572773398,1.0718864807,3.2469762472,scatter
47900,5,1.0718864807,3.2469762472,0.0000000000,3.9620289579,exit_left
48000,1,0.0000000000,0.0000000000,0.6556041492,0.0000000000,scatter
48000,2,0.6556041492,0.0000000000,0.4456245604,0.1703218238,scatter
48000,3,0.4456245604,0.1703218238,0.0000000000,1.2688403775,exit_left
48100,1,0.0000000000,0.0000000000,2.0000000000,0.0000000000,exit_right
48200,1,0.0000000000,0.0000000000,1.9923312209,0.0000000000,absorb
48300,1,0.0000000000,0.0000000000,0.5306112147,0.0000000000,scatter
48300,2,0.5306112147,0.0000000000,0.6174937660,-0.2069297864,scatter
48300,3,0.6174937660,-0.2069297864,1.7375455967,-1.6258966826,absorb
48400,1,0.0000000000,0.0000000000,0.8293743416,0.0000000000,scatter
48400,2,0.8293743416,0.0000000000,0.0000000000,0.2093079150,exit_left
48500,1,0.0000000000,0.0000000000,1.1941301690,0.0000000000,absorb
48600,1,0.0000000000,0.0000000000,1.2379067406,0.0000000000,scatter
48600,2,1.2379067406,0.0000000000,2.0000000000,0.6254410176,exit_right
48700,1,0.0000000000,0.0000000000,1.7455962490,0.0000000000,scatter
48700,2,1.7455962490,0.0000000000,2.0000000000,-0.0565841828,exit_right
48800,1,0.0000000000,0.0000000000,0.2981523963,0.0000000000,scatter
48800,2,0.2981523963,0.0000000000,2.0000000000,-1.1786553740,exit_right
48900,1,0.0000000000,0.0000000000,2.0000000000,0.0000000000,exit_right
49000,1,0.0000000000,0.0000000000,1.8427794718,0.0000000000,scatter
49000,2,1.8427794718,0.0000000000,1.6961447091,0.3898715681,absorb
49100,1,0.0000000000,0.0000000000,1.2572232792,0.0000000000,scatter
49100,2,1.2572232792,0.0000000000,1.7519956470,0.0033142895,scatter
49100,3,1.7519956470,0.0033142895,0.0000000000,1.0825079944,exit_left
49200,1,0.0000000000,0.0000000000,1.1073975339,0.0000000000,scatter
49200,2,1.1073975339,0.0000000000,0.8912233720,-0.5530920858,scatter
49200,3,0.8912233720,-0.5530920858,0.3537945418,1.1563730142,scatter
49200,4,0.3537945418,1.1563730142,0.3152200817,1.1215522812,absorb
49300,1,0.0000000000,0.0000000000,2.0000000000,0.0000000000,exit_right
49400,1,0.0000000000,0.0000000000,0.2473068913,0.0000000000,scatter
49400,2,0.2473068913,0.0000000000,0.0000000000,-0.9487384727,exit_left
49500,1,0.0000000000,0.0000000000,2.0000000000,0.0000000000,exit_right
49600,1,0.0000000000,0.0000000000,0.6409346435,0.0000000000,scatter
49600,2,0.6409346435,0.0000000000,0.0000000000,0.1145539283,exit_left
49700,1,0.0000000000,0.0000000000,1.0020272273,0.0000000000,scatter
49700,2,1.0020272273,0.0000000000,2.0000000000,-0.6337801182,exit_right
49800,1,0.0000000000,0.0000000000,2.0000000000,0.0000000000,exit_right
49900,1,0.0000000000,0.0000000000,2.0000000000,0.0000000000,exit_right
50000,1,0.0000000000,0.0000000000,0.5384013714,0.0000000000,scatter
50000,2,0.5384013714,0.0000000000,0.6638403689,-0.0479467223,scatter
50000,3,0.6638403689,-0.0479467223,0.2685209946,-4.4934110803,absorb
50100,1,0.0000000000,0.0000000000,2.0000000000,0.0000000000,exit_right
50200,1,0.0000000000,0.0000000000,1.1943973887,0.0000000000,scatter
50200,2,1.1943973887,0.0000000000,2.0000000000,-2.1335433992,exit_right
50300,1,0.0000000000,0.0000000000,1.9939086611,0.0000000000,absorb
50400,1,0.0000000000,0.0000000000,0.3201248069,0.0000000000,scatter
50400,2,0.3201248069,0.0000000000,0.6390211664,0.0887102074,scatter
50400,3,0.6390211664,0.0887102074,0.0000000000,0.4861736554,exit_left
50500,1,0.0000000000,0.0000000000,2.0000000000,0.0000000000,exit_right
50600,1,0.0000000000,0.0000000000,0.3854502619,0.0000000000,scatter
50600,2,0.3854502619,0.0000000000,1.8827920568,7.9402254359,absorb
50700,1,0.0000000000,0.0000000000,0.2594410529,0.0000000000,absorb
50800,1,0.0000000000,0.0000000000,2.0000000000,0.0000000000,exit_right
50900,1,0.0000000000,0.0000000000,0.7084552755,0.0000000000,scatter
50900,2,0.7084552755,0.0000000000,0.6610237481,0.0240440060,scatter
50900,3,0.6610237481,0.0240440060,0.8023314909,0.5011499459,scatter
50900,4,0.8023314909,0.5011499459,0.5770306457,-2.6480427166,scatter
50900,5,0.5770306457,-2.6480427166,0.0000000000,-2.0920814360,exit_left
51000,1,0.0000000000,0.0000000000,2.0000000000,0.0000000000,exit_right
51100,1,0.0000000000,0.0000000000,1.3687063227,0.0000000000,scatter
51100,2,1.3687063227,0.0000000000,2.0000000000,-0.1307554327,exit_right
51200,1,0.0000000000,0.0000000000,1.1864338412,0.0000000000,scatter
51200,2,1.1864338412,0.0000000000,0.0000000000,1.2533249238,exit_left
51300,1,0.0000000000,0.0000000000,0.0911304110,0.0000000000,scatter
51300,2,0.0911304110,0.0000000000,0.0000000000,0.2277390754,exit_left
51400,1,0.0000000000,0.0000000000,1.6108732567,0.0000000000,scatter
51400,2,1.6108732567,0.0000000000,1.2001270999,-1.2929724936,scatter
51400,3,1.2001270999,-1.2929724936,2.0000000000,-1.7388461286,exit_right
51500,1,0.0000000000,0.0000000000,2.0000000000,0.0000000000,exit_right
51600,1,0.0000000000,0.0000000000,2.0000000000,0.0000000000,exit_right
51700,1,0.0000000000,0.0000000000,1.8793730951,0.0000000000,absorb
51800,1,0.0000000000,0.0000000000,0.5370681578,0.0000000000,scatter
51800,2,0.5370681578,0.0000000000,0.0000000000,-0.1604009453,exit_left
51900,1,0.0000000000,0.0000000000,2.0000000000,0.0000000000,exit_right
52000,1,0.0000000000,0.0000000000,0.3301372874,0.0000000000,scatter
52000,2,0.3301372874,0.0000000000,2.0000000000,-0.5549501702,exit_right
52100,1,0.0000000000,0.0000000000,2.0000000000,0.0000000000,exit_right
52200,1,0.0000000000,0.0000000000,2.0000000000,0.0000000000,exit_right
52300,1,0.0000000000,0.0000000000,1.0541607519,0.0000000000,scatter
52300,2,1.0541607519,0.0000000000,0.3541725754,0.7019242975,scatter
52300,3,0.3541725754,0.7019242975,0.0000000000,-0.0927829791,exit_left
52400,1,0.0000000000,0.0000000000,0.8320642903,0.0000000000,scatter
52400,2,0.8320642903,0.0000000000,0.7548845892,4.2849200592,absorb
52500,1,0.0000000000,0.0000000000,2.0000000000,0.0000000000,exit_right
52600,1,0.0000000000,0.0000000000,0.2815420080,0.0000000000,scatter
52600,2,0.2815420080,0.0000000000,0.0000000000,-0.0859339038,exit_left
52700,1,0.0000000000,0.0000000000,0.8138014454,0.0000000000,scatter
52700,2,0.8138014454,0.0000000000,2.0000000000,0.8452443893,exit_right
52800,1,0.0000000000,0.0000000000,0.8950174833,0.0000000000,scatter
52800,2,0.8950174833,0.0000000000,0.0000000000,-3.9655822403,exit_left
52900,1,0.0000000000,0.0000000000,2.0000000000,0.0000000000,exit_right
53000,1,0.0000000000,0.0000000000,0.3078887546,0.0000000000,scatter
53000,2,0.3078887546,0.0000000000,2.0000000000,-4.3742215597,exit_right
53100,1,0.0000000000,0.0000000000,0.1139164050,0.0000000000,scatter
53100,2,0.1139164050,0.0000000000,0.4064063920,0.0412361760,scatter
53100,3,0.4064063920,0.0412361760,0.0000000000,-0.1947468323,exit_left
53200,1,0.0000000000,0.0000000000,1.0763556351,0.0000000000,scatter
53200,2,1.0763556351,0.0000000000,2.0000000000,0.3824224756,exit_right
53300,1,0.0000000000,0.0000000000,0.7434352148,0.0000000000,scatter
53300,2,0.7434352148,0.0000000000,0.0000000000,0.3282009382,exit_left
53400,1,0.0000000000,0.0000000000,2.0000000000,0.0000000000,exit_right
53500,1,0.0000000000,0.0000000000,0.2847424274,0.0000000000,scatter
53500,2,0.2847424274,0.0000000000,0.0000000000,0.2767547750,exit_left
53600,1,0.0000000000,0.0000000000,0.5381514711,0.0000000000,scatter
53600,2,0.5381514711,0.0000000000,0.0000000000,0.1947682974,exit_left
53700,1,0.0000000000,0.0000000000,0.6039293925,0.0000000000,scatter
53700,2,0.6039293925,0.0000000000,2.0000000000,0.5635932615,exit_right
53800,1,0.0000000000,0.0000000000,1.0614033020,0.0000000000,scatter
53800,2,1.0614033020,0.0000000000,1.2281713836,-4.9695824991,scatter
53800,3,1.2281713836,-4.9695824991,0.0000000000,-5.2982157908,exit_left
53900,1,0.0000000000,0.0000000000,0.2979036637,0.0000000000,scatter
53900,2,0.2979036637,0.0000000000,0.0000000000,0.1373988933,exit_left
54000,1,0.0000000000,0.0000000000,0.5516084399,0.0000000000,scatter
54000,2,0.5516084399,0.0000000000,0.5002069444,0.0205562957,absorb
54100,1,0.0000000000,0.0000000000,2.0000000000,0.0000000000,exit_right
54200,1,0.0000000000,0.0000000000,2.0000000000,0.0000000000,exit_right
54300,1,0.0000000000,0.0000000000,1.7874584833,0.0000000000,scatter
54300,2,1.7874584833,0.0000000000,1.7331377416,0.2904530586,scatter
54300,3,1.7331377416,0.2904530586,0.7716064280,1.3424745876,scatter
54300,4,0.7716064280,1.3424745876,0.8401748041,1.0260105671,absorb
54400,1,0.0000000000,0.0000000000,1.7260101687,0.0000000000,scatter
54400,2,1.7260101687,0.0000000000,2.0000000000,0.1222365720,exit_right
54500,1,0.0000000000,0.0000000000,1.9943687274,0.0000000000,absorb
54600,1,0.0000000000,0.0000000000,0.1785145766,0.0000000000,absorb
54700,1,0.0000000000,0.0000000000,2.0000000000,0.0000000000,exit_right
54800,1,0.0000000000,0.0000000000,0.3905951525,0.0000000000,scatter
54800,2,0.3905951525,0.0000000000,0.2177877850,0.1787730014,scatter
54800,3,0.2177877850,0.1787730014,2.0000000000,-3.0877429842,exit_right
54900,1,0.0000000000,0.0000000000,0.4872766951,0.0000000000,absorb
55000,1,0.0000000000,0.0000000000,0.5204065531,0.0000000000,absorb
55100,1,0.0000000000,0.0000000000,1.0386176004,0.0000000000,scatter
55100,2,1.0386176004,0.0000000000,1.2560384079,-0.3726584814,scatter
55100,3,1.2560384079,-0.3726584814,0.8566254531,1.1127609116,scatter
55100,4,0.8566254531,1.1127609116,0.5742922849,1.0410979154,scatter
55100,5,0.5742922849,1.0410979154,0.4506821953,0.8431266085,scatter
55100,6,0.4506821953,0.8431266085,0.4954427694,-0.8552660985,absorb
55200,1,0.0000000000,0.0000000000,2.0000000000,0.0000000000,exit_right
55300,1,0.0000000000,0.0000000000,1.0283617580,0.0000000000,scatter
55300,2,1.0283617580,0.0000000000,1.8961733799,-1.4446704039,scatter
55300,3,1.8961733799,-1.4446704039,0.0180843462,-1.9603302493,absorb
55400,1,0.0000000000,0.0000000000,2.0000000000,0.0000000000,exit_right
55500,1,0.0000000000,0.0000000000,2.0000000000,0.0000000000,exit_right
55600,1,0.0000000000,0.0000000000,2.0000000000,0.0000000000,exit_right
55700,1,0.0000000000,0.0000000000,2.0000000000,0.0000000000,exit_right
55800,1,0.0000000000,0.0000000000,2.0000000000,0.0000000000,exit_right
55900,1,0.0000000000,0.0000000000,0.7429090073,0.0000000000,scatter
55900,2,0.7429090073,0.0000000000,0.0000000000,0.4080044809,exit_left
56000,1,0.0000000000,0.0000000000,1.6087681727,0.0000000000,scatter
56000,2,1.6087681727,0.0000000000,2.0000000000,2.6162720559,exit_right
56100,1,0.0000000000,0.0000000000,0.0726784754,0.0000000000,scatter
56100,2,0.0726784754,0.0000000000,0.0000000000,-0.0213091561,exit_left
56200,1,0.0000000000,0.0000000000,0.6440799044,0.0000000000,scatter
56200,2,0.6440799044,0.0000000000,1.2160255436,0.0781973262,scatter
56200,3,1.2160255436,0.0781973262,1.9243927655,-0.1858792698,absorb
56300,1,0.0000000000,0.0000000000,0.1918710637,0.0000000000,absorb
56400,1,0.0000000000,0.0000000000,2.0000000000,0.0000000000,exit_right
56500,1,0.0000000000,0.0000000000,2.0000000000,0.0000000000,exit_right
56600,1,0.0000000000,0.0000000000,0.9338951345,0.0000000000,scatter
56600,2,0.9338951345,0.0000000000,1.6483941144,-4.5363467088,scatter
56600,3,1.6483941144,-4.5363467088,1.7262394800,-4.8039739755,scatter
56600,4,1.7262394800,-4.8039739755,0.0000000000,-2.7215886507,exit_left
56700,1,0.0000000000,0.0000000000,0.2521234921,0.0000000000,scatter
56700,2,0.2521234921,0.0000000000,0.0000000000,0.0388012495,exit_left
56800,1,0.0000000000,0.0000000000,2.0000000000,0.0000000000,exit_right
56900,1,0.0000000000,0.0000000000,2.0000000000,0.0000000000,exit_right
57000,1,0.0000000000,0.0000000000,0.7010818101,0.0000000000,scatter
57000,2,0.7010818101,0.0000000000,0.0000000000,1.9967911380,exit_left
57100,1,0.0000000000,0.0000000000,0.4509517347,0.0000000000,scatter
57100,2,0.4509517347,0.0000000000,1.7877431735,-1.8564561317,scatter
57100,3,1.7877431735,-1.8564561317,0.0000000000,-0.4468985091,exit_left
57200,1,0.0000000000,0.0000000000,2.0000000000,0.0000000000,exit_right
57300,1,0.0000000000,0.0000000000,0.0082004189,0.0000000000,scatter
57300,2,0.0082004189,0.0000000000,0.0000000000,-0.0072844417,exit_left
57400,1,0.0000000000,0.0000000000,2.0000000000,0.0000000000,exit_right
57500,1,0.0000000000,0.0000000000,1.8392112477,0.0000000000,scatter
57500,2,1.8392112477,0.0000000000,1.2771956685,0.3993191449,scatter
57500,3,1.2771956685,0.3993191449,0.9820171052,0.1617591851,scatter
57500,4,0.9820171052,0.1617591851,1.0963839830,-0.0671060154,scatter
57500,5,1.0963839830,-0.0671060154,0.0000000000,-2.3386337966,exit_left
57600,1,0.0000000000,0.0000000000,1.0587588419,0.0000000000,scatter
57600,2,1.0587588419,0.0000000000,0.0000000000,0.1632908497,exit_left
57700,1,0.0000000000,0.0000000000,2.0000000000,0.0000000000,exit_right
57800,1,0.0000000000,0.0000000000,2.0000000000,0.0000000000,exit_right
57900,1,0.0000000000,0.0000000000,1.9214486463,0.0000000000,scatter
57900,2,1.9214486463,0.0000000000,1.8260834812,-0.0494783117,scatter
57900,3,1.8260834812,-0.0494783117,1.1322487769,-1.6439694436,scatter
57900,4,1.1322487769,-1.6439694436,0.0000000000,-2.8999017148,exit_left
58000,1,0.0000000000,0.0000000000,1.4789538162,0.0000000000,scatter
58000,2,1.4789538162,0.0000000000,1.5319647927,0.3712601732,scatter
58000,3,1.5319647927,0.3712601732,2.0000000000,1.0420806608,exit_right
58100,1,0.0000000000,0.0000000000,1.4463112752,0.0000000000,scatter
58100,2,1.4463112752,0.0000000000,0.5756153684,5.5339879484,scatter
58100,3,0.5756153684,5.5339879484,0.5582361089,5.3304113833,scatter
58100,4,0.5582361089,5.3304113833,2.0000000000,4.4755731903,exit_right
58200,1,0.0000000000,0.0000000000,0.8696229358,0.0000000000,scatter
58200,2,0.8696229358,0.0000000000,0.6121847769,1.0581140159,absorb
58300,1,0.0000000000,0.0000000000,2.0000000000,0.0000000000,exit_right
58400,1,0.0000000000,0.0000000000,1.8437383611,0.0000000000,scatter
58400,2,1.8437383611,0.0000000000,2.0000000000,0.0765351381,exit_right
58500,1,0.0000000000,0.0000000000,0.1426597902,0.0000000000,absorb
58600,1,0.0000000000,0.0000000000,2.0000000000,0.0000000000,exit_right
58700,1,0.0000000000,0.0000000000,0.2994687272,0.0000000000,absorb
58800,1,0.0000000000,0.0000000000,1.3693709039,0.0000000000,scatter
58800,2,1.3693709039,0.0000000000,0.0000000000,-1.7851162160,exit_left
58900,1,0.0000000000,0.0000000000,0.1740127235,0.0000000000,absorb
59000,1,0.0000000000,0.0000000000,0.3130928077,0.0000000000,scatter
59000,2,0.3130928077,0.0000000000,0.0000000000,0.0730728412,exit_left
59100,1,0.0000000000,0.0000000000,2.0000000000,0.0000000000,exit_right
59200,1,0.0000000000,0.0000000000,2.0000000000,0.0000000000,exit_right
59300,1,0.0000000000,0.0000000000,0.1914064869,0.0000000000,scatter
59300,2,0.1914064869,0.0000000000,0.0000000000,-0.5002195963,exit_left
59400,1,0.0000000000,0.0000000000,1.7530766011,0.0000000000,absorb
59500,1,0.0000000000,0.0000000000,1.3961784744,0.0000000000,scatter
59500,2,1.3961784744,0.0000000000,0.5336518146,-0.4182297175,scatter
59500,3,0.5336518146,-0.4182297175,1.8129022142,-2.4049985144,scatter
59500,4,1.8129022142,-2.4049985144,2.0000000000,-2.1699117625,exit_right
59600,1,0.0000000000,0.0000000000,0.7144492365,0.0000000000,scatter
59600,2,0.7144492365,0.0000000000,0.7131513253,-0.0049880850,scatter
59600,3,0.7131513253,-0.0049880850,0.7679936357,0.0416311567,scatter
59600,4,0.7679936357,0.0416311567,0.5423904208,1.2516818106,scatter
59600,5,0.5423904208,1.2516818106,0.8543118863,0.8235163584,absorb
59700,1,0.0000000000,0.0000000000,2.0000000000,0.0000000000,exit_right
59800,1,0.0000000000,0.0000000000,2.0000000000,0.0000000000,exit_right
59900,1,0.0000000000,0.0000000000,1.5744417859,0.0000000000,scatter
59900,2,1.5744417859,0.0000000000,1.5660530086,0.0045569652,absorb
60000,1,0.0000000000,0.0000000000,0.4888849947,0.0000000000,scatter
60000,2,0.4888849947,0.0000000000,0.6617828582,0.0641763614,absorb
60100,1,0.0000000000,0.0000000000,0.2364928224,0.0000000000,absorb
60200,1,0.0000000000,0.0000000000,2.0000000000,0.0000000000,exit_right
60300,1,0.0000000000,0.0000000000,2.0000000000,0.0000000000,exit_right
60400,1,0.0000000000,0.0000000000,2.0000000000,0.0000000000,exit_right
60500,1,0.0000000000,0.0000000000,0.4411300594,0.0000000000,scatter
60500,2,0.4411300594,0.0000000000,0.0000000000,1.0922608516,exit_left
60600,1,0.0000000000,0.0000000000,0.7119014244,0.0000000000,scatter
60600,2,0.7119014244,0.0000000000,1.0181760884,-0.5211475697,scatter
60600,3,1.0181760884,-0.5211475697,0.8618227437,-0.0911775657,scatter
60600,4,0.8618227437,-0.0911775657,0.0000000000,-0.4830690844,exit_left
60700,1,0.0000000000,0.0000000000,0.4568033026,0.0000000000,scatter
60700,2,0.4568033026,0.0000000000,0.0000000000,-0.1131655688,exit_left
60800,1,0.0000000000,0.0000000000,0.9603370798,0.0000000000,scatter
60800,2,0.9603370798,0.0000000000,0.9966976292,0.2045193931,scatter
60800,3,0.9966976292,0.2045193931,0.4619846476,0.5826153784,scatter
60800,4,0.4619846476,0.5826153784,0.0000000000,1.1384853137,exit_left
60900,1,0.0000000000,0.0000000000,1.0770887166,0.0000000000,scatter
60900,2,1.0770887166,0.0000000000,0.0000000000,0.4298202149,exit_left
61000,1,0.0000000000,0.0000000000,2.0000000000,0.0000000000,exit_right
61100,1,0.0000000000,0.0000000000,0.1300707714,0.0000000000,scatter
61100,2,0.1300707714,0.0000000000,1.6638130885,-3.2851074258,scatter
61100,3,1.6638130885,-3.2851074258,2.0000000000,-3.8307609724,exit_right
61200,1,0.0000000000,0.0000000000,0.0908272518,0.0000000000,absorb
61300,1,0.0000000000,0.0000000000,0.2320866785,0.0000000000,scatter
61300,2,0.2320866785,0.0000000000,0.0000000000,-1.8153551492,exit_left
61400,1,0.0000000000,0.0000000000,0.6972628519,0.0000000000,scatter
61400,2,0.6972628519,0.0000000000,0.6973112481,-0.0000310436,scatter
61400,3,0.6973112481,-0.0000310436,0.6676757860,0.0526517797,absorb
61500,1,0.0000000000,0.0000000000,0.5519006807,0.0000000000,scatter
61500,2,0.5519006807,0.0000000000,2.0000000000,-0.0754983919,exit_right
61600,1,0.0000000000,0.0000000000,2.0000000000,0.0000000000,exit_right
61700,1,0.0000000000,0.0000000000,0.7724183697,0.0000000000,scatter
61700,2,0.7724183697,0.0000000000,0.0000000000,-0.3376070862,exit_left
61800,1,0.0000000000,0.0000000000,0.2854060182,0.0000000000,scatter
61800,2,0.2854060182,0.0000000000,0.8032503733,-0.4781816091,scatter
61800,3,0.8032503733,-0.4781816091,2.0000000000,-0.5007352542,exit_right
61900,1,0.0000000000,0.0000000000,2.0000000000,0.0000000000,exit_right
62000,1,0.0000000000,0.0000000000,1.4693563762,0.0000000000,absorb
62100,1,0.0000000000,0.0000000000,0.7013017063,0.0000000000,scatter
62100,2,0.7013017063,0.0000000000,0.0000000000,0.2281022251,exit_left
62200,1,0.0000000000,0.0000000000,0.4845513511,0.0000000000,scatter
62200,2,0.4845513511,0.0000000000,0.0000000000,-0.0387925783,exit_left
62300,1,0.0000000000,0.0000000000,1.3355877462,0.0000000000,scatter
62300,2,1.3355877462,0.0000000000,1.1266044291,-0.5303892650,scatter
62300,3,1.1266044291,-0.5303892650,0.0000000000,-0.3685356239,exit_left
62400,1,0.0000000000,0.0000000000,2.0000000000,0.0000000000,exit_right
62500,1,0.0000000000,0.0000000000,2.0000000000,0.0000000000,exit_right
62600,1,0.0000000000,0.0000000000,0.3022510339,0.0000000000,scatter
62600,2,0.3022510339,0.0000000000,0.0580175190,0.5030051219,scatter
62600,3,0.0580175190,0.5030051219,0.0000000000,0.6041877002,exit_left
62700,1,0.0000000000,0.0000000000,0.0787293629,0.0000000000,absorb
62800,1,0.0000000000,0.0000000000,1.6347385407,0.0000000000,scatter
62800,2,1.6347385407,0.0000000000,0.0000000000,-2.5300237454,exit_left
62900,1,0.0000000000,0.0000000000,2.0000000000,0.0000000000,exit_right
63000,1,0.0000000000,0.0000000000,1.2389914954,0.0000000000,absorb
63100,1,0.0000000000,0.0000000000,0.9837403123,0.0000000000,scatter
63100,2,0.9837403123,0.0000000000,0.8356509277,-1.7043714454,scatter
63100,3,0.8356509277,-1.7043714454,0.8077536026,-1.7767124940,absorb
63200,1,0.0000000000,0.0000000000,2.0000000000,0.0000000000,exit_right
63300,1,0.0000000000,0.0000000000,2.0000000000,0.0000000000,exit_right
63400,1,0.0000000000,0.0000000000,2.0000000000,0.0000000000,exit_right
63500,1,0.0000000000,0.0000000000,0.0899799676,0.0000000000,scatter
63500,2,0.0899799676,0.0000000000,0.1122048334,-0.0189014679,absorb
63600,1,0.0000000000,0.0000000000,2.0000000000,0.0000000000,exit_right
63700,1,0.0000000000,0.0000000000,0.8794615902,0.0000000000,scatter
63700,2,0.8794615902,0.0000000000,0.0000000000,-0.6837077000,exit_left
63800,1,0.0000000000,0.0000000000,2.0000000000,0.0000000000,exit_right
63900,1,0.0000000000,0.0000000000,0.3650897833,0.0000000000,scatter
63900,2,0.3650897833,0.0000000000,0.3705705123,0.3882237870,scatter
63900,3,0.3705705123,0.3882237870,0.0000000000,0.5654497689,exit_left
64000,1,0.0000000000,0.0000000000,1.9754139496,0.0000000000,scatter
64000,2,1.9754139496,0.0000000000,2.0000000000,-0.0640945351,exit_right
64100,1,0.0000000000,0.0000000000,2.0000000000,0.0000000000,exit_right
64200,1,0.0000000000,0.0000000000,0.3396696485,0.0000000000,scatter
64200,2,0.3396696485,0.0000000000,0.4966406279,-0.2837409621,scatter
64200,3,0.4966406279,-0.2837409621,0.0000000000,-0.1873454669,exit_left
64300,1,0.0000000000,0.0000000000,2.0000000000,0.0000000000,exit_right
64400,1,0.0000000000,0.0000000000,0.2023079785,0.0000000000,scatter
64400,2,0.2023079785,0.0000000000,2.0000000000,0.1750762907,exit_right
64500,1,0.0000000000,0.0000000000,0.5064906823,0.0000000000,scatter
64500,2,0.5064906823,0.0000000000,0.0000000000,-0.5451169628,exit_left
64600,1,0.0000000000,0.0000000000,1.2373029439,0.0000000000,scatter
64600,2,1.2373029439,0.0000000000,0.0000000000,-0.1356355481,exit_left
64700,1,0.0000000000,0.0000000000,1.5649475987,0.0000000000,scatter
64700,2,1.5649475987,0.0000000000,1.7347930085,2.7708585315,scatter
64700,3,1.7347930085,2.7708585315,2.0000000000,2.2949228965,exit_right
64800,1,0.0000000000,0.0000000000,0.4497794109,0.0000000000,scatter
64800,2,0.4497794109,0.0000000000,0.0000000000,-0.2875448343,exit_left
64900,1,0.0000000000,0.0000000000,2.0000000000,0.0000000000,exit_right
65000,1,0.0000000000,0.0000000000,1.0153579477,0.0000000000,scatter
65000,2,1.0153579477,0.0000000000,1.3321293892,-0.1594295862,scatter
65000,3,1.3321293892,-0.1594295862,1.9404571086,1.1654957854,scatter
65000,4,1.9404571086,1.1654957854,2.0000000000,0.9674520929,exit_right
65100,1,0.0000000000,0.0000000000,0.7801535715,0.0000000000,scatter
65100,2,0.7801535715,0.0000000000,0.4953487260,0.9693757351,scatter
65100,3,0.4953487260,0.9693757351,0.7068349034,0.8972150402,scatter
65100,4,0.7068349034,0.8972150402,0.4974638252,1.6663675349,absorb
65200,1,0.0000000000,0.0000000000,2.0000000000,0.0000000000,exit_right
65300,1,0.0000000000,0.0000000000,1.8095247770,0.0000000000,absorb
65400,1,0.0000000000,0.0000000000,2.0000000000,0.0000000000,exit_right
65500,1,0.0000000000,0.0000000000,0.4869655406,0.0000000000,scatter
65500,2,0.4869655406,0.0000000000,0.0000000000,0.1987737592,exit_left
65600,1,0.0000000000,0.0000000000,0.7769786138,0.0000000000,scatter
65600,2,0.7769786138,0.0000000000,0.7595205688,0.1636468087,scatter
65600,3,0.7595205688,0.1636468087,0.7152458929,1.2693430091,absorb
65700,1,0.0000000000,0.0000000000,0.1720907873,0.0000000000,scatter
65700,2,0.1720907873,0.0000000000,0.0000000000,-0.1484712289,exit_left
65800,1,0.0000000000,0.0000000000,0.0694264886,0.0000000000,absorb
65900,1,0.0000000000,0.0000000000,1.5167895290,0.0000000000,scatter
65900,2,1.5167895290,0.0000000000,2.0000000000,-0.4365009285,exit_right
66000,1,0.0000000000,0.0000000000,0.7543816125,0.0000000000,absorb
66100,1,0.0000000000,0.0000000000,1.8361031742,0.0000000000,absorb
66200,1,0.0000000000,0.0000000000,2.0000000000,0.0000000000,exit_right
66300,1,0.0000000000,0.0000000000,1.0598917254,0.0000000000,scatter
66300,2,1.0598917254,0.0000000000,0.8621835586,-0.3009971653,scatter
66300,3,0.8621835586,-0.3009971653,0.4706722726,-0.6253806450,scatter
66300,4,0.4706722726,-0.6253806450,0.4960421422,-0.6461567408,absorb
66400,1,0.0000000000,0.0000000000,1.8887637662,0.0000000000,scatter
66400,2,1.8887637662,0.0000000000,0.9668260414,0.9241193164,scatter
66400,3,0.9668260414,0.9241193164,0.0000000000,1.4996328797,exit_left
66500,1,0.0000000000,0.0000000000,2.0000000000,0.0000000000,exit_right
66600,1,0.0000000000,0.0000000000,0.5475150476,0.0000000000,scatter
66600,2,0.5475150476,0.0000000000,1.1085543640,0.0956702010,scatter
66600,3,1.1085543640,0.0956702010,2.0000000000,-0.4590824242,exit_right
66700,1,0.0000000000,0.0000000000,1.4030985206,0.0000000000,scatter
66700,2,1.4030985206,0.0000000000,0.0000000000,-0.3325638179,exit_left
66800,1,0.0000000000,0.0000000000,2.0000000000,0.0000000000,exit_right
66900,1,0.0000000000,0.0000000000,1.5401693965,0.0000000000,scatter
66900,2,1.5401693965,0.0000000000,2.0000000000,-0.3811165351,exit_right
67000,1,0.0000000000,0.0000000000,1.7314048492,0.0000000000,scatter
67000,2,1.7314048492,0.0000000000,0.0000000000,-1.4327158667,exit_left
67100,1,0.0000000000,0.0000000000,0.1218842037,0.0000000000,scatter
67100,2,0.1218842037,0.0000000000,0.0516978498,-1.7623290540,absorb
67200,1,0.0000000000,0.0000000000,2.0000000000,0.0000000000,exit_right
67300,1,0.0000000000,0.0000000000,1.8997441186,0.0000000000,scatter
67300,2,1.8997441186,0.0000000000,0.0000000000,1.9943376095,exit_left
67400,1,0.0000000000,0.0000000000,2.0000000000,0.0000000000,exit_right
67500,1,0.0000000000,0.0000000000,2.0000000000,0.0000000000,exit_right
67600,1,0.0000000000,0.0000000000,2.0000000000,0.0000000000,exit_right
67700,1,0.0000000000,0.0000000000,2.0000000000,0.0000000000,exit_right
67800,1,0.0000000000,0.0000000000,2.0000000000,0.0000000000,exit_right
67900,1,0.0000000000,0.0000000000,0.2992011460,0.0000000000,scatter
67900,2,0.2992011460,0.0000000000,0.0000000000,-0.8429985315,exit_left
68000,1,0.0000000000,0.0000000000,0.9260059329,0.0000000000,scatter
68000,2,0.9260059329,0.0000000000,0.6838085984,0.0284192094,scatter
68000,3,0.6838085984,0.0284192094,0.4296971457,-0.2299766600,scatter
68000,4,0.4296971457,-0.2299766600,0.0000000000,-0.0728103076,exit_left
68100,1,0.0000000000,0.0000000000,2.0000000000,0.0000000000,exit_right
68200,1,0.0000000000,0.0000000000,0.3633840806,0.0000000000,scatter
68200,2,0.3633840806,0.0000000000,0.0000000000,-0.1176857864,exit_left
68300,1,0.0000000000,0.0000000000,2.0000000000,0.0000000000,exit_right
68400,1,0.0000000000,0.0000000000,1.9446239116,0.0000000000,scatter
68400,2,1.9446239116,0.0000000000,2.0000000000,-0.0514235172,exit_right
68500,1,0.0000000000,0.0000000000,2.0000000000,0.0000000000,exit_right
68600,1,0.0000000000,0.0000000000,1.0060452029,0.0000000000,scatter
68600,2,1.0060452029,0.0000000000,0.0000000000,0.4506295458,exit_left
68700,1,0.0000000000,0.0000000000,2.0000000000,0.0000000000,exit_right
68800,1,0.0000000000,0.0000000000,2.0000000000,0.0000000000,exit_right
68900,1,0.0000000000,0.0000000000,0.0718736980,0.0000000000,scatter
68900,2,0.0718736980,0.0000000000,0.0000000000,-0.1476285704,exit_left
69000,1,0.0000000000,0.0000000000,0.8205201292,0.0000000000,scatter
69000,2,0.8205201292,0.0000000000,1.6712054960,1.0600597086,scatter
69000,3,1.6712054960,1.0600597086,1.2164363684,1.4274265593,absorb
69100,1,0.0000000000,0.0000000000,0.7094294238,0.0000000000,scatter
69100,2,0.7094294238,0.0000000000,0.0000000000,0.3790718431,exit_left
69200,1,0.0000000000,0.0000000000,0.6350163991,0.0000000000,absorb
69300,1,0.0000000000,0.0000000000,0.7865647964,0.0000000000,scatter
69300,2,0.7865647964,0.0000000000,1.9461009796,3.9286536462,scatter
69300,3,1.9461009796,3.9286536462,2.0000000000,4.3163327819,exit_right
69400,1,0.0000000000,0.0000000000,2.0000000000,0.0000000000,exit_right
69500,1,0.0000000000,0.0000000000,0.7420253115,0.0000000000,scatter
69500,2,0.7420253115,0.0000000000,0.6195222739,0.1205579472,absorb
69600,1,0.0000000000,0.0000000000,0.3035009172,0.0000000000,scatter
69600,2,0.3035009172,0.0000000000,2.0000000000,0.1422368179,exit_right
69700,1,0.0000000000,0.0000000000,2.0000000000,0.0000000000,exit_right
69800,1,0.0000000000,0.0000000000,2.0000000000,0.0000000000,exit_right
69900,1,0.0000000000,0.0000000000,0.8593782336,0.0000000000,scatter
69900,2,0.8593782336,0.0000000000,0.3871548050,0.5892759685,scatter
69900,3,0.3871548050,0.5892759685,0.8579283857,0.5832675404,scatter
69900,4,0.8579283857,0.5832675404,1.5194545562,0.8237938179,scatter
69900,5,1.5194545562,0.8237938179,1.8420178163,0.1250760728,scatter
69900,6,1.8420178163,0.1250760728,0.0000000000,4.0092041410,exit_left
70000,1,0.0000000000,0.0000000000,2.0000000000,0.0000000000,exit_right
70100,1,0.0000000000,0.0000000000,0.7254785677,0.0000000000,absorb
70200,1,0.0000000000,0.0000000000,1.7584515458,0.0000000000,scatter
70200,2,1.7584515458,0.0000000000,1.9856427462,1.3456545248,scatter
70200,3,1.9856427462,1.3456545248,0.0000000000,0.9362935567,exit_left
70300,1,0.0000000000,0.0000000000,2.0000000000,0.0000000000,exit_right
70400,1,0.0000000000,0.0000000000,1.4314941227,0.0000000000,scatter
70400,2,1.4314941227,0.0000000000,0.0000000000,-0.2929285513,exit_left
70500,1,0.0000000000,0.0000000000,0.5193149952,0.0000000000,scatter
70500,2,0.5193149952,0.0000000000,0.6031108697,0.0186734846,scatter
70500,3,0.6031108697,0.0186734846,2.0000000000,-1.3635871219,exit_right
70600,1,0.0000000000,0.0000000000,2.0000000000,0.0000000000,exit_right
70700,1,0.0000000000,0.0000000000,0.4186471511,0.0000000000,absorb
70800,1,0.0000000000,0.0000000000,0.8969249971,0.0000000000,scatter
70800,2,0.8969249971,0.0000000000,1.1448207237,-0.0961880346,absorb
70900,1,0.0000000000,0.0000000000,2.0000000000,0.0000000000,exit_right
71000,1,0.0000000000,0.0000000000,0.7525360985,0.0000000000,scatter
71000,2,0.7525360985,0.0000000000,0.6199354081,-0.9933523414,scatter
71000,3,0.6199354081,-0.9933523414,0.0000000000,-0.9803434489,exit_left
71100,1,0.0000000000,0.0000000000,1.4359436706,0.0000000000,scatter
71100,2,1.4359436706,0.0000000000,1.8618155152,-1.0126887426,absorb
71200,1,0.0000000000,0.0000000000,2.0000000000,0.0000000000,exit_right
71300,1,0.0000000000,0.0000000000,2.0000000000,0.0000000000,exit_right
71400,1,0.0000000000,0.0000000000,1.9944133909,0.0000000000,scatter
71400,2,1.9944133909,0.0000000000,1.6267946770,0.0607095760,scatter
71400,3,1.6267946770,0.0607095760,1.4363913940,-0.3410201443,scatter
71400,4,1.4363913940,-0.3410201443,1.1536719080,0.1685388779,scatter
71400,5,1.1536719080,0.1685388779,1.7075347065,-1.3952818326,scatter
71400,6,1.7075347065,-1.3952818326,2.0000000000,-1.2397021978,exit_right
71500,1,0.0000000000,0.0000000000,0.4150077978,0.0000000000,scatter
71500,2,0.4150077978,0.0000000000,0.0000000000,-0.1974793900,exit_left
71600,1,0.0000000000,0.0000000000,2.0000000000,0.0000000000,exit_right
71700,1,0.0000000000,0.0000000000,2.0000000000,0.0000000000,exit_right
71800,1,0.0000000000,0.0000000000,1.7899483744,0.0000000000,scatter
71800,2,1.7899483744,0.0000000000,1.9183830637,0.9624908622,scatter
71800,3,1.9183830637,0.9624908622,2.0000000000,0.9236027778,exit_right
71900,1,0.0000000000,0.0000000000,1.6515706290,0.0000000000,absorb
72000,1,0.0000000000,0.0000000000,2.0000000000,0.0000000000,exit_right
72100,1,0.0000000000,0.0000000000,0.7169552460,0.0000000000,scatter
72100,2,0.7169552460,0.0000000000,1.9376609808,4.6828152082,scatter
72100,3,1.9376609808,4.6828152082,1.4853866005,4.9584078207,absorb
72200,1,0.0000000000,0.0000000000,0.5544384346,0.0000000000,scatter
72200,2,0.5544384346,0.0000000000,0.0000000000,0.9663593395,exit_left
72300,1,0.0000000000,0.0000000000,0.6206987777,0.0000000000,scatter
72300,2,0.6206987777,0.0000000000,2.0000000000,-1.5064744724,exit_right
72400,1,0.0000000000,0.0000000000,0.1372370643,0.0000000000,scatter
72400,2,0.1372370643,0.0000000000,0.0000000000,-0.1288040100,exit_left
72500,1,0.0000000000,0.0000000000,2.0000000000,0.0000000000,exit_right
72600,1,0.0000000000,0.0000000000,2.0000000000,0.0000000000,exit_right
72700,1,0.0000000000,0.0000000000,1.8523057016,0.0000000000,scatter
72700,2,1.8523057016,0.0000000000,2.0000000000,-0.2856303381,exit_right
72800,1,0.0000000000,0.0000000000,1.3253433470,0.0000000000,absorb
72900,1,0.0000000000,0.0000000000,0.4878264899,0.0000000000,scatter
72900,2,0.4878264899,0.0000000000,0.0000000000,-0.6697187521,exit_left
73000,1,0.0000000000,0.0000000000,2.0000000000,0.0000000000,exit_right
73100,1,0.0000000000,0.0000000000,0.4886983681,0.0000000000,scatter
73100,2,0.4886983681,0.0000000000,0.4957320146,-0.6632482224,absorb
73200,1,0.0000000000,0.0000000000,0.2211798825,0.0000000000,scatter
73200,2,0.2211798825,0.0000000000,0.4605666364,-0.8957226189,scatter
73200,3,0.4605666364,-0.8957226189,1.7617761174,1.7864601429,scatter
73200,4,1.7617761174,1.7864601429,2.0000000000,1.3884070820,exit_right
73300,1,0.0000000000,0.0000000000,2.0000000000,0.0000000000,exit_right
73400,1,0.0000000000,0.0000000000,2.0000000000,0.0000000000,exit_right
73500,1,0.0000000000,0.0000000000,0.0767586031,0.0000000000,absorb
73600,1,0.0000000000,0.0000000000,0.3613241517,0.0000000000,absorb
73700,1,0.0000000000,0.0000000000,0.9654514528,0.0000000000,absorb
73800,1,0.0000000000,0.0000000000,0.9031988900,0.0000000000,scatter
73800,2,0.9031988900,0.0000000000,0.0000000000,0.6119787457,exit_left
73900,1,0.0000000000,0.0000000000,2.0000000000,0.0000000000,exit_right
74000,1,0.0000000000,0.0000000000,1.3290432504,0.0000000000,absorb
74100,1,0.0000000000,0.0000000000,0.9600792241,0.0000000000,absorb
74200,1,0.0000000000,0.0000000000,0.3928653553,0.0000000000,scatter
74200,2,0.3928653553,0.0000000000,1.2772623695,0.8540650927,scatter
74200,3,1.2772623695,0.8540650927,2.0000000000,1.2249419311,exit_right
74300,1,0.0000000000,0.0000000000,2.0000000000,0.0000000000,exit_right
74400,1,0.0000000000,0.0000000000,0.1812170032,0.0000000000,scatter
74400,2,0.1812170032,0.0000000000,0.2888492782,-0.6875205442,absorb
74500,1,0.0000000000,0.0000000000,1.0515767658,0.0000000000,scatter
74500,2,1.0515767658,0.0000000000,0.6162512689,-1.0667193479,scatter
74500,3,0.6162512689,-1.0667193479,0.9770342388,-0.6399191494,scatter
74500,4,0.9770342388,-0.6399191494,1.3509992341,-0.8782969725,scatter
74500,5,1.3509992341,-0.8782969725,2.0000000000,-0.7602439458,exit_right
74600,1,0.0000000000,0.0000000000,1.0792465441,0.0000000000,absorb
74700,1,0.0000000000,0.0000000000,0.9181463492,0.0000000000,scatter
74700,2,0.9181463492,0.0000000000,1.2051024286,0.7783932801,scatter
74700,3,1.2051024286,0.7783932801,1.2537253455,0.7654135290,scatter
74700,4,1.2537253455,0.7654135290,1.7093496979,3.6236502099,scatter
74700,5,1.7093496979,3.6236502099,1.6536521764,3.5735033157,scatter
74700,6,1.6536521764,3.5735033157,1.7645271039,3.7047192149,absorb
74800,1,0.0000000000,0.0000000000,0.6784738122,0.0000000000,scatter
74800,2,0.6784738122,0.0000000000,1.8775148164,0.4126381196,scatter
74800,3,1.8775148164,0.4126381196,2.0000000000,0.0803841270,exit_right
74900,1,0.0000000000,0.0000000000,2.0000000000,0.0000000000,exit_right
75000,1,0.0000000000,0.0000000000,2.0000000000,0.0000000000,exit_right
75100,1,0.0000000000,0.0000000000,2.0000000000,0.0000000000,exit_right
75200,1,0.0000000000,0.0000000000,1.1536130651,0.0000000000,scatter
75200,2,1.1536130651,0.0000000000,1.0632417450,-0.0065180135,absorb
75300,1,0.0000000000,0.0000000000,0.5412670502,0.0000000000,scatter
75300,2,0.5412670502,0.0000000000,0.8843269430,3.3958514978,absorb
75400,1,0.0000000000,0.0000000000,0.5502544216,0.0000000000,scatter
75400,2,0.5502544216,0.0000000000,0.4949227236,-0.7098436708,scatter
75400,3,0.4949227236,-0.7098436708,0.0000000000,-0.2637385446,exit_left
75500,1,0.0000000000,0.0000000000,1.6679330676,0.0000000000,scatter
75500,2,1.6679330676,0.0000000000,1.4594616817,0.0807795421,scatter
75500,3,1.4594616817,0.0807795421,0.0000000000,-0.8689746100,exit_left
75600,1,0.0000000000,0.0000000000,0.0097893641,0.0000000000,scatter
75600,2,0.0097893641,0.0000000000,0.6853804013,-1.5573396952,scatter
75600,3,0.6853804013,-1.5573396952,1.7929661988,1.2260762379,scatter
75600,4,1.7929661988,1.2260762379,1.7947724004,1.2875377328,scatter
75600,5,1.7947724004,1.2875377328,1.0180449711,0.2290802477,scatter
75600,6,1.0180449711,0.2290802477,0.6068283113,0.2919789166,scatter
75600,7,0.6068283113,0.2919789166,0.0000000000,0.5200407520,exit_left
75700,1,0.0000000000,0.0000000000,0.1664277008,0.0000000000,scatter
75700,2,0.1664277008,0.0000000000,0.0000000000,0.0649593583,exit_left
75800,1,0.0000000000,0.0000000000,1.2479975044,0.0000000000,absorb
75900,1,0.0000000000,0.0000000000,2.0000000000,0.0000000000,exit_right
76000,1,0.0000000000,0.0000000000,0.4180535189,0.0000000000,scatter
76000,2,0.4180535189,0.0000000000,0.2731865696,-0.2775046421,absorb
76100,1,0.0000000000,0.0000000000,1.0801248037,0.0000000000,scatter
76100,2,1.0801248037,0.0000000000,1.0672514449,0.4853893401,scatter
76100,3,1.0672514449,0.4853893401,0.0000000000,0.7226653000,exit_left
76200,1,0.0000000000,0.0000000000,0.1241496248,0.0000000000,absorb
76300,1,0.0000000000,0.0000000000,2.0000000000,0.0000000000,exit_right
76400,1,0.0000000000,0.0000000000,2.0000000000,0.0000000000,exit_right
76500,1,0.0000000000,0.0000000000,1.3957879013,0.0000000000,scatter
76500,2,1.3957879013,0.0000000000,0.0397286452,-2.4221231084,scatter
76500,3,0.0397286452,-2.4221231084,0.0000000000,-2.4228665729,exit_left
76600,1,0.0000000000,0.0000000000,0.4680091328,0.0000000000,scatter
76600,2,0.4680091328,0.0000000000,1.1223614658,-2.7769002542,scatter
76600,3,1.1223614658,-2.7769002542,0.6781393314,-0.6418834353,absorb
76700,1,0.0000000000,0.0000000000,2.0000000000,0.0000000000,exit_right
76800,1,0.0000000000,0.0000000000,2.0000000000,0.0000000000,exit_right
76900,1,0.0000000000,0.0000000000,1.2955433762,0.0000000000,scatter
76900,2,1.2955433762,0.0000000000,2.0000000000,1.3680084526,exit_right
77000,1,0.0000000000,0.0000000000,2.0000000000,0.0000000000,exit_right
77100,1,0.0000000000,0.0000000000,2.0000000000,0.0000000000,exit_right
77200,1,0.0000000000,0.0000000000,2.0000000000,0.0000000000,exit_right
77300,1,0.0000000000,0.0000000000,2.0000000000,0.0000000000,exit_right
77400,1,0.0000000000,0.0000000000,1.6126363667,0.0000000000,absorb
77500,1,0.0000000000,0.0000000000,0.9145643099,0.0000000000,scatter
77500,2,0.9145643099,0.0000000000,1.0427340383,0.8217557095,scatter
77500,3,1.0427340383,0.8217557095,0.0000000000,1.2050076386,exit_left
77600,1,0.0000000000,0.0000000000,1.0410734889,0.0000000000,scatter
77600,2,1.0410734889,0.0000000000,0.4853713472,0.2038030512,absorb
77700,1,0.0000000000,0.0000000000,1.2090888993,0.0000000000,scatter
77700,2,1.2090888993,0.0000000000,2.0000000000,-0.3556638426,exit_right
77800,1,0.0000000000,0.0000000000,2.0000000000,0.0000000000,exit_right
77900,1,0.0000000000,0.0000000000,2.0000000000,0.0000000000,exit_right
78000,1,0.0000000000,0.0000000000,0.5064387851,0.0000000000,scatter
78000,2,0.5064387851,0.0000000000,1.3599941165,0.1944573238,scatter
78000,3,1.3599941165,0.1944573238,1.4907688262,1.1936846925,scatter
78000,4,1.4907688262,1.1936846925,0.8907967983,1.9530112058,scatter
78000,5,0.8907967983,1.9530112058,1.6540915748,1.0294782062,scatter
78000,6,1.6540915748,1.0294782062,2.0000000000,0.6255588290,exit_right
78100,1,0.0000000000,0.0000000000,2.0000000000,0.0000000000,exit_right
78200,1,0.0000000000,0.0000000000,1.7138529685,0.0000000000,scatter
78200,2,1.7138529685,0.0000000000,2.0000000000,0.1672831846,exit_right
78300,1,0.0000000000,0.0000000000,0.8578629639,0.0000000000,scatter
78300,2,0.8578629639,0.0000000000,1.3595691414,0.2980717596,absorb
78400,1,0.0000000000,0.0000000000,0.6201023173,0.0000000000,scatter
78400,2,0.6201023173,0.0000000000,0.5367395615,0.0530545739,scatter
78400,3,0.5367395615,0.0530545739,2.0000000000,2.3194780109,exit_right
78500,1,0.0000000000,0.0000000000,2.0000000000,0.0000000000,exit_right
78600,1,0.0000000000,0.0000000000,1.7941600339,0.0000000000,scatter
78600,2,1.7941600339,0.0000000000,0.0000000000,0.1402547522,exit_left
78700,1,0.0000000000,0.0000000000,1.9376371991,0.0000000000,scatter
78700,2,1.9376371991,0.0000000000,2.0000000000,-0.0821457961,exit_right
78800,1,0.0000000000,0.0000000000,0.2641048250,0.0000000000,scatter
78800,2,0.2641048250,0.0000000000,2.0000000000,4.8063994968,exit_right
78900,1,0.0000000000,0.0000000000,0.4584808895,0.0000000000,scatter
78900,2,0.4584808895,0.0000000000,1.6120495411,0.4440773740,scatter
78900,3,1.6120495411,0.4440773740,2.0000000000,0.4619039557,exit_right
79000,1,0.0000000000,0.0000000000,1.3856373129,0.0000000000,scatter
79000,2,1.3856373129,0.0000000000,1.6252702913,2.2226385457,scatter
79000,3,1.6252702913,2.2226385457,0.0000000000,3.8607721326,exit_left
79100,1,0.0000000000,0.0000000000,1.1838369120,0.0000000000,scatter
79100,2,1.1838369120,0.0000000000,0.0000000000,-1.0117942297,exit_left
79200,1,0.0000000000,0.0000000000,2.0000000000,0.0000000000,exit_right
79300,1,0.0000000000,0.0000000000,0.1501317762,0.0000000000,scatter
79300,2,0.1501317762,0.0000000000,0.0000000000,0.6200834510,exit_left
79400,1,0.0000000000,0.0000000000,0.8381433426,0.0000000000,scatter
79400,2,0.8381433426,0.0000000000,1.1722794524,2.8234136632,scatter
79400,3,1.1722794524,2.8234136632,0.0000000000,1.9401438829,exit_left
79500,1,0.0000000000,0.0000000000,1.3789054226,0.0000000000,absorb
79600,1,0.0000000000,0.0000000000,0.8280383637,0.0000000000,scatter
79600,2,0.8280383637,0.0000000000,0.0000000000,0.4312989597,exit_left
79700,1,0.0000000000,0.0000000000,0.2939267431,0.0000000000,scatter
79700,2,0.2939267431,0.0000000000,0.6885213768,0.3071860606,scatter
79700,3,0.6885213768,0.3071860606,1.5690496186,0.0769570130,scatter
79700,4,1.5690496186,0.0769570130,0.0000000000,0.4094290214,exit_left
79800,1,0.0000000000,0.0000000000,0.8575507729,0.0000000000,scatter
79800,2,0.8575507729,0.0000000000,0.6761104515,-0.5450280958,scatter
79800,3,0.6761104515,-0.5450280958,2.0000000000,1.3394456826,exit_right
79900,1,0.0000000000,0.0000000000,2.0000000000,0.0000000000,exit_right
80000,1,0.0000000000,0.0000000000,2.0000000000,0.0000000000,exit_right
80100,1,0.0000000000,0.0000000000,0.7664137184,0.0000000000,scatter
80100,2,0.7664137184,0.0000000000,0.6181849610,-0.0646322108,scatter
80100,3,0.6181849610,-0.0646322108,1.0872878740,-0.5232968389,scatter
80100,4,1.0872878740,-0.5232968389,0.0000000000,-0.6884834056,exit_left
80200,1,0.0000000000,0.0000000000,2.0000000000,0.0000000000,exit_right
80300,1,0.0000000000,0.0000000000,2.0000000000,0.0000000000,exit_right
80400,1,0.0000000000,0.0000000000,1.7603350245,0.0000000000,scatter
80400,2,1.7603350245,0.0000000000,1.9620921162,-0.2770637896,scatter
80400,3,1.9620921162,-0.2770637896,2.0000000000,-0.2834662461,exit_right
80500,1,0.0000000000,0.0000000000,1.7410955983,0.0000000000,scatter
80500,2,1.7410955983,0.0000000000,2.0000000000,1.0318110196,exit_right
80600,1,0.0000000000,0.0000000000,0.9015721203,0.0000000000,scatter
80600,2,0.9015721203,0.0000000000,0.2275372391,1.5952180243,absorb
80700,1,0.0000000000,0.0000000000,1.3950770119,0.0000000000,scatter
80700,2,1.3950770119,0.0000000000,2.0000000000,-0.7604088022,exit_right
80800,1,0.0000000000,0.0000000000,1.1023770845,0.0000000000,scatter
80800,2,1.1023770845,0.0000000000,0.0000000000,-1.9105126338,exit_left
80900,1,0.0000000000,0.0000000000,2.0000000000,0.0000000000,exit_right
81000,1,0.0000000000,0.0000000000,1.1157062945,0.0000000000,absorb
81100,1,0.0000000000,0.0000000000,0.7795287534,0.0000000000,scatter
81100,2,0.7795287534,0.0000000000,0.6242396819,-0.5767631618,scatter
81100,3,0.6242396819,-0.5767631618,0.0000000000,-0.8339775375,exit_left
81200,1,0.0000000000,0.0000000000,2.0000000000,0.0000000000,exit_right
81300,1,0.0000000000,0.0000000000,0.8450795028,0.0000000000,scatter
81300,2,0.8450795028,0.0000000000,0.0000000000,-0.4917245622,exit_left
81400,1,0.0000000000,0.0000000000,0.3600161649,0.0000000000,absorb
81500,1,0.0000000000,0.0000000000,0.9685247265,0.0000000000,scatter
81500,2,0.9685247265,0.0000000000,0.0000000000,-0.1820343636,exit_left
81600,1,0.0000000000,0.0000000000,1.6533230102,0.0000000000,scatter
81600,2,1.6533230102,0.0000000000,2.0000000000,0.1056643857,exit_right
81700,1,0.0000000000,0.0000000000,2.0000000000,0.0000000000,exit_right
81800,1,0.0000000000,0.0000000000,2.0000000000,0.0000000000,exit_right
81900,1,0.0000000000,0.0000000000,0.3942076622,0.0000000000,scatter
81900,2,0.3942076622,0.0000000000,0.1385473037,-1.0126887279,scatter
81900,3,0.1385473037,-1.0126887279,1.1051867454,-1.5176559301,scatter
81900,4,1.1051867454,-1.5176559301,0.5168909131,-0.2898716615,scatter
81900,5,0.5168909131,-0.2898716615,0.0000000000,0.5096917620,exit_left
82000,1,0.0000000000,0.0000000000,0.4950627289,0.0000000000,scatter
82000,2,0.4950627289,0.0000000000,0.1795904413,0.0804265752,scatter
82000,3,0.1795904413,0.0804265752,0.1822848128,0.0125755957,scatter
82000,4,0.1822848128,0.0125755957,2.0000000000,-2.5225608932,exit_right
82100,1,0.0000000000,0.0000000000,1.4899848557,0.0000000000,scatter
82100,2,1.4899848557,0.0000000000,2.0000000000,-1.2001858357,exit_right
82200,1,0.0000000000,0.0000000000,2.0000000000,0.0000000000,exit_right
82300,1,0.0000000000,0.0000000000,0.1050615874,0.0000000000,scatter
82300,2,0.1050615874,0.0000000000,0.4806546560,1.9382820574,scatter
82300,3,0.4806546560,1.9382820574,0.5160439858,1.8798102671,scatter
82300,4,0.5160439858,1.8798102671,2.0000000000,1.1978628663,exit_right
82400,1,0.0000000000,0.0000000000,0.8714125625,0.0000000000,scatter
82400,2,0.8714125625,0.0000000000,0.0000000000,0.0421496017,exit_left
82500,1,0.0000000000,0.0000000000,0.8534504807,0.0000000000,scatter
82500,2,0.8534504807,0.0000000000,0.7458764462,-0.0355017224,absorb
82600,1,0.0000000000,0.0000000000,1.8284351747,0.0000000000,scatter
82600,2,1.8284351747,0.0000000000,2.0000000000,-0.2191528439,exit_right
82700,1,0.0000000000,0.0000000000,2.0000000000,0.0000000000,exit_right
82800,1,0.0000000000,0.0000000000,2.0000000000,0.0000000000,exit_right
82900,1,0.0000000000,0.0000000000,0.9000023181,0.0000000000,scatter
82900,2,0.9000023181,0.0000000000,2.0000000000,1.9033785257,exit_right
83000,1,0.0000000000,0.0000000000,1.7954967696,0.0000000000,absorb
83100,1,0.0000000000,0.0000000000,0.8293657298,0.0000000000,scatter
83100,2,0.8293657298,0.0000000000,1.1687067307,0.2371757676,absorb
83200,1,0.0000000000,0.0000000000,1.7849558757,0.0000000000,scatter
83200,2,1.7849558757,0.0000000000,2.0000000000,0.1480759761,exit_right
83300,1,0.0000000000,0.0000000000,0.5659791159,0.0000000000,absorb
83400,1,0.0000000000,0.0000000000,0.1445783379,0.0000000000,scatter
83400,2,0.1445783379,0.0000000000,0.0000000000,0.2065551936,exit_left
83500,1,0.0000000000,0.0000000000,0.2175761774,0.0000000000,scatter
83500,2,0.2175761774,0.0000000000,0.0858027052,-0.3090011918,scatter
83500,3,0.0858027052,-0.3090011918,0.3585226574,-0.4487264552,scatter
83500,4,0.3585226574,-0.4487264552,1.0956056210,-1.5452830376,scatter
83500,5,1.0956056210,-1.5452830376,1.7271019768,-1.1205001189,scatter
83500,6,1.7271019768,-1.1205001189,2.0000000000,1.3093237218,exit_right
83600,1,0.0000000000,0.0000000000,2.0000000000,0.0000000000,exit_right
83700,1,0.0000000000,0.0000000000,2.0000000000,0.0000000000,exit_right
83800,1,0.0000000000,0.0000000000,2.0000000000,0.0000000000,exit_right
83900,1,0.0000000000,0.0000000000,1.2381978231,0.0000000000,scatter
83900,2,1.2381978231,0.0000000000,1.2801830151,0.6805084634,scatter
83900,3,1.2801830151,0.6805084634,1.4073658250,-0.2166268601,scatter
83900,4,1.4073658250,-0.2166268601,1.1212992376,-0.5380752107,scatter
83900,5,1.1212992376,-0.5380752107,1.4393921161,0.4152800679,scatter
83900,6,1.4393921161,0.4152800679,2.0000000000,0.8439200003,exit_right
84000,1,0.0000000000,0.0000000000,0.7139629512,0.0000000000,absorb
84100,1,0.0000000000,0.0000000000,1.1528899355,0.0000000000,scatter
84100,2,1.1528899355,0.0000000000,1.4425374812,-0.4181994373,scatter
84100,3,1.4425374812,-0.4181994373,0.0000000000,-1.4569205300,exit_left
84200,1,0.0000000000,0.0000000000,2.0000000000,0.0000000000,exit_right
84300,1,0.0000000000,0.0000000000,2.0000000000,0.0000000000,exit_right
84400,1,0.0000000000,0.0000000000,1.3174364225,0.0000000000,scatter
84400,2,1.3174364225,0.0000000000,0.0000000000,2.1261850872,exit_left
84500,1,0.0000000000,0.0000000000,0.6904433223,0.0000000000,scatter
84500,2,0.6904433223,0.0000000000,0.0000000000,0.1604627838,exit_left
84600,1,0.0000000000,0.0000000000,2.0000000000,0.0000000000,exit_right
84700,1,0.0000000000,0.0000000000,0.0933237141,0.0000000000,scatter
84700,2,0.0933237141,0.0000000000,0.3191889432,0.0239170183,scatter
84700,3,0.3191889432,0.0239170183,0.3539475737,0.9942964627,absorb
84800,1,0.0000000000,0.0000000000,0.6253833192,0.0000000000,scatter
84800,2,0.6253833192,0.0000000000,0.0000000000,-2.0332576518,exit_left
84900,1,0.0000000000,0.0000000000,2.0000000000,0.0000000000,exit_right
85000,1,0.0000000000,0.0000000000,0.7714784298,0.0000000000,scatter
85000,2,0.7714784298,0.0000000000,0.8855077970,-0.4251366045,scatter
85000,3,0.8855077970,-0.4251366045,0.6896572859,-0.2558653814,scatter
85000,4,0.6896572859,-0.2558653814,2.0000000000,-0.2201664829,exit_right
85100,1,0.0000000000,0.0000000000,2.0000000000,0.0000000000,exit_right
85200,1,0.0000000000,0.0000000000,0.1614411279,0.0000000000,scatter
85200,2,0.1614411279,0.0000000000,0.4137633351,-0.8327356874,scatter
85200,3,0.4137633351,-0.8327356874,0.0000000000,0.4048289701,exit_left
85300,1,0.0000000000,0.0000000000,2.0000000000,0.0000000000,exit_right
85400,1,0.0000000000,0.0000000000,1.7263239459,0.0000000000,scatter
85400,2,1.7263239459,0.0000000000,1.8147606652,0.1232220980,scatter
85400,3,1.8147606652,0.1232220980,2.0000000000,-0.1390320901,exit_right
85500,1,0.0000000000,0.0000000000,1.0744251592,0.0000000000,scatter
85500,2,1.0744251592,0.0000000000,0.0000000000,-0.5352161343,exit_left
85600,1,0.0000000000,0.0000000000,2.0000000000,0.0000000000,exit_right
85700,1,0.0000000000,0.0000000000,1.0127521202,0.0000000000,scatter
85700,2,1.0127521202,0.0000000000,1.2261722888,0.2152091464,scatter
85700,3,1.2261722888,0.2152091464,1.4074010452,0.1430331213,absorb
85800,1,0.0000000000,0.0000000000,2.0000000000,0.0000000000,exit_right
85900,1,0.0000000000,0.0000000000,2.0000000000,0.0000000000,exit_right
86000,1,0.0000000000,0.0000000000,0.8304744291,0.0000000000,scatter
86000,2,0.8304744291,0.0000000000,0.5128872243,0.9731026941,scatter
86000,3,0.5128872243,0.9731026941,0.0000000000,-0.2093905893,exit_left
86100,1,0.0000000000,0.0000000000,0.6496182424,0.0000000000,scatter
86100,2,0.6496182424,0.0000000000,0.4641359435,0.6339151118,scatter
86100,3,0.4641359435,0.6339151118,0.5983994187,0.5465317873,scatter
86100,4,0.5983994187,0.5465317873,2.0000000000,1.0905691952,exit_right
86200,1,0.0000000000,0.0000000000,2.0000000000,0.0000000000,exit_right
86300,1,0.0000000000,0.0000000000,0.4330913993,0.0000000000,scatter
86300,2,0.4330913993,0.0000000000,0.1125143141,-0.2492729818,scatter
86300,3,0.1125143141,-0.2492729818,1.6663449402,-0.4641048292,scatter
86300,4,1.6663449402,-0.4641048292,0.7854880373,0.8792226335,scatter
86300,5,0.7854880373,0.8792226335,0.0000000000,2.0569670161,exit_left
86400,1,0.0000000000,0.0000000000,0.0323784856,0.0000000000,scatter
86400,2,0.0323784856,0.0000000000,0.0000000000,-0.0709247504,exit_left
86500,1,0.0000000000,0.0000000000,2.0000000000,0.0000000000,exit_right
86600,1,0.0000000000,0.0000000000,0.9954164707,0.0000000000,scatter
86600,2,0.9954164707,0.0000000000,0.0000000000,-0.6561523255,exit_left
86700,1,0.0000000000,0.0000000000,2.0000000000,0.0000000000,exit_right
86800,1,0.0000000000,0.0000000000,2.0000000000,0.0000000000,exit_right
86900,1,0.0000000000,0.0000000000,2.0000000000,0.0000000000,exit_right
87000,1,0.0000000000,0.0000000000,2.0000000000,0.0000000000,exit_right
87100,1,0.0000000000,0.0000000000,1.1460268082,0.0000000000,scatter
87100,2,1.1460268082,0.0000000000,2.0000000000,1.4067638614,exit_right
87200,1,0.0000000000,0.0000000000,2.0000000000,0.0000000000,exit_right
87300,1,0.0000000000,0.0000000000,1.7120608649,0.0000000000,scatter
87300,2,1.7120608649,0.0000000000,2.0000000000,-0.4715699349,exit_right
87400,1,0.0000000000,0.0000000000,2.0000000000,0.0000000000,exit_right
87500,1,0.0000000000,0.0000000000,2.0000000000,0.0000000000,exit_right
87600,1,0.0000000000,0.0000000000,2.0000000000,0.0000000000,exit_right
87700,1,0.0000000000,0.0000000000,1.6805742864,0.0000000000,scatter
87700,2,1.6805742864,0.0000000000,0.1902176347,0.4664468466,scatter
87700,3,0.1902176347,0.4664468466,0.3579379430,0.5291743793,scatter
87700,4,0.3579379430,0.5291743793,0.2682797238,0.1248564589,scatter
87700,5,0.2682797238,0.1248564589,1.1654976039,-2.4619193129,scatter
87700,6,1.1654976039,-2.4619193129,0.0000000000,-1.5031298917,exit_left
87800,1,0.0000000000,0.0000000000,0.1587219455,0.0000000000,absorb
87900,1,0.0000000000,0.0000000000,2.0000000000,0.0000000000,exit_right
88000,1,0.0000000000,0.0000000000,1.9635548598,0.0000000000,absorb
88100,1,0.0000000000,0.0000000000,0.4341185589,0.0000000000,absorb
88200,1,0.0000000000,0.0000000000,2.0000000000,0.0000000000,exit_right
88300,1,0.0000000000,0.0000000000,2.0000000000,0.0000000000,exit_right
88400,1,0.0000000000,0.0000000000,1.0535808777,0.0000000000,absorb
88500,1,0.0000000000,0.0000000000,1.3596144445,0.0000000000,scatter
88500,2,1.3596144445,0.0000000000,1.3721288974,1.5529685720,scatter
88500,3,1.3721288974,1.5529685720,2.0000000000,1.2508402407,exit_right
88600,1,0.0000000000,0.0000000000,0.3583341220,0.0000000000,scatter
88600,2,0.3583341220,0.0000000000,0.0000000000,0.0217002091,exit_left
88700,1,0.0000000000,0.0000000000,2.0000000000,0.0000000000,exit_right
88800,1,0.0000000000,0.0000000000,0.9807726619,0.0000000000,scatter
88800,2,0.9807726619,0.0000000000,0.0000000000,0.3436551724,exit_left
88900,1,0.0000000000,0.0000000000,2.0000000000,0.0000000000,exit_right
89000,1,0.0000000000,0.0000000000,0.4430205435,0.0000000000,scatter
89000,2,0.4430205435,0.0000000000,0.2968226060,-2.0207569843,scatter
89000,3,0.2968226060,-2.0207569843,0.5642002684,-1.4966709555,scatter
89000,4,0.5642002684,-1.4966709555,2.0000000000,-2.5131833992,exit_right
89100,1,0.0000000000,0.0000000000,2.0000000000,0.0000000000,exit_right
89200,1,0.0000000000,0.0000000000,2.0000000000,0.0000000000,exit_right
89300,1,0.0000000000,0.0000000000,1.7509695728,0.0000000000,scatter
89300,2,1.7509695728,0.0000000000,1.7883869172,-0.7490318861,scatter
89300,3,1.7883869172,-0.7490318861,1.6237508795,-0.8754416693,scatter
89300,4,1.6237508795,-0.8754416693,2.0000000000,-2.5859756209,exit_right
89400,1,0.0000000000,0.0000000000,2.0000000000,0.0000000000,exit_right
89500,1,0.0000000000,0.0000000000,0.8310404999,0.0000000000,scatter
89500,2,0.8310404999,0.0000000000,1.9796456932,0.4090485753,scatter
89500,3,1.9796456932,0.4090485753,1.8921889922,0.2320222521,scatter
89500,4,1.8921889922,0.2320222521,1.1387833884,-1.7983684765,scatter
89500,5,1.1387833884,-1.7983684765,1.0695642268,-1.7778496927,scatter
89500,6,1.0695642268,-1.7778496927,0.6605429894,-3.3199102500,absorb
89600,1,0.0000000000,0.0000000000,2.0000000000,0.0000000000,exit_right
89700,1,0.0000000000,0.0000000000,2.0000000000,0.0000000000,exit_right
89800,1,0.0000000000,0.0000000000,0.4214634382,0.0000000000,absorb
89900,1,0.0000000000,0.0000000000,2.0000000000,0.0000000000,exit_right
90000,1,0.0000000000,0.0000000000,1.1671062925,0.0000000000,absorb
90100,1,0.0000000000,0.0000000000,2.0000000000,0.0000000000,exit_right
90200,1,0.0000000000,0.0000000000,1.2885844966,0.0000000000,absorb
90300,1,0.0000000000,0.0000000000,0.5465916770,0.0000000000,absorb
90400,1,0.0000000000,0.0000000000,1.0955258005,0.0000000000,scatter
90400,2,1.0955258005,0.0000000000,0.0593942158,1.6783748887,scatter
90400,3,0.0593942158,1.6783748887,1.1426643987,1.0522651704,scatter
90400,4,1.1426643987,1.0522651704,2.0000000000,1.6164227861,exit_right
90500,1,0.0000000000,0.0000000000,2.0000000000,0.0000000000,exit_right
90600,1,0.0000000000,0.0000000000,1.5695534511,0.0000000000,scatter
90600,2,1.5695534511,0.0000000000,1.3739615227,0.1695325571,absorb
90700,1,0.0000000000,0.0000000000,2.0000000000,0.0000000000,exit_right
90800,1,0.0000000000,0.0000000000,2.0000000000,0.0000000000,exit_right
90900,1,0.0000000000,0.0000000000,2.0000000000,0.0000000000,exit_right
91000,1,0.0000000000,0.0000000000,2.0000000000,0.0000000000,exit_right
91100,1,0.0000000000,0.0000000000,2.0000000000,0.0000000000,exit_right
91200,1,0.0000000000,0.0000000000,0.3645951358,0.0000000000,absorb
91300,1,0.0000000000,0.0000000000,2.0000000000,0.0000000000,exit_right
91400,1,0.0000000000,0.0000000000,1.7385731718,0.0000000000,scatter
91400,2,1.7385731718,0.0000000000,1.7682776366,0.9554641781,absorb
91500,1,0.0000000000,0.0000000000,0.3732735229,0.0000000000,scatter
91500,2,0.3732735229,0.0000000000,0.3785454075,0.0017268784,scatter
91500,3,0.3785454075,0.0017268784,2.0000000000,-0.3059910976,exit_right
91600,1,0.0000000000,0.0000000000,0.2984582933,0.0000000000,scatter
91600,2,0.2984582933,0.0000000000,0.0000000000,1.5018375720,exit_left
91700,1,0.0000000000,0.0000000000,1.4392134090,0.0000000000,absorb
91800,1,0.0000000000,0.0000000000,2.0000000000,0.0000000000,exit_right
91900,1,0.0000000000,0.0000000000,2.0000000000,0.0000000000,exit_right
92000,1,0.0000000000,0.0000000000,0.0393260389,0.0000000000,scatter
92000,2,0.0393260389,0.0000000000,0.0000000000,-0.0299470147,exit_left
92100,1,0.0000000000,0.0000000000,1.7854989496,0.0000000000,scatter
92100,2,1.7854989496,0.0000000000,1.3173907396,2.8622860630,scatter
92100,3,1.3173907396,2.8622860630,2.0000000000,2.7594751663,exit_right
92200,1,0.0000000000,0.0000000000,2.0000000000,0.0000000000,exit_right
92300,1,0.0000000000,0.0000000000,2.0000000000,0.0000000000,exit_right
92400,1,0.0000000000,0.0000000000,0.1606982474,0.0000000000,absorb
92500,1,0.0000000000,0.0000000000,2.0000000000,0.0000000000,exit_right
92600,1,0.0000000000,0.0000000000,0.6550464421,0.0000000000,absorb
92700,1,0.0000000000,0.0000000000,0.8597319838,0.0000000000,absorb
92800,1,0.0000000000,0.0000000000,0.4787515923,0.0000000000,scatter
92800,2,0.4787515923,0.0000000000,1.9835717653,-0.5323601322,scatter
92800,3,1.9835717653,-0.5323601322,1.8965208007,-0.8663095180,scatter
92800,4,1.8965208007,-0.8663095180,2.0000000000,-0.7745214990,exit_right
92900,1,0.0000000000,0.0000000000,0.4470280912,0.0000000000,scatter
92900,2,0.4470280912,0.0000000000,2.0000000000,-0.2833096226,exit_right
93000,1,0.0000000000,0.0000000000,2.0000000000,0.0000000000,exit_right
93100,1,0.0000000000,0.0000000000,0.0194300452,0.0000000000,scatter
93100,2,0.0194300452,0.0000000000,1.3463124159,-1.3975815850,absorb
93200,1,0.0000000000,0.0000000000,1.4452198160,0.0000000000,scatter
93200,2,1.4452198160,0.0000000000,2.0000000000,-0.8520683473,exit_right
93300,1,0.0000000000,0.0000000000,2.0000000000,0.0000000000,exit_right
93400,1,0.0000000000,0.0000000000,0.8574118642,0.0000000000,scatter
93400,2,0.8574118642,0.0000000000,2.0000000000,0.1647693352,exit_right
93500,1,0.0000000000,0.0000000000,1.1336145870,0.0000000000,scatter
93500,2,1.1336145870,0.0000000000,2.0000000000,-0.4061883668,exit_right
93600,1,0.0000000000,0.0000000000,0.1629070685,0.0000000000,scatter
93600,2,0.1629070685,0.0000000000,0.0000000000,-0.0290242577,exit_left
93700,1,0.0000000000,0.0000000000,1.8456555679,0.0000000000,scatter
93700,2,1.8456555679,0.0000000000,1.0317292661,-1.7693866921,scatter
93700,3,1.0317292661,-1.7693866921,2.0000000000,-2.0484846915,exit_right
93800,1,0.0000000000,0.0000000000,2.0000000000,0.0000000000,exit_right
93900,1,0.0000000000,0.0000000000,2.0000000000,0.0000000000,exit_right
94000,1,0.0000000000,0.0000000000,0.5214364880,0.0000000000,absorb
94100,1,0.0000000000,0.0000000000,2.0000000000,0.0000000000,exit_right
94200,1,0.0000000000,0.0000000000,0.8907492555,0.0000000000,scatter
94200,2,0.8907492555,0.0000000000,0.9434044037,-2.3021910123,scatter
94200,3,0.9434044037,-2.3021910123,2.0000000000,-1.2009309710,exit_right
94300,1,0.0000000000,0.0000000000,0.3647497260,0.0000000000,absorb
94400,1,0.0000000000,0.0000000000,1.7472717738,0.0000000000,scatter
94400,2,1.7472717738,0.0000000000,1.9768737790,0.5843408664,scatter
94400,3,1.9768737790,0.5843408664,2.0000000000,0.6235943037,exit_right
94500,1,0.0000000000,0.0000000000,0.6783768545,0.0000000000,absorb
94600,1,0.0000000000,0.0000000000,1.6135405421,0.0000000000,scatter
94600,2,1.6135405421,0.0000000000,1.6215395628,0.2205068110,scatter
94600,3,1.6215395628,0.2205068110,0.0000000000,4.5543432228,exit_left
94700,1,0.0000000000,0.0000000000,0.2307153181,0.0000000000,scatter
94700,2,0.2307153181,0.0000000000,0.4894457422,1.4726621909,scatter
94700,3,0.4894457422,1.4726621909,0.0000000000,1.6793407092,exit_left
94800,1,0.0000000000,0.0000000000,0.3339320442,0.0000000000,scatter
94800,2,0.3339320442,0.0000000000,0.4227392858,-0.5596643040,scatter
94800,3,0.4227392858,-0.5596643040,0.6651287010,-1.9785460227,scatter
94800,4,0.6651287010,-1.9785460227,0.0000000000,-1.7107042549,exit_left
94900,1,0.0000000000,0.0000000000,2.0000000000,0.0000000000,exit_right
95000,1,0.0000000000,0.0000000000,0.2770725656,0.0000000000,absorb
95100,1,0.0000000000,0.0000000000,1.4800662884,0.0000000000,scatter
95100,2,1.4800662884,0.0000000000,1.5293364415,0.0428671065,scatter
95100,3,1.5293364415,0.0428671065,2.0000000000,-1.1094576616,exit_right
95200,1,0.0000000000,0.0000000000,0.3738054715,0.0000000000,scatter
95200,2,0.3738054715,0.0000000000,0.0000000000,-0.2232344125,exit_left
95300,1,0.0000000000,0.0000000000,2.0000000000,0.0000000000,exit_right
95400,1,0.0000000000,0.0000000000,0.0407362117,0.0000000000,scatter
95400,2,0.0407362117,0.0000000000,0.6615383515,-0.5894819874,scatter
95400,3,0.6615383515,-0.5894819874,1.2063665362,-0.7864325438,scatter
95400,4,1.2063665362,-0.7864325438,1.1748116795,-0.7197005992,scatter
95400,5,1.1748116795,-0.7197005992,1.8375580985,-1.4853699472,scatter
95400,6,1.8375580985,-1.4853699472,2.0000000000,-2.4720360544,exit_right
95500,1,0.0000000000,0.0000000000,2.0000000000,0.0000000000,exit_right
95600,1,0.0000000000,0.0000000000,2.0000000000,0.0000000000,exit_right
95700,1,0.0000000000,0.0000000000,1.4587145840,0.0000000000,absorb
95800,1,0.0000000000,0.0000000000,1.5775751522,0.0000000000,scatter
95800,2,1.5775751522,0.0000000000,1.2603560556,-0.1242478652,scatter
95800,3,1.2603560556,-0.1242478652,2.0000000000,-0.5038196702,exit_right
95900,1,0.0000000000,0.0000000000,2.0000000000,0.0000000000,exit_right
96000,1,0.0000000000,0.0000000000,0.3365933751,0.0000000000,scatter
96000,2,0.3365933751,0.0000000000,0.2524662187,0.1890251438,scatter
96000,3,0.2524662187,0.1890251438,0.0208697551,0.8272788931,scatter
96000,4,0.0208697551,0.8272788931,0.0249355853,0.7438786708,scatter
96000,5,0.0249355853,0.7438786708,2.0000000000,1.4193240771,exit_right
96100,1,0.0000000000,0.0000000000,1.0233088158,0.0000000000,scatter
96100,2,1.0233088158,0.0000000000,0.0000000000,4.0958611112,exit_left
96200,1,0.0000000000,0.0000000000,0.8771436653,0.0000000000,absorb
96300,1,0.0000000000,0.0000000000,0.4469402904,0.0000000000,scatter
96300,2,0.4469402904,0.0000000000,1.1131935729,-5.4510725747,scatter
96300,3,1.1131935729,-5.4510725747,0.0000000000,-5.7567368804,exit_left
96400,1,0.0000000000,0.0000000000,2.0000000000,0.0000000000,exit_right
96500,1,0.0000000000,0.0000000000,2.0000000000,0.0000000000,exit_right
96600,1,0.0000000000,0.0000000000,2.0000000000,0.0000000000,exit_right
96700,1,0.0000000000,0.0000000000,0.8884393310,0.0000000000,scatter
96700,2,0.8884393310,0.0000000000,1.8205002360,-0.7995395070,scatter
96700,3,1.8205002360,-0.7995395070,0.0000000000,1.2277875437,exit_left
96800,1,0.0000000000,0.0000000000,2.0000000000,0.0000000000,exit_right
96900,1,0.0000000000,0.0000000000,0.5048359820,0.0000000000,absorb
97000,1,0.0000000000,0.0000000000,0.5036484763,0.0000000000,absorb
97100,1,0.0000000000,0.0000000000,1.5430445735,0.0000000000,scatter
97100,2,1.5430445735,0.0000000000,0.4698984118,0.1076874094,absorb
97200,1,0.0000000000,0.0000000000,2.0000000000,0.0000000000,exit_right
97300,1,0.0000000000,0.0000000000,1.4131793409,0.0000000000,scatter
97300,2,1.4131793409,0.0000000000,2.0000000000,0.0017915289,exit_right
97400,1,0.0000000000,0.0000000000,0.0767189824,0.0000000000,scatter
97400,2,0.0767189824,0.0000000000,0.0000000000,-0.3521992742,exit_left
97500,1,0.0000000000,0.0000000000,1.8965127177,0.0000000000,scatter
97500,2,1.8965127177,0.0000000000,0.0000000000,1.8990916391,exit_left
97600,1,0.0000000000,0.0000000000,0.8754462401,0.0000000000,absorb
97700,1,0.0000000000,0.0000000000,0.5794457738,0.0000000000,scatter
97700,2,0.5794457738,0.0000000000,2.0000000000,0.1714328388,exit_right
97800,1,0.0000000000,0.0000000000,1.5554197467,0.0000000000,scatter
97800,2,1.5554197467,0.0000000000,0.1779480395,1.3403236964,scatter
97800,3,0.1779480395,1.3403236964,2.0000000000,-0.3983208797,exit_right
97900,1,0.0000000000,0.0000000000,2.0000000000,0.0000000000,exit_right
98000,1,0.0000000000,0.0000000000,0.4443522260,0.0000000000,scatter
98000,2,0.4443522260,0.0000000000,0.8033197570,0.3963506343,absorb
98100,1,0.0000000000,0.0000000000,1.1241048648,0.0000000000,scatter
98100,2,1.1241048648,0.0000000000,1.9254082398,0.7918193801,scatter
98100,3,1.9254082398,0.7918193801,1.6948935019,0.3684042528,absorb
98200,1,0.0000000000,0.0000000000,2.0000000000,0.0000000000,exit_right
98300,1,0.0000000000,0.0000000000,0.2131933029,0.0000000000,scatter
98300,2,0.2131933029,0.0000000000,0.0000000000,0.2290513907,exit_left
98400,1,0.0000000000,0.0000000000,0.0424999950,0.0000000000,absorb
98500,1,0.0000000000,0.0000000000,0.9024770888,0.0000000000,scatter
98500,2,0.9024770888,0.0000000000,0.9863420329,0.6080903078,absorb
98600,1,0.0000000000,0.0000000000,0.0117617785,0.0000000000,scatter
98600,2,0.0117617785,0.0000000000,0.0000000000,-0.0068278209,exit_left
98700,1,0.0000000000,0.0000000000,2.0000000000,0.0000000000,exit_right
98800,1,0.0000000000,0.0000000000,0.2470173345,0.0000000000,absorb
98900,1,0.0000000000,0.0000000000,2.0000000000,0.0000000000,exit_right
99000,1,0.0000000000,0.0000000000,0.3097180024,0.0000000000,scatter
99000,2,0.3097180024,0.0000000000,0.9360400023,-0.1808353617,scatter
99000,3,0.9360400023,-0.1808353617,2.0000000000,-1.0870756433,exit_right
99100,1,0.0000000000,0.0000000000,1.3230200289,0.0000000000,scatter
99100,2,1.3230200289,0.0000000000,2.0000000000,-0.1033509944,exit_right
99200,1,0.0000000000,0.0000000000,0.2180309428,0.0000000000,absorb
99300,1,0.0000000000,0.0000000000,1.2419621133,0.0000000000,scatter
99300,2,1.2419621133,0.0000000000,1.4623226929,2.3333706985,scatter
99300,3,1.4623226929,2.3333706985,0.9763458105,1.9806637994,scatter
99300,4,0.9763458105,1.9806637994,2.0000000000,2.4401215260,exit_right
99400,1,0.0000000000,0.0000000000,0.9739641284,0.0000000000,scatter
99400,2,0.9739641284,0.0000000000,2.0000000000,0.4967070791,exit_right
99500,1,0.0000000000,0.0000000000,1.3511162044,0.0000000000,scatter
99500,2,1.3511162044,0.0000000000,1.0280477505,-0.1578035012,scatter
99500,3,1.0280477505,-0.1578035012,1.1465676762,0.3063824842,scatter
99500,4,1.1465676762,0.3063824842,0.7276416817,0.6985876235,scatter
99500,5,0.7276416817,0.6985876235,0.8534715997,0.3961723892,scatter
99500,6,0.8534715997,0.3961723892,0.0000000000,-0.7450083979,exit_left
99600,1,0.0000000000,0.0000000000,0.9798721585,0.0000000000,absorb
99700,1,0.0000000000,0.0000000000,1.0304472677,0.0000000000,scatter
99700,2,1.0304472677,0.0000000000,2.0000000000,3.1829114743,exit_right
99800,1,0.0000000000,0.0000000000,2.0000000000,0.0000000000,exit_right
99900,1,0.0000000000,0.0000000000,0.8612543823,0.0000000000,scatter
99900,2,0.8612543823,0.0000000000,0.7370179473,0.0721710631,scatter
99900,3,0.7370179473,0.0721710631,0.8841026848,-0.1145443318,absorb
100000,1,0.0000000000,0.0000000000,1.7112417993,0.0000000000,scatter
100000,2,1.7112417993,0.0000000000,0.8552446535,-0.2981937814,scatter
100000,3,0.8552446535,-0.2981937814,0.5050742086,-0.3018332462,scatter
100000,4,0.5050742086,-0.3018332462,0.7630091905,-0.6124061187,scatter
100000,5,0.7630091905,-0.6124061187,2.0000000000,-1.2947452013,exit_right
